track	t_best	t0	t1	bbox	score	lat	lon	alt
0	188.3	188.3	197.3	1795,1046,94,34	7269.5	39.4799355	73.5918747	5210.5
1	169.3	166.3	169.3	0,415,45,75	4972.1	39.4799347	73.5918749	5210.5
2	70.1	70.1	72.1	1083,33,105,49	4601.6	39.4799355	73.5918777	5210.6
3	204.3	202.3	204.3	826,505,48,50	4540.1	39.4799360	73.5918745	5210.5
4	166.3	165.3	166.3	1886,68,34,46	4491.5	39.4799353	73.5918754	5210.5
5	196.3	189.3	196.3	1497,1001,68,41	4132.1	39.4799352	73.5918745	5210.5
6	224.4	224.4	224.4	1235,935,59,36	4119.0	39.4799367	73.5918733	5210.5
7	220.4	219.4	231.4	1589,1015,43,65	3824.7	39.4799360	73.5918735	5210.5
8	212.4	210.4	215.4	868,909,70,54	3743.0	39.4799359	73.5918735	5210.5
9	30.1	30.1	40.1	311,377,54,30	3600.5	39.4799351	73.5918791	5210.6
10	213.4	213.4	215.4	865,929,56,50	3469.2	39.4799359	73.5918734	5210.5
11	96.2	96.2	104.2	569,1010,34,57	3323.5	39.4799346	73.5918766	5210.5
12	128.2	123.2	132.2	837,679,54,58	3162.4	39.4799353	73.5918759	5210.5
13	227.4	224.4	229.4	1797,446,42,51	3120.6	39.4799369	73.5918736	5210.5
14	193.3	192.3	196.3	1535,773,44,32	3100.3	39.4799353	73.5918746	5210.5
15	96.2	96.2	104.2	405,1047,43,33	2916.2	39.4799346	73.5918766	5210.5
16	41.1	31.1	41.1	618,1025,44,48	2698.5	39.4799361	73.5918782	5210.6
17	134.2	131.2	134.2	1085,653,30,70	2622.4	39.4799350	73.5918761	5210.5
18	217.4	217.4	217.4	1714,0,48,29	2551.9	39.4799359	73.5918736	5210.5
19	218.4	218.4	219.4	0,155,41,48	2451.7	39.4799359	73.5918736	5210.5
20	26.0	21.0	28.0	594,297,53,36	2331.9	39.4799345	73.5918788	5210.6
21	174.3	174.3	174.3	1785,37,35,28	2300.0	39.4799348	73.5918754	5210.5
22	41.1	30.1	41.1	628,985,52,24	2288.4	39.4799361	73.5918782	5210.6
23	29.0	29.0	29.0	425,417,40,22	2253.1	39.4799351	73.5918789	5210.6
24	28.0	20.0	28.0	590,405,60,22	2185.8	39.4799349	73.5918787	5210.6
25	52.1	52.1	60.1	1685,0,46,43	2170.9	39.4799360	73.5918785	5210.6
26	102.2	96.2	105.2	591,481,53,25	2137.4	39.4799349	73.5918766	5210.5
27	205.4	205.4	205.4	853,510,25,38	2124.0	39.4799359	73.5918746	5210.5
28	70.1	70.1	72.1	1187,0,37,49	2111.0	39.4799355	73.5918777	5210.6
29	32.1	32.1	46.1	195,21,40,46	2096.5	39.4799353	73.5918791	5210.6
30	223.4	221.4	223.4	1289,1041,30,39	1991.8	39.4799367	73.5918733	5210.5
31	111.2	111.2	121.2	1209,1025,24,48	1985.5	39.4799347	73.5918767	5210.5
32	205.4	205.4	205.4	1861,595,54,45	1945.6	39.4799359	73.5918746	5210.5
33	144.2	144.2	153.3	637,97,31,36	1929.8	39.4799356	73.5918757	5210.5
34	190.3	189.3	196.3	1769,927,26,28	1896.4	39.4799356	73.5918745	5210.5
35	133.2	133.2	133.2	1334,915,29,36	1891.2	39.4799350	73.5918761	5210.5
36	171.3	171.3	171.3	72,1012,19,31	1875.2	39.4799347	73.5918750	5210.5
37	29.0	29.0	29.0	568,312,41,25	1816.3	39.4799351	73.5918789	5210.6
38	197.3	191.3	198.3	1639,1017,26,42	1808.1	39.4799352	73.5918744	5210.5
39	176.3	176.3	181.3	309,1033,30,31	1797.3	39.4799349	73.5918753	5210.5
40	16.0	14.0	16.0	721,25,40,22	1792.0	39.4799321	73.5918796	5210.6
41	201.3	201.3	201.3	809,425,31,26	1771.4	39.4799358	73.5918745	5210.6
42	200.3	200.3	200.3	1767,66,29,41	1736.4	39.4799358	73.5918747	5210.6
43	76.1	76.1	82.1	137,229,26,48	1735.8	39.4799349	73.5918779	5210.6
44	210.4	210.4	210.4	310,631,23,36	1694.2	39.4799361	73.5918740	5210.5
45	28.0	27.0	28.0	546,382,38,31	1632.7	39.4799349	73.5918787	5210.6
46	109.2	109.2	114.2	265,1061,44,19	1622.0	39.4799348	73.5918766	5210.5
47	11.0	1.0	15.0	257,721,20,57	1584.1	39.4799296	73.5918801	5210.6
48	31.1	31.1	35.1	0,591,39,58	1555.9	39.4799352	73.5918789	5210.6
49	129.2	127.2	129.2	927,512,34,23	1550.7	39.4799353	73.5918756	5210.5
50	51.1	51.1	59.1	1617,0,40,18	1537.7	39.4799360	73.5918784	5210.6
51	213.4	212.4	215.4	864,489,33,31	1536.4	39.4799359	73.5918734	5210.5
52	145.2	144.2	145.2	641,34,28,27	1535.5	39.4799355	73.5918754	5210.5
53	31.1	30.1	37.1	157,493,35,74	1525.2	39.4799352	73.5918789	5210.6
54	38.1	38.1	46.1	35,0,64,57	1507.2	39.4799362	73.5918791	5210.6
55	38.1	30.1	41.1	134,889,47,72	1493.3	39.4799362	73.5918791	5210.6
56	146.2	146.2	151.3	711,141,24,27	1472.6	39.4799354	73.5918753	5210.5
57	72.1	72.1	72.1	1083,73,28,46	1463.1	39.4799352	73.5918775	5210.6
58	72.1	72.1	72.1	985,193,48,26	1432.8	39.4799352	73.5918775	5210.6
59	231.4	226.4	231.4	1887,497,33,31	1423.5	39.4799367	73.5918737	5210.5
60	231.4	228.4	231.4	1872,465,27,28	1402.3	39.4799367	73.5918737	5210.5
61	126.2	123.2	129.2	275,754,23,41	1398.0	39.4799351	73.5918760	5210.5
62	121.2	120.2	121.2	1061,139,38,22	1378.9	39.4799349	73.5918758	5210.5
63	205.4	205.4	205.4	1891,259,17,41	1372.0	39.4799359	73.5918746	5210.5
64	129.2	122.2	130.2	1037,353,52,24	1368.4	39.4799353	73.5918756	5210.5
65	133.2	133.2	133.2	1761,0,40,19	1340.8	39.4799350	73.5918761	5210.5
66	131.2	131.2	131.2	873,0,22,18	1338.9	39.4799350	73.5918757	5210.5
67	36.1	36.1	38.1	1863,193,57,72	1310.5	39.4799358	73.5918792	5210.6
68	133.2	133.2	133.2	1715,49,22,32	1265.5	39.4799350	73.5918761	5210.5
69	132.2	131.2	132.2	663,417,22,43	1260.3	39.4799350	73.5918760	5210.5
70	130.2	130.2	130.2	999,509,36,16	1258.6	39.4799351	73.5918755	5210.5
71	98.2	85.1	100.2	1085,143,42,32	1256.3	39.4799347	73.5918766	5210.6
72	37.1	37.1	41.1	1105,53,30,36	1237.4	39.4799361	73.5918792	5210.6
73	76.1	73.1	78.1	1297,655,28,34	1231.5	39.4799349	73.5918779	5210.6
74	124.2	123.2	129.2	365,556,44,53	1224.8	39.4799350	73.5918760	5210.5
75	201.3	201.3	201.3	1561,484,32,29	1221.2	39.4799358	73.5918745	5210.6
76	174.3	174.3	174.3	1824,59,20,25	1215.9	39.4799348	73.5918754	5210.5
77	170.3	170.3	170.3	1910,192,10,37	1213.9	39.4799347	73.5918749	5210.5
78	222.4	222.4	222.4	1881,205,32,12	1202.8	39.4799367	73.5918734	5210.5
79	199.3	199.3	199.3	1037,81,29,18	1184.7	39.4799353	73.5918748	5210.5
80	117.2	115.2	121.2	1045,861,23,30	1178.9	39.4799342	73.5918762	5210.5
81	72.1	71.1	72.1	97,123,48,14	1178.2	39.4799352	73.5918775	5210.6
82	199.3	195.3	199.3	152,245,33,34	1168.8	39.4799353	73.5918748	5210.5
83	32.1	32.1	32.1	51,113,62,54	1164.9	39.4799353	73.5918791	5210.6
84	60.1	60.1	62.1	1665,329,40,26	1162.5	39.4799357	73.5918783	5210.6
85	200.3	200.3	200.3	1830,174,31,17	1158.6	39.4799358	73.5918747	5210.6
86	71.1	71.1	72.1	1168,123,49,54	1158.1	39.4799353	73.5918776	5210.6
87	71.1	61.1	71.1	57,301,20,52	1145.2	39.4799353	73.5918776	5210.6
88	132.2	132.2	133.2	1425,261,22,22	1140.7	39.4799350	73.5918760	5210.5
89	55.1	55.1	60.1	1729,341,32,22	1137.9	39.4799356	73.5918783	5210.6
90	31.1	30.1	35.1	29,181,28,40	1127.1	39.4799352	73.5918789	5210.6
91	60.1	60.1	60.1	1388,11,26,29	1087.7	39.4799357	73.5918783	5210.6
92	34.1	34.1	49.1	419,49,38,48	1073.2	39.4799358	73.5918794	5210.6
93	35.1	35.1	43.1	167,14,30,55	1065.2	39.4799358	73.5918792	5210.6
94	28.0	21.0	28.0	699,371,27,35	1062.6	39.4799349	73.5918787	5210.6
95	43.1	39.1	58.1	1233,390,35,17	1062.6	39.4799362	73.5918781	5210.6
96	33.1	30.1	36.1	226,845,31,42	1061.0	39.4799355	73.5918792	5210.6
97	126.2	124.2	127.2	83,845,46,56	1057.0	39.4799351	73.5918760	5210.5
98	166.3	166.3	166.3	1899,144,21,26	1056.0	39.4799353	73.5918754	5210.5
99	220.4	219.4	224.4	1561,969,28,16	1049.3	39.4799360	73.5918735	5210.5
100	72.1	70.1	72.1	1657,431,22,26	1047.6	39.4799352	73.5918775	5210.6
101	186.3	186.3	186.3	23,905,26,24	1043.5	39.4799356	73.5918752	5210.5
102	216.4	216.4	216.4	343,689,23,21	1041.2	39.4799360	73.5918734	5210.5
103	163.3	163.3	163.3	39,0,22,37	1038.9	39.4799356	73.5918756	5210.5
104	76.1	76.1	78.1	1059,333,22,28	1035.9	39.4799349	73.5918779	5210.6
105	31.1	31.1	34.1	11,361,36,24	1035.6	39.4799352	73.5918789	5210.6
106	33.1	30.1	38.1	449,674,20,29	1035.2	39.4799355	73.5918792	5210.6
107	216.4	216.4	216.4	926,707,33,32	1032.0	39.4799360	73.5918734	5210.5
108	84.1	80.1	88.2	231,905,26,48	1020.7	39.4799351	73.5918773	5210.5
109	31.1	30.1	32.1	45,53,46,28	1011.0	39.4799352	73.5918789	5210.6
110	184.3	180.3	185.3	71,659,20,30	1010.0	39.4799354	73.5918758	5210.5
111	199.3	199.3	199.3	985,113,25,19	1009.6	39.4799353	73.5918748	5210.5
112	130.2	130.2	130.2	1193,755,17,40	996.4	39.4799351	73.5918755	5210.5
113	31.1	19.0	31.1	323,999,45,32	986.3	39.4799352	73.5918789	5210.6
114	223.4	223.4	235.4	1770,155,30,14	981.0	39.4799367	73.5918733	5210.5
115	100.2	94.2	100.2	9,0,26,25	977.5	39.4799349	73.5918765	5210.5
116	229.4	227.4	231.4	1737,425,26,24	970.8	39.4799365	73.5918737	5210.5
117	56.1	53.1	60.1	1491,134,30,27	962.6	39.4799356	73.5918784	5210.6
118	26.0	23.0	29.0	547,275,28,21	961.8	39.4799345	73.5918788	5210.6
119	13.0	13.0	14.0	657,9,29,12	952.5	39.4799307	73.5918799	5210.6
120	218.4	218.4	220.4	63,297,34,18	948.8	39.4799359	73.5918736	5210.5
121	175.3	175.3	178.3	20,1049,23,13	945.2	39.4799349	73.5918753	5210.5
122	131.2	131.2	131.2	701,377,26,40	942.3	39.4799350	73.5918757	5210.5
123	32.1	32.1	32.1	1809,19,36,38	940.2	39.4799353	73.5918791	5210.6
124	210.4	210.4	210.4	920,664,32,33	938.3	39.4799361	73.5918740	5210.5
125	124.2	124.2	126.2	1571,101,48,32	934.7	39.4799350	73.5918760	5210.5
126	129.2	129.2	129.2	153,875,24,41	925.1	39.4799353	73.5918756	5210.5
127	13.0	13.0	13.0	25,27,18,22	924.1	39.4799307	73.5918799	5210.6
128	135.2	132.2	135.2	1033,537,16,22	913.8	39.4799350	73.5918761	5210.5
129	77.1	76.1	78.1	1001,399,26,22	905.4	39.4799349	73.5918778	5210.6
130	207.4	207.4	209.4	1793,15,32,38	889.4	39.4799364	73.5918744	5210.5
131	73.1	73.1	73.1	1041,237,32,24	887.7	39.4799353	73.5918775	5210.6
132	132.2	132.2	132.2	1698,220,23,14	886.9	39.4799350	73.5918760	5210.5
133	29.0	29.0	29.0	1877,0,36,25	886.7	39.4799351	73.5918789	5210.6
134	169.3	168.3	170.3	1905,87,15,23	885.3	39.4799347	73.5918749	5210.5
135	43.1	42.1	51.1	135,59,30,28	885.0	39.4799362	73.5918781	5210.6
136	118.2	115.2	121.2	1041,617,16,25	881.8	39.4799343	73.5918761	5210.5
137	167.3	166.3	167.3	1895,460,19,21	876.8	39.4799348	73.5918753	5210.5
138	134.2	134.2	134.2	920,509,31,20	875.0	39.4799350	73.5918761	5210.5
139	40.1	38.1	41.1	1343,105,57,9	867.6	39.4799361	73.5918785	5210.6
140	68.1	62.1	70.1	229,778,35,34	866.3	39.4799357	73.5918777	5210.6
141	109.2	109.2	117.2	887,975,31,18	862.5	39.4799348	73.5918766	5210.5
142	33.1	33.1	33.1	1812,57,45,16	858.9	39.4799355	73.5918792	5210.6
143	218.4	218.4	220.4	938,193,23,17	853.2	39.4799359	73.5918736	5210.5
144	106.2	106.2	106.2	186,1003,23,14	852.6	39.4799347	73.5918768	5210.6
145	71.1	61.1	71.1	104,425,15,28	851.9	39.4799353	73.5918776	5210.6
146	88.2	87.1	88.2	1665,0,24,19	850.0	39.4799354	73.5918770	5210.6
147	58.1	57.1	59.1	1853,614,20,38	846.3	39.4799355	73.5918784	5210.6
148	165.3	165.3	166.3	1877,128,22,51	845.2	39.4799354	73.5918755	5210.5
149	48.1	46.1	51.1	1885,875,14,48	837.2	39.4799362	73.5918780	5210.6
150	65.1	61.1	73.1	1807,161,22,23	831.6	39.4799360	73.5918782	5210.6
151	129.2	126.2	129.2	975,533,22,18	830.9	39.4799353	73.5918756	5210.5
152	0.0	0.0	15.0	521,343,16,34	827.9	39.4799225	73.5918812	5210.5
153	90.2	89.2	100.2	777,659,20,20	823.8	39.4799351	73.5918765	5210.5
154	31.1	30.1	36.1	505,662,25,38	818.0	39.4799352	73.5918789	5210.6
155	58.1	57.1	58.1	25,0,56,29	814.9	39.4799355	73.5918784	5210.6
156	56.1	54.1	59.1	937,13,34,26	811.7	39.4799356	73.5918784	5210.6
157	132.2	132.2	132.2	817,373,12,23	810.1	39.4799350	73.5918760	5210.5
158	107.2	107.2	109.2	179,815,23,11	806.2	39.4799347	73.5918766	5210.5
159	131.2	131.2	131.2	1753,465,20,20	803.9	39.4799350	73.5918757	5210.5
160	103.2	103.2	105.2	564,175,32,21	802.9	39.4799349	73.5918769	5210.5
161	136.2	135.2	141.2	81,176,33,20	802.6	39.4799350	73.5918760	5210.5
162	47.1	42.1	53.1	553,671,16,34	791.1	39.4799364	73.5918781	5210.6
163	93.2	93.2	100.2	189,489,16,44	789.0	39.4799345	73.5918767	5210.5
164	16.0	16.0	16.0	797,0,16,21	784.7	39.4799321	73.5918796	5210.6
165	42.1	40.1	47.1	25,465,22,48	783.1	39.4799361	73.5918781	5210.6
166	11.0	0.0	15.0	180,911,29,26	782.3	39.4799296	73.5918801	5210.6
167	162.3	161.3	164.3	1905,271,12,52	779.2	39.4799356	73.5918753	5210.5
168	131.2	131.2	131.2	607,1020,19,33	776.8	39.4799350	73.5918757	5210.5
169	125.2	124.2	127.2	445,745,20,28	774.1	39.4799351	73.5918760	5210.5
170	66.1	61.1	70.1	1852,13,45,12	772.4	39.4799359	73.5918779	5210.6
171	52.1	39.1	57.1	437,889,21,24	771.3	39.4799360	73.5918785	5210.6
172	105.2	101.2	105.2	145,33,18,16	771.1	39.4799349	73.5918770	5210.5
173	9.0	0.0	9.0	0,899,32,19	768.1	39.4799285	73.5918805	5210.5
174	126.2	124.2	127.2	133,674,20,44	761.0	39.4799351	73.5918760	5210.5
175	59.1	54.1	59.1	0,48,49,29	745.6	39.4799356	73.5918784	5210.6
176	125.2	122.2	126.2	121,95,40,30	745.6	39.4799351	73.5918760	5210.5
177	131.2	129.2	131.2	939,173,20,15	739.3	39.4799350	73.5918757	5210.5
178	178.3	175.3	178.3	131,992,22,12	734.3	39.4799350	73.5918758	5210.5
179	38.1	30.1	40.1	550,981,9,38	733.0	39.4799362	73.5918791	5210.6
180	57.1	52.1	59.1	107,159,22,34	732.7	39.4799356	73.5918782	5210.6
181	61.1	61.1	68.1	0,1057,23,20	728.6	39.4799357	73.5918783	5210.6
182	201.3	201.3	201.3	1572,229,17,36	719.7	39.4799358	73.5918745	5210.6
183	208.4	207.4	209.4	1833,225,19,21	718.7	39.4799363	73.5918745	5210.6
184	43.1	42.1	44.1	785,1001,16,18	717.9	39.4799362	73.5918781	5210.6
185	59.1	53.1	60.1	73,1047,28,33	715.9	39.4799356	73.5918784	5210.6
186	64.1	61.1	68.1	1857,487,34,19	715.4	39.4799361	73.5918781	5210.6
187	205.4	205.4	205.4	1715,113,22,16	711.5	39.4799359	73.5918746	5210.5
188	36.1	35.1	36.1	1797,89,20,40	710.0	39.4799358	73.5918792	5210.6
189	44.1	42.1	45.1	257,1017,44,46	709.8	39.4799362	73.5918783	5210.6
190	72.1	71.1	72.1	1105,8,28,21	706.5	39.4799352	73.5918775	5210.6
191	73.1	73.1	74.1	393,69,26,16	706.5	39.4799353	73.5918775	5210.6
192	183.3	181.3	184.3	130,837,13,36	705.4	39.4799352	73.5918757	5210.5
193	126.2	124.2	127.2	361,585,32,44	698.3	39.4799351	73.5918760	5210.5
194	102.2	101.2	104.2	705,491,18,26	693.9	39.4799349	73.5918766	5210.5
195	38.1	38.1	38.1	83,1051,28,29	691.9	39.4799362	73.5918791	5210.6
196	132.2	132.2	132.2	885,391,16,18	689.1	39.4799350	73.5918760	5210.5
197	128.2	128.2	129.2	77,95,14,28	676.4	39.4799353	73.5918759	5210.5
198	65.1	63.1	70.1	1579,147,22,22	661.6	39.4799360	73.5918782	5210.6
199	214.4	212.4	214.4	924,729,23,16	660.6	39.4799360	73.5918733	5210.5
200	187.3	187.3	188.3	1109,1039,11,24	658.5	39.4799355	73.5918750	5210.5
201	208.4	207.4	208.4	1737,123,19,22	657.4	39.4799363	73.5918745	5210.6
202	135.2	135.2	135.2	1383,23,26,24	654.6	39.4799350	73.5918761	5210.5
203	135.2	135.2	135.2	1025,605,22,18	647.5	39.4799350	73.5918761	5210.5
204	136.2	136.2	136.2	657,333,16,16	640.4	39.4799350	73.5918760	5210.5
205	101.2	94.2	101.2	0,177,24,27	637.6	39.4799349	73.5918764	5210.5
206	21.0	17.0	23.0	1068,223,25,18	637.0	39.4799333	73.5918789	5210.6
207	187.3	187.3	187.3	1392,1012,29,21	634.9	39.4799355	73.5918750	5210.5
208	71.1	57.1	72.1	1385,849,24,20	633.0	39.4799353	73.5918776	5210.6
209	166.3	166.3	166.3	1838,45,17,14	624.9	39.4799353	73.5918754	5210.5
210	30.1	30.1	43.1	375,249,12,38	624.7	39.4799351	73.5918791	5210.6
211	109.2	109.2	117.2	637,1005,35,10	624.1	39.4799348	73.5918766	5210.5
212	211.4	211.4	215.4	902,393,19,18	623.7	39.4799361	73.5918737	5210.5
213	99.2	93.2	100.2	117,23,26,24	622.9	39.4799348	73.5918765	5210.5
214	13.0	8.0	15.0	1387,923,26,22	622.7	39.4799307	73.5918799	5210.6
215	27.0	22.0	28.0	705,353,16,24	621.0	39.4799348	73.5918787	5210.6
216	33.1	30.1	40.1	333,595,18,18	620.2	39.4799355	73.5918792	5210.6
217	143.2	139.2	143.2	807,292,16,13	620.1	39.4799356	73.5918757	5210.5
218	75.1	72.1	75.1	1267,513,23,22	618.3	39.4799353	73.5918777	5210.6
219	126.2	124.2	126.2	1327,13,36,24	615.8	39.4799351	73.5918760	5210.5
220	133.2	133.2	133.2	1413,1049,18,16	612.0	39.4799350	73.5918761	5210.5
221	18.0	17.0	18.0	314,1067,17,13	611.9	39.4799326	73.5918792	5210.6
222	49.1	48.1	52.1	71,49,22,30	610.6	39.4799363	73.5918783	5210.6
223	142.2	139.2	143.2	51,67,18,14	608.5	39.4799357	73.5918758	5210.5
224	158.3	156.3	158.3	725,92,14,15	607.7	39.4799353	73.5918751	5210.5
225	66.1	61.1	69.1	177,963,18,18	606.4	39.4799359	73.5918779	5210.6
226	87.1	79.1	88.2	225,738,32,15	606.4	39.4799355	73.5918771	5210.6
227	120.2	111.2	120.2	98,81,15,46	606.4	39.4799345	73.5918758	5210.5
228	133.2	133.2	133.2	1257,9,30,16	606.2	39.4799350	73.5918761	5210.5
229	198.3	198.3	198.3	1673,1041,24,8	603.7	39.4799352	73.5918746	5210.5
230	198.3	194.3	198.3	1009,273,16,16	603.2	39.4799352	73.5918746	5210.5
231	129.2	129.2	129.2	77,753,32,32	602.3	39.4799353	73.5918756	5210.5
232	129.2	129.2	129.2	65,919,16,42	596.3	39.4799353	73.5918756	5210.5
233	45.1	45.1	47.1	169,43,38,14	595.8	39.4799363	73.5918783	5210.6
234	73.1	73.1	75.1	1821,881,14,24	593.9	39.4799353	73.5918775	5210.6
235	178.3	176.3	178.3	39,959,14,17	590.8	39.4799350	73.5918758	5210.5
236	101.2	101.2	103.2	1649,1027,18,22	587.2	39.4799349	73.5918764	5210.5
237	132.2	132.2	132.2	991,118,23,17	587.1	39.4799350	73.5918760	5210.5
238	30.1	30.1	30.1	495,300,14,22	586.3	39.4799351	73.5918791	5210.6
239	189.3	189.3	196.3	1798,1028,25,23	585.4	39.4799354	73.5918746	5210.5
240	133.2	133.2	133.2	1852,1040,13,17	584.4	39.4799350	73.5918761	5210.5
241	146.2	146.2	146.2	1437,1001,20,12	583.7	39.4799354	73.5918753	5210.5
242	225.4	225.4	226.4	1700,282,29,13	583.3	39.4799368	73.5918734	5210.5
243	59.1	57.1	59.1	39,1015,18,26	581.9	39.4799356	73.5918784	5210.6
244	2.0	1.0	11.0	1770,637,19,18	578.0	39.4799235	73.5918812	5210.5
245	30.1	30.1	37.1	73,39,16,26	569.4	39.4799351	73.5918791	5210.6
246	133.2	133.2	133.2	1406,0,17,19	568.3	39.4799350	73.5918761	5210.5
247	91.2	90.2	92.2	1810,597,11,22	567.0	39.4799350	73.5918766	5210.5
248	230.4	221.4	231.4	1203,1017,22,24	566.5	39.4799365	73.5918737	5210.5
249	162.3	158.3	163.3	382,69,13,18	563.4	39.4799356	73.5918753	5210.5
250	39.1	38.1	39.1	37,969,32,28	563.2	39.4799362	73.5918789	5210.6
251	62.1	61.1	62.1	1241,197,30,16	562.0	39.4799358	73.5918782	5210.6
252	36.1	36.1	37.1	1653,0,28,17	560.7	39.4799358	73.5918792	5210.6
253	62.1	61.1	62.1	105,0,16,13	560.4	39.4799358	73.5918782	5210.6
254	12.0	10.0	18.0	126,181,25,26	559.8	39.4799302	73.5918800	5210.6
255	43.1	40.1	43.1	389,1001,28,28	559.2	39.4799362	73.5918781	5210.6
256	47.1	47.1	49.1	1713,60,36,7	558.8	39.4799364	73.5918781	5210.6
257	144.2	144.2	144.2	1042,945,20,12	557.4	39.4799356	73.5918757	5210.5
258	110.2	110.2	119.2	408,1007,35,20	556.4	39.4799348	73.5918767	5210.5
259	44.1	42.1	44.1	385,1049,32,31	555.4	39.4799362	73.5918783	5210.6
260	235.4	232.4	235.4	1796,868,15,17	555.2	39.4799375	73.5918734	5210.5
261	95.2	89.2	95.2	809,65,20,14	553.4	39.4799346	73.5918767	5210.5
262	93.2	89.2	95.2	1763,305,18,12	551.0	39.4799345	73.5918767	5210.5
263	72.1	61.1	72.1	789,289,28,16	548.3	39.4799352	73.5918775	5210.6
264	131.2	131.2	131.2	1527,157,23,14	544.8	39.4799350	73.5918757	5210.5
265	30.1	29.0	30.1	269,537,9,32	543.2	39.4799351	73.5918791	5210.6
266	136.2	136.2	136.2	350,181,19,12	542.9	39.4799350	73.5918760	5210.5
267	48.1	47.1	53.1	75,105,16,40	542.8	39.4799362	73.5918780	5210.6
268	133.2	127.2	133.2	1430,523,13,18	541.6	39.4799350	73.5918761	5210.5
269	68.1	61.1	72.1	1860,121,11,28	536.2	39.4799357	73.5918777	5210.6
270	88.2	80.1	88.2	187,1009,17,14	535.6	39.4799354	73.5918770	5210.6
271	74.1	74.1	75.1	1003,343,22,22	534.3	39.4799353	73.5918777	5210.6
272	183.3	180.3	184.3	73,575,16,24	533.8	39.4799352	73.5918757	5210.5
273	148.3	147.3	148.3	805,104,12,13	532.5	39.4799352	73.5918755	5210.5
274	231.4	225.4	231.4	1853,488,20,11	530.6	39.4799367	73.5918737	5210.5
275	133.2	133.2	133.2	1457,581,12,26	529.0	39.4799350	73.5918761	5210.5
276	206.4	202.3	206.4	905,527,13,17	528.7	39.4799360	73.5918747	5210.5
277	64.1	61.1	70.1	1697,66,16,14	525.6	39.4799361	73.5918781	5210.6
278	65.1	63.1	68.1	257,1011,16,14	522.9	39.4799360	73.5918782	5210.6
279	41.1	36.1	41.1	241,1041,28,20	522.0	39.4799361	73.5918782	5210.6
280	177.3	176.3	178.3	163,924,14,21	521.2	39.4799349	73.5918757	5210.5
281	128.2	128.2	128.2	1755,325,30,12	519.7	39.4799353	73.5918759	5210.5
282	48.1	47.1	49.1	577,1041,24,24	516.4	39.4799362	73.5918780	5210.6
283	142.2	142.2	143.2	1825,433,20,16	511.3	39.4799357	73.5918758	5210.5
284	122.2	122.2	122.2	1180,359,12,20	510.8	39.4799348	73.5918757	5210.5
285	130.2	130.2	130.2	1202,115,20,11	510.7	39.4799351	73.5918755	5210.5
286	182.3	179.3	184.3	156,281,19,20	509.0	39.4799350	73.5918755	5210.5
287	112.2	112.2	112.2	1753,1060,17,13	508.1	39.4799346	73.5918765	5210.6
288	87.1	85.1	87.1	1721,0,22,16	504.7	39.4799355	73.5918771	5210.6
289	129.2	128.2	129.2	1589,25,38,12	504.7	39.4799353	73.5918756	5210.5
290	29.0	29.0	29.0	1629,0,18,21	504.6	39.4799351	73.5918789	5210.6
291	33.1	33.1	33.1	1489,33,24,14	504.0	39.4799355	73.5918792	5210.6
292	71.1	68.1	72.1	1127,453,30,14	501.8	39.4799353	73.5918776	5210.6
293	76.1	76.1	79.1	305,175,28,24	497.7	39.4799349	73.5918779	5210.6
294	57.1	47.1	57.1	25,993,12,20	497.1	39.4799356	73.5918782	5210.6
295	135.2	135.2	137.2	265,17,14,27	496.9	39.4799350	73.5918761	5210.5
296	13.0	5.0	13.0	477,937,16,12	494.2	39.4799307	73.5918799	5210.6
297	59.1	55.1	59.1	741,64,25,12	493.8	39.4799356	73.5918784	5210.6
298	217.4	217.4	217.4	1441,329,16,10	493.3	39.4799359	73.5918736	5210.5
299	165.3	165.3	165.3	125,39,34,22	493.1	39.4799354	73.5918755	5210.5
300	38.1	38.1	41.1	1553,65,32,14	490.6	39.4799362	73.5918791	5210.6
301	29.0	29.0	29.0	1521,27,30,8	489.6	39.4799351	73.5918789	5210.6
302	185.3	185.3	185.3	11,289,14,24	488.0	39.4799356	73.5918755	5210.5
303	192.3	190.3	192.3	1522,943,15,18	485.5	39.4799356	73.5918746	5210.5
304	221.4	221.4	223.4	1475,1063,18,17	482.1	39.4799364	73.5918735	5210.5
305	73.1	73.1	73.1	1380,498,17,25	480.2	39.4799353	73.5918775	5210.6
306	123.2	123.2	128.2	919,142,27,23	477.9	39.4799349	73.5918758	5210.5
307	212.4	212.4	212.4	1145,695,8,18	477.4	39.4799359	73.5918735	5210.5
308	218.4	218.4	220.4	757,161,17,18	474.1	39.4799359	73.5918736	5210.5
309	43.1	40.1	43.1	105,1041,13,30	471.3	39.4799362	73.5918781	5210.6
310	151.3	147.3	160.3	1211,324,14,17	470.3	39.4799350	73.5918757	5210.5
311	220.4	219.4	220.4	1692,977,17,13	467.7	39.4799360	73.5918735	5210.5
312	164.3	161.3	164.3	1633,245,16,20	466.7	39.4799355	73.5918756	5210.5
313	47.1	47.1	52.1	17,23,8,28	466.1	39.4799364	73.5918781	5210.6
314	125.2	125.2	126.2	401,627,14,26	464.8	39.4799351	73.5918760	5210.5
315	132.2	132.2	132.2	1704,611,13,21	462.7	39.4799350	73.5918760	5210.5
316	170.3	170.3	170.3	1895,4,13,15	462.3	39.4799347	73.5918749	5210.5
317	54.1	54.1	54.1	1113,26,26,12	461.1	39.4799356	73.5918782	5210.6
318	48.1	42.1	49.1	499,833,16,12	459.9	39.4799362	73.5918780	5210.6
319	44.1	44.1	47.1	1849,19,33,4	457.0	39.4799362	73.5918783	5210.6
320	6.0	5.0	6.0	1597,607,20,16	456.5	39.4799267	73.5918811	5210.5
321	70.1	69.1	70.1	1537,998,53,7	456.1	39.4799355	73.5918777	5210.6
322	99.2	95.2	100.2	285,31,13,13	453.2	39.4799348	73.5918765	5210.5
323	159.3	147.3	160.3	1282,196,14,23	449.6	39.4799354	73.5918752	5210.5
324	136.2	136.2	143.2	107,277,11,26	449.5	39.4799350	73.5918760	5210.5
325	33.1	33.1	34.1	1105,0,20,9	448.7	39.4799355	73.5918792	5210.6
326	20.0	17.0	28.0	461,369,20,14	445.3	39.4799332	73.5918791	5210.6
327	51.1	51.1	51.1	633,0,34,17	445.2	39.4799360	73.5918784	5210.6
328	42.1	42.1	44.1	1809,433,16,16	444.4	39.4799361	73.5918781	5210.6
329	133.2	133.2	133.2	1221,866,15,11	442.6	39.4799350	73.5918761	5210.5
330	91.2	89.2	93.2	685,191,20,17	441.3	39.4799350	73.5918766	5210.5
331	16.0	14.0	19.0	741,59,16,10	438.7	39.4799321	73.5918796	5210.6
332	100.2	96.2	100.2	198,30,39,9	436.0	39.4799349	73.5918765	5210.5
333	190.3	190.3	197.3	1885,887,20,18	435.5	39.4799356	73.5918745	5210.5
334	6.0	6.0	9.0	433,71,25,12	434.9	39.4799267	73.5918811	5210.5
335	216.4	212.4	216.4	337,545,16,7	433.8	39.4799360	73.5918734	5210.5
336	191.3	190.3	193.3	1809,727,14,16	430.8	39.4799356	73.5918746	5210.5
337	40.1	39.1	40.1	447,35,30,22	428.8	39.4799361	73.5918785	5210.6
338	127.2	122.2	127.2	1441,19,16,34	428.0	39.4799352	73.5918760	5210.5
339	44.1	44.1	46.1	905,25,16,14	427.4	39.4799362	73.5918783	5210.6
340	198.3	198.3	198.3	1745,1033,21,14	426.4	39.4799352	73.5918746	5210.5
341	165.3	165.3	165.3	1797,49,18,32	426.1	39.4799354	73.5918755	5210.5
342	186.3	186.3	186.3	94,987,19,14	422.6	39.4799356	73.5918752	5210.5
343	220.4	219.4	226.4	1633,956,14,17	422.3	39.4799360	73.5918735	5210.5
344	134.2	134.2	134.2	983,539,16,18	421.6	39.4799350	73.5918761	5210.5
345	179.3	179.3	180.3	53,1017,8,16	419.9	39.4799349	73.5918755	5210.5
346	104.2	97.2	104.2	1433,57,18,14	417.6	39.4799349	73.5918770	5210.5
347	36.1	35.1	36.1	1493,93,20,12	417.5	39.4799358	73.5918792	5210.6
348	151.3	150.3	160.3	1031,309,30,10	417.1	39.4799350	73.5918757	5210.5
349	131.2	131.2	131.2	1133,539,32,22	416.1	39.4799350	73.5918757	5210.5
350	205.4	205.4	205.4	1837,81,12,18	416.1	39.4799359	73.5918746	5210.5
351	48.1	46.1	51.1	1780,925,15,20	415.0	39.4799362	73.5918780	5210.6
352	74.1	73.1	75.1	536,181,17,14	412.5	39.4799353	73.5918777	5210.6
353	1.0	0.0	13.0	626,659,9,14	411.2	39.4799229	73.5918814	5210.5
354	55.1	51.1	56.1	0,179,13,18	410.4	39.4799356	73.5918783	5210.6
355	73.1	73.1	73.1	289,113,10,34	410.1	39.4799353	73.5918775	5210.6
356	174.3	174.3	174.3	1883,0,10,15	409.2	39.4799348	73.5918754	5210.5
357	132.2	132.2	132.2	936,453,18,8	408.6	39.4799350	73.5918760	5210.5
358	75.1	74.1	75.1	533,25,31,20	408.1	39.4799353	73.5918777	5210.6
359	56.1	54.1	56.1	1469,328,15,17	408.0	39.4799356	73.5918784	5210.6
360	21.0	21.0	24.0	1059,42,22,15	406.9	39.4799333	73.5918789	5210.6
361	179.3	179.3	180.3	62,929,13,16	406.4	39.4799349	73.5918755	5210.5
362	94.2	94.2	100.2	57,481,16,10	405.8	39.4799346	73.5918766	5210.5
363	90.2	90.2	92.2	255,958,17,11	404.5	39.4799351	73.5918765	5210.5
364	129.2	128.2	129.2	489,161,20,26	404.3	39.4799353	73.5918756	5210.5
365	129.2	129.2	129.2	199,49,14,28	404.1	39.4799353	73.5918756	5210.5
366	101.2	101.2	101.2	49,128,24,12	402.8	39.4799349	73.5918764	5210.5
367	38.1	34.1	38.1	221,1049,14,16	401.3	39.4799362	73.5918791	5210.6
368	57.1	57.1	57.1	1469,337,10,16	400.2	39.4799356	73.5918782	5210.6
369	31.1	31.1	34.1	1909,5,11,12	396.6	39.4799352	73.5918789	5210.6
370	81.1	79.1	82.1	73,927,10,26	396.5	39.4799348	73.5918773	5210.6
371	79.1	79.1	88.2	217,691,16,18	395.5	39.4799348	73.5918774	5210.6
372	206.4	206.4	206.4	1406,570,20,19	395.5	39.4799360	73.5918747	5210.5
373	207.4	207.4	209.4	1137,545,16,7	395.4	39.4799364	73.5918744	5210.5
374	152.3	150.3	159.3	1049,193,17,17	394.8	39.4799351	73.5918755	5210.5
375	150.3	147.3	150.3	1681,19,17,23	394.5	39.4799351	73.5918754	5210.5
376	18.0	17.0	22.0	1121,109,40,6	393.3	39.4799326	73.5918792	5210.6
377	184.3	181.3	184.3	161,753,32,8	392.8	39.4799354	73.5918758	5210.5
378	29.0	29.0	29.0	473,492,11,15	392.6	39.4799351	73.5918789	5210.6
379	50.1	48.1	50.1	141,940,15,19	391.9	39.4799362	73.5918784	5210.6
380	60.1	54.1	66.1	1351,11,19,14	391.4	39.4799357	73.5918783	5210.6
381	33.1	33.1	34.1	1309,73,24,14	389.5	39.4799355	73.5918792	5210.6
382	219.4	219.4	220.4	1731,835,11,18	389.0	39.4799359	73.5918735	5210.5
383	178.3	176.3	181.3	473,1047,16,18	387.2	39.4799350	73.5918758	5210.5
384	78.1	76.1	81.1	25,269,12,20	386.5	39.4799348	73.5918776	5210.6
385	78.1	77.1	89.2	195,277,18,14	386.3	39.4799348	73.5918776	5210.6
386	76.1	76.1	78.1	1137,352,24,11	386.2	39.4799349	73.5918779	5210.6
387	222.4	221.4	231.4	1717,161,14,24	386.0	39.4799367	73.5918734	5210.5
388	42.1	41.1	43.1	701,1049,12,8	385.6	39.4799361	73.5918781	5210.6
389	37.1	37.1	38.1	1487,33,20,10	385.4	39.4799361	73.5918792	5210.6
390	175.3	175.3	178.3	180,1010,13,18	385.1	39.4799349	73.5918753	5210.5
391	172.3	172.3	175.3	367,973,12,24	385.0	39.4799347	73.5918750	5210.5
392	30.1	30.1	30.1	1161,63,48,10	384.0	39.4799351	73.5918791	5210.6
393	179.3	179.3	184.3	123,801,14,11	383.5	39.4799349	73.5918755	5210.5
394	135.2	135.2	135.2	124,221,9,24	382.5	39.4799350	73.5918761	5210.5
395	180.3	180.3	180.3	40,857,13,28	380.3	39.4799350	73.5918753	5210.5
396	13.0	13.0	13.0	113,953,16,8	378.4	39.4799307	73.5918799	5210.6
397	161.3	161.3	164.3	1841,201,16,15	378.1	39.4799355	73.5918753	5210.5
398	199.3	199.3	199.3	916,135,9,16	377.6	39.4799353	73.5918748	5210.5
399	228.4	227.4	229.4	1773,439,16,18	376.0	39.4799367	73.5918736	5210.5
400	76.1	76.1	76.1	193,837,20,8	374.2	39.4799349	73.5918779	5210.6
401	33.1	32.1	35.1	313,525,10,20	373.9	39.4799355	73.5918792	5210.6
402	147.3	147.3	147.3	1035,0,22,16	373.5	39.4799353	73.5918754	5210.5
403	206.4	206.4	206.4	1416,403,9,22	373.4	39.4799360	73.5918747	5210.5
404	224.4	223.4	226.4	1823,67,14,14	372.9	39.4799367	73.5918733	5210.5
405	77.1	77.1	77.1	1909,1038,11,12	372.1	39.4799349	73.5918778	5210.6
406	124.2	124.2	126.2	209,111,39,8	371.9	39.4799350	73.5918760	5210.5
407	8.0	6.0	8.0	1817,1015,18,14	369.0	39.4799280	73.5918806	5210.5
408	53.1	53.1	58.1	1145,57,16,8	368.8	39.4799359	73.5918783	5210.6
409	76.1	76.1	76.1	1838,29,19,14	368.3	39.4799349	73.5918779	5210.6
410	212.4	210.4	215.4	1480,1034,9,15	367.1	39.4799359	73.5918735	5210.5
411	124.2	124.2	128.2	1350,241,14,20	365.9	39.4799350	73.5918760	5210.5
412	36.1	36.1	36.1	15,1045,10,17	364.9	39.4799358	73.5918792	5210.6
413	76.1	76.1	78.1	1094,231,10,24	362.5	39.4799349	73.5918779	5210.6
414	102.2	102.2	102.2	1059,17,26,16	361.7	39.4799349	73.5918766	5210.5
415	218.4	218.4	218.4	265,341,25,15	361.6	39.4799359	73.5918736	5210.5
416	77.1	76.1	78.1	111,275,13,12	360.6	39.4799349	73.5918778	5210.6
417	170.3	170.3	170.3	1835,59,19,9	360.6	39.4799347	73.5918749	5210.5
418	158.3	156.3	158.3	157,83,16,14	360.2	39.4799353	73.5918751	5210.5
419	156.3	156.3	158.3	55,46,15,11	359.0	39.4799353	73.5918750	5210.5
420	204.3	202.3	204.3	197,985,14,8	358.4	39.4799360	73.5918745	5210.5
421	50.1	50.1	53.1	513,793,16,15	357.7	39.4799362	73.5918784	5210.6
422	30.1	30.1	30.1	81,248,18,19	357.3	39.4799351	73.5918791	5210.6
423	149.3	148.3	149.3	6,19,11,14	357.3	39.4799351	73.5918754	5210.5
424	149.3	149.3	149.3	1841,149,18,24	356.8	39.4799351	73.5918754	5210.5
425	48.1	48.1	52.1	161,7,12,26	356.2	39.4799362	73.5918780	5210.6
426	145.2	145.2	145.2	61,999,16,10	355.9	39.4799355	73.5918754	5210.5
427	191.3	191.3	197.3	1905,625,15,12	355.9	39.4799356	73.5918746	5210.5
428	57.1	50.1	57.1	11,272,18,21	355.1	39.4799356	73.5918782	5210.6
429	72.1	72.1	72.1	889,776,16,17	353.1	39.4799352	73.5918775	5210.6
430	108.2	108.2	108.2	19,1057,12,16	352.3	39.4799348	73.5918765	5210.5
431	174.3	174.3	174.3	74,1046,15,21	352.2	39.4799348	73.5918754	5210.5
432	78.1	76.1	78.1	771,49,19,19	351.8	39.4799348	73.5918776	5210.6
433	186.3	186.3	186.3	53,796,12,11	350.9	39.4799356	73.5918752	5210.5
434	128.2	128.2	128.2	65,259,8,22	350.3	39.4799353	73.5918759	5210.5
435	16.0	16.0	17.0	305,951,12,14	349.8	39.4799321	73.5918796	5210.6
436	218.4	218.4	219.4	0,289,9,16	349.4	39.4799359	73.5918736	5210.5
437	73.1	69.1	73.1	95,591,6,19	347.1	39.4799353	73.5918775	5210.6
438	76.1	76.1	78.1	1441,781,16,13	346.8	39.4799349	73.5918779	5210.6
439	57.1	55.1	59.1	1615,27,18,16	345.5	39.4799356	73.5918782	5210.6
440	95.2	89.2	99.2	1188,213,9,18	345.0	39.4799346	73.5918767	5210.5
441	8.0	8.0	10.0	1885,1017,24,12	344.3	39.4799280	73.5918806	5210.5
442	92.2	92.2	95.2	19,453,8,18	344.1	39.4799347	73.5918768	5210.5
443	129.2	128.2	129.2	513,107,24,14	343.3	39.4799353	73.5918756	5210.5
444	168.3	167.3	169.3	0,534,9,24	342.4	39.4799348	73.5918751	5210.5
445	180.3	180.3	180.3	52,1037,15,28	342.1	39.4799350	73.5918753	5210.5
446	198.3	191.3	198.3	1837,903,12,14	341.3	39.4799352	73.5918746	5210.5
447	165.3	165.3	165.3	1713,0,16,15	340.1	39.4799354	73.5918755	5210.5
448	78.1	76.1	78.1	711,101,14,10	339.7	39.4799348	73.5918776	5210.6
449	85.1	79.1	92.2	1190,204,11,13	339.6	39.4799355	73.5918771	5210.5
450	222.4	222.4	226.4	1793,517,20,10	338.9	39.4799367	73.5918734	5210.5
451	39.1	39.1	39.1	1897,461,14,20	337.9	39.4799362	73.5918789	5210.6
452	8.0	8.0	13.0	1827,817,26,24	337.1	39.4799280	73.5918806	5210.5
453	142.2	140.2	142.2	929,17,16,18	336.3	39.4799357	73.5918758	5210.5
454	75.1	74.1	75.1	1601,785,10,17	335.9	39.4799353	73.5918777	5210.6
455	4.0	4.0	5.0	486,1033,18,12	335.8	39.4799251	73.5918812	5210.5
456	138.2	138.2	138.2	27,161,14,12	333.6	39.4799352	73.5918761	5210.5
457	126.2	126.2	127.2	1257,357,15,12	332.5	39.4799351	73.5918760	5210.5
458	47.1	44.1	50.1	167,633,14,28	332.1	39.4799364	73.5918781	5210.6
459	203.3	203.3	204.3	827,0,8,11	331.7	39.4799359	73.5918745	5210.5
460	219.4	218.4	219.4	47,281,13,9	330.4	39.4799359	73.5918735	5210.5
461	72.1	72.1	72.1	400,0,9,13	330.2	39.4799352	73.5918775	5210.6
462	142.2	142.2	143.2	945,109,12,28	329.1	39.4799357	73.5918758	5210.5
463	72.1	71.1	72.1	25,241,14,12	328.7	39.4799352	73.5918775	5210.6
464	91.2	89.2	96.2	999,936,15,14	327.9	39.4799350	73.5918766	5210.5
465	124.2	124.2	124.2	1841,137,28,14	327.5	39.4799350	73.5918760	5210.5
466	16.0	16.0	27.0	147,218,13,15	326.3	39.4799321	73.5918796	5210.6
467	161.3	161.3	163.3	253,177,12,8	324.5	39.4799355	73.5918753	5210.5
468	193.3	191.3	197.3	1723,537,20,16	324.3	39.4799353	73.5918746	5210.5
469	60.1	60.1	60.1	357,432,6,21	323.7	39.4799357	73.5918783	5210.6
470	129.2	123.2	129.2	1872,109,18,9	323.6	39.4799353	73.5918756	5210.5
471	66.1	63.1	70.1	1389,465,42,4	323.3	39.4799359	73.5918779	5210.6
472	102.2	102.2	102.2	1002,57,15,8	322.5	39.4799349	73.5918766	5210.5
473	148.3	147.3	148.3	237,94,18,11	321.8	39.4799352	73.5918755	5210.5
474	61.1	61.1	69.1	1667,235,10,11	320.6	39.4799357	73.5918783	5210.6
475	164.3	164.3	164.3	1915,195,5,31	320.4	39.4799355	73.5918756	5210.5
476	66.1	63.1	67.1	10,844,13,15	319.0	39.4799359	73.5918779	5210.6
477	133.2	133.2	137.2	917,473,9,16	318.5	39.4799350	73.5918761	5210.5
478	73.1	73.1	73.1	1389,97,8,16	318.2	39.4799353	73.5918775	5210.6
479	110.2	108.2	110.2	119,163,20,14	315.3	39.4799348	73.5918767	5210.5
480	128.2	128.2	128.2	167,33,12,24	315.3	39.4799353	73.5918759	5210.5
481	74.1	74.1	75.1	316,944,5,25	313.2	39.4799353	73.5918777	5210.6
482	94.2	89.2	95.2	481,257,21,7	312.6	39.4799346	73.5918766	5210.5
483	131.2	131.2	131.2	981,447,12,18	310.8	39.4799350	73.5918757	5210.5
484	176.3	176.3	177.3	102,993,19,13	310.7	39.4799349	73.5918753	5210.5
485	15.0	13.0	15.0	1915,563,5,22	309.9	39.4799317	73.5918798	5210.5
486	125.2	125.2	125.2	155,909,14,15	308.7	39.4799351	73.5918760	5210.5
487	121.2	117.2	121.2	0,567,5,24	308.5	39.4799349	73.5918758	5210.5
488	52.1	52.1	52.1	1840,1041,9,18	307.3	39.4799360	73.5918785	5210.6
489	223.4	221.4	226.4	1657,177,16,8	306.5	39.4799367	73.5918733	5210.5
490	139.2	139.2	139.2	137,407,12,14	306.2	39.4799353	73.5918762	5210.5
491	107.2	107.2	111.2	728,969,19,12	305.0	39.4799347	73.5918766	5210.5
492	83.1	83.1	83.1	1637,514,16,15	304.4	39.4799350	73.5918773	5210.6
493	116.2	111.2	121.2	925,557,19,9	302.0	39.4799343	73.5918764	5210.5
494	48.1	44.1	48.1	419,877,14,16	301.9	39.4799362	73.5918780	5210.6
495	185.3	185.3	185.3	83,881,15,10	301.2	39.4799356	73.5918755	5210.5
496	128.2	128.2	128.2	1819,401,6,34	299.0	39.4799353	73.5918759	5210.5
497	128.2	128.2	128.2	1419,101,22,11	298.3	39.4799353	73.5918759	5210.5
498	136.2	136.2	138.2	285,25,25,12	298.2	39.4799350	73.5918760	5210.5
499	34.1	34.1	34.1	1809,5,14,12	297.1	39.4799358	73.5918794	5210.6
500	89.2	89.2	93.2	777,183,16,10	296.6	39.4799352	73.5918768	5210.6
501	8.0	8.0	11.0	321,39,14,12	295.6	39.4799280	73.5918806	5210.5
502	45.1	44.1	45.1	275,1011,18,12	295.0	39.4799363	73.5918783	5210.6
503	136.2	135.2	139.2	77,0,21,5	294.5	39.4799350	73.5918760	5210.5
504	182.3	182.3	184.3	199,712,12,17	294.5	39.4799350	73.5918755	5210.5
505	218.4	218.4	218.4	1154,204,12,11	293.0	39.4799359	73.5918736	5210.5
506	109.2	108.2	109.2	123,917,8,16	292.4	39.4799348	73.5918766	5210.5
507	48.1	37.1	48.1	131,1059,18,12	290.9	39.4799362	73.5918780	5210.6
508	29.0	29.0	29.0	480,416,11,9	290.5	39.4799351	73.5918789	5210.6
509	37.1	35.1	37.1	261,257,10,16	290.2	39.4799361	73.5918792	5210.6
510	217.4	217.4	217.4	1409,259,7,16	288.8	39.4799359	73.5918736	5210.5
511	125.2	122.2	125.2	173,41,15,24	288.7	39.4799351	73.5918760	5210.5
512	130.2	130.2	130.2	937,471,12,10	287.3	39.4799351	73.5918755	5210.5
513	145.2	144.2	145.2	573,37,14,8	286.0	39.4799355	73.5918754	5210.5
514	44.1	42.1	46.1	0,273,13,16	285.9	39.4799362	73.5918783	5210.6
515	71.1	71.1	72.1	1817,35,21,5	283.1	39.4799353	73.5918776	5210.6
516	60.1	60.1	60.1	377,943,6,22	282.9	39.4799357	73.5918783	5210.6
517	137.2	135.2	137.2	465,105,10,24	282.5	39.4799353	73.5918760	5210.5
518	150.3	147.3	159.3	1497,515,12,10	280.9	39.4799351	73.5918754	5210.5
519	215.4	211.4	215.4	643,321,16,7	280.1	39.4799359	73.5918734	5210.5
520	3.0	2.0	3.0	1855,1059,10,21	280.0	39.4799243	73.5918811	5210.5
521	106.2	102.2	106.2	110,113,13,16	279.7	39.4799347	73.5918768	5210.6
522	233.4	232.4	235.4	356,457,12,23	279.0	39.4799372	73.5918733	5210.5
523	105.2	105.2	106.2	942,145,13,16	278.3	39.4799349	73.5918770	5210.5
524	175.3	175.3	178.3	99,926,8,24	278.3	39.4799349	73.5918753	5210.5
525	10.0	10.0	13.0	1899,65,8,24	278.0	39.4799292	73.5918805	5210.6
526	2.0	0.0	5.0	1558,854,19,22	276.8	39.4799235	73.5918812	5210.5
527	93.2	85.1	97.2	1129,601,16,5	275.7	39.4799345	73.5918767	5210.5
528	37.1	37.1	37.1	903,0,14,17	275.1	39.4799361	73.5918792	5210.6
529	184.3	180.3	184.3	83,361,6,22	274.9	39.4799354	73.5918758	5210.5
530	133.2	133.2	133.2	1099,961,14,8	274.5	39.4799350	73.5918761	5210.5
531	146.2	146.2	146.2	1729,1009,8,16	273.2	39.4799354	73.5918753	5210.5
532	22.0	20.0	22.0	1055,125,9,20	271.6	39.4799336	73.5918788	5210.6
533	222.4	222.4	225.4	1801,585,8,10	271.6	39.4799367	73.5918734	5210.5
534	223.4	223.4	223.4	1247,993,10,8	270.5	39.4799367	73.5918733	5210.5
535	153.3	148.3	158.3	729,43,12,10	269.7	39.4799351	73.5918754	5210.5
536	129.2	129.2	129.2	395,1049,16,24	269.1	39.4799353	73.5918756	5210.5
537	235.4	232.4	235.4	629,372,14,13	269.0	39.4799375	73.5918734	5210.5
538	175.3	175.3	176.3	132,1071,13,9	268.6	39.4799349	73.5918753	5210.5
539	115.2	115.2	115.2	219,995,10,23	267.4	39.4799343	73.5918765	5210.5
540	145.2	144.2	145.2	1637,461,12,7	267.4	39.4799355	73.5918754	5210.5
541	124.2	124.2	124.2	3,493,6,15	266.8	39.4799350	73.5918760	5210.5
542	217.4	217.4	217.4	1351,95,8,18	266.2	39.4799359	73.5918736	5210.5
543	147.3	147.3	147.3	945,0,8,9	266.1	39.4799353	73.5918754	5210.5
544	140.2	140.2	144.2	1713,1055,20,18	266.0	39.4799354	73.5918760	5210.5
545	48.1	48.1	49.1	337,63,24,12	265.9	39.4799362	73.5918780	5210.6
546	129.2	129.2	129.2	1728,721,3,41	265.4	39.4799353	73.5918756	5210.5
547	129.2	129.2	129.2	1795,13,10,12	264.1	39.4799353	73.5918756	5210.5
548	3.0	0.0	10.0	1763,696,14,25	263.7	39.4799243	73.5918811	5210.5
549	224.4	223.4	235.4	1843,271,8,10	263.7	39.4799367	73.5918733	5210.5
550	29.0	29.0	29.0	1273,381,12,8	263.6	39.4799351	73.5918789	5210.6
551	53.1	53.1	53.1	1913,496,7,17	263.6	39.4799359	73.5918783	5210.6
552	204.3	204.3	204.3	971,883,7,13	263.6	39.4799360	73.5918745	5210.5
553	125.2	125.2	126.2	1363,53,10,16	263.3	39.4799351	73.5918760	5210.5
554	205.4	205.4	205.4	1905,445,10,17	262.9	39.4799359	73.5918746	5210.5
555	116.2	116.2	118.2	217,1013,14,20	262.2	39.4799343	73.5918764	5210.5
556	204.3	202.3	204.3	1025,571,18,5	262.1	39.4799360	73.5918745	5210.5
557	159.3	157.3	163.3	1898,397,7,17	261.1	39.4799354	73.5918752	5210.5
558	103.2	103.2	103.2	97,205,6,20	261.0	39.4799349	73.5918769	5210.5
559	9.0	9.0	15.0	1864,89,10,14	260.5	39.4799285	73.5918805	5210.5
560	126.2	126.2	126.2	791,1001,20,10	260.2	39.4799351	73.5918760	5210.5
561	50.1	50.1	50.1	213,963,20,12	259.8	39.4799362	73.5918784	5210.6
562	121.2	121.2	121.2	72,113,9,8	258.8	39.4799349	73.5918758	5210.5
563	77.1	76.1	77.1	354,315,19,16	258.6	39.4799349	73.5918778	5210.6
564	6.0	6.0	10.0	342,77,23,8	256.4	39.4799267	73.5918811	5210.5
565	51.1	51.1	51.1	47,35,8,18	255.8	39.4799360	73.5918784	5210.6
566	118.2	117.2	118.2	1437,417,9,15	255.6	39.4799343	73.5918761	5210.5
567	132.2	132.2	132.2	1044,617,9,13	255.5	39.4799350	73.5918760	5210.5
568	197.3	194.3	197.3	1733,769,11,12	255.2	39.4799352	73.5918744	5210.5
569	57.1	57.1	58.1	99,233,10,16	254.4	39.4799356	73.5918782	5210.6
570	133.2	133.2	133.2	1376,999,10,14	254.3	39.4799350	73.5918761	5210.5
571	16.0	16.0	16.0	481,91,14,8	254.1	39.4799321	73.5918796	5210.6
572	204.3	204.3	204.3	131,681,19,8	253.6	39.4799360	73.5918745	5210.5
573	164.3	162.3	164.3	1745,17,12,16	253.3	39.4799355	73.5918756	5210.5
574	210.4	210.4	210.4	931,471,14,7	253.3	39.4799361	73.5918740	5210.5
575	123.2	123.2	126.2	1057,63,10,10	252.7	39.4799349	73.5918758	5210.5
576	20.0	19.0	21.0	955,82,22,7	252.1	39.4799332	73.5918791	5210.6
577	17.0	16.0	22.0	118,81,13,16	251.8	39.4799325	73.5918795	5210.6
578	220.4	220.4	223.4	1899,296,11,10	251.7	39.4799360	73.5918735	5210.5
579	187.3	187.3	189.3	1208,1036,8,11	251.5	39.4799355	73.5918750	5210.5
580	42.1	42.1	47.1	385,609,12,12	251.4	39.4799361	73.5918781	5210.6
581	137.2	137.2	137.2	1741,686,16,13	250.2	39.4799353	73.5918760	5210.5
582	50.1	48.1	53.1	253,792,10,10	250.1	39.4799362	73.5918784	5210.6
583	110.2	108.2	117.2	527,809,10,7	249.9	39.4799348	73.5918767	5210.5
584	161.3	161.3	163.3	369,313,12,10	249.1	39.4799355	73.5918753	5210.5
585	120.2	117.2	120.2	105,55,6,26	248.2	39.4799345	73.5918758	5210.5
586	146.2	146.2	146.2	705,0,8,13	248.1	39.4799354	73.5918753	5210.5
587	16.0	16.0	26.0	76,287,9,16	247.9	39.4799321	73.5918796	5210.6
588	215.4	212.4	215.4	947,707,14,14	245.2	39.4799359	73.5918734	5210.5
589	8.0	3.0	8.0	837,873,8,10	244.9	39.4799280	73.5918806	5210.5
590	50.1	50.1	50.1	1697,1011,8,10	244.3	39.4799362	73.5918784	5210.6
591	128.2	128.2	129.2	1545,945,10,8	244.3	39.4799353	73.5918759	5210.5
592	82.1	80.1	84.1	97,947,6,15	243.7	39.4799348	73.5918773	5210.6
593	163.3	163.3	163.3	1867,11,8,14	243.5	39.4799356	73.5918756	5210.5
594	78.1	78.1	78.1	1779,59,13,10	242.3	39.4799348	73.5918776	5210.6
595	120.2	120.2	120.2	105,313,12,16	242.1	39.4799345	73.5918758	5210.5
596	115.2	111.2	115.2	61,639,18,6	241.3	39.4799343	73.5918765	5210.5
597	232.4	232.4	235.4	685,131,8,20	241.3	39.4799371	73.5918734	5210.5
598	17.0	17.0	25.0	233,131,12,16	241.1	39.4799325	73.5918795	5210.6
599	167.3	166.3	168.3	1861,341,12,12	241.0	39.4799348	73.5918753	5210.5
600	42.1	42.1	42.1	1850,305,7,14	240.6	39.4799361	73.5918781	5210.6
601	124.2	124.2	124.2	1025,5,20,4	240.6	39.4799350	73.5918760	5210.5
602	199.3	199.3	199.3	1436,259,13,12	239.7	39.4799353	73.5918748	5210.5
603	1.0	0.0	4.0	1697,968,21,9	239.2	39.4799229	73.5918814	5210.5
604	107.2	104.2	107.2	362,21,11,12	238.8	39.4799347	73.5918766	5210.5
605	105.2	105.2	106.2	969,193,8,16	238.0	39.4799349	73.5918770	5210.5
606	11.0	11.0	15.0	1183,43,15,13	237.8	39.4799296	73.5918801	5210.6
607	89.2	89.2	92.2	1697,629,7,12	237.7	39.4799352	73.5918768	5210.6
608	41.1	41.1	41.1	361,1073,16,7	236.8	39.4799361	73.5918782	5210.6
609	48.1	48.1	49.1	1903,1001,10,8	236.8	39.4799362	73.5918780	5210.6
610	208.4	208.4	209.4	1905,0,15,4	236.8	39.4799363	73.5918745	5210.6
611	74.1	74.1	75.1	99,998,12,15	236.5	39.4799353	73.5918777	5210.6
612	117.2	112.2	119.2	153,491,6,18	236.0	39.4799342	73.5918762	5210.5
613	185.3	185.3	185.3	9,15,11,10	235.8	39.4799356	73.5918755	5210.5
614	215.4	214.4	215.4	1002,353,13,7	235.8	39.4799359	73.5918734	5210.5
615	232.4	232.4	232.4	1849,287,12,10	235.7	39.4799371	73.5918734	5210.5
616	4.0	3.0	5.0	1572,942,17,11	235.6	39.4799251	73.5918812	5210.5
617	77.1	77.1	79.1	1174,22,13,13	234.9	39.4799349	73.5918778	5210.6
618	203.3	203.3	203.3	881,385,13,8	234.5	39.4799359	73.5918745	5210.5
619	13.0	9.0	13.0	40,821,9,8	234.3	39.4799307	73.5918799	5210.6
620	15.0	12.0	15.0	1906,518,14,9	234.0	39.4799317	73.5918798	5210.5
621	195.3	195.3	198.3	191,161,12,8	233.8	39.4799354	73.5918745	5210.5
622	50.1	50.1	50.1	0,625,5,16	233.2	39.4799362	73.5918784	5210.6
623	227.4	225.4	234.4	1601,385,8,8	233.2	39.4799369	73.5918736	5210.5
624	132.2	132.2	132.2	209,588,9,8	232.8	39.4799350	73.5918760	5210.5
625	132.2	131.2	132.2	1151,553,16,10	232.2	39.4799350	73.5918760	5210.5
626	16.0	16.0	16.0	646,297,11,12	231.6	39.4799321	73.5918796	5210.6
627	120.2	118.2	121.2	424,229,9,20	231.6	39.4799345	73.5918758	5210.5
628	223.4	223.4	224.4	449,369,8,8	231.6	39.4799367	73.5918733	5210.5
629	138.2	137.2	138.2	25,719,8,14	231.5	39.4799352	73.5918761	5210.5
630	141.2	139.2	143.2	193,61,18,6	231.3	39.4799356	73.5918758	5210.5
631	18.0	11.0	20.0	579,149,11,12	230.6	39.4799326	73.5918792	5210.6
632	16.0	13.0	16.0	1049,157,17,11	230.3	39.4799321	73.5918796	5210.6
633	16.0	16.0	16.0	3,360,14,13	230.0	39.4799321	73.5918796	5210.6
634	199.3	199.3	199.3	1426,320,9,13	230.0	39.4799353	73.5918748	5210.5
635	148.3	148.3	148.3	391,0,9,11	229.6	39.4799352	73.5918755	5210.5
636	179.3	179.3	179.3	83,601,8,9	229.5	39.4799349	73.5918755	5210.5
637	42.1	42.1	43.1	1761,641,17,16	228.6	39.4799361	73.5918781	5210.6
638	73.1	73.1	73.1	607,163,10,12	228.4	39.4799353	73.5918775	5210.6
639	75.1	74.1	75.1	1025,321,19,8	228.0	39.4799353	73.5918777	5210.6
640	138.2	138.2	138.2	949,155,9,13	228.0	39.4799352	73.5918761	5210.5
641	145.2	145.2	145.2	286,929,7,24	227.7	39.4799355	73.5918754	5210.5
642	6.0	6.0	10.0	365,5,20,12	226.6	39.4799267	73.5918811	5210.5
643	183.3	180.3	185.3	123,540,14,13	226.6	39.4799352	73.5918757	5210.5
644	131.2	131.2	131.2	1006,220,12,5	225.9	39.4799350	73.5918757	5210.5
645	206.4	206.4	206.4	1473,433,8,8	225.7	39.4799360	73.5918747	5210.5
646	42.1	42.1	42.1	731,876,11,10	225.5	39.4799361	73.5918781	5210.6
647	64.1	62.1	69.1	1750,193,9,11	225.5	39.4799361	73.5918781	5210.6
648	42.1	42.1	44.1	969,49,6,22	225.4	39.4799361	73.5918781	5210.6
649	166.3	166.3	166.3	1110,13,9,12	224.4	39.4799353	73.5918754	5210.5
650	124.2	124.2	124.2	1137,81,12,8	223.2	39.4799350	73.5918760	5210.5
651	112.2	112.2	120.2	565,943,10,18	223.1	39.4799346	73.5918765	5210.6
652	75.1	75.1	75.1	1866,345,7,12	222.1	39.4799353	73.5918777	5210.6
653	169.3	169.3	169.3	0,856,13,7	221.4	39.4799347	73.5918749	5210.5
654	12.0	12.0	13.0	1429,995,13,8	221.2	39.4799302	73.5918800	5210.6
655	6.0	3.0	7.0	1662,821,13,12	221.0	39.4799267	73.5918811	5210.5
656	11.0	11.0	11.0	1320,776,14,13	220.5	39.4799296	73.5918801	5210.6
657	145.2	144.2	145.2	513,753,12,12	220.2	39.4799355	73.5918754	5210.5
658	179.3	179.3	183.3	119,1041,10,10	220.0	39.4799349	73.5918755	5210.5
659	107.2	104.2	108.2	1611,91,7,11	218.7	39.4799347	73.5918766	5210.5
660	176.3	176.3	178.3	81,891,10,7	218.6	39.4799349	73.5918753	5210.5
661	116.2	116.2	120.2	265,857,12,14	218.5	39.4799343	73.5918764	5210.5
662	234.4	234.4	234.4	77,599,6,18	218.2	39.4799376	73.5918734	5210.5
663	105.2	104.2	105.2	833,66,14,7	216.4	39.4799349	73.5918770	5210.5
664	62.1	61.1	62.1	1137,505,11,14	216.0	39.4799358	73.5918782	5210.6
665	94.2	94.2	95.2	121,481,8,8	215.1	39.4799346	73.5918766	5210.5
666	133.2	130.2	133.2	1473,1045,14,12	215.0	39.4799350	73.5918761	5210.5
667	47.1	46.1	47.1	693,1023,14,15	214.5	39.4799364	73.5918781	5210.6
668	111.2	109.2	114.2	1738,569,11,8	214.3	39.4799347	73.5918767	5210.5
669	95.2	94.2	101.2	61,471,12,10	214.1	39.4799346	73.5918767	5210.5
670	102.2	102.2	102.2	511,255,10,16	213.7	39.4799349	73.5918766	5210.5
671	185.3	185.3	185.3	133,129,12,8	213.6	39.4799356	73.5918755	5210.5
672	63.1	63.1	63.1	795,113,14,12	213.1	39.4799359	73.5918781	5210.6
673	98.2	97.2	98.2	845,20,14,11	212.5	39.4799347	73.5918766	5210.6
674	4.0	4.0	4.0	271,1071,10,9	212.2	39.4799251	73.5918812	5210.5
675	130.2	130.2	130.2	1509,821,8,9	212.2	39.4799351	73.5918755	5210.5
676	106.2	104.2	106.2	480,137,11,8	211.8	39.4799347	73.5918768	5210.6
677	73.1	73.1	73.1	1764,513,5,13	211.6	39.4799353	73.5918775	5210.6
678	204.3	204.3	204.3	801,449,8,8	211.1	39.4799360	73.5918745	5210.5
679	8.0	8.0	8.0	1898,255,7,18	210.8	39.4799280	73.5918806	5210.5
680	215.4	215.4	215.4	849,889,7,10	210.4	39.4799359	73.5918734	5210.5
681	46.1	46.1	47.1	1787,17,14,8	210.2	39.4799364	73.5918781	5210.6
682	103.2	103.2	103.2	1399,8,26,3	210.1	39.4799349	73.5918769	5210.5
683	146.2	146.2	146.2	649,143,17,5	210.1	39.4799354	73.5918753	5210.5
684	21.0	21.0	23.0	1433,45,7,12	209.4	39.4799333	73.5918789	5210.6
685	46.1	46.1	47.1	0,19,9,10	209.4	39.4799364	73.5918781	5210.6
686	74.1	74.1	74.1	1780,421,13,16	209.4	39.4799353	73.5918777	5210.6
687	72.1	72.1	72.1	997,799,12,10	209.1	39.4799352	73.5918775	5210.6
688	131.2	131.2	131.2	827,341,8,8	208.6	39.4799350	73.5918757	5210.5
689	160.3	153.3	160.3	1042,194,11,11	207.9	39.4799355	73.5918754	5210.5
690	218.4	218.4	218.4	1127,266,10,11	207.9	39.4799359	73.5918736	5210.5
691	123.2	123.2	123.2	105,452,14,10	207.1	39.4799349	73.5918758	5210.5
692	105.2	105.2	105.2	1069,95,12,8	206.7	39.4799349	73.5918770	5210.5
693	120.2	120.2	120.2	82,649,15,6	205.5	39.4799345	73.5918758	5210.5
694	20.0	18.0	20.0	1218,101,7,12	205.4	39.4799332	73.5918791	5210.6
695	127.2	123.2	127.2	1474,185,3,27	205.3	39.4799352	73.5918760	5210.5
696	235.4	233.4	235.4	548,94,10,9	205.3	39.4799375	73.5918734	5210.5
697	134.2	134.2	134.2	1863,977,6,10	205.1	39.4799350	73.5918761	5210.5
698	74.1	74.1	75.1	305,579,6,18	204.5	39.4799353	73.5918777	5210.6
699	159.3	159.3	160.3	821,58,6,14	204.4	39.4799354	73.5918752	5210.5
700	1.0	0.0	2.0	97,1018,8,13	204.3	39.4799229	73.5918814	5210.5
701	218.4	218.4	220.4	847,239,5,12	203.9	39.4799359	73.5918736	5210.5
702	129.2	129.2	129.2	73,0,8,17	203.5	39.4799353	73.5918756	5210.5
703	44.1	44.1	45.1	1137,23,14,6	203.2	39.4799362	73.5918783	5210.6
704	57.1	57.1	57.1	1853,1031,11,12	202.5	39.4799356	73.5918782	5210.6
705	187.3	187.3	188.3	1077,988,7,17	202.1	39.4799355	73.5918750	5210.5
706	179.3	179.3	179.3	177,693,8,10	200.8	39.4799349	73.5918755	5210.5
707	135.2	135.2	135.2	1279,244,14,9	200.7	39.4799350	73.5918761	5210.5
708	145.2	145.2	145.2	617,945,10,8	200.7	39.4799355	73.5918754	5210.5
709	22.0	17.0	24.0	1733,577,7,11	200.4	39.4799336	73.5918788	5210.6
710	72.1	72.1	75.1	1745,53,16,4	199.4	39.4799352	73.5918775	5210.6
711	205.4	205.4	205.4	1787,961,6,16	199.3	39.4799359	73.5918746	5210.5
712	118.2	117.2	119.2	125,390,6,21	199.0	39.4799343	73.5918761	5210.5
713	232.4	232.4	235.4	1869,1010,10,10	198.7	39.4799371	73.5918734	5210.5
714	184.3	180.3	184.3	83,449,6,12	198.0	39.4799354	73.5918758	5210.5
715	133.2	133.2	133.2	1441,469,12,6	197.2	39.4799350	73.5918761	5210.5
716	155.3	153.3	158.3	1461,319,11,10	196.8	39.4799354	73.5918750	5210.5
717	17.0	17.0	17.0	10,1069,10,11	196.6	39.4799325	73.5918795	5210.6
718	219.4	219.4	220.4	197,389,15,7	196.6	39.4799359	73.5918735	5210.5
719	69.1	67.1	70.1	73,37,12,8	196.2	39.4799356	73.5918776	5210.6
720	141.2	140.2	143.2	387,213,14,8	195.5	39.4799356	73.5918758	5210.5
721	230.4	221.4	231.4	1489,269,16,3	195.3	39.4799365	73.5918737	5210.5
722	121.2	118.2	121.2	5,209,8,10	195.1	39.4799349	73.5918758	5210.5
723	147.3	147.3	147.3	777,161,8,8	194.9	39.4799353	73.5918754	5210.5
724	198.3	198.3	198.3	0,179,9,8	194.7	39.4799352	73.5918746	5210.5
725	124.2	124.2	127.2	1075,145,14,6	194.6	39.4799350	73.5918760	5210.5
726	134.2	134.2	134.2	1873,33,8,7	194.2	39.4799350	73.5918761	5210.5
727	188.3	188.3	188.3	1107,987,7,10	193.8	39.4799355	73.5918747	5210.5
728	16.0	16.0	16.0	133,114,13,9	193.1	39.4799321	73.5918796	5210.6
729	56.1	55.1	56.1	33,820,8,9	193.0	39.4799356	73.5918784	5210.6
730	115.2	115.2	119.2	1281,995,16,6	192.9	39.4799343	73.5918765	5210.5
731	224.4	224.4	225.4	617,269,8,11	192.8	39.4799367	73.5918733	5210.5
732	214.4	211.4	214.4	1029,361,12,7	192.5	39.4799360	73.5918733	5210.5
733	184.3	179.3	184.3	239,124,8,13	191.8	39.4799354	73.5918758	5210.5
734	145.2	145.2	145.2	570,769,9,16	191.4	39.4799355	73.5918754	5210.5
735	122.2	122.2	122.2	120,369,5,10	191.0	39.4799348	73.5918757	5210.5
736	165.3	165.3	165.3	1916,0,4,15	190.3	39.4799354	73.5918755	5210.5
737	161.3	161.3	164.3	1743,223,10,10	189.7	39.4799355	73.5918753	5210.5
738	60.1	60.1	60.1	1737,305,7,9	189.6	39.4799357	73.5918783	5210.6
739	3.0	3.0	4.0	1583,1007,22,18	189.4	39.4799243	73.5918811	5210.5
740	51.1	51.1	51.1	1909,73,8,14	188.7	39.4799360	73.5918784	5210.6
741	123.2	123.2	123.2	189,15,10,8	188.2	39.4799349	73.5918758	5210.5
742	163.3	151.3	163.3	363,211,6,14	187.9	39.4799356	73.5918756	5210.5
743	111.2	111.2	114.2	127,945,10,19	187.8	39.4799347	73.5918767	5210.5
744	199.3	199.3	199.3	1285,183,8,10	187.1	39.4799353	73.5918748	5210.5
745	105.2	105.2	105.2	905,15,10,10	186.8	39.4799349	73.5918770	5210.5
746	55.1	55.1	55.1	5,257,6,16	186.7	39.4799356	73.5918783	5210.6
747	142.2	141.2	142.2	318,41,17,8	186.3	39.4799357	73.5918758	5210.5
748	161.3	161.3	164.3	1739,117,14,12	186.1	39.4799355	73.5918753	5210.5
749	16.0	16.0	16.0	1902,350,9,11	185.9	39.4799321	73.5918796	5210.6
750	6.0	6.0	6.0	1826,133,7,11	185.8	39.4799267	73.5918811	5210.5
751	160.3	160.3	160.3	926,193,9,8	185.6	39.4799355	73.5918754	5210.5
752	45.1	45.1	45.1	279,881,8,16	185.1	39.4799363	73.5918783	5210.6
753	105.2	105.2	105.2	357,13,12,10	185.1	39.4799349	73.5918770	5210.5
754	4.0	3.0	4.0	1311,498,12,11	184.4	39.4799251	73.5918812	5210.5
755	150.3	149.3	160.3	619,219,12,12	184.2	39.4799351	73.5918754	5210.5
756	102.2	102.2	102.2	1233,11,16,6	183.7	39.4799349	73.5918766	5210.5
757	47.1	47.1	47.1	960,9,11,10	183.5	39.4799364	73.5918781	5210.6
758	165.3	165.3	165.3	1867,69,12,10	183.5	39.4799354	73.5918755	5210.5
759	60.1	60.1	60.1	1758,33,11,8	183.3	39.4799357	73.5918783	5210.6
760	64.1	62.1	68.1	1412,128,17,5	183.3	39.4799361	73.5918781	5210.6
761	85.1	81.1	88.2	209,804,12,9	183.1	39.4799355	73.5918771	5210.5
762	113.2	113.2	113.2	457,598,12,12	182.7	39.4799345	73.5918764	5210.6
763	25.0	18.0	26.0	1799,466,10,10	182.6	39.4799343	73.5918786	5210.6
764	47.1	47.1	47.1	1593,57,12,6	182.4	39.4799364	73.5918781	5210.6
765	134.2	134.2	134.2	1137,557,8,8	182.3	39.4799350	73.5918761	5210.5
766	136.2	136.2	136.2	259,401,6,8	182.3	39.4799350	73.5918760	5210.5
767	207.4	207.4	209.4	1851,0,6,7	181.9	39.4799364	73.5918744	5210.5
768	145.2	143.2	145.2	97,825,8,16	181.6	39.4799355	73.5918754	5210.5
769	101.2	98.2	101.2	163,145,8,8	180.9	39.4799349	73.5918764	5210.5
770	6.0	0.0	7.0	538,1044,7,9	180.5	39.4799267	73.5918811	5210.5
771	148.3	147.3	148.3	989,15,10,10	180.5	39.4799352	73.5918755	5210.5
772	4.0	1.0	5.0	801,87,16,7	180.3	39.4799251	73.5918812	5210.5
773	53.1	52.1	58.1	1333,1005,16,12	179.3	39.4799359	73.5918783	5210.6
774	218.4	218.4	220.4	965,261,12,8	179.3	39.4799359	73.5918736	5210.5
775	48.1	48.1	48.1	1871,79,26,2	179.1	39.4799362	73.5918780	5210.6
776	205.4	201.3	205.4	1899,387,4,14	179.1	39.4799359	73.5918746	5210.5
777	7.0	7.0	7.0	1761,1009,8,16	178.7	39.4799274	73.5918809	5210.5
778	157.3	157.3	158.3	1877,308,7,13	178.3	39.4799353	73.5918751	5210.5
779	139.2	139.2	146.2	1184,443,17,6	178.2	39.4799353	73.5918762	5210.5
780	133.2	133.2	133.2	988,1031,9,12	178.1	39.4799350	73.5918761	5210.5
781	22.0	20.0	22.0	1580,241,10,10	177.9	39.4799336	73.5918788	5210.6
782	154.3	151.3	155.3	1109,261,7,15	177.9	39.4799352	73.5918752	5210.5
783	93.2	83.1	93.2	1190,227,11,9	177.4	39.4799345	73.5918767	5210.5
784	73.1	73.1	73.1	1062,193,15,4	176.3	39.4799353	73.5918775	5210.6
785	116.2	116.2	116.2	19,593,12,14	176.3	39.4799343	73.5918764	5210.5
786	74.1	74.1	75.1	1897,109,12,8	176.2	39.4799353	73.5918777	5210.6
787	127.2	127.2	127.2	701,1043,12,6	176.2	39.4799352	73.5918760	5210.5
788	51.1	51.1	51.1	69,460,8,10	176.1	39.4799360	73.5918784	5210.6
789	27.0	26.0	27.0	617,45,8,18	176.0	39.4799348	73.5918787	5210.6
790	234.4	234.4	234.4	1143,281,14,12	175.9	39.4799376	73.5918734	5210.5
791	152.3	152.3	153.3	719,169,18,8	175.8	39.4799351	73.5918755	5210.5
792	130.2	130.2	130.2	1443,101,6,8	175.3	39.4799351	73.5918755	5210.5
793	134.2	134.2	134.2	1101,313,10,6	175.2	39.4799350	73.5918761	5210.5
794	6.0	6.0	7.0	57,561,8,12	175.1	39.4799267	73.5918811	5210.5
795	17.0	10.0	24.0	609,153,9,6	174.8	39.4799325	73.5918795	5210.6
796	51.1	51.1	51.1	545,181,12,12	174.3	39.4799360	73.5918784	5210.6
797	8.0	2.0	15.0	409,505,8,8	174.0	39.4799280	73.5918806	5210.5
798	44.1	44.1	44.1	33,639,4,20	173.8	39.4799362	73.5918783	5210.6
799	52.1	51.1	52.1	1468,215,5,26	173.0	39.4799360	73.5918785	5210.6
800	234.4	232.4	235.4	1813,971,8,10	173.0	39.4799376	73.5918734	5210.5
801	55.1	53.1	55.1	801,363,12,12	172.9	39.4799356	73.5918783	5210.6
802	50.1	50.1	50.1	433,7,8,12	172.8	39.4799362	73.5918784	5210.6
803	121.2	117.2	121.2	0,733,7,14	172.8	39.4799349	73.5918758	5210.5
804	127.2	127.2	127.2	45,657,10,10	172.7	39.4799352	73.5918760	5210.5
805	150.3	148.3	158.3	1201,102,8,7	172.7	39.4799351	73.5918754	5210.5
806	209.4	209.4	209.4	1914,0,6,10	172.2	39.4799362	73.5918743	5210.5
807	11.0	11.0	13.0	465,49,16,8	172.1	39.4799296	73.5918801	5210.6
808	226.4	223.4	231.4	313,559,16,10	171.7	39.4799369	73.5918735	5210.5
809	137.2	137.2	137.2	1881,0,8,15	171.6	39.4799353	73.5918760	5210.5
810	112.2	112.2	113.2	1822,1001,13,6	171.4	39.4799346	73.5918765	5210.6
811	143.2	143.2	145.2	1900,285,12,6	171.4	39.4799356	73.5918757	5210.5
812	29.0	29.0	29.0	384,881,9,7	170.9	39.4799351	73.5918789	5210.6
813	137.2	137.2	137.2	1851,553,6,10	170.9	39.4799353	73.5918760	5210.5
814	201.3	201.3	201.3	1598,353,7,14	170.8	39.4799358	73.5918745	5210.6
815	120.2	119.2	120.2	162,50,7,15	170.2	39.4799345	73.5918758	5210.5
816	134.2	134.2	134.2	1756,713,7,8	169.6	39.4799350	73.5918761	5210.5
817	138.2	138.2	138.2	147,780,10,13	169.0	39.4799352	73.5918761	5210.5
818	138.2	138.2	139.2	210,551,14,9	168.6	39.4799352	73.5918761	5210.5
819	87.1	85.1	88.2	1879,1009,8,8	168.4	39.4799355	73.5918771	5210.6
820	226.4	226.4	226.4	361,629,15,6	168.3	39.4799369	73.5918735	5210.5
821	135.2	135.2	135.2	6,305,15,8	168.0	39.4799350	73.5918761	5210.5
822	11.0	7.0	11.0	91,836,6,11	167.8	39.4799296	73.5918801	5210.6
823	120.2	112.2	121.2	229,283,8,14	167.5	39.4799345	73.5918758	5210.5
824	83.1	83.1	86.1	121,949,14,12	166.8	39.4799350	73.5918773	5210.6
825	50.1	50.1	50.1	200,29,5,20	166.6	39.4799362	73.5918784	5210.6
826	135.2	135.2	138.2	17,51,20,10	166.5	39.4799350	73.5918761	5210.5
827	189.3	188.3	189.3	1877,97,8,12	166.4	39.4799354	73.5918746	5210.5
828	96.2	96.2	96.2	17,553,8,8	166.3	39.4799346	73.5918766	5210.5
829	45.1	43.1	46.1	681,965,5,12	166.1	39.4799363	73.5918783	5210.6
830	136.2	136.2	136.2	188,449,11,11	165.1	39.4799350	73.5918760	5210.5
831	128.2	128.2	128.2	1567,206,6,11	164.8	39.4799353	73.5918759	5210.5
832	28.0	28.0	28.0	129,953,6,8	164.4	39.4799349	73.5918787	5210.6
833	136.2	136.2	136.2	531,332,6,13	164.4	39.4799350	73.5918760	5210.5
834	119.2	118.2	120.2	139,881,6,10	164.1	39.4799344	73.5918759	5210.5
835	60.1	60.1	60.1	105,853,14,12	163.8	39.4799357	73.5918783	5210.6
836	76.1	73.1	76.1	1209,669,4,12	163.6	39.4799349	73.5918779	5210.6
837	69.1	69.1	70.1	1913,941,7,8	163.5	39.4799356	73.5918776	5210.6
838	47.1	43.1	54.1	251,477,6,12	163.3	39.4799364	73.5918781	5210.6
839	111.2	109.2	114.2	57,861,8,8	163.3	39.4799347	73.5918767	5210.5
840	147.3	147.3	147.3	49,0,8,5	163.3	39.4799353	73.5918754	5210.5
841	202.3	202.3	204.3	1416,641,9,7	163.3	39.4799358	73.5918745	5210.5
842	216.4	216.4	217.4	945,449,14,10	163.2	39.4799360	73.5918734	5210.5
843	101.2	101.2	101.2	179,262,6,19	163.0	39.4799349	73.5918764	5210.5
844	93.2	90.2	93.2	751,307,6,14	162.6	39.4799345	73.5918767	5210.5
845	187.3	187.3	187.3	1309,986,16,10	162.5	39.4799355	73.5918750	5210.5
846	197.3	195.3	198.3	1581,893,12,6	162.3	39.4799352	73.5918744	5210.5
847	96.2	96.2	96.2	24,785,15,11	162.1	39.4799346	73.5918766	5210.5
848	199.3	199.3	199.3	865,59,7,7	161.5	39.4799353	73.5918748	5210.5
849	3.0	1.0	3.0	1915,807,5,16	161.4	39.4799243	73.5918811	5210.5
850	165.3	165.3	165.3	1824,119,9,13	160.7	39.4799354	73.5918755	5210.5
851	186.3	186.3	186.3	492,1062,5,10	159.7	39.4799356	73.5918752	5210.5
852	46.1	46.1	46.1	595,669,6,14	159.4	39.4799364	73.5918781	5210.6
853	198.3	195.3	198.3	911,279,10,8	159.4	39.4799352	73.5918746	5210.5
854	103.2	103.2	103.2	25,587,16,6	159.3	39.4799349	73.5918769	5210.5
855	7.0	0.0	7.0	1641,366,4,11	158.7	39.4799274	73.5918809	5210.5
856	138.2	138.2	139.2	227,407,6,10	158.5	39.4799352	73.5918761	5210.5
857	59.1	59.1	59.1	263,17,8,12	158.4	39.4799356	73.5918784	5210.6
858	101.2	101.2	101.2	271,921,8,14	158.4	39.4799349	73.5918764	5210.5
859	146.2	146.2	146.2	704,79,11,4	158.0	39.4799354	73.5918753	5210.5
860	6.0	6.0	6.0	214,43,19,6	157.5	39.4799267	73.5918811	5210.5
861	73.1	73.1	73.1	0,1025,5,9	157.5	39.4799353	73.5918775	5210.6
862	54.1	52.1	54.1	1586,273,7,16	156.8	39.4799356	73.5918782	5210.6
863	112.2	112.2	116.2	433,977,6,12	156.6	39.4799346	73.5918765	5210.6
864	165.3	165.3	165.3	845,49,12,9	156.6	39.4799354	73.5918755	5210.5
865	69.1	69.1	69.1	1879,209,7,7	156.2	39.4799356	73.5918776	5210.6
866	138.2	136.2	140.2	694,812,10,5	156.2	39.4799352	73.5918761	5210.5
867	142.2	142.2	142.2	247,291,11,6	155.9	39.4799357	73.5918758	5210.5
868	58.1	58.1	58.1	1697,145,8,7	155.5	39.4799355	73.5918784	5210.6
869	153.3	149.3	160.3	991,201,10,9	155.5	39.4799351	73.5918754	5210.5
870	200.3	200.3	200.3	1910,233,10,8	155.5	39.4799358	73.5918747	5210.6
871	215.4	214.4	215.4	865,497,16,7	155.5	39.4799359	73.5918734	5210.5
872	160.3	160.3	162.3	1819,58,6,11	154.7	39.4799355	73.5918754	5210.5
873	209.4	209.4	209.4	1769,201,8,8	154.4	39.4799362	73.5918743	5210.5
874	228.4	228.4	229.4	1881,506,8,11	154.2	39.4799367	73.5918736	5210.5
875	131.2	131.2	131.2	759,269,10,12	154.0	39.4799350	73.5918757	5210.5
876	8.0	8.0	8.0	1881,558,5,10	153.9	39.4799280	73.5918806	5210.5
877	140.2	140.2	143.2	1026,443,8,6	153.9	39.4799354	73.5918760	5210.5
878	213.4	213.4	213.4	1034,889,7,8	153.9	39.4799359	73.5918734	5210.5
879	134.2	134.2	134.2	374,62,11,11	153.6	39.4799350	73.5918761	5210.5
880	22.0	22.0	23.0	905,3,12,8	153.1	39.4799336	73.5918788	5210.6
881	146.2	146.2	146.2	603,719,6,10	152.4	39.4799354	73.5918753	5210.5
882	122.2	122.2	122.2	67,1070,13,7	152.1	39.4799348	73.5918757	5210.5
883	135.2	135.2	135.2	597,137,4,12	152.1	39.4799350	73.5918761	5210.5
884	143.2	143.2	145.2	1410,769,15,6	152.0	39.4799356	73.5918757	5210.5
885	198.3	198.3	198.3	1133,417,8,9	151.5	39.4799352	73.5918746	5210.5
886	148.3	148.3	148.3	1291,285,8,11	151.4	39.4799352	73.5918755	5210.5
887	149.3	149.3	154.3	735,295,10,6	151.2	39.4799351	73.5918754	5210.5
888	179.3	179.3	179.3	392,889,7,8	151.2	39.4799349	73.5918755	5210.5
889	165.3	165.3	165.3	1438,52,12,5	150.9	39.4799354	73.5918755	5210.5
890	115.2	115.2	115.2	41,189,20,4	150.8	39.4799343	73.5918765	5210.5
891	44.1	44.1	44.1	89,869,8,8	150.7	39.4799362	73.5918783	5210.6
892	59.1	59.1	59.1	12,687,4,18	150.3	39.4799356	73.5918784	5210.6
893	68.1	67.1	68.1	266,773,14,8	150.2	39.4799357	73.5918777	5210.6
894	47.1	47.1	47.1	273,11,8,6	149.6	39.4799364	73.5918781	5210.6
895	103.2	102.2	103.2	1889,0,16,3	149.5	39.4799349	73.5918769	5210.5
896	216.4	216.4	216.4	938,521,9,9	149.4	39.4799360	73.5918734	5210.5
897	73.1	73.1	73.1	269,1033,12,8	149.2	39.4799353	73.5918775	5210.6
898	179.3	179.3	179.3	560,1021,9,7	149.1	39.4799349	73.5918755	5210.5
899	10.0	7.0	13.0	374,905,6,15	148.5	39.4799292	73.5918805	5210.6
900	50.1	50.1	50.1	1769,1073,9,7	148.4	39.4799362	73.5918784	5210.6
901	65.1	65.1	65.1	1257,468,10,8	148.3	39.4799360	73.5918782	5210.6
902	93.2	91.2	93.2	1414,999,6,9	147.9	39.4799345	73.5918767	5210.5
903	138.2	138.2	138.2	147,449,6,8	147.9	39.4799352	73.5918761	5210.5
904	159.3	156.3	160.3	258,189,8,8	147.8	39.4799354	73.5918752	5210.5
905	95.2	95.2	95.2	529,179,16,3	147.7	39.4799346	73.5918767	5210.5
906	142.2	142.2	142.2	23,275,23,8	147.4	39.4799357	73.5918758	5210.5
907	66.1	63.1	66.1	1547,19,16,8	147.2	39.4799359	73.5918779	5210.6
908	59.1	59.1	59.1	533,825,4,18	147.1	39.4799356	73.5918784	5210.6
909	185.3	185.3	185.3	27,1033,10,6	146.3	39.4799356	73.5918755	5210.5
910	73.1	73.1	73.1	1432,216,15,7	146.0	39.4799353	73.5918775	5210.6
911	212.4	212.4	213.4	973,893,4,12	145.9	39.4799359	73.5918735	5210.5
912	109.2	109.2	110.2	232,934,5,11	145.7	39.4799348	73.5918766	5210.5
913	98.2	97.2	98.2	491,1002,13,15	144.2	39.4799347	73.5918766	5210.6
914	102.2	102.2	102.2	309,25,8,8	144.1	39.4799349	73.5918766	5210.5
915	9.0	7.0	9.0	209,1019,12,6	143.7	39.4799285	73.5918805	5210.5
916	83.1	79.1	83.1	520,463,16,5	143.6	39.4799350	73.5918773	5210.6
917	131.2	131.2	131.2	843,593,14,6	143.5	39.4799350	73.5918757	5210.5
918	54.1	54.1	54.1	1025,973,18,4	143.4	39.4799356	73.5918782	5210.6
919	59.1	59.1	59.1	1413,349,4,10	143.4	39.4799356	73.5918784	5210.6
920	152.3	149.3	152.3	1535,317,6,16	143.3	39.4799351	73.5918755	5210.5
921	16.0	16.0	16.0	209,145,13,8	143.1	39.4799321	73.5918796	5210.6
922	85.1	85.1	88.2	1362,791,7,14	142.8	39.4799355	73.5918771	5210.5
923	115.2	114.2	115.2	1857,870,8,6	142.8	39.4799343	73.5918765	5210.5
924	162.3	161.3	164.3	1899,149,6,8	142.1	39.4799356	73.5918753	5210.5
925	134.2	134.2	134.2	92,121,9,8	142.0	39.4799350	73.5918761	5210.5
926	135.2	135.2	135.2	863,98,10,9	141.9	39.4799350	73.5918761	5210.5
927	149.3	148.3	154.3	1443,483,8,10	141.7	39.4799351	73.5918754	5210.5
928	131.2	131.2	131.2	1517,217,6,16	141.4	39.4799350	73.5918757	5210.5
929	3.0	3.0	3.0	1779,1057,8,10	141.0	39.4799243	73.5918811	5210.5
930	142.2	139.2	143.2	152,310,12,11	140.7	39.4799357	73.5918758	5210.5
931	79.1	79.1	80.1	1343,0,7,15	140.3	39.4799348	73.5918774	5210.6
932	117.2	117.2	117.2	599,51,10,12	139.9	39.4799342	73.5918762	5210.5
933	19.0	18.0	21.0	1340,152,14,5	139.6	39.4799330	73.5918791	5210.6
934	157.3	156.3	157.3	1729,243,8,6	139.2	39.4799353	73.5918751	5210.5
935	232.4	228.4	235.4	1829,196,13,8	139.1	39.4799371	73.5918734	5210.5
936	80.1	79.1	83.1	673,937,8,4	138.7	39.4799348	73.5918772	5210.6
937	98.2	98.2	98.2	77,871,12,6	138.7	39.4799347	73.5918766	5210.6
938	122.2	122.2	122.2	519,825,10,8	138.7	39.4799348	73.5918757	5210.5
939	16.0	16.0	16.0	75,167,6,9	138.4	39.4799321	73.5918796	5210.6
940	111.2	111.2	111.2	70,15,11,8	138.1	39.4799347	73.5918767	5210.5
941	87.1	87.1	87.1	1603,1018,4,15	137.9	39.4799355	73.5918771	5210.6
942	140.2	140.2	142.2	473,545,8,8	137.6	39.4799354	73.5918760	5210.5
943	149.3	149.3	149.3	1833,88,4,11	137.5	39.4799351	73.5918754	5210.5
944	109.2	109.2	111.2	1083,1036,9,6	137.4	39.4799348	73.5918766	5210.5
945	142.2	142.2	143.2	729,71,7,7	137.0	39.4799357	73.5918758	5210.5
946	224.4	222.4	224.4	1753,459,8,9	136.6	39.4799367	73.5918733	5210.5
947	0.0	0.0	0.0	901,201,8,8	136.0	39.4799225	73.5918812	5210.5
948	78.1	78.1	78.1	801,865,4,16	135.7	39.4799348	73.5918776	5210.6
949	151.3	147.3	160.3	1225,244,10,5	135.2	39.4799350	73.5918757	5210.5
950	135.2	135.2	135.2	909,157,4,10	135.1	39.4799350	73.5918761	5210.5
951	187.3	187.3	187.3	1544,1050,12,11	135.1	39.4799355	73.5918750	5210.5
952	6.0	6.0	7.0	665,429,12,10	134.9	39.4799267	73.5918811	5210.5
953	119.2	118.2	119.2	294,241,3,16	134.7	39.4799344	73.5918759	5210.5
954	182.3	179.3	182.3	0,69,7,8	134.7	39.4799350	73.5918755	5210.5
955	198.3	198.3	198.3	1854,617,11,7	134.7	39.4799352	73.5918746	5210.5
956	220.4	220.4	220.4	1751,1017,8,11	134.6	39.4799360	73.5918735	5210.5
957	148.3	148.3	148.3	753,737,11,8	134.5	39.4799352	73.5918755	5210.5
958	190.3	190.3	193.3	1217,1062,9,5	134.4	39.4799356	73.5918745	5210.5
959	103.2	103.2	103.2	1527,33,14,4	133.8	39.4799349	73.5918769	5210.5
960	191.3	191.3	193.3	1627,1001,12,8	133.6	39.4799356	73.5918746	5210.5
961	18.0	18.0	18.0	1417,985,8,8	133.3	39.4799326	73.5918792	5210.6
962	141.2	141.2	141.2	369,417,12,4	133.3	39.4799356	73.5918758	5210.5
963	87.1	87.1	87.1	1627,931,14,6	133.2	39.4799355	73.5918771	5210.6
964	137.2	137.2	137.2	1804,6,9,8	133.1	39.4799353	73.5918760	5210.5
965	142.2	142.2	142.2	1133,755,14,6	132.9	39.4799357	73.5918758	5210.5
966	135.2	135.2	135.2	345,117,12,10	132.8	39.4799350	73.5918761	5210.5
967	74.1	74.1	74.1	1129,197,12,6	132.5	39.4799353	73.5918777	5210.6
968	102.2	102.2	102.2	123,65,6,6	132.3	39.4799349	73.5918766	5210.5
969	116.2	112.2	116.2	832,478,15,4	132.2	39.4799343	73.5918764	5210.5
970	85.1	81.1	88.2	1872,996,12,6	132.0	39.4799355	73.5918771	5210.5
971	135.2	135.2	137.2	130,145,11,10	132.0	39.4799350	73.5918761	5210.5
972	130.2	130.2	130.2	1201,803,6,7	131.8	39.4799351	73.5918755	5210.5
973	172.3	171.3	173.3	1161,267,8,6	131.7	39.4799347	73.5918750	5210.5
974	137.2	137.2	137.2	1913,85,7,12	131.6	39.4799353	73.5918760	5210.5
975	3.0	0.0	3.0	1912,1062,5,13	131.5	39.4799243	73.5918811	5210.5
976	186.3	186.3	186.3	31,966,10,11	131.5	39.4799356	73.5918752	5210.5
977	140.2	140.2	140.2	1521,683,6,6	131.1	39.4799354	73.5918760	5210.5
978	181.3	181.3	184.3	209,626,8,7	131.1	39.4799350	73.5918754	5210.5
979	142.2	141.2	144.2	1415,861,10,10	130.4	39.4799357	73.5918758	5210.5
980	165.3	165.3	165.3	1473,55,12,10	130.2	39.4799354	73.5918755	5210.5
981	117.2	117.2	117.2	189,951,10,10	129.7	39.4799342	73.5918762	5210.5
982	143.2	143.2	143.2	1259,811,8,14	129.7	39.4799356	73.5918757	5210.5
983	186.3	186.3	186.3	467,975,6,8	129.7	39.4799356	73.5918752	5210.5
984	43.1	43.1	43.1	1740,103,12,6	129.5	39.4799362	73.5918781	5210.6
985	73.1	73.1	73.1	569,57,8,6	129.3	39.4799353	73.5918775	5210.6
986	121.2	121.2	121.2	999,279,8,10	129.1	39.4799349	73.5918758	5210.5
987	58.1	58.1	58.1	1819,345,5,8	128.8	39.4799355	73.5918784	5210.6
988	104.2	104.2	104.2	301,605,12,6	128.7	39.4799349	73.5918770	5210.5
989	192.3	192.3	192.3	1801,625,8,8	128.6	39.4799356	73.5918746	5210.5
990	66.1	66.1	68.1	1133,0,12,4	128.5	39.4799359	73.5918779	5210.6
991	136.2	136.2	136.2	241,753,8,5	128.1	39.4799350	73.5918760	5210.5
992	165.3	165.3	165.3	0,13,5,12	127.9	39.4799354	73.5918755	5210.5
993	230.4	230.4	230.4	1153,969,4,8	127.7	39.4799365	73.5918737	5210.5
994	194.3	194.3	196.3	137,157,8,6	127.6	39.4799353	73.5918747	5210.5
995	138.2	138.2	138.2	429,462,8,8	127.3	39.4799352	73.5918761	5210.5
996	105.2	105.2	105.2	210,43,11,6	127.0	39.4799349	73.5918770	5210.5
997	205.4	205.4	205.4	859,273,8,7	127.0	39.4799359	73.5918746	5210.5
998	25.0	25.0	25.0	1161,0,8,9	126.9	39.4799343	73.5918786	5210.6
999	22.0	22.0	23.0	37,54,6,9	126.3	39.4799336	73.5918788	5210.6
1000	22.0	22.0	22.0	989,34,8,11	126.2	39.4799336	73.5918788	5210.6
1001	11.0	11.0	14.0	515,99,8,9	125.9	39.4799296	73.5918801	5210.6
1002	131.2	131.2	131.2	317,825,4,10	125.8	39.4799350	73.5918757	5210.5
1003	143.2	143.2	143.2	5,311,4,10	125.7	39.4799356	73.5918757	5210.5
1004	60.1	60.1	60.1	1579,281,7,8	125.3	39.4799357	73.5918783	5210.6
1005	150.3	150.3	152.3	1861,776,4,9	125.2	39.4799351	73.5918754	5210.5
1006	105.2	105.2	106.2	429,230,10,11	125.1	39.4799349	73.5918770	5210.5
1007	17.0	16.0	17.0	1671,46,9,5	124.7	39.4799325	73.5918795	5210.6
1008	156.3	156.3	156.3	929,807,6,10	124.6	39.4799353	73.5918750	5210.5
1009	116.2	111.2	116.2	1359,633,7,8	124.5	39.4799343	73.5918764	5210.5
1010	134.2	134.2	134.2	1809,839,6,10	124.4	39.4799350	73.5918761	5210.5
1011	199.3	199.3	199.3	1072,171,9,5	124.4	39.4799353	73.5918748	5210.5
1012	19.0	18.0	19.0	411,573,10,8	123.9	39.4799330	73.5918791	5210.6
1013	27.0	26.0	27.0	961,49,10,8	123.9	39.4799348	73.5918787	5210.6
1014	196.3	196.3	196.3	1756,319,7,10	123.9	39.4799352	73.5918745	5210.5
1015	235.4	232.4	235.4	1913,425,7,10	123.9	39.4799375	73.5918734	5210.5
1016	154.3	151.3	154.3	1862,40,10,7	123.8	39.4799352	73.5918752	5210.5
1017	101.2	97.2	101.2	145,433,4,15	123.5	39.4799349	73.5918764	5210.5
1018	188.3	188.3	189.3	1281,922,8,5	123.5	39.4799355	73.5918747	5210.5
1019	15.0	15.0	15.0	1794,529,7,7	123.4	39.4799317	73.5918798	5210.5
1020	149.3	149.3	149.3	803,57,6,8	123.2	39.4799351	73.5918754	5210.5
1021	122.2	122.2	122.2	965,642,7,7	123.0	39.4799348	73.5918757	5210.5
1022	181.3	181.3	181.3	1499,97,6,16	123.0	39.4799350	73.5918754	5210.5
1023	134.2	134.2	134.2	397,0,8,9	122.7	39.4799350	73.5918761	5210.5
1024	218.4	218.4	218.4	1201,273,8,8	122.5	39.4799359	73.5918736	5210.5
1025	121.2	121.2	121.2	929,343,10,11	122.4	39.4799349	73.5918758	5210.5
1026	107.2	107.2	114.2	1285,737,9,8	122.0	39.4799347	73.5918766	5210.5
1027	137.2	137.2	137.2	1799,73,8,8	122.0	39.4799353	73.5918760	5210.5
1028	123.2	122.2	123.2	1323,497,6,12	121.4	39.4799349	73.5918758	5210.5
1029	17.0	17.0	24.0	1596,332,7,7	121.3	39.4799325	73.5918795	5210.6
1030	212.4	212.4	212.4	1020,519,5,10	121.2	39.4799359	73.5918735	5210.5
1031	194.3	194.3	195.3	149,65,12,3	121.1	39.4799353	73.5918747	5210.5
1032	49.1	49.1	49.1	1653,17,10,7	120.7	39.4799363	73.5918783	5210.6
1033	116.2	116.2	116.2	801,257,16,8	120.4	39.4799343	73.5918764	5210.5
1034	232.4	232.4	234.4	1729,861,6,8	120.3	39.4799371	73.5918734	5210.5
1035	87.1	86.1	87.1	13,1070,4,10	120.0	39.4799355	73.5918771	5210.6
1036	142.2	140.2	142.2	465,339,10,6	119.7	39.4799357	73.5918758	5210.5
1037	86.1	85.1	86.1	1906,1056,5,10	119.6	39.4799356	73.5918771	5210.6
1038	226.4	226.4	226.4	1374,257,9,11	119.6	39.4799369	73.5918735	5210.5
1039	26.0	24.0	27.0	1437,113,12,8	119.2	39.4799345	73.5918788	5210.6
1040	28.0	26.0	28.0	81,422,6,11	119.1	39.4799349	73.5918787	5210.6
1041	142.2	142.2	142.2	1175,481,3,16	118.5	39.4799357	73.5918758	5210.5
1042	226.4	226.4	226.4	1903,626,7,7	118.5	39.4799369	73.5918735	5210.5
1043	3.0	3.0	3.0	1652,955,9,6	118.2	39.4799243	73.5918811	5210.5
1044	110.2	110.2	110.2	1108,487,5,8	118.2	39.4799348	73.5918767	5210.5
1045	218.4	218.4	218.4	1237,367,8,10	118.1	39.4799359	73.5918736	5210.5
1046	6.0	6.0	6.0	772,761,7,8	117.6	39.4799267	73.5918811	5210.5
1047	120.2	120.2	120.2	849,547,10,6	117.6	39.4799345	73.5918758	5210.5
1048	49.1	49.1	49.1	623,1069,6,8	117.3	39.4799363	73.5918783	5210.6
1049	142.2	139.2	144.2	1398,801,3,16	117.2	39.4799357	73.5918758	5210.5
1050	183.3	181.3	184.3	155,571,6,12	117.0	39.4799352	73.5918757	5210.5
1051	106.2	106.2	106.2	1250,65,13,4	116.9	39.4799347	73.5918768	5210.6
1052	159.3	159.3	162.3	1864,33,7,10	116.6	39.4799354	73.5918752	5210.5
1053	82.1	79.1	84.1	1825,28,9,5	116.5	39.4799348	73.5918773	5210.6
1054	121.2	121.2	121.2	149,579,6,14	116.5	39.4799349	73.5918758	5210.5
1055	122.2	122.2	122.2	1326,0,9,4	116.4	39.4799348	73.5918757	5210.5
1056	65.1	65.1	65.1	1366,217,6,8	116.2	39.4799360	73.5918782	5210.6
1057	112.2	108.2	113.2	1203,238,14,5	116.2	39.4799346	73.5918765	5210.6
1058	64.1	64.1	66.1	41,581,8,6	115.8	39.4799361	73.5918781	5210.6
1059	229.4	229.4	229.4	1073,1077,10,3	115.7	39.4799365	73.5918737	5210.5
1060	28.0	26.0	28.0	65,121,6,6	115.6	39.4799349	73.5918787	5210.6
1061	13.0	13.0	13.0	1069,576,8,7	115.5	39.4799307	73.5918799	5210.6
1062	179.3	179.3	179.3	1049,73,8,8	115.5	39.4799349	73.5918755	5210.5
1063	131.2	131.2	131.2	565,673,5,8	115.3	39.4799350	73.5918757	5210.5
1064	187.3	187.3	187.3	18,586,11,7	115.0	39.4799355	73.5918750	5210.5
1065	84.1	79.1	88.2	931,519,10,6	114.9	39.4799351	73.5918773	5210.5
1066	101.2	101.2	101.2	1339,356,7,13	114.9	39.4799349	73.5918764	5210.5
1067	55.1	55.1	55.1	65,153,4,10	114.7	39.4799356	73.5918783	5210.6
1068	223.4	223.4	223.4	281,387,8,10	114.7	39.4799367	73.5918733	5210.5
1069	64.1	64.1	67.1	1791,67,4,10	114.5	39.4799361	73.5918781	5210.6
1070	230.4	230.4	230.4	1912,409,8,6	114.3	39.4799365	73.5918737	5210.5
1071	9.0	9.0	9.0	1881,1073,7,7	114.1	39.4799285	73.5918805	5210.5
1072	224.4	224.4	224.4	540,297,7,8	114.0	39.4799367	73.5918733	5210.5
1073	62.1	61.1	62.1	1914,194,6,11	113.9	39.4799358	73.5918782	5210.6
1074	121.2	121.2	121.2	151,425,10,4	113.8	39.4799349	73.5918758	5210.5
1075	6.0	2.0	6.0	1111,1041,6,6	113.5	39.4799267	73.5918811	5210.5
1076	137.2	137.2	137.2	1826,1055,7,10	113.5	39.4799353	73.5918760	5210.5
1077	213.4	213.4	213.4	1825,147,8,4	113.3	39.4799359	73.5918734	5210.5
1078	17.0	17.0	19.0	466,677,7,10	113.2	39.4799325	73.5918795	5210.6
1079	65.1	65.1	65.1	460,1005,5,7	113.2	39.4799360	73.5918782	5210.6
1080	3.0	0.0	3.0	590,441,3,14	113.0	39.4799243	73.5918811	5210.5
1081	13.0	12.0	13.0	225,969,8,4	112.6	39.4799307	73.5918799	5210.6
1082	193.3	193.3	193.3	185,769,4,8	112.6	39.4799353	73.5918746	5210.5
1083	139.2	139.2	140.2	135,817,8,8	112.4	39.4799353	73.5918762	5210.5
1084	213.4	212.4	213.4	1385,735,12,4	112.4	39.4799359	73.5918734	5210.5
1085	218.4	218.4	218.4	1893,1079,27,1	112.3	39.4799359	73.5918736	5210.5
1086	115.2	115.2	115.2	353,1049,8,4	112.2	39.4799343	73.5918765	5210.5
1087	232.4	232.4	232.4	1249,135,6,10	112.1	39.4799371	73.5918734	5210.5
1088	104.2	104.2	105.2	1380,187,16,2	111.9	39.4799349	73.5918770	5210.5
1089	65.1	65.1	67.1	1745,657,8,7	111.6	39.4799360	73.5918782	5210.6
1090	111.2	111.2	114.2	280,722,7,10	111.2	39.4799347	73.5918767	5210.5
1091	162.3	160.3	162.3	1680,0,11,5	111.2	39.4799356	73.5918753	5210.5
1092	205.4	205.4	205.4	905,577,8,4	111.2	39.4799359	73.5918746	5210.5
1093	61.1	61.1	61.1	593,833,8,8	111.1	39.4799357	73.5918783	5210.6
1094	75.1	75.1	78.1	1237,17,8,6	110.8	39.4799353	73.5918777	5210.6
1095	146.2	146.2	146.2	553,565,8,6	110.7	39.4799354	73.5918753	5210.5
1096	76.1	76.1	77.1	25,388,6,10	110.6	39.4799349	73.5918779	5210.6
1097	96.2	96.2	96.2	7,297,10,10	110.3	39.4799346	73.5918766	5210.5
1098	78.1	78.1	78.1	739,329,10,6	110.2	39.4799348	73.5918776	5210.6
1099	229.4	229.4	229.4	93,612,9,9	110.0	39.4799365	73.5918737	5210.5
1100	29.0	26.0	29.0	250,1027,7,8	109.9	39.4799351	73.5918789	5210.6
1101	97.2	97.2	97.2	853,107,6,8	109.8	39.4799346	73.5918766	5210.5
1102	65.1	65.1	65.1	1785,9,12,4	109.5	39.4799360	73.5918782	5210.6
1103	138.2	138.2	138.2	189,39,8,6	109.3	39.4799352	73.5918761	5210.5
1104	147.3	147.3	147.3	1893,216,12,6	109.3	39.4799353	73.5918754	5210.5
1105	224.4	224.4	224.4	153,237,8,4	109.1	39.4799367	73.5918733	5210.5
1106	101.2	101.2	101.2	525,961,7,14	109.0	39.4799349	73.5918764	5210.5
1107	228.4	226.4	228.4	1096,884,9,6	109.0	39.4799367	73.5918736	5210.5
1108	109.2	109.2	109.2	151,985,10,8	108.9	39.4799348	73.5918766	5210.5
1109	216.4	216.4	216.4	1051,490,6,7	108.9	39.4799360	73.5918734	5210.5
1110	75.1	75.1	75.1	545,85,8,4	108.7	39.4799353	73.5918777	5210.6
1111	78.1	77.1	78.1	1659,61,12,5	108.5	39.4799348	73.5918776	5210.6
1112	150.3	150.3	150.3	961,479,10,6	108.4	39.4799351	73.5918754	5210.5
1113	116.2	116.2	116.2	359,375,10,6	108.3	39.4799343	73.5918764	5210.5
1114	4.0	4.0	4.0	693,946,9,8	108.2	39.4799251	73.5918812	5210.5
1115	232.4	232.4	232.4	1644,89,10,6	108.1	39.4799371	73.5918734	5210.5
1116	61.1	61.1	61.1	1598,1038,12,3	108.0	39.4799357	73.5918783	5210.6
1117	194.3	194.3	196.3	33,138,5,7	108.0	39.4799353	73.5918747	5210.5
1118	121.2	121.2	121.2	1019,187,11,6	107.8	39.4799349	73.5918758	5210.5
1119	15.0	15.0	15.0	97,0,9,9	107.6	39.4799317	73.5918798	5210.5
1120	11.0	11.0	11.0	1025,881,7,5	107.2	39.4799296	73.5918801	5210.6
1121	29.0	29.0	29.0	1769,89,7,8	107.1	39.4799351	73.5918789	5210.6
1122	29.0	29.0	29.0	459,891,6,8	107.1	39.4799351	73.5918789	5210.6
1123	9.0	9.0	9.0	787,817,7,8	107.0	39.4799285	73.5918805	5210.5
1124	91.2	91.2	91.2	564,1014,8,6	107.0	39.4799350	73.5918766	5210.5
1125	68.1	68.1	68.1	1454,1059,7,6	106.7	39.4799357	73.5918777	5210.6
1126	232.4	232.4	232.4	185,107,8,4	106.5	39.4799371	73.5918734	5210.5
1127	111.2	107.2	111.2	243,479,10,8	106.4	39.4799347	73.5918767	5210.5
1128	26.0	26.0	26.0	1365,103,6,6	106.3	39.4799345	73.5918788	5210.6
1129	54.1	54.1	54.1	385,603,3,14	106.2	39.4799356	73.5918782	5210.6
1130	199.3	199.3	199.3	889,141,7,5	106.2	39.4799353	73.5918748	5210.5
1131	206.4	206.4	206.4	480,26,5,7	106.2	39.4799360	73.5918747	5210.5
1132	28.0	28.0	28.0	1158,0,7,9	105.9	39.4799349	73.5918787	5210.6
1133	183.3	183.3	185.3	229,344,10,5	105.9	39.4799352	73.5918757	5210.5
1134	138.2	138.2	139.2	505,321,7,6	105.6	39.4799352	73.5918761	5210.5
1135	213.4	213.4	214.4	1299,491,7,6	105.5	39.4799359	73.5918734	5210.5
1136	23.0	23.0	23.0	423,119,6,13	105.2	39.4799337	73.5918786	5210.6
1137	108.2	108.2	109.2	1652,219,11,6	105.1	39.4799348	73.5918765	5210.5
1138	107.2	107.2	110.2	273,1021,10,4	104.9	39.4799347	73.5918766	5210.5
1139	164.3	164.3	164.3	1724,208,5,9	104.9	39.4799355	73.5918756	5210.5
1140	140.2	139.2	140.2	89,33,4,10	104.8	39.4799354	73.5918760	5210.5
1141	144.2	140.2	145.2	645,791,5,5	104.8	39.4799356	73.5918757	5210.5
1142	147.3	147.3	151.3	227,731,6,6	104.7	39.4799353	73.5918754	5210.5
1143	107.2	107.2	107.2	685,263,12,3	104.5	39.4799347	73.5918766	5210.5
1144	69.1	69.1	69.1	1865,1061,7,8	104.3	39.4799356	73.5918776	5210.6
1145	9.0	5.0	12.0	439,992,10,7	104.2	39.4799285	73.5918805	5210.5
1146	49.1	49.1	49.1	87,925,6,12	104.1	39.4799363	73.5918783	5210.6
1147	228.4	228.4	228.4	1889,76,3,13	104.1	39.4799367	73.5918736	5210.5
1148	79.1	79.1	79.1	1103,163,18,2	103.8	39.4799348	73.5918774	5210.6
1149	146.2	146.2	146.2	1499,475,6,8	103.8	39.4799354	73.5918753	5210.5
1150	103.2	103.2	103.2	63,139,8,14	103.6	39.4799349	73.5918769	5210.5
1151	104.2	104.2	104.2	1214,305,11,4	103.6	39.4799349	73.5918770	5210.5
1152	21.0	21.0	25.0	1882,37,7,4	103.5	39.4799333	73.5918789	5210.6
1153	55.1	55.1	55.1	1149,27,12,6	103.5	39.4799356	73.5918783	5210.6
1154	3.0	0.0	3.0	41,59,10,9	103.3	39.4799243	73.5918811	5210.5
1155	233.4	233.4	233.4	1213,17,4,8	103.3	39.4799372	73.5918733	5210.5
1156	56.1	56.1	56.1	9,380,7,5	103.1	39.4799356	73.5918784	5210.6
1157	164.3	164.3	164.3	27,503,6,10	103.0	39.4799355	73.5918756	5210.5
1158	96.2	96.2	96.2	429,241,4,8	102.9	39.4799346	73.5918766	5210.5
1159	108.2	108.2	108.2	1371,626,6,5	102.9	39.4799348	73.5918765	5210.5
1160	222.4	222.4	223.4	1897,849,4,8	102.9	39.4799367	73.5918734	5210.5
1161	186.3	186.3	186.3	253,522,5,5	102.8	39.4799356	73.5918752	5210.5
1162	137.2	137.2	137.2	225,209,4,10	102.6	39.4799353	73.5918760	5210.5
1163	101.2	101.2	101.2	421,345,7,9	102.5	39.4799349	73.5918764	5210.5
1164	148.3	148.3	148.3	703,349,18,4	102.5	39.4799352	73.5918755	5210.5
1165	27.0	27.0	28.0	1027,233,10,10	102.4	39.4799348	73.5918787	5210.6
1166	208.4	208.4	209.4	1908,301,5,8	102.3	39.4799363	73.5918745	5210.6
1167	162.3	162.3	164.3	0,331,9,8	101.9	39.4799356	73.5918753	5210.5
1168	185.3	185.3	185.3	46,959,9,5	101.3	39.4799356	73.5918755	5210.5
1169	165.3	165.3	165.3	1745,118,8,7	101.2	39.4799354	73.5918755	5210.5
1170	25.0	25.0	25.0	385,1049,8,4	101.1	39.4799343	73.5918786	5210.6
1171	85.1	81.1	85.1	190,937,7,8	100.9	39.4799355	73.5918771	5210.5
1172	13.0	13.0	13.0	1585,993,6,5	100.8	39.4799307	73.5918799	5210.6
1173	25.0	25.0	25.0	1831,16,8,5	100.8	39.4799343	73.5918786	5210.6
1174	230.4	230.4	235.4	130,599,12,6	100.8	39.4799365	73.5918737	5210.5
1175	0.0	0.0	0.0	669,393,6,8	100.7	39.4799225	73.5918812	5210.5
1176	24.0	24.0	28.0	437,905,4,11	100.4	39.4799339	73.5918785	5210.6
1177	109.2	108.2	109.2	935,961,8,6	100.4	39.4799348	73.5918766	5210.5
1178	0.0	0.0	0.0	1279,457,9,6	100.3	39.4799225	73.5918812	5210.5
1179	198.3	198.3	198.3	105,295,8,5	100.3	39.4799352	73.5918746	5210.5
1180	96.2	96.2	96.2	193,944,6,7	100.0	39.4799346	73.5918766	5210.5
1181	111.2	108.2	114.2	219,673,4,8	100.0	39.4799347	73.5918767	5210.5
1182	7.0	7.0	7.0	863,777,10,4	99.7	39.4799274	73.5918809	5210.5
1183	23.0	23.0	23.0	1510,89,7,6	99.7	39.4799337	73.5918786	5210.6
1184	115.2	115.2	115.2	167,1075,6,5	99.7	39.4799343	73.5918765	5210.5
1185	156.3	156.3	159.3	187,523,8,13	99.7	39.4799353	73.5918750	5210.5
1186	234.4	233.4	234.4	1647,177,6,6	99.7	39.4799376	73.5918734	5210.5
1187	200.3	200.3	200.3	907,480,6,6	99.6	39.4799358	73.5918747	5210.6
1188	232.4	232.4	232.4	69,513,4,10	99.5	39.4799371	73.5918734	5210.5
1189	160.3	160.3	160.3	1845,625,4,8	99.4	39.4799355	73.5918754	5210.5
1190	222.4	222.4	222.4	1550,158,11,6	99.4	39.4799367	73.5918734	5210.5
1191	164.3	160.3	164.3	423,47,3,9	99.3	39.4799355	73.5918756	5210.5
1192	199.3	199.3	199.3	1407,178,6,8	99.1	39.4799353	73.5918748	5210.5
1193	198.3	197.3	198.3	1172,289,9,4	99.0	39.4799352	73.5918746	5210.5
1194	101.2	101.2	101.2	489,487,6,10	98.9	39.4799349	73.5918764	5210.5
1195	184.3	184.3	184.3	95,179,12,8	98.9	39.4799354	73.5918758	5210.5
1196	110.2	110.2	110.2	601,1058,4,11	98.8	39.4799348	73.5918767	5210.5
1197	120.2	120.2	120.2	422,393,5,10	98.7	39.4799345	73.5918758	5210.5
1198	112.2	110.2	112.2	1745,755,16,4	98.6	39.4799346	73.5918765	5210.6
1199	102.2	102.2	102.2	966,193,7,6	98.3	39.4799349	73.5918766	5210.5
1200	150.3	150.3	155.3	1371,497,6,10	98.3	39.4799351	73.5918754	5210.5
1201	158.3	158.3	158.3	1817,89,7,4	98.1	39.4799353	73.5918751	5210.5
1202	119.2	119.2	119.2	94,67,7,6	97.9	39.4799344	73.5918759	5210.5
1203	115.2	115.2	115.2	133,992,6,9	97.7	39.4799343	73.5918765	5210.5
1204	117.2	117.2	117.2	593,985,10,8	97.7	39.4799342	73.5918762	5210.5
1205	135.2	132.2	135.2	85,1001,2,18	97.7	39.4799350	73.5918761	5210.5
1206	141.2	140.2	141.2	643,185,6,6	97.7	39.4799356	73.5918758	5210.5
1207	18.0	18.0	20.0	458,681,7,8	97.6	39.4799326	73.5918792	5210.6
1208	61.1	61.1	61.1	273,8,8,5	97.6	39.4799357	73.5918783	5210.6
1209	19.0	19.0	19.0	797,337,4,12	97.5	39.4799330	73.5918791	5210.6
1210	55.1	55.1	55.1	760,883,9,8	97.3	39.4799356	73.5918783	5210.6
1211	154.3	154.3	154.3	1661,10,4,9	97.3	39.4799352	73.5918752	5210.5
1212	25.0	23.0	27.0	579,352,3,9	97.1	39.4799343	73.5918786	5210.6
1213	134.2	134.2	134.2	1863,359,4,10	96.9	39.4799350	73.5918761	5210.5
1214	2.0	1.0	2.0	640,1069,7,11	96.8	39.4799235	73.5918812	5210.5
1215	7.0	7.0	7.0	1892,874,6,7	96.6	39.4799274	73.5918809	5210.5
1216	139.2	139.2	141.2	690,1029,7,8	96.6	39.4799353	73.5918762	5210.5
1217	94.2	94.2	94.2	145,553,8,4	96.5	39.4799346	73.5918766	5210.5
1218	111.2	111.2	114.2	9,1005,6,4	96.4	39.4799347	73.5918767	5210.5
1219	203.3	203.3	204.3	1488,809,9,4	96.2	39.4799359	73.5918745	5210.5
1220	215.4	212.4	215.4	1401,1071,6,6	96.1	39.4799359	73.5918734	5210.5
1221	115.2	115.2	115.2	1815,1015,6,6	95.9	39.4799343	73.5918765	5210.5
1222	154.3	154.3	154.3	15,170,4,15	95.8	39.4799352	73.5918752	5210.5
1223	15.0	15.0	15.0	1125,0,5,7	95.5	39.4799317	73.5918798	5210.5
1224	27.0	27.0	27.0	569,625,7,12	95.4	39.4799348	73.5918787	5210.6
1225	162.3	162.3	164.3	104,393,7,7	95.3	39.4799356	73.5918753	5210.5
1226	233.4	233.4	233.4	1347,265,6,5	94.8	39.4799372	73.5918733	5210.5
1227	0.0	0.0	0.0	1258,187,13,6	94.7	39.4799225	73.5918812	5210.5
1228	173.3	172.3	173.3	1299,1045,6,6	94.7	39.4799347	73.5918751	5210.5
1229	145.2	145.2	145.2	665,722,3,13	94.5	39.4799355	73.5918754	5210.5
1230	156.3	156.3	156.3	267,21,6,6	94.5	39.4799353	73.5918750	5210.5
1231	121.2	118.2	121.2	623,145,4,12	94.3	39.4799349	73.5918758	5210.5
1232	184.3	184.3	184.3	1913,161,7,4	94.2	39.4799354	73.5918758	5210.5
1233	104.2	104.2	107.2	1577,561,6,6	94.1	39.4799349	73.5918770	5210.5
1234	28.0	25.0	28.0	513,175,6,7	94.0	39.4799349	73.5918787	5210.6
1235	104.2	104.2	108.2	433,711,8,10	94.0	39.4799349	73.5918770	5210.5
1236	142.2	142.2	142.2	753,855,14,2	94.0	39.4799357	73.5918758	5210.5
1237	137.2	137.2	137.2	1751,213,6,6	93.8	39.4799353	73.5918760	5210.5
1238	159.3	156.3	159.3	1846,555,5,6	93.8	39.4799354	73.5918752	5210.5
1239	184.3	184.3	184.3	941,369,2,18	93.6	39.4799354	73.5918758	5210.5
1240	121.2	121.2	121.2	464,307,17,2	93.3	39.4799349	73.5918758	5210.5
1241	17.0	17.0	17.0	1609,1053,8,4	93.2	39.4799325	73.5918795	5210.6
1242	116.2	116.2	116.2	571,275,6,14	93.2	39.4799343	73.5918764	5210.5
1243	12.0	12.0	12.0	1881,159,4,7	92.8	39.4799302	73.5918800	5210.6
1244	19.0	19.0	19.0	320,0,8,3	92.8	39.4799330	73.5918791	5210.6
1245	148.3	148.3	148.3	577,257,8,6	92.6	39.4799352	73.5918755	5210.5
1246	20.0	20.0	20.0	1470,249,3,12	92.4	39.4799332	73.5918791	5210.6
1247	143.2	141.2	143.2	341,153,4,12	92.4	39.4799356	73.5918757	5210.5
1248	102.2	102.2	102.2	9,617,4,8	92.2	39.4799349	73.5918766	5210.5
1249	114.2	114.2	114.2	1173,369,8,4	92.2	39.4799344	73.5918764	5210.5
1250	146.2	146.2	146.2	661,883,8,8	92.1	39.4799354	73.5918753	5210.5
1251	150.3	148.3	156.3	1793,341,4,8	91.8	39.4799351	73.5918754	5210.5
1252	103.2	103.2	103.2	225,765,8,4	91.6	39.4799349	73.5918769	5210.5
1253	16.0	16.0	16.0	19,260,5,7	91.5	39.4799321	73.5918796	5210.6
1254	26.0	26.0	26.0	1571,33,6,4	91.5	39.4799345	73.5918788	5210.6
1255	3.0	1.0	4.0	684,542,6,6	91.4	39.4799243	73.5918811	5210.5
1256	17.0	17.0	17.0	1269,151,12,6	91.3	39.4799325	73.5918795	5210.6
1257	21.0	21.0	21.0	537,953,8,6	91.3	39.4799333	73.5918789	5210.6
1258	123.2	123.2	123.2	1049,241,8,4	91.3	39.4799349	73.5918758	5210.5
1259	16.0	16.0	16.0	1049,25,8,4	91.1	39.4799321	73.5918796	5210.6
1260	151.3	151.3	151.3	275,183,4,7	91.0	39.4799350	73.5918757	5210.5
1261	135.2	135.2	135.2	193,1055,4,13	90.9	39.4799350	73.5918761	5210.5
1262	208.4	206.4	208.4	732,505,5,8	90.9	39.4799363	73.5918745	5210.6
1263	56.1	56.1	56.1	1805,905,4,16	90.8	39.4799356	73.5918784	5210.6
1264	150.3	150.3	150.3	1813,703,6,6	90.7	39.4799351	73.5918754	5210.5
1265	54.1	54.1	54.1	1195,878,16,3	90.6	39.4799356	73.5918782	5210.6
1266	229.4	229.4	229.4	36,683,6,8	90.6	39.4799365	73.5918737	5210.5
1267	153.3	153.3	153.3	834,314,15,3	90.5	39.4799351	73.5918754	5210.5
1268	2.0	2.0	2.0	353,442,5,8	90.4	39.4799235	73.5918812	5210.5
1269	146.2	146.2	146.2	269,882,4,7	90.4	39.4799354	73.5918753	5210.5
1270	103.2	103.2	103.2	1649,41,12,2	90.1	39.4799349	73.5918769	5210.5
1271	12.0	12.0	14.0	261,58,8,11	90.0	39.4799302	73.5918800	5210.6
1272	108.2	108.2	108.2	1177,1004,8,5	89.4	39.4799348	73.5918765	5210.5
1273	229.4	228.4	229.4	1888,410,5,7	89.4	39.4799365	73.5918737	5210.5
1274	119.2	119.2	119.2	205,985,2,12	89.1	39.4799344	73.5918759	5210.5
1275	91.2	91.2	91.2	212,965,5,9	89.0	39.4799350	73.5918766	5210.5
1276	159.3	155.3	159.3	599,15,2,14	89.0	39.4799354	73.5918752	5210.5
1277	20.0	20.0	20.0	649,87,8,4	88.8	39.4799332	73.5918791	5210.6
1278	24.0	24.0	25.0	289,5,4,11	88.8	39.4799339	73.5918785	5210.6
1279	154.3	149.3	160.3	191,134,6,5	88.6	39.4799352	73.5918752	5210.5
1280	81.1	81.1	84.1	238,1071,6,9	88.5	39.4799348	73.5918773	5210.6
1281	199.3	199.3	199.3	800,39,5,6	88.4	39.4799353	73.5918748	5210.5
1282	232.4	232.4	232.4	1773,649,4,10	88.3	39.4799371	73.5918734	5210.5
1283	140.2	140.2	140.2	409,955,8,4	88.2	39.4799354	73.5918760	5210.5
1284	148.3	148.3	152.3	1009,569,10,8	88.2	39.4799352	73.5918755	5210.5
1285	193.3	193.3	193.3	1529,993,8,4	88.2	39.4799353	73.5918746	5210.5
1286	200.3	200.3	200.3	1217,389,8,4	88.2	39.4799358	73.5918747	5210.6
1287	143.2	140.2	143.2	33,0,8,4	88.1	39.4799356	73.5918757	5210.5
1288	15.0	15.0	15.0	1883,109,4,10	87.9	39.4799317	73.5918798	5210.5
1289	17.0	17.0	17.0	1144,158,9,3	87.8	39.4799325	73.5918795	5210.6
1290	88.2	88.2	88.2	1910,949,5,8	87.5	39.4799354	73.5918770	5210.6
1291	163.3	163.3	163.3	0,43,5,6	87.4	39.4799356	73.5918756	5210.5
1292	185.3	185.3	185.3	153,41,10,4	87.4	39.4799356	73.5918755	5210.5
1293	202.3	202.3	202.3	995,1059,6,4	87.3	39.4799358	73.5918745	5210.5
1294	17.0	17.0	17.0	871,48,10,5	87.2	39.4799325	73.5918795	5210.6
1295	102.2	102.2	102.2	21,53,8,10	87.2	39.4799349	73.5918766	5210.5
1296	142.2	142.2	142.2	778,925,7,6	87.2	39.4799357	73.5918758	5210.5
1297	113.2	113.2	113.2	298,87,8,7	87.1	39.4799345	73.5918764	5210.6
1298	148.3	148.3	148.3	953,917,8,4	87.0	39.4799352	73.5918755	5210.5
1299	9.0	9.0	9.0	1185,1043,6,5	86.7	39.4799285	73.5918805	5210.5
1300	100.2	100.2	100.2	559,779,6,10	86.7	39.4799349	73.5918765	5210.5
1301	29.0	29.0	29.0	1851,234,8,5	86.6	39.4799351	73.5918789	5210.6
1302	179.3	179.3	179.3	111,913,6,9	86.6	39.4799349	73.5918755	5210.5
1303	232.4	232.4	235.4	1733,753,5,11	86.6	39.4799371	73.5918734	5210.5
1304	119.2	119.2	119.2	13,1003,5,6	86.3	39.4799344	73.5918759	5210.5
1305	189.3	188.3	189.3	1857,29,8,8	86.2	39.4799354	73.5918746	5210.5
1306	15.0	14.0	15.0	1869,233,4,6	85.9	39.4799317	73.5918798	5210.5
1307	234.4	234.4	234.4	1825,583,8,4	85.9	39.4799376	73.5918734	5210.5
1308	84.1	79.1	85.1	1471,483,6,8	85.8	39.4799351	73.5918773	5210.5
1309	161.3	161.3	161.3	1811,81,4,8	85.8	39.4799355	73.5918753	5210.5
1310	145.2	145.2	145.2	737,40,5,9	85.7	39.4799355	73.5918754	5210.5
1311	4.0	4.0	5.0	277,886,4,9	85.5	39.4799251	73.5918812	5210.5
1312	156.3	156.3	156.3	656,63,9,4	85.5	39.4799353	73.5918750	5210.5
1313	83.1	83.1	83.1	855,482,8,7	85.3	39.4799350	73.5918773	5210.6
1314	87.1	83.1	87.1	581,550,9,3	85.2	39.4799355	73.5918771	5210.6
1315	164.3	164.3	164.3	1645,165,12,4	85.2	39.4799355	73.5918756	5210.5
1316	75.1	75.1	75.1	1316,499,8,4	85.0	39.4799353	73.5918777	5210.6
1317	12.0	12.0	12.0	1270,86,11,3	84.9	39.4799302	73.5918800	5210.6
1318	95.2	95.2	95.2	1801,31,8,4	84.8	39.4799346	73.5918767	5210.5
1319	107.2	107.2	107.2	54,813,11,4	84.7	39.4799347	73.5918766	5210.5
1320	96.2	96.2	96.2	653,74,4,7	84.6	39.4799346	73.5918766	5210.5
1321	138.2	138.2	138.2	698,429,7,5	84.6	39.4799352	73.5918761	5210.5
1322	175.3	173.3	175.3	945,421,8,6	84.6	39.4799349	73.5918753	5210.5
1323	219.4	217.4	219.4	147,384,6,5	84.6	39.4799359	73.5918735	5210.5
1324	150.3	150.3	151.3	961,608,8,5	84.5	39.4799351	73.5918754	5210.5
1325	173.3	172.3	178.3	240,969,5,6	84.5	39.4799347	73.5918751	5210.5
1326	86.1	79.1	87.1	254,602,7,7	84.4	39.4799356	73.5918771	5210.6
1327	109.2	109.2	109.2	763,869,7,4	84.4	39.4799348	73.5918766	5210.5
1328	140.2	140.2	140.2	1057,904,10,5	84.4	39.4799354	73.5918760	5210.5
1329	178.3	178.3	178.3	382,729,5,8	84.3	39.4799350	73.5918758	5210.5
1330	80.1	80.1	82.1	289,1012,10,5	84.2	39.4799348	73.5918772	5210.6
1331	115.2	115.2	115.2	1585,545,5,5	84.2	39.4799343	73.5918765	5210.5
1332	155.3	155.3	158.3	709,481,6,8	84.2	39.4799354	73.5918750	5210.5
1333	80.1	80.1	80.1	968,223,11,4	84.1	39.4799348	73.5918772	5210.6
1334	146.2	146.2	146.2	209,7,6,6	84.0	39.4799354	73.5918753	5210.5
1335	14.0	14.0	14.0	73,769,8,3	83.9	39.4799313	73.5918799	5210.6
1336	164.3	164.3	164.3	101,163,4,9	83.8	39.4799355	73.5918756	5210.5
1337	184.3	181.3	184.3	122,877,7,8	83.8	39.4799354	73.5918758	5210.5
1338	209.4	207.4	209.4	1691,58,6,7	83.8	39.4799362	73.5918743	5210.5
1339	81.1	81.1	85.1	942,365,5,7	83.7	39.4799348	73.5918773	5210.6
1340	109.2	107.2	113.2	1098,507,5,8	83.6	39.4799348	73.5918766	5210.5
1341	149.3	149.3	149.3	1833,273,4,8	83.6	39.4799351	73.5918754	5210.5
1342	81.1	81.1	81.1	1769,501,8,7	83.4	39.4799348	73.5918773	5210.6
1343	86.1	81.1	88.2	251,887,5,6	83.3	39.4799356	73.5918771	5210.6
1344	179.3	179.3	179.3	1329,171,8,6	83.3	39.4799349	73.5918755	5210.5
1345	100.2	100.2	100.2	1203,489,6,7	83.1	39.4799349	73.5918765	5210.5
1346	200.3	200.3	200.3	1915,299,5,5	82.8	39.4799358	73.5918747	5210.6
1347	16.0	16.0	16.0	193,919,8,6	82.6	39.4799321	73.5918796	5210.6
1348	29.0	29.0	29.0	1389,565,6,4	82.5	39.4799351	73.5918789	5210.6
1349	119.2	118.2	119.2	257,507,4,10	82.3	39.4799344	73.5918759	5210.5
1350	122.2	122.2	122.2	1031,755,5,6	82.1	39.4799348	73.5918757	5210.5
1351	89.2	89.2	91.2	1138,705,7,6	81.9	39.4799352	73.5918768	5210.6
1352	116.2	116.2	119.2	573,667,8,6	81.9	39.4799343	73.5918764	5210.5
1353	115.2	115.2	115.2	41,1055,16,6	81.8	39.4799343	73.5918765	5210.5
1354	134.2	134.2	134.2	1276,718,5,5	81.8	39.4799350	73.5918761	5210.5
1355	143.2	139.2	143.2	1353,553,4,8	81.7	39.4799356	73.5918757	5210.5
1356	161.3	161.3	161.3	161,65,4,6	81.6	39.4799355	73.5918753	5210.5
1357	162.3	162.3	162.3	59,15,8,9	81.3	39.4799356	73.5918753	5210.5
1358	186.3	186.3	186.3	929,111,3,9	81.3	39.4799356	73.5918752	5210.5
1359	99.2	99.2	99.2	921,137,2,14	81.2	39.4799348	73.5918765	5210.5
1360	78.1	78.1	78.1	351,213,10,4	81.0	39.4799348	73.5918776	5210.6
1361	146.2	146.2	146.2	1261,403,9,4	81.0	39.4799354	73.5918753	5210.5
1362	178.3	176.3	178.3	378,1060,5,8	81.0	39.4799350	73.5918758	5210.5
1363	132.2	132.2	132.2	259,733,5,5	80.9	39.4799350	73.5918760	5210.5
1364	12.0	12.0	12.0	325,124,4,8	80.8	39.4799302	73.5918800	5210.6
1365	18.0	18.0	18.0	818,27,11,2	80.8	39.4799326	73.5918792	5210.6
1366	116.2	116.2	116.2	477,794,4,7	80.7	39.4799343	73.5918764	5210.5
1367	130.2	130.2	130.2	1117,82,5,7	80.7	39.4799351	73.5918755	5210.5
1368	147.3	147.3	147.3	793,699,8,4	80.7	39.4799353	73.5918754	5210.5
1369	116.2	116.2	116.2	149,80,8,14	80.6	39.4799343	73.5918764	5210.5
1370	87.1	87.1	87.1	326,781,5,8	80.5	39.4799355	73.5918771	5210.6
1371	143.2	143.2	143.2	555,113,6,8	80.4	39.4799356	73.5918757	5210.5
1372	213.4	213.4	213.4	1269,417,8,4	80.4	39.4799359	73.5918734	5210.5
1373	180.3	180.3	180.3	81,49,5,5	80.3	39.4799350	73.5918753	5210.5
1374	223.4	223.4	223.4	21,553,5,6	80.3	39.4799367	73.5918733	5210.5
1375	203.3	203.3	203.3	402,341,7,4	80.2	39.4799359	73.5918745	5210.5
1376	227.4	227.4	227.4	1865,51,6,6	79.8	39.4799369	73.5918736	5210.5
1377	233.4	233.4	233.4	1626,633,7,8	79.7	39.4799372	73.5918733	5210.5
1378	15.0	15.0	15.0	1909,360,4,9	79.2	39.4799317	73.5918798	5210.5
1379	183.3	181.3	184.3	327,373,4,7	78.8	39.4799352	73.5918757	5210.5
1380	90.2	90.2	92.2	293,1053,7,4	78.6	39.4799351	73.5918765	5210.5
1381	147.3	147.3	147.3	659,121,4,10	78.5	39.4799353	73.5918754	5210.5
1382	186.3	186.3	186.3	1361,351,4,6	78.4	39.4799356	73.5918752	5210.5
1383	210.4	210.4	210.4	977,889,6,8	78.4	39.4799361	73.5918740	5210.5
1384	208.4	208.4	210.4	1783,3,5,6	77.9	39.4799363	73.5918745	5210.6
1385	81.1	81.1	81.1	1473,391,6,4	77.8	39.4799348	73.5918773	5210.6
1386	134.2	134.2	134.2	785,684,8,3	77.8	39.4799350	73.5918761	5210.5
1387	14.0	12.0	14.0	225,649,4,8	77.5	39.4799313	73.5918799	5210.6
1388	136.2	136.2	136.2	1402,921,5,8	77.5	39.4799350	73.5918760	5210.5
1389	147.3	147.3	147.3	1839,154,6,7	77.5	39.4799353	73.5918754	5210.5
1390	28.0	28.0	28.0	1310,81,15,4	77.3	39.4799349	73.5918787	5210.6
1391	148.3	148.3	148.3	965,513,4,7	77.3	39.4799352	73.5918755	5210.5
1392	122.2	122.2	123.2	523,468,5,5	77.2	39.4799348	73.5918757	5210.5
1393	90.2	89.2	90.2	1508,65,5,6	77.1	39.4799351	73.5918765	5210.5
1394	145.2	145.2	145.2	57,769,6,4	77.1	39.4799355	73.5918754	5210.5
1395	154.3	154.3	154.3	81,23,8,8	77.1	39.4799352	73.5918752	5210.5
1396	222.4	222.4	222.4	641,345,6,4	77.0	39.4799367	73.5918734	5210.5
1397	148.3	148.3	148.3	49,80,6,5	76.9	39.4799352	73.5918755	5210.5
1398	145.2	145.2	145.2	492,521,5,6	76.8	39.4799355	73.5918754	5210.5
1399	143.2	143.2	143.2	1297,477,2,11	76.7	39.4799356	73.5918757	5210.5
1400	159.3	159.3	159.3	814,397,6,8	76.5	39.4799354	73.5918752	5210.5
1401	164.3	164.3	164.3	46,427,3,14	76.5	39.4799355	73.5918756	5210.5
1402	204.3	204.3	204.3	26,1011,5,4	76.0	39.4799360	73.5918745	5210.5
1403	152.3	152.3	152.3	349,27,4,6	75.7	39.4799351	73.5918755	5210.5
1404	145.2	145.2	145.2	1219,251,6,4	75.3	39.4799355	73.5918754	5210.5
1405	193.3	193.3	193.3	1194,949,5,6	75.3	39.4799353	73.5918746	5210.5
1406	88.2	83.1	88.2	590,789,7,5	75.2	39.4799354	73.5918770	5210.6
1407	194.3	194.3	194.3	361,198,8,3	75.2	39.4799353	73.5918747	5210.5
1408	234.4	234.4	235.4	1509,113,4,6	75.2	39.4799376	73.5918734	5210.5
1409	113.2	110.2	113.2	385,519,12,2	75.0	39.4799345	73.5918764	5210.6
1410	148.3	148.3	148.3	253,35,4,6	75.0	39.4799352	73.5918755	5210.5
1411	144.2	144.2	144.2	905,129,5,6	74.9	39.4799356	73.5918757	5210.5
1412	187.3	187.3	187.3	1476,1034,9,3	74.9	39.4799355	73.5918750	5210.5
1413	107.2	107.2	107.2	125,967,12,2	74.8	39.4799347	73.5918766	5210.5
1414	10.0	10.0	14.0	1059,705,11,6	74.7	39.4799292	73.5918805	5210.6
1415	145.2	145.2	145.2	658,903,7,6	74.5	39.4799355	73.5918754	5210.5
1416	193.3	193.3	193.3	1857,621,8,8	74.4	39.4799353	73.5918746	5210.5
1417	194.3	194.3	194.3	1281,0,8,3	74.4	39.4799353	73.5918747	5210.5
1418	112.2	112.2	113.2	1017,73,7,6	74.3	39.4799346	73.5918765	5210.6
1419	18.0	18.0	18.0	1225,121,10,2	74.2	39.4799326	73.5918792	5210.6
1420	185.3	185.3	185.3	1369,255,2,12	74.2	39.4799356	73.5918755	5210.5
1421	12.0	12.0	12.0	1566,47,6,8	73.9	39.4799302	73.5918800	5210.6
1422	17.0	17.0	17.0	160,874,9,4	73.9	39.4799325	73.5918795	5210.6
1423	24.0	24.0	24.0	1627,73,8,4	73.7	39.4799339	73.5918785	5210.6
1424	159.3	159.3	160.3	1761,141,7,4	73.6	39.4799354	73.5918752	5210.5
1425	130.2	130.2	130.2	1195,795,6,7	73.3	39.4799351	73.5918755	5210.5
1426	212.4	212.4	212.4	1115,444,6,5	73.3	39.4799359	73.5918735	5210.5
1427	107.2	106.2	107.2	393,485,7,4	73.2	39.4799347	73.5918766	5210.5
1428	155.3	155.3	155.3	921,332,6,5	73.1	39.4799354	73.5918750	5210.5
1429	208.4	208.4	209.4	1884,129,7,5	73.1	39.4799363	73.5918745	5210.6
1430	216.4	216.4	216.4	998,535,11,2	73.1	39.4799360	73.5918734	5210.5
1431	138.2	138.2	138.2	1099,575,6,6	72.9	39.4799352	73.5918761	5210.5
1432	140.2	140.2	140.2	533,798,7,3	72.8	39.4799354	73.5918760	5210.5
1433	161.3	161.3	161.3	13,959,8,7	72.7	39.4799355	73.5918753	5210.5
1434	0.0	0.0	2.0	639,580,5,6	72.5	39.4799225	73.5918812	5210.5
1435	115.2	115.2	115.2	622,681,3,14	72.2	39.4799343	73.5918765	5210.5
1436	153.3	153.3	153.3	481,11,7,4	72.1	39.4799351	73.5918754	5210.5
1437	113.2	113.2	113.2	1068,1033,4,8	71.7	39.4799345	73.5918764	5210.6
1438	162.3	162.3	162.3	687,121,6,6	71.7	39.4799356	73.5918753	5210.5
1439	232.4	232.4	232.4	1737,593,6,8	71.5	39.4799371	73.5918734	5210.5
1440	89.2	89.2	89.2	1241,0,8,3	71.3	39.4799352	73.5918768	5210.6
1441	0.0	0.0	0.0	1593,375,8,5	71.2	39.4799225	73.5918812	5210.5
1442	112.2	112.2	113.2	433,845,2,12	71.1	39.4799346	73.5918765	5210.6
1443	28.0	28.0	28.0	935,247,5,4	71.0	39.4799349	73.5918787	5210.6
1444	91.2	91.2	92.2	459,609,6,8	71.0	39.4799350	73.5918766	5210.5
1445	99.2	99.2	99.2	449,75,4,6	71.0	39.4799348	73.5918765	5210.5
1446	106.2	106.2	106.2	1138,143,9,4	70.8	39.4799347	73.5918768	5210.6
1447	0.0	0.0	0.0	1026,401,6,8	70.6	39.4799225	73.5918812	5210.5
1448	227.4	227.4	227.4	5,617,4,8	70.3	39.4799369	73.5918736	5210.5
1449	107.2	107.2	110.2	573,857,12,2	69.9	39.4799347	73.5918766	5210.5
1450	0.0	0.0	0.0	57,955,8,6	69.7	39.4799225	73.5918812	5210.5
1451	9.0	9.0	9.0	51,769,2,14	69.6	39.4799285	73.5918805	5210.5
1452	233.4	233.4	233.4	1635,737,6,4	69.6	39.4799372	73.5918733	5210.5
1453	89.2	89.2	89.2	370,874,4,8	69.5	39.4799352	73.5918768	5210.6
1454	136.2	136.2	136.2	253,853,4,6	69.4	39.4799350	73.5918760	5210.5
1455	90.2	90.2	90.2	1325,865,5,5	68.9	39.4799351	73.5918765	5210.5
1456	160.3	160.3	160.3	1409,401,6,4	68.8	39.4799355	73.5918754	5210.5
1457	137.2	137.2	137.2	548,492,4,5	68.6	39.4799353	73.5918760	5210.5
1458	145.2	145.2	145.2	0,1067,4,6	68.5	39.4799355	73.5918754	5210.5
1459	118.2	118.2	118.2	1499,393,6,4	68.4	39.4799343	73.5918761	5210.5
1460	206.4	206.4	206.4	29,1073,4,7	68.4	39.4799360	73.5918747	5210.5
1461	146.2	146.2	146.2	1107,202,6,7	68.0	39.4799354	73.5918753	5210.5
1462	193.3	193.3	193.3	1769,425,8,4	67.9	39.4799353	73.5918746	5210.5
1463	86.1	85.1	88.2	1916,891,4,6	67.8	39.4799356	73.5918771	5210.6
1464	151.3	151.3	151.3	1560,28,5,6	67.8	39.4799350	73.5918757	5210.5
1465	1.0	1.0	2.0	493,959,4,6	67.7	39.4799229	73.5918814	5210.5
1466	107.2	107.2	107.2	17,961,8,8	67.7	39.4799347	73.5918766	5210.5
1467	194.3	194.3	194.3	297,177,4,8	67.7	39.4799353	73.5918747	5210.5
1468	162.3	162.3	162.3	1891,41,10,4	67.4	39.4799356	73.5918753	5210.5
1469	186.3	186.3	186.3	953,641,10,4	67.4	39.4799356	73.5918752	5210.5
1470	118.2	118.2	118.2	253,1057,4,12	67.3	39.4799343	73.5918761	5210.5
1471	219.4	219.4	219.4	251,217,6,4	67.0	39.4799359	73.5918735	5210.5
1472	2.0	2.0	2.0	693,1028,6,5	66.9	39.4799235	73.5918812	5210.5
1473	223.4	223.4	223.4	1737,219,5,8	66.9	39.4799367	73.5918733	5210.5
1474	87.1	87.1	87.1	29,799,12,3	66.7	39.4799355	73.5918771	5210.6
1475	187.3	187.3	187.3	48,801,6,5	66.6	39.4799355	73.5918750	5210.5
1476	160.3	160.3	160.3	1853,404,4,5	66.5	39.4799355	73.5918754	5210.5
1477	151.3	151.3	154.3	1431,68,5,5	66.3	39.4799350	73.5918757	5210.5
1478	232.4	232.4	232.4	937,383,4,6	66.3	39.4799371	73.5918734	5210.5
1479	7.0	7.0	7.0	91,189,6,4	65.4	39.4799274	73.5918809	5210.5
1480	178.3	178.3	178.3	79,893,6,4	65.4	39.4799350	73.5918758	5210.5
1481	186.3	186.3	186.3	1512,409,9,4	65.3	39.4799356	73.5918752	5210.5
1482	90.2	90.2	90.2	369,1016,4,5	64.9	39.4799351	73.5918765	5210.5
1483	201.3	201.3	201.3	1233,529,8,3	64.9	39.4799358	73.5918745	5210.6
1484	88.2	88.2	88.2	1235,1060,7,3	64.5	39.4799354	73.5918770	5210.6
1485	138.2	138.2	138.2	57,269,5,4	64.4	39.4799352	73.5918761	5210.5
1486	171.3	169.3	171.3	1305,369,8,4	64.4	39.4799347	73.5918750	5210.5
1487	27.0	27.0	27.0	711,105,4,8	64.1	39.4799348	73.5918787	5210.6
1488	155.3	155.3	157.3	1073,530,7,4	63.7	39.4799354	73.5918750	5210.5
1489	77.1	77.1	77.1	532,234,9,3	63.6	39.4799349	73.5918778	5210.6
1490	157.3	157.3	157.3	1907,59,6,8	63.4	39.4799353	73.5918751	5210.5
1491	158.3	158.3	158.3	205,27,4,7	63.3	39.4799353	73.5918751	5210.5
1492	217.4	217.4	217.4	1457,37,5,4	63.3	39.4799359	73.5918736	5210.5
1493	89.2	89.2	89.2	1337,155,8,6	63.1	39.4799352	73.5918768	5210.6
1494	159.3	159.3	159.3	427,11,4,4	63.1	39.4799354	73.5918752	5210.5
1495	28.0	28.0	28.0	529,553,3,8	62.9	39.4799349	73.5918787	5210.6
1496	138.2	138.2	138.2	131,385,4,8	62.7	39.4799352	73.5918761	5210.5
1497	146.2	146.2	146.2	361,384,2,9	62.4	39.4799354	73.5918753	5210.5
1498	28.0	28.0	28.0	1733,397,6,4	62.3	39.4799349	73.5918787	5210.6
1499	155.3	155.3	155.3	535,33,2,10	62.2	39.4799354	73.5918750	5210.5
1500	218.4	218.4	218.4	219,1057,6,4	62.2	39.4799359	73.5918736	5210.5
1501	84.1	80.1	86.1	1245,366,10,4	62.0	39.4799351	73.5918773	5210.5
1502	138.2	138.2	138.2	1857,313,2,9	61.8	39.4799352	73.5918761	5210.5
1503	139.2	139.2	139.2	1737,1065,8,4	61.8	39.4799353	73.5918762	5210.5
1504	180.3	180.3	180.3	250,785,5,8	61.8	39.4799350	73.5918753	5210.5
1505	168.3	167.3	169.3	1349,761,4,6	61.3	39.4799348	73.5918751	5210.5
1506	205.4	205.4	205.4	1702,97,6,3	61.2	39.4799359	73.5918746	5210.5
1507	144.2	144.2	144.2	955,238,6,3	61.1	39.4799356	73.5918757	5210.5
1508	176.3	173.3	178.3	1353,553,8,4	61.1	39.4799349	73.5918753	5210.5
1509	208.4	207.4	208.4	719,583,4,5	61.1	39.4799363	73.5918745	5210.6
1510	180.3	180.3	180.3	1227,801,2,8	60.9	39.4799350	73.5918753	5210.5
1511	7.0	7.0	7.0	417,629,8,4	60.7	39.4799274	73.5918809	5210.5
1512	138.2	138.2	138.2	1605,1050,4,5	60.4	39.4799352	73.5918761	5210.5
1513	90.2	90.2	90.2	1385,385,6,4	60.3	39.4799351	73.5918765	5210.5
1514	77.1	77.1	77.1	375,429,8,8	60.1	39.4799349	73.5918778	5210.6
1515	138.2	138.2	138.2	1342,9,6,4	59.9	39.4799352	73.5918761	5210.5
1516	91.2	91.2	91.2	473,481,5,6	59.8	39.4799350	73.5918766	5210.5
1517	146.2	146.2	146.2	1663,829,8,4	59.8	39.4799354	73.5918753	5210.5
1518	187.3	187.3	187.3	1274,1051,3,7	59.8	39.4799355	73.5918750	5210.5
1519	234.4	234.4	234.4	1375,257,6,4	59.6	39.4799376	73.5918734	5210.5
1520	123.2	123.2	123.2	1169,0,5,4	59.5	39.4799349	73.5918758	5210.5
1521	67.1	67.1	67.1	1489,849,4,4	59.4	39.4799358	73.5918777	5210.6
1522	113.2	113.2	113.2	349,735,4,9	59.4	39.4799345	73.5918764	5210.6
1523	139.2	139.2	139.2	25,521,3,8	59.4	39.4799353	73.5918762	5210.5
1524	156.3	156.3	156.3	613,449,4,5	58.8	39.4799353	73.5918750	5210.5
1525	186.3	186.3	186.3	21,445,6,4	58.8	39.4799356	73.5918752	5210.5
1526	218.4	218.4	218.4	1313,325,7,4	58.8	39.4799359	73.5918736	5210.5
1527	199.3	199.3	199.3	1313,121,8,2	58.3	39.4799353	73.5918748	5210.5
1528	132.2	132.2	132.2	1617,765,4,4	58.2	39.4799350	73.5918760	5210.5
1529	209.4	209.4	209.4	1613,0,9,3	58.1	39.4799362	73.5918743	5210.5
1530	186.3	186.3	186.3	783,353,4,8	58.0	39.4799356	73.5918752	5210.5
1531	179.3	179.3	179.3	1295,27,6,4	57.8	39.4799349	73.5918755	5210.5
1532	136.2	136.2	136.2	187,796,4,5	57.7	39.4799350	73.5918760	5210.5
1533	154.3	152.3	154.3	1873,848,2,9	57.7	39.4799352	73.5918752	5210.5
1534	187.3	187.3	187.3	1079,913,4,6	57.6	39.4799355	73.5918750	5210.5
1535	175.3	175.3	175.3	1766,1001,5,6	57.3	39.4799349	73.5918753	5210.5
1536	147.3	147.3	147.3	313,112,4,5	57.1	39.4799353	73.5918754	5210.5
1537	86.1	86.1	88.2	698,702,7,3	57.0	39.4799356	73.5918771	5210.6
1538	154.3	154.3	155.3	585,67,8,2	57.0	39.4799352	73.5918752	5210.5
1539	186.3	186.3	186.3	1305,533,4,8	57.0	39.4799356	73.5918752	5210.5
1540	107.2	107.2	108.2	1413,1017,4,5	56.9	39.4799347	73.5918766	5210.5
1541	107.2	107.2	107.2	1353,127,8,2	56.8	39.4799347	73.5918766	5210.5
1542	222.4	222.4	222.4	1865,623,6,4	56.7	39.4799367	73.5918734	5210.5
1543	147.3	147.3	147.3	134,11,3,6	56.6	39.4799353	73.5918754	5210.5
1544	106.2	106.2	106.2	417,879,8,2	56.3	39.4799347	73.5918768	5210.6
1545	170.3	170.3	170.3	1478,649,3,8	56.3	39.4799347	73.5918749	5210.5
1546	156.3	156.3	156.3	741,634,5,3	56.2	39.4799353	73.5918750	5210.5
1547	169.3	167.3	169.3	19,565,4,5	56.2	39.4799347	73.5918749	5210.5
1548	85.1	85.1	85.1	1681,62,3,7	55.8	39.4799355	73.5918771	5210.5
1549	147.3	147.3	147.3	741,785,4,4	55.8	39.4799353	73.5918754	5210.5
1550	122.2	122.2	122.2	928,727,9,2	55.5	39.4799348	73.5918757	5210.5
1551	106.2	106.2	106.2	708,250,3,7	55.4	39.4799347	73.5918768	5210.6
1552	185.3	185.3	185.3	189,3,4,4	55.3	39.4799356	73.5918755	5210.5
1553	144.2	144.2	144.2	1870,1030,5,3	55.2	39.4799356	73.5918757	5210.5
1554	87.1	84.1	87.1	301,561,4,5	55.0	39.4799355	73.5918771	5210.6
1555	180.3	180.3	180.3	1227,481,6,4	55.0	39.4799350	73.5918753	5210.5
1556	172.3	169.3	173.3	1249,223,10,2	54.8	39.4799347	73.5918750	5210.5
1557	141.2	141.2	141.2	845,721,4,6	54.4	39.4799356	73.5918758	5210.5
1558	176.3	176.3	176.3	897,945,8,2	54.4	39.4799349	73.5918753	5210.5
1559	199.3	199.3	199.3	1258,336,3,5	54.2	39.4799353	73.5918748	5210.5
1560	79.1	79.1	79.1	334,961,3,8	54.0	39.4799348	73.5918774	5210.6
1561	88.2	88.2	88.2	1547,177,6,3	54.0	39.4799354	73.5918770	5210.6
1562	108.2	108.2	108.2	1127,1051,6,4	54.0	39.4799348	73.5918765	5210.5
1563	175.3	173.3	175.3	1161,445,4,4	54.0	39.4799349	73.5918753	5210.5
1564	212.4	212.4	212.4	1054,491,3,6	54.0	39.4799359	73.5918735	5210.5
1565	235.4	235.4	235.4	1103,5,10,4	54.0	39.4799375	73.5918734	5210.5
1566	206.4	206.4	206.4	155,1027,4,4	53.8	39.4799360	73.5918747	5210.5
1567	106.2	106.2	106.2	65,905,8,2	53.6	39.4799347	73.5918768	5210.6
1568	140.2	140.2	140.2	505,621,8,4	52.9	39.4799354	73.5918760	5210.5
1569	217.4	217.4	217.4	841,47,7,2	52.9	39.4799359	73.5918736	5210.5
1570	77.1	77.1	77.1	633,793,2,8	52.8	39.4799349	73.5918778	5210.6
1571	80.1	80.1	80.1	418,545,9,4	52.8	39.4799348	73.5918772	5210.6
1572	87.1	87.1	87.1	1185,222,8,3	52.8	39.4799355	73.5918771	5210.6
1573	122.2	122.2	122.2	1089,996,4,5	52.8	39.4799348	73.5918757	5210.5
1574	186.3	186.3	186.3	870,41,3,8	52.7	39.4799356	73.5918752	5210.5
1575	181.3	181.3	181.3	369,701,4,4	52.4	39.4799350	73.5918754	5210.5
1576	144.2	144.2	144.2	100,9,4,4	52.3	39.4799356	73.5918757	5210.5
1577	214.4	214.4	214.4	1915,353,5,6	52.3	39.4799360	73.5918733	5210.5
1578	136.2	136.2	136.2	557,31,5,4	52.2	39.4799350	73.5918760	5210.5
1579	139.2	139.2	139.2	1857,877,9,2	52.2	39.4799353	73.5918762	5210.5
1580	158.3	158.3	158.3	953,89,8,2	52.2	39.4799353	73.5918751	5210.5
1581	169.3	167.3	169.3	1247,410,4,7	51.8	39.4799347	73.5918749	5210.5
1582	180.3	180.3	180.3	1871,569,3,6	51.8	39.4799350	73.5918753	5210.5
1583	155.3	155.3	155.3	1183,433,2,8	51.7	39.4799354	73.5918750	5210.5
1584	144.2	144.2	144.2	231,369,2,8	51.6	39.4799356	73.5918757	5210.5
1585	144.2	144.2	144.2	39,955,4,4	51.6	39.4799356	73.5918757	5210.5
1586	114.2	114.2	114.2	170,271,6,3	51.5	39.4799344	73.5918764	5210.5
1587	187.3	187.3	187.3	601,999,8,4	51.3	39.4799355	73.5918750	5210.5
1588	209.4	209.4	209.4	1901,125,3,5	51.3	39.4799362	73.5918743	5210.5
1589	203.3	203.3	203.3	721,417,2,8	51.1	39.4799359	73.5918745	5210.5
1590	139.2	139.2	139.2	205,101,4,8	50.9	39.4799353	73.5918762	5210.5
1591	140.2	140.2	140.2	1341,1013,4,4	50.9	39.4799354	73.5918760	5210.5
1592	144.2	144.2	144.2	189,221,4,4	50.9	39.4799356	73.5918757	5210.5
1593	181.3	181.3	181.3	1081,711,2,8	50.8	39.4799350	73.5918754	5210.5
1594	181.3	181.3	181.3	171,689,4,4	50.7	39.4799350	73.5918754	5210.5
1595	122.2	122.2	122.2	1207,370,5,4	50.6	39.4799348	73.5918757	5210.5
1596	185.3	185.3	185.3	558,1066,5,5	50.1	39.4799356	73.5918755	5210.5
1597	204.3	204.3	204.3	1875,1009,3,6	50.0	39.4799360	73.5918745	5210.5
1598	172.3	169.3	172.3	1153,217,2,8	49.9	39.4799347	73.5918750	5210.5
1599	158.3	158.3	158.3	225,637,8,2	49.6	39.4799353	73.5918751	5210.5
1600	106.2	106.2	106.2	1212,324,5,3	49.2	39.4799347	73.5918768	5210.6
1601	172.3	172.3	173.3	1537,921,8,2	49.2	39.4799347	73.5918750	5210.5
1602	206.4	206.4	206.4	1185,955,4,4	49.2	39.4799360	73.5918747	5210.5
1603	123.2	122.2	123.2	1057,817,8,2	49.0	39.4799349	73.5918758	5210.5
1604	202.3	202.3	202.3	212,765,4,4	49.0	39.4799358	73.5918745	5210.5
1605	106.2	106.2	106.2	1337,149,8,2	48.6	39.4799347	73.5918768	5210.6
1606	122.2	122.2	122.2	991,49,4,4	48.3	39.4799348	73.5918757	5210.5
1607	222.4	222.4	222.4	1633,459,4,5	48.3	39.4799367	73.5918734	5210.5
1608	233.4	233.4	233.4	1321,968,8,3	48.3	39.4799372	73.5918733	5210.5
1609	176.3	176.3	176.3	1641,7,8,2	47.8	39.4799349	73.5918753	5210.5
1610	174.3	172.3	177.3	1145,545,8,2	47.7	39.4799348	73.5918754	5210.5
1611	217.4	217.4	217.4	988,525,5,4	47.7	39.4799359	73.5918736	5210.5
1612	122.2	122.2	122.2	145,149,6,2	47.6	39.4799348	73.5918757	5210.5
1613	82.1	82.1	82.1	1165,917,4,4	47.5	39.4799348	73.5918773	5210.6
1614	185.3	185.3	185.3	1409,153,2,8	47.3	39.4799356	73.5918755	5210.5
1615	200.3	200.3	204.3	657,185,5,3	47.2	39.4799358	73.5918747	5210.6
1616	175.3	175.3	175.3	1289,143,8,2	47.1	39.4799349	73.5918753	5210.5
1617	158.3	158.3	158.3	883,53,6,4	46.7	39.4799353	73.5918751	5210.5
1618	201.3	201.3	201.3	1716,169,5,3	46.6	39.4799358	73.5918745	5210.6
1619	79.1	79.1	79.1	1172,113,3,7	46.4	39.4799348	73.5918774	5210.6
1620	158.3	158.3	158.3	923,8,6,3	46.4	39.4799353	73.5918751	5210.5
1621	174.3	174.3	174.3	1529,21,8,4	46.4	39.4799348	73.5918754	5210.5
1622	186.3	186.3	186.3	759,279,8,4	46.0	39.4799356	73.5918752	5210.5
1623	106.2	106.2	106.2	1546,46,5,3	45.7	39.4799347	73.5918768	5210.6
1624	169.3	168.3	169.3	1735,825,2,8	45.7	39.4799347	73.5918749	5210.5
1625	166.3	166.3	166.3	1240,0,3,5	45.6	39.4799353	73.5918754	5210.5
1626	233.4	233.4	235.4	1907,295,8,2	45.5	39.4799372	73.5918733	5210.5
1627	213.4	213.4	213.4	17,991,6,4	45.3	39.4799359	73.5918734	5210.5
1628	167.3	167.3	167.3	1833,261,2,10	44.5	39.4799348	73.5918753	5210.5
1629	172.3	172.3	172.3	1563,57,2,8	44.1	39.4799347	73.5918750	5210.5
1630	231.4	231.4	231.4	50,789,7,2	44.1	39.4799367	73.5918737	5210.5
1631	166.3	166.3	166.3	1357,74,2,6	43.3	39.4799353	73.5918754	5210.5
1632	175.3	175.3	175.3	546,941,6,7	43.1	39.4799349	73.5918753	5210.5
1633	175.3	175.3	178.3	505,987,3,6	43.0	39.4799349	73.5918753	5210.5
1634	174.3	170.3	174.3	1249,111,8,2	42.8	39.4799348	73.5918754	5210.5
1635	212.4	212.4	212.4	337,1028,4,3	42.8	39.4799359	73.5918735	5210.5
1636	167.3	166.3	167.3	1809,127,8,2	42.5	39.4799348	73.5918753	5210.5
1637	187.3	187.3	187.3	1205,321,4,4	42.5	39.4799355	73.5918750	5210.5
1638	81.1	80.1	81.1	19,785,6,3	42.4	39.4799348	73.5918773	5210.6
1639	233.4	233.4	233.4	1041,847,8,2	42.3	39.4799372	73.5918733	5210.5
1640	213.4	213.4	213.4	1779,154,4,5	42.2	39.4799359	73.5918734	5210.5
1641	206.4	206.4	206.4	1161,309,8,4	42.1	39.4799360	73.5918747	5210.5
1642	77.1	77.1	77.1	815,161,6,6	41.7	39.4799349	73.5918778	5210.6
1643	167.3	167.3	167.3	1073,581,2,6	41.3	39.4799348	73.5918753	5210.5
1644	233.4	233.4	233.4	401,851,2,6	41.2	39.4799372	73.5918733	5210.5
1645	205.4	205.4	205.4	131,947,3,4	41.0	39.4799359	73.5918746	5210.5
1646	166.3	166.3	166.3	1129,705,2,8	40.8	39.4799353	73.5918754	5210.5
1647	213.4	213.4	213.4	993,211,5,4	40.6	39.4799359	73.5918734	5210.5
1648	81.1	81.1	81.1	837,852,3,5	40.1	39.4799348	73.5918773	5210.6
1649	172.3	170.3	172.3	1265,423,8,2	40.1	39.4799347	73.5918750	5210.5
1650	220.4	220.4	220.4	1705,537,8,2	40.0	39.4799360	73.5918735	5210.5
1651	85.1	85.1	85.1	927,401,4,4	39.9	39.4799355	73.5918771	5210.5
1652	179.3	179.3	179.3	1645,117,4,4	39.8	39.4799349	73.5918755	5210.5
1653	170.3	170.3	170.3	1605,11,4,4	39.7	39.4799347	73.5918749	5210.5
1654	175.3	175.3	175.3	1007,497,2,8	39.7	39.4799349	73.5918753	5210.5
1655	177.3	177.3	177.3	1325,522,4,7	39.0	39.4799349	73.5918757	5210.5
1656	200.3	200.3	200.3	1797,34,4,3	39.0	39.4799358	73.5918747	5210.6
1657	188.3	188.3	188.3	925,481,4,4	38.7	39.4799355	73.5918747	5210.5
1658	167.3	167.3	170.3	1917,599,3,4	38.6	39.4799348	73.5918753	5210.5
1659	172.3	172.3	172.3	1319,233,2,8	38.6	39.4799347	73.5918750	5210.5
1660	175.3	175.3	177.3	935,491,4,6	38.6	39.4799349	73.5918753	5210.5
1661	188.3	188.3	188.3	1803,205,4,4	38.4	39.4799355	73.5918747	5210.5
1662	166.3	166.3	166.3	1785,965,4,4	38.3	39.4799353	73.5918754	5210.5
1663	168.3	168.3	168.3	1123,553,3,5	38.3	39.4799348	73.5918751	5210.5
1664	79.1	79.1	79.1	1653,1005,4,4	38.2	39.4799348	73.5918774	5210.6
1665	172.3	172.3	173.3	676,1058,5,5	38.2	39.4799347	73.5918750	5210.5
1666	208.4	208.4	208.4	1658,0,3,5	38.1	39.4799363	73.5918745	5210.6
1667	175.3	175.3	178.3	1197,503,4,6	37.8	39.4799349	73.5918753	5210.5
1668	199.3	199.3	199.3	819,50,4,4	37.8	39.4799353	73.5918748	5210.5
1669	202.3	202.3	202.3	339,1077,4,3	37.7	39.4799358	73.5918745	5210.5
1670	110.2	110.2	110.2	866,1013,3,3	36.9	39.4799348	73.5918767	5210.5
1671	167.3	167.3	167.3	1141,808,4,3	36.4	39.4799348	73.5918753	5210.5
1672	175.3	172.3	175.3	943,377,2,8	36.4	39.4799349	73.5918753	5210.5
1673	82.1	82.1	82.1	1681,16,5,3	36.1	39.4799348	73.5918773	5210.6
1674	210.4	210.4	210.4	815,241,4,6	35.9	39.4799361	73.5918740	5210.5
1675	175.3	174.3	175.3	1471,537,4,5	35.8	39.4799349	73.5918753	5210.5
1676	210.4	210.4	210.4	597,497,4,4	35.6	39.4799361	73.5918740	5210.5
1677	173.3	172.3	175.3	1409,889,3,4	35.5	39.4799347	73.5918751	5210.5
1678	201.3	201.3	201.3	669,617,4,4	34.9	39.4799358	73.5918745	5210.6
1679	206.4	206.4	206.4	1425,485,5,2	34.9	39.4799360	73.5918747	5210.5
1680	172.3	172.3	172.3	1769,749,4,4	34.8	39.4799347	73.5918750	5210.5
1681	167.3	167.3	167.3	1239,617,2,6	34.7	39.4799348	73.5918753	5210.5
1682	205.4	205.4	205.4	1836,575,3,4	34.4	39.4799359	73.5918746	5210.5
1683	82.1	82.1	82.1	1625,847,4,3	34.3	39.4799348	73.5918773	5210.6
1684	172.3	172.3	174.3	1553,785,6,3	34.0	39.4799347	73.5918750	5210.5
1685	201.3	201.3	201.3	545,417,8,2	34.0	39.4799358	73.5918745	5210.6
1686	177.3	177.3	178.3	1725,180,4,5	33.8	39.4799349	73.5918757	5210.5
1687	205.4	202.3	205.4	195,839,2,6	33.3	39.4799359	73.5918746	5210.5
1688	200.3	200.3	200.3	1854,57,3,5	33.1	39.4799358	73.5918747	5210.6
1689	203.3	203.3	203.3	1002,313,5,2	33.1	39.4799359	73.5918745	5210.5
1690	168.3	168.3	168.3	1369,911,4,4	32.6	39.4799348	73.5918751	5210.5
1691	210.4	210.4	210.4	477,839,5,2	32.4	39.4799361	73.5918740	5210.5
1692	177.3	177.3	177.3	1481,626,4,3	32.2	39.4799349	73.5918757	5210.5
1693	217.4	217.4	217.4	1399,125,2,4	32.0	39.4799359	73.5918736	5210.5
1694	173.3	173.3	173.3	1138,789,4,4	31.2	39.4799347	73.5918751	5210.5
1695	173.3	173.3	173.3	1061,857,2,8	31.1	39.4799347	73.5918751	5210.5
1696	215.4	215.4	215.4	1855,433,2,5	30.9	39.4799359	73.5918734	5210.5
1697	168.3	168.3	168.3	1350,829,3,3	30.5	39.4799348	73.5918751	5210.5
1698	176.3	173.3	176.3	1755,39,4,3	30.3	39.4799349	73.5918753	5210.5
1699	205.4	205.4	205.4	1761,883,3,3	30.3	39.4799359	73.5918746	5210.5
1700	200.3	200.3	200.3	1195,505,3,3	30.2	39.4799358	73.5918747	5210.6
1701	166.3	166.3	166.3	1835,317,4,2	29.7	39.4799353	73.5918754	5210.5
1702	168.3	168.3	168.3	1245,761,4,2	29.6	39.4799348	73.5918751	5210.5
1703	174.3	174.3	174.3	1901,71,4,4	29.5	39.4799348	73.5918754	5210.5
1704	77.1	77.1	77.1	1252,961,4,3	29.4	39.4799349	73.5918778	5210.6
1705	200.3	200.3	200.3	935,49,2,6	28.7	39.4799358	73.5918747	5210.6
1706	210.4	210.4	210.4	1001,573,2,4	28.7	39.4799361	73.5918740	5210.5
1707	216.4	216.4	216.4	1646,868,3,3	28.7	39.4799360	73.5918734	5210.5
1708	210.4	210.4	210.4	187,401,4,2	28.4	39.4799361	73.5918740	5210.5
1709	167.3	167.3	167.3	1887,82,4,3	28.2	39.4799348	73.5918753	5210.5
1710	202.3	202.3	202.3	1198,449,3,3	28.1	39.4799358	73.5918745	5210.5
1711	212.4	212.4	212.4	833,1022,3,3	27.8	39.4799359	73.5918735	5210.5
1712	166.3	166.3	166.3	1433,981,2,4	27.7	39.4799353	73.5918754	5210.5
1713	203.3	203.3	203.3	289,1077,4,3	27.7	39.4799359	73.5918745	5210.5
1714	206.4	206.4	206.4	695,1012,4,3	27.7	39.4799360	73.5918747	5210.5
1715	172.3	170.3	172.3	1381,301,4,4	27.6	39.4799347	73.5918750	5210.5
1716	206.4	206.4	206.4	854,194,3,3	27.4	39.4799360	73.5918747	5210.5
1717	210.4	210.4	210.4	1147,817,4,2	27.4	39.4799361	73.5918740	5210.5
1718	210.4	210.4	210.4	737,41,4,4	27.3	39.4799361	73.5918740	5210.5
1719	188.3	188.3	188.3	1689,9,4,2	27.2	39.4799355	73.5918747	5210.5
1720	188.3	188.3	188.3	1219,709,2,4	27.0	39.4799355	73.5918747	5210.5
1721	210.4	210.4	210.4	1433,719,4,2	26.7	39.4799361	73.5918740	5210.5
1722	201.3	201.3	201.3	1758,465,3,3	26.5	39.4799358	73.5918745	5210.6
1723	167.3	167.3	167.3	1917,381,3,3	26.3	39.4799348	73.5918753	5210.5
1724	168.3	168.3	168.3	1677,617,2,4	26.2	39.4799348	73.5918751	5210.5
1725	168.3	168.3	168.3	1437,933,2,4	26.2	39.4799348	73.5918751	5210.5
1726	206.4	206.4	206.4	23,533,2,4	26.1	39.4799360	73.5918747	5210.5
1727	210.4	210.4	210.4	1185,431,6,2	26.0	39.4799361	73.5918740	5210.5
1728	172.3	172.3	172.3	1065,279,4,2	25.9	39.4799347	73.5918750	5210.5
1729	201.3	201.3	201.3	17,526,3,3	25.9	39.4799358	73.5918745	5210.6
1730	173.3	173.3	173.3	1537,893,2,4	25.4	39.4799347	73.5918751	5210.5
1731	204.3	204.3	204.3	65,221,3,3	25.3	39.4799360	73.5918745	5210.5
1732	216.4	216.4	216.4	935,628,3,3	25.1	39.4799360	73.5918734	5210.5
1733	169.3	169.3	169.3	1277,311,4,2	24.9	39.4799347	73.5918749	5210.5
1734	170.3	170.3	170.3	1436,45,2,4	24.8	39.4799347	73.5918749	5210.5
1735	174.3	174.3	174.3	1045,319,4,2	24.7	39.4799348	73.5918754	5210.5
1736	210.4	210.4	210.4	1371,575,6,2	24.7	39.4799361	73.5918740	5210.5
1737	169.3	169.3	169.3	1457,385,4,2	24.6	39.4799347	73.5918749	5210.5
1738	169.3	169.3	169.3	5,414,4,3	24.6	39.4799347	73.5918749	5210.5
1739	206.4	206.4	206.4	183,925,2,4	24.6	39.4799360	73.5918747	5210.5
1740	178.3	178.3	178.3	1731,449,2,4	24.5	39.4799350	73.5918758	5210.5
1741	213.4	213.4	214.4	1065,801,6,2	24.4	39.4799359	73.5918734	5210.5
1742	211.4	211.4	211.4	1838,1041,3,3	24.2	39.4799361	73.5918737	5210.5
1743	169.3	169.3	169.3	1893,957,4,2	24.0	39.4799347	73.5918749	5210.5
1744	170.3	170.3	170.3	1226,641,5,2	24.0	39.4799347	73.5918749	5210.5
1745	201.3	201.3	201.3	233,601,4,2	23.9	39.4799358	73.5918745	5210.6
1746	216.4	216.4	216.4	1773,826,3,3	23.5	39.4799360	73.5918734	5210.5
1747	200.3	200.3	200.3	1678,249,2,4	23.0	39.4799358	73.5918747	5210.6
1748	178.3	178.3	178.3	1817,875,2,4	22.2	39.4799350	73.5918758	5210.5
1749	173.3	173.3	173.3	153,51,3,6	21.8	39.4799347	73.5918751	5210.5
1750	206.4	206.4	206.4	1267,217,4,2	21.7	39.4799360	73.5918747	5210.5
1751	210.4	210.4	210.4	719,431,4,4	21.6	39.4799361	73.5918740	5210.5
1752	210.4	210.4	210.4	1357,319,6,2	21.3	39.4799361	73.5918740	5210.5
1753	206.4	206.4	206.4	489,690,2,4	20.9	39.4799360	73.5918747	5210.5
1754	173.3	173.3	173.3	1787,975,4,2	20.5	39.4799347	73.5918751	5210.5
1755	201.3	201.3	201.3	725,121,4,2	19.8	39.4799358	73.5918745	5210.6
1756	201.3	201.3	201.3	1021,671,4,2	19.8	39.4799358	73.5918745	5210.6
1757	174.3	174.3	174.3	1215,403,2,4	19.4	39.4799348	73.5918754	5210.5
1758	174.3	174.3	174.3	629,597,2,4	19.2	39.4799348	73.5918754	5210.5
1759	173.3	173.3	173.3	1728,463,3,2	19.1	39.4799347	73.5918751	5210.5
1760	168.3	168.3	168.3	1843,949,2,4	18.9	39.4799348	73.5918751	5210.5
1761	174.3	174.3	174.3	641,75,2,3	18.3	39.4799348	73.5918754	5210.5
1762	171.3	171.3	171.3	1329,452,2,3	17.9	39.4799347	73.5918750	5210.5
1763	171.3	171.3	171.3	1315,679,3,2	17.1	39.4799347	73.5918750	5210.5
1764	201.3	201.3	201.3	313,801,4,2	16.7	39.4799358	73.5918745	5210.6
1765	211.4	211.4	211.4	1647,337,2,3	16.0	39.4799361	73.5918737	5210.5
1766	201.3	201.3	201.3	444,703,3,2	15.5	39.4799358	73.5918745	5210.6
1767	211.4	211.4	211.4	697,954,2,3	15.1	39.4799361	73.5918737	5210.5
1768	217.4	217.4	217.4	1725,273,2,4	15.1	39.4799359	73.5918736	5210.5
1769	211.4	211.4	211.4	1273,1002,2,3	13.2	39.4799361	73.5918737	5210.5
1770	201.3	201.3	201.3	161,758,2,3	11.5	39.4799358	73.5918745	5210.6
