track	t_best	t0	t1	bbox	score	lat	lon	alt
0	160.7	157.2	161.7	440,989,105,91	21030.5	39.4975190	73.6048994	4287.9
1	117.1	116.1	117.1	5,367,90,93	9939.6	39.4976286	73.6048575	4285.5
2	38.5	37.5	40.0	33,819,110,70	8475.4	39.5002669	73.6048510	4259.7
3	41.0	30.5	43.1	535,167,81,52	7685.9	39.5002676	73.6048512	4259.7
4	162.7	159.2	163.2	1735,315,66,58	7211.5	39.4975188	73.6048994	4287.5
5	152.2	148.7	153.2	0,867,59,108	6441.4	39.4975187	73.6048990	4288.6
6	115.1	114.6	115.1	0,0,65,65	6082.6	39.4977047	73.6048187	4285.4
7	33.0	19.5	36.5	332,129,117,47	5679.9	39.5004489	73.6048841	4259.7
8	11.0	0.0	36.5	713,407,55,42	4200.2	39.5021820	73.6051784	4258.6
9	42.1	36.0	43.6	311,605,64,32	4114.1	39.5002681	73.6048514	4259.9
10	40.0	39.0	40.0	19,811,46,44	3919.2	39.5002671	73.6048513	4259.7
11	165.7	161.7	167.2	677,861,74,98	3837.7	39.4975186	73.6048991	4286.9
12	63.1	63.1	63.1	813,246,54,49	3708.9	39.5002726	73.6048520	4260.7
13	40.0	37.5	42.6	771,361,46,36	3489.0	39.5002671	73.6048513	4259.7
14	54.1	53.1	55.6	1635,977,40,38	3393.3	39.5002714	73.6048514	4260.6
15	68.1	67.1	69.6	0,809,33,70	3364.7	39.5002604	73.6048459	4260.9
16	150.2	149.7	153.7	17,529,48,42	3345.2	39.4975185	73.6048991	4288.6
17	55.1	54.1	56.6	1617,977,32,33	3337.6	39.5002717	73.6048514	4260.7
18	81.1	79.6	83.1	225,849,40,41	3327.3	39.4996738	73.6047471	4276.7
19	151.2	150.7	151.2	81,1025,20,55	3277.3	39.4975187	73.6048990	4288.6
20	39.0	36.5	43.1	1153,63,48,38	3272.8	39.5002668	73.6048510	4259.7
21	165.2	161.7	167.2	696,827,56,80	3137.0	39.4975185	73.6048991	4286.9
22	36.5	36.5	36.5	1421,821,62,61	2924.1	39.5002739	73.6048518	4259.6
23	36.0	33.5	36.0	1319,768,49,41	2790.6	39.5002820	73.6048532	4259.6
24	84.6	81.1	84.6	388,1056,71,24	2787.5	39.4994065	73.6047033	4280.7
25	92.1	88.1	95.1	1348,943,31,86	2773.7	39.4990222	73.6046439	4285.4
26	70.1	69.6	77.1	941,165,44,44	2763.4	39.5002348	73.6048378	4260.9
27	61.1	59.6	61.1	9,212,88,29	2734.0	39.5002723	73.6048519	4260.7
28	63.6	63.6	63.6	1283,779,40,38	2688.4	39.5002726	73.6048520	4260.7
29	162.2	160.7	162.2	1891,175,29,34	2606.5	39.4975189	73.6048995	4287.6
30	44.6	44.6	46.6	1737,678,44,50	2601.2	39.5002695	73.6048515	4260.1
31	90.1	89.1	95.1	139,881,30,60	2593.4	39.4990346	73.6046454	4285.3
32	39.0	38.0	41.0	1361,1033,22,47	2592.3	39.5002668	73.6048510	4259.7
33	77.1	75.6	79.1	628,969,46,37	2553.7	39.4999675	73.6047950	4271.1
34	160.7	159.7	161.2	611,989,44,54	2534.4	39.4975190	73.6048994	4287.9
35	63.6	63.6	64.1	877,343,30,48	2525.9	39.5002726	73.6048520	4260.7
36	93.1	86.1	94.6	1354,965,36,60	2493.2	39.4990061	73.6046417	4285.4
37	156.2	152.7	156.7	723,963,44,43	2465.3	39.4975192	73.6048988	4288.4
38	166.7	163.2	167.2	716,865,61,34	2440.6	39.4975186	73.6048993	4286.8
39	69.6	64.1	69.6	1385,1057,78,23	2417.9	39.5002438	73.6048401	4260.9
40	157.2	154.7	163.2	399,525,34,28	2396.3	39.4975191	73.6048989	4288.4
41	52.1	47.1	52.1	387,409,44,36	2383.5	39.5002708	73.6048512	4260.1
42	61.6	59.6	61.6	39,226,72,25	2366.8	39.5002724	73.6048519	4260.7
43	48.6	48.6	51.6	357,381,46,40	2364.3	39.5002712	73.6048517	4260.1
44	27.5	24.5	29.5	1475,944,51,25	2319.2	39.5008578	73.6049580	4259.7
45	54.1	53.6	55.6	1537,904,42,20	2303.3	39.5002714	73.6048514	4260.6
46	48.6	48.6	51.6	1887,61,29,64	2293.4	39.5002712	73.6048517	4260.1
47	13.0	13.0	14.5	1537,1059,47,21	2285.2	39.5020496	73.6051610	4259.7
48	152.7	152.7	154.2	0,802,56,45	2278.7	39.4975188	73.6048989	4288.6
49	33.5	16.0	40.0	1321,807,42,44	2260.9	39.5004239	73.6048795	4259.7
50	83.6	83.1	86.6	142,933,35,42	2252.3	39.4994825	73.6047158	4279.5
51	76.1	76.1	77.1	9,1055,72,25	2248.5	39.5000297	73.6048051	4269.4
52	67.1	67.1	69.6	9,713,24,56	2239.3	39.5002675	73.6048490	4260.8
53	112.6	112.6	112.6	0,113,33,48	2198.9	39.4977318	73.6048051	4285.4
54	61.1	58.6	61.1	573,801,40,26	2195.2	39.5002723	73.6048519	4260.7
55	158.2	156.7	158.7	1619,963,23,62	2190.0	39.4975190	73.6048990	4288.2
56	67.1	66.6	69.1	1599,224,41,43	2187.1	39.5002675	73.6048490	4260.8
57	159.7	159.7	160.2	17,957,38,32	2146.0	39.4975190	73.6048992	4288.0
58	26.5	20.0	36.5	498,0,39,44	2142.8	39.5009387	73.6049727	4259.7
59	118.6	118.6	119.6	3,129,36,42	2134.6	39.4975561	73.6048869	4285.5
60	52.1	52.1	55.6	1545,187,32,34	2129.5	39.5002708	73.6048512	4260.1
61	95.1	89.6	95.6	299,1043,22,37	2120.0	39.4989094	73.6046282	4285.4
62	59.1	59.1	59.1	1489,95,37,22	2107.1	39.5002721	73.6048517	4260.7
63	55.1	50.1	55.6	820,170,33,53	2093.4	39.5002717	73.6048514	4260.7
64	9.0	8.0	11.0	1279,1008,50,36	2085.3	39.5023084	73.6052004	4258.2
65	4.0	0.5	10.0	935,325,26,60	2067.2	39.5025621	73.6052987	4258.2
66	62.6	62.6	62.6	702,80,48,49	2035.7	39.5002726	73.6048520	4260.7
67	77.6	76.6	78.1	17,0,42,45	2015.4	39.4999342	73.6047894	4272.0
68	161.7	161.2	162.2	1087,899,30,36	1994.5	39.4975189	73.6048994	4287.7
69	156.2	156.2	156.2	33,1057,36,23	1992.9	39.4975192	73.6048988	4288.4
70	78.1	71.6	79.1	645,953,42,44	1989.3	39.4998994	73.6047836	4272.8
71	48.1	47.6	50.1	1257,41,50,30	1986.8	39.5002709	73.6048517	4260.1
72	56.1	56.1	56.1	147,137,36,32	1952.7	39.5002718	73.6048514	4260.7
73	166.2	160.7	166.7	680,899,40,72	1947.9	39.4975185	73.6048992	4286.8
74	84.6	80.1	86.6	101,1045,31,35	1939.6	39.4994065	73.6047033	4280.7
75	167.2	165.2	167.2	957,1027,28,36	1929.6	39.4975186	73.6048994	4286.8
76	165.7	162.7	167.2	1889,796,31,26	1895.0	39.4975186	73.6048991	4286.9
77	66.6	66.6	66.6	35,1028,23,39	1884.4	39.5002701	73.6048506	4260.8
78	99.1	97.6	99.1	11,515,30,38	1884.2	39.4985725	73.6046527	4285.4
79	154.2	154.2	158.7	150,659,33,47	1876.7	39.4975191	73.6048988	4288.5
80	119.1	118.1	120.6	47,143,26,52	1850.4	39.4975346	73.6048943	4285.5
81	6.5	0.0	18.5	378,562,33,31	1843.6	39.5024489	73.6052507	4258.2
82	7.5	0.0	32.5	1055,405,48,28	1840.0	39.5023958	73.6052288	4258.2
83	24.5	0.0	27.5	1430,850,46,21	1835.2	39.5011055	73.6050026	4259.7
84	89.6	89.1	93.6	1889,165,22,38	1816.0	39.4990477	73.6046475	4285.3
85	42.1	37.5	43.6	1124,465,49,44	1815.2	39.5002681	73.6048514	4259.9
86	59.1	59.1	61.1	356,282,55,23	1812.6	39.5002721	73.6048517	4260.7
87	81.6	78.1	82.6	208,891,21,43	1798.0	39.4996353	73.6047408	4277.3
88	116.1	116.1	117.1	29,67,28,30	1790.8	39.4976712	73.6048365	4285.5
89	48.1	48.1	52.1	1097,429,40,22	1786.8	39.5002709	73.6048517	4260.1
90	98.6	97.1	100.1	859,639,26,48	1747.9	39.4986189	73.6046432	4285.4
91	148.2	148.2	148.2	14,636,29,29	1746.6	39.4975186	73.6048992	4288.6
92	150.2	149.2	152.2	0,627,25,44	1743.7	39.4975185	73.6048991	4288.6
93	164.2	163.7	164.2	1889,657,16,40	1736.5	39.4975187	73.6048993	4287.2
94	37.0	37.0	39.0	497,957,32,28	1729.3	39.5002704	73.6048515	4259.6
95	99.6	98.6	99.6	0,867,45,18	1720.3	39.4985277	73.6046624	4285.4
96	74.1	71.6	77.6	25,1017,59,16	1718.2	39.5001290	73.6048209	4265.5
97	56.1	56.1	56.1	1617,977,40,24	1711.7	39.5002718	73.6048514	4260.7
98	36.5	36.5	38.0	1035,988,44,26	1705.6	39.5002739	73.6048518	4259.6
99	57.1	57.1	58.1	787,65,38,54	1692.0	39.5002720	73.6048515	4260.7
100	50.6	49.6	51.6	1881,67,24,42	1684.2	39.5002710	73.6048516	4260.1
101	162.7	162.7	163.2	1833,0,14,38	1677.1	39.4975188	73.6048994	4287.5
102	99.6	98.1	100.1	27,965,24,50	1676.4	39.4985277	73.6046624	4285.4
103	153.2	152.7	154.7	5,959,36,32	1668.6	39.4975188	73.6048990	4288.6
104	98.1	98.1	99.1	0,136,33,41	1666.9	39.4986637	73.6046346	4285.4
105	48.1	48.1	53.6	453,409,36,34	1657.1	39.5002709	73.6048517	4260.1
106	61.6	59.6	61.6	169,1035,34,32	1654.9	39.5002724	73.6048519	4260.7
107	44.1	44.1	44.1	1487,633,50,20	1641.4	39.5002692	73.6048515	4260.1
108	7.0	0.0	21.5	38,152,52,30	1636.6	39.5024226	73.6052397	4258.2
109	71.6	70.1	73.1	0,1043,81,22	1622.4	39.5002028	73.6048318	4260.9
110	96.1	91.6	102.6	468,575,24,56	1592.0	39.4988362	73.6046207	4285.4
111	52.1	52.1	52.1	1751,161,22,56	1566.6	39.5002708	73.6048512	4260.1
112	54.6	49.6	55.6	803,126,28,43	1563.5	39.5002715	73.6048513	4260.6
113	128.7	127.7	128.7	785,891,26,54	1546.8	39.4975172	73.6049005	4285.5
114	62.1	62.1	62.1	1277,285,43,20	1545.4	39.5002726	73.6048520	4260.7
115	115.6	114.6	115.6	9,673,24,34	1543.5	39.4976889	73.6048272	4285.4
116	44.1	44.1	44.1	1873,956,47,27	1529.5	39.5002692	73.6048515	4260.1
117	77.6	72.6	78.1	481,1035,32,24	1498.1	39.4999342	73.6047894	4272.0
118	63.6	63.6	63.6	551,1007,35,28	1489.7	39.5002726	73.6048520	4260.7
119	32.5	29.0	36.0	340,117,35,24	1460.4	39.5004874	73.6048910	4259.6
120	158.2	156.7	160.2	195,515,29,44	1451.6	39.4975190	73.6048990	4288.2
121	150.2	147.2	150.7	107,913,14,54	1444.1	39.4975185	73.6048991	4288.6
122	114.1	113.6	115.6	83,761,40,40	1437.3	39.4977261	73.6048078	4285.4
123	43.6	43.1	43.6	779,473,36,36	1435.4	39.5002689	73.6048516	4260.0
124	74.1	67.1	78.1	657,977,54,22	1433.6	39.5001290	73.6048209	4265.5
125	44.6	44.6	46.1	1663,281,28,39	1411.4	39.5002695	73.6048515	4260.1
126	54.1	53.1	56.1	315,201,28,24	1411.3	39.5002714	73.6048514	4260.6
127	156.7	150.7	158.7	1083,895,36,29	1410.1	39.4975192	73.6048988	4288.4
128	0.0	0.0	12.0	935,318,22,49	1408.9	39.5026349	73.6053297	4258.0
129	100.1	100.1	100.6	0,0,28,25	1405.5	39.4984804	73.6046722	4285.4
130	89.6	81.1	95.1	1803,123,32,24	1401.9	39.4990477	73.6046475	4285.3
131	50.1	44.6	51.6	759,33,34,34	1394.4	39.5002714	73.6048520	4260.1
132	103.6	103.1	104.1	454,857,94,22	1386.5	39.4981524	73.6047300	4285.4
133	160.2	154.2	160.2	1021,1053,40,27	1375.3	39.4975190	73.6048993	4287.9
134	66.1	64.6	66.6	691,712,40,35	1374.0	39.5002718	73.6048517	4260.8
135	157.2	157.2	161.2	721,753,15,32	1373.3	39.4975191	73.6048989	4288.4
136	63.1	63.1	65.6	1517,985,54,22	1369.9	39.5002726	73.6048520	4260.7
137	159.7	154.2	159.7	989,1040,29,37	1365.7	39.4975190	73.6048992	4288.0
138	97.6	97.6	97.6	1193,1023,36,24	1361.2	39.4987084	73.6046272	4285.4
139	59.6	59.6	61.6	619,607,18,26	1360.2	39.5002722	73.6048516	4260.7
140	7.5	6.5	9.0	981,973,42,21	1353.1	39.5023958	73.6052288	4258.2
141	150.7	148.7	151.2	1410,1009,27,21	1344.9	39.4975186	73.6048990	4288.6
142	113.6	113.6	114.1	0,169,23,22	1342.8	39.4977310	73.6048057	4285.4
143	165.7	161.7	167.2	657,1041,31,20	1342.8	39.4975186	73.6048991	4286.9
144	59.6	59.6	61.6	641,417,26,34	1338.1	39.5002722	73.6048516	4260.7
145	33.0	28.5	36.0	241,757,20,28	1334.7	39.5004489	73.6048841	4259.7
146	107.6	107.6	110.1	1723,0,22,33	1330.8	39.4977971	73.6047935	4285.4
147	150.2	148.7	150.2	0,391,23,20	1330.5	39.4975185	73.6048991	4288.6
148	164.2	162.7	164.2	1889,257,24,17	1329.9	39.4975187	73.6048993	4287.2
149	113.1	113.1	114.1	33,0,40,17	1320.0	39.4977320	73.6048052	4285.4
150	159.2	154.7	159.2	613,1022,21,51	1316.5	39.4975189	73.6048991	4288.1
151	68.6	63.6	69.1	711,973,58,44	1294.8	39.5002565	73.6048443	4260.9
152	82.1	75.1	85.6	14,788,19,43	1290.9	39.4995969	73.6047345	4277.8
153	88.6	78.6	103.6	42,216,55,30	1282.3	39.4991073	73.6046556	4285.2
154	159.2	155.7	160.2	780,1051,41,18	1281.8	39.4975189	73.6048991	4288.1
155	52.6	48.6	52.6	1461,91,23,30	1279.2	39.5002709	73.6048512	4260.2
156	57.6	57.1	58.6	995,0,34,29	1258.5	39.5002720	73.6048516	4260.7
157	44.6	44.6	47.1	1719,405,17,36	1255.9	39.5002695	73.6048515	4260.1
158	44.6	44.6	44.6	1288,43,21,43	1239.7	39.5002695	73.6048515	4260.1
159	71.6	71.1	75.1	305,0,35,29	1237.3	39.5002028	73.6048318	4260.9
160	155.2	154.2	158.7	202,748,42,25	1230.4	39.4975191	73.6048988	4288.5
161	118.6	118.6	119.6	17,53,18,38	1230.3	39.4975561	73.6048869	4285.5
162	66.6	66.6	66.6	129,0,41,23	1225.9	39.5002701	73.6048506	4260.8
163	161.7	160.2	161.7	727,1057,32,23	1222.6	39.4975189	73.6048994	4287.7
164	85.6	78.1	85.6	948,1064,62,12	1217.8	39.4993316	73.6046911	4282.0
165	165.7	160.2	166.7	1005,947,30,36	1213.0	39.4975186	73.6048991	4286.9
166	73.6	71.1	78.1	65,161,32,44	1211.8	39.5001484	73.6048240	4264.4
167	40.0	37.5	43.1	1167,65,35,19	1207.4	39.5002671	73.6048513	4259.7
168	72.1	71.6	77.6	986,369,23,30	1204.0	39.5001911	73.6048301	4261.6
169	38.5	37.0	43.6	1122,661,30,20	1202.5	39.5002669	73.6048510	4259.7
170	64.1	64.1	64.1	213,41,20,24	1200.6	39.5002726	73.6048521	4260.7
171	68.6	67.6	69.6	721,737,22,46	1197.8	39.5002565	73.6048443	4260.9
172	117.6	114.1	117.6	0,375,21,21	1187.1	39.4976052	73.6048682	4285.5
173	82.6	82.1	84.6	125,843,36,26	1185.9	39.4995585	73.6047283	4278.4
174	40.5	37.5	41.5	156,621,19,30	1178.9	39.5002674	73.6048513	4259.7
175	66.6	66.6	77.6	17,79,32,34	1169.1	39.5002701	73.6048506	4260.8
176	99.1	98.6	100.1	9,993,12,43	1153.4	39.4985725	73.6046527	4285.4
177	46.6	46.1	46.6	1698,91,21,36	1151.0	39.5002705	73.6048514	4260.1
178	161.7	156.7	161.7	779,1047,37,33	1150.5	39.4975189	73.6048994	4287.7
179	167.2	167.2	167.2	1715,1059,28,14	1141.3	39.4975186	73.6048994	4286.8
180	0.5	0.0	6.0	1881,854,39,31	1138.7	39.5026319	73.6053283	4258.0
181	4.0	0.0	6.0	357,610,31,27	1138.6	39.5025621	73.6052987	4258.2
182	98.1	97.1	103.6	611,263,39,26	1130.5	39.4986637	73.6046346	4285.4
183	162.7	162.7	162.7	0,173,27,12	1128.0	39.4975188	73.6048994	4287.5
184	76.1	70.1	76.6	6,617,19,58	1127.7	39.5000297	73.6048051	4269.4
185	86.1	85.6	86.6	777,1057,24,23	1124.3	39.4992935	73.6046849	4282.6
186	76.1	76.1	76.1	369,1041,32,28	1113.5	39.5000297	73.6048051	4269.4
187	33.0	28.0	35.5	391,62,34,19	1106.7	39.5004489	73.6048841	4259.7
188	97.1	96.1	97.1	1137,1025,28,24	1106.6	39.4987526	73.6046221	4285.4
189	115.6	115.6	117.6	174,969,19,26	1105.1	39.4976889	73.6048272	4285.4
190	158.2	156.7	158.2	1571,1035,37,14	1104.5	39.4975190	73.6048990	4288.2
191	60.6	58.1	61.6	1685,1061,38,19	1098.9	39.5002723	73.6048517	4260.7
192	60.1	59.6	62.6	1585,937,24,22	1096.9	39.5002723	73.6048516	4260.7
193	37.0	37.0	37.0	1782,1059,41,21	1096.1	39.5002704	73.6048515	4259.6
194	165.7	161.7	167.2	829,1062,50,18	1095.9	39.4975186	73.6048991	4286.9
195	33.0	29.0	35.0	1842,112,29,27	1094.6	39.5004489	73.6048841	4259.7
196	82.1	79.6	83.1	37,1049,37,24	1092.2	39.4995969	73.6047345	4277.8
197	118.1	118.1	119.6	113,129,18,54	1092.0	39.4975808	73.6048781	4285.5
198	61.1	59.6	61.1	129,117,32,22	1091.4	39.5002723	73.6048519	4260.7
199	56.1	56.1	56.1	785,115,16,22	1089.9	39.5002718	73.6048514	4260.7
200	38.5	37.5	43.6	1202,5,27,24	1088.4	39.5002669	73.6048510	4259.7
201	62.1	62.1	62.1	433,345,34,18	1084.0	39.5002726	73.6048520	4260.7
202	164.2	163.2	164.2	1827,627,22,16	1083.6	39.4975187	73.6048993	4287.2
203	35.5	30.5	36.0	1898,185,22,25	1083.2	39.5003002	73.6048569	4259.6
204	9.0	8.5	12.5	70,0,24,27	1076.4	39.5023084	73.6052004	4258.2
205	30.0	26.5	31.5	1767,111,26,21	1070.1	39.5006558	73.6049216	4259.7
206	92.6	90.1	95.1	1841,228,30,27	1068.8	39.4990172	73.6046433	4285.4
207	98.6	98.1	99.6	15,15,38,24	1066.1	39.4986189	73.6046432	4285.4
208	63.6	63.6	65.1	1187,579,21,35	1065.5	39.5002726	73.6048520	4260.7
209	150.7	144.2	150.7	93,1038,14,42	1061.9	39.4975186	73.6048990	4288.6
210	67.6	67.1	67.6	25,1038,30,31	1059.5	39.5002641	73.6048473	4260.8
211	66.6	65.1	69.1	563,535,38,36	1058.1	39.5002701	73.6048506	4260.8
212	161.2	156.7	161.2	701,999,30,16	1057.8	39.4975189	73.6048994	4287.8
213	167.2	164.2	167.2	225,771,26,30	1054.4	39.4975186	73.6048994	4286.8
214	93.6	90.1	93.6	157,935,37,18	1050.4	39.4989885	73.6046394	4285.4
215	69.6	68.1	83.1	934,265,34,21	1049.6	39.5002438	73.6048401	4260.9
216	105.6	104.6	107.1	1877,113,36,32	1046.7	39.4979682	73.6047631	4285.4
217	150.2	148.7	150.7	534,817,43,16	1038.8	39.4975185	73.6048991	4288.6
218	67.1	67.1	67.6	49,25,24,28	1037.9	39.5002675	73.6048490	4260.8
219	158.7	158.7	159.2	0,529,27,12	1035.8	39.4975189	73.6048990	4288.2
220	48.1	48.1	50.6	1876,161,34,18	1031.4	39.5002709	73.6048517	4260.1
221	48.1	48.1	48.1	0,721,17,26	1030.3	39.5002709	73.6048517	4260.1
222	100.1	97.6	101.6	15,555,18,22	1028.8	39.4984804	73.6046722	4285.4
223	92.6	87.6	95.6	1819,95,28,18	1025.0	39.4990172	73.6046433	4285.4
224	115.6	114.6	118.6	643,437,20,28	1021.1	39.4976889	73.6048272	4285.4
225	28.0	23.5	28.5	4,19,23,30	1016.9	39.5008181	73.6049508	4259.7
226	52.6	52.6	52.6	1409,31,33,15	1015.9	39.5002709	73.6048512	4260.2
227	63.1	62.6	63.1	937,64,18,33	1012.9	39.5002726	73.6048520	4260.7
228	52.1	52.1	53.6	661,613,36,28	1012.1	39.5002708	73.6048512	4260.1
229	48.6	48.6	48.6	90,217,18,37	1011.1	39.5002712	73.6048517	4260.1
230	42.6	41.5	42.6	1499,1060,28,20	999.4	39.5002684	73.6048515	4259.9
231	35.5	26.0	36.0	1673,257,32,30	998.0	39.5003002	73.6048569	4259.6
232	99.6	98.1	99.6	0,571,14,34	998.0	39.4985277	73.6046624	4285.4
233	97.6	97.6	100.1	0,0,49,18	995.7	39.4987084	73.6046272	4285.4
234	154.2	153.7	155.2	232,962,27,27	994.7	39.4975191	73.6048988	4288.5
235	49.1	49.1	51.6	1645,145,20,32	984.5	39.5002713	73.6048519	4260.1
236	34.0	31.5	35.5	905,505,32,16	982.2	39.5003929	73.6048738	4259.7
237	48.1	48.1	48.1	817,533,24,22	979.7	39.5002709	73.6048517	4260.1
238	54.1	53.1	54.6	954,433,23,17	972.1	39.5002714	73.6048514	4260.6
239	95.6	95.6	95.6	1871,801,22,20	968.9	39.4988742	73.6046236	4285.4
240	43.6	42.6	43.6	1197,1066,26,14	967.8	39.5002689	73.6048516	4260.0
241	158.2	158.2	160.7	465,747,32,16	967.2	39.4975190	73.6048990	4288.2
242	56.6	53.1	58.1	1128,347,33,14	965.0	39.5002719	73.6048514	4260.7
243	164.7	164.7	164.7	55,37,16,20	964.4	39.4975186	73.6048992	4287.1
244	148.7	137.7	149.2	149,1051,22,20	958.9	39.4975186	73.6048992	4288.6
245	158.2	158.2	158.7	611,147,20,14	954.6	39.4975190	73.6048990	4288.2
246	53.6	53.1	53.6	1907,391,13,26	945.5	39.5002714	73.6048513	4260.5
247	81.6	79.6	82.1	1666,79,29,24	937.4	39.4996353	73.6047408	4277.3
248	60.1	60.1	60.6	553,209,23,20	937.3	39.5002723	73.6048516	4260.7
249	85.6	82.1	86.1	0,727,39,18	935.5	39.4993316	73.6046911	4282.0
250	52.1	52.1	52.1	1265,17,20,22	934.4	39.5002708	73.6048512	4260.1
251	151.2	149.7	156.2	123,469,26,22	931.2	39.4975187	73.6048990	4288.6
252	116.1	116.1	124.6	1089,595,22,14	929.9	39.4976712	73.6048365	4285.5
253	166.2	164.7	167.2	1777,673,16,16	926.5	39.4975185	73.6048992	4286.8
254	106.6	106.1	109.1	1835,271,20,32	924.5	39.4978794	73.6047789	4285.4
255	153.2	153.2	153.7	0,859,21,25	923.7	39.4975188	73.6048990	4288.6
256	48.6	48.6	55.6	985,807,32,22	919.9	39.5002712	73.6048517	4260.1
257	160.7	160.7	160.7	25,1036,26,27	916.3	39.4975190	73.6048994	4287.9
258	85.1	81.6	86.1	1898,81,22,22	912.7	39.4993681	73.6046970	4281.3
259	64.6	64.1	66.1	787,766,22,29	897.0	39.5002726	73.6048522	4260.7
260	48.6	48.6	49.6	722,849,13,42	895.1	39.5002712	73.6048517	4260.1
261	120.1	116.1	126.7	915,353,24,27	892.1	39.4975191	73.6048993	4285.4
262	3.0	0.5	6.5	1000,641,21,36	890.5	39.5025967	73.6053134	4258.2
263	53.6	53.1	62.6	1895,491,25,18	886.6	39.5002714	73.6048513	4260.5
264	108.6	107.1	111.6	1729,65,16,16	886.3	39.4977484	73.6048025	4285.3
265	57.6	57.6	58.6	805,84,26,29	884.1	39.5002720	73.6048516	4260.7
266	55.6	54.1	56.6	1107,38,20,31	877.3	39.5002718	73.6048514	4260.7
267	90.1	89.6	93.1	1905,81,15,16	876.0	39.4990346	73.6046454	4285.3
268	95.6	94.6	95.6	1866,755,29,20	875.3	39.4988742	73.6046236	4285.4
269	80.1	79.1	85.6	1884,79,30,32	874.1	39.4997500	73.6047594	4275.6
270	162.2	162.2	162.7	1777,33,16,16	872.6	39.4975189	73.6048995	4287.6
271	96.6	96.6	97.1	1753,0,20,27	864.9	39.4987962	73.6046200	4285.4
272	95.6	95.6	96.6	129,1058,37,22	860.1	39.4988742	73.6046236	4285.4
273	36.5	36.5	37.0	683,785,20,16	859.1	39.5002739	73.6048518	4259.6
274	158.2	157.2	159.2	747,983,22,36	857.7	39.4975190	73.6048990	4288.2
275	73.1	69.1	76.6	148,1041,33,24	855.5	39.5001645	73.6048265	4263.4
276	67.6	67.1	68.1	0,955,12,36	852.6	39.5002641	73.6048473	4260.8
277	158.2	158.2	158.2	1449,735,14,28	850.6	39.4975190	73.6048990	4288.2
278	64.1	64.1	64.1	1833,213,22,26	850.2	39.5002726	73.6048521	4260.7
279	66.1	66.1	69.6	29,411,28,15	850.0	39.5002718	73.6048517	4260.8
280	159.2	159.2	160.7	7,691,16,20	849.6	39.4975189	73.6048991	4288.1
281	56.1	56.1	56.1	632,35,27,19	848.1	39.5002718	73.6048514	4260.7
282	128.7	126.7	138.2	781,817,19,24	845.1	39.4975172	73.6049005	4285.5
283	107.1	105.1	114.6	21,187,28,21	844.8	39.4978362	73.6047865	4285.4
284	100.1	98.1	100.1	1033,1035,24,10	844.5	39.4984804	73.6046722	4285.4
285	33.0	30.0	35.5	273,0,16,19	840.8	39.5004489	73.6048841	4259.7
286	160.2	160.2	160.7	1763,131,14,14	840.6	39.4975190	73.6048993	4287.9
287	150.2	150.2	153.7	1192,201,39,22	840.0	39.4975185	73.6048991	4288.6
288	158.7	158.7	159.7	0,821,23,14	838.7	39.4975189	73.6048990	4288.2
289	65.6	65.1	66.1	788,779,21,30	837.0	39.5002726	73.6048522	4260.7
290	89.1	84.6	94.6	1883,161,22,16	835.3	39.4990719	73.6046508	4285.3
291	64.1	64.1	66.1	23,1067,34,13	833.6	39.5002726	73.6048521	4260.7
292	49.1	48.6	51.6	946,130,23,21	833.2	39.5002713	73.6048519	4260.1
293	31.5	30.0	32.0	1804,92,27,24	832.1	39.5005473	73.6049019	4259.6
294	58.1	57.1	58.1	483,330,36,13	826.2	39.5002720	73.6048517	4260.7
295	48.1	48.1	49.1	1541,206,22,19	823.2	39.5002709	73.6048517	4260.1
296	8.0	7.0	13.5	1145,388,20,29	823.0	39.5023674	73.6052179	4258.2
297	19.0	12.5	21.5	479,0,42,9	822.4	39.5015687	73.6050846	4259.7
298	68.1	66.1	68.1	1489,689,16,16	820.8	39.5002604	73.6048459	4260.9
299	63.1	63.1	63.1	352,259,33,22	819.3	39.5002726	73.6048520	4260.7
300	95.6	95.6	96.6	67,1021,20,34	819.2	39.4988742	73.6046236	4285.4
301	106.1	105.1	106.6	1905,1017,15,14	813.9	39.4979231	73.6047711	4285.4
302	148.2	148.2	148.2	0,720,26,17	811.5	39.4975186	73.6048992	4288.6
303	61.1	61.1	61.1	529,337,24,24	808.4	39.5002723	73.6048519	4260.7
304	158.2	157.7	159.7	43,625,20,16	807.0	39.4975190	73.6048990	4288.2
305	63.1	63.1	63.1	900,499,18,26	805.5	39.5002726	73.6048520	4260.7
306	53.1	53.1	55.6	1003,13,22,18	805.3	39.5002712	73.6048512	4260.4
307	105.6	105.6	107.6	43,99,18,22	803.3	39.4979682	73.6047631	4285.4
308	165.7	165.2	165.7	0,1017,15,18	803.1	39.4975186	73.6048991	4286.9
309	94.1	89.6	96.1	59,866,6,55	797.1	39.4989665	73.6046363	4285.4
310	68.6	64.6	68.6	782,1014,30,23	796.5	39.5002565	73.6048443	4260.9
311	45.1	44.6	46.6	1771,171,18,31	793.9	39.5002698	73.6048514	4260.1
312	48.6	47.1	48.6	423,831,12,36	793.7	39.5002712	73.6048517	4260.1
313	40.0	29.5	42.1	1259,113,20,24	792.9	39.5002671	73.6048513	4259.7
314	94.1	86.1	95.6	87,793,16,24	791.3	39.4989665	73.6046363	4285.4
315	94.1	91.1	96.1	841,759,50,6	790.6	39.4989665	73.6046363	4285.4
316	44.6	44.6	44.6	1619,45,28,20	786.3	39.5002695	73.6048515	4260.1
317	63.6	63.6	66.6	915,517,17,21	785.2	39.5002726	73.6048520	4260.7
318	65.1	64.6	65.6	516,913,39,29	784.2	39.5002727	73.6048522	4260.7
319	80.6	80.1	93.1	916,647,27,26	782.0	39.4997117	73.6047532	4276.2
320	43.1	41.0	43.1	0,784,27,15	779.0	39.5002687	73.6048515	4260.0
321	98.1	98.1	98.1	49,241,16,16	777.4	39.4986637	73.6046346	4285.4
322	65.6	64.6	66.6	840,548,22,35	776.8	39.5002726	73.6048522	4260.7
323	157.2	156.7	161.2	33,433,16,16	774.2	39.4975191	73.6048989	4288.4
324	54.1	54.1	54.6	1772,0,16,21	773.6	39.5002714	73.6048514	4260.6
325	161.2	161.2	161.7	49,875,26,16	773.5	39.4975189	73.6048994	4287.8
326	127.2	126.2	128.7	777,945,24,28	772.7	39.4975167	73.6049010	4285.5
327	52.1	52.1	52.1	1777,113,15,24	770.7	39.5002708	73.6048512	4260.1
328	53.1	50.1	55.6	1087,0,35,18	768.5	39.5002712	73.6048512	4260.4
329	59.1	56.6	61.1	441,823,20,18	767.9	39.5002721	73.6048517	4260.7
330	99.1	98.6	101.6	857,785,24,22	767.7	39.4985725	73.6046527	4285.4
331	6.0	0.0	6.0	37,28,42,17	767.3	39.5024742	73.6052615	4258.2
332	62.1	62.1	62.1	763,71,33,18	764.7	39.5002726	73.6048520	4260.7
333	151.7	150.7	152.2	1282,921,17,15	758.6	39.4975187	73.6048990	4288.6
334	42.6	41.0	43.1	215,385,22,18	758.0	39.5002684	73.6048515	4259.9
335	40.0	38.0	41.0	1899,867,21,20	756.0	39.5002671	73.6048513	4259.7
336	105.6	105.6	106.1	1867,863,24,20	755.1	39.4979682	73.6047631	4285.4
337	33.5	22.5	36.0	749,774,22,15	753.0	39.5004239	73.6048795	4259.7
338	45.1	44.6	47.6	1607,243,15,39	750.8	39.5002698	73.6048514	4260.1
339	97.6	97.6	97.6	1301,1056,12,24	748.3	39.4987084	73.6046272	4285.4
340	117.1	116.6	117.6	111,711,19,14	747.9	39.4976286	73.6048575	4285.5
341	96.6	96.6	97.1	17,81,10,32	742.5	39.4987962	73.6046200	4285.4
342	47.1	44.1	47.1	993,273,16,16	741.6	39.5002706	73.6048515	4260.1
343	68.1	66.6	68.6	721,913,18,30	740.8	39.5002604	73.6048459	4260.9
344	128.2	122.6	129.2	785,945,22,18	739.8	39.4975171	73.6049006	4285.5
345	59.6	58.6	61.6	851,1067,26,13	738.9	39.5002722	73.6048516	4260.7
346	160.2	160.2	161.2	0,913,15,14	737.6	39.4975190	73.6048993	4287.9
347	146.2	144.7	146.2	1355,1057,30,18	737.1	39.4975186	73.6048991	4287.7
348	45.1	45.1	46.6	627,499,14,30	736.8	39.5002698	73.6048514	4260.1
349	64.6	64.1	68.1	1481,165,12,24	736.8	39.5002726	73.6048522	4260.7
350	40.0	37.5	43.6	1191,231,16,44	736.7	39.5002671	73.6048513	4259.7
351	166.7	164.7	166.7	911,147,18,16	734.9	39.4975186	73.6048993	4286.8
352	141.7	138.7	147.2	327,191,18,21	734.8	39.4975189	73.6048990	4285.0
353	48.6	48.6	52.1	0,647,21,38	730.8	39.5002712	73.6048517	4260.1
354	94.6	94.1	94.6	1446,1061,26,19	730.2	39.4989399	73.6046326	4285.4
355	103.1	102.6	103.6	415,816,32,19	727.4	39.4981990	73.6047218	4285.4
356	115.1	115.1	115.6	75,1035,22,20	726.8	39.4977047	73.6048187	4285.4
357	166.7	166.2	166.7	1219,787,22,12	726.0	39.4975186	73.6048993	4286.8
358	81.6	79.6	82.1	29,994,22,41	725.5	39.4996353	73.6047408	4277.3
359	59.6	59.6	61.6	871,483,20,16	725.3	39.5002722	73.6048516	4260.7
360	19.0	15.5	20.0	1717,473,15,24	723.9	39.5015687	73.6050846	4259.7
361	50.1	48.6	51.6	907,865,24,30	719.9	39.5002714	73.6048520	4260.1
362	103.1	96.1	103.1	322,871,31,29	719.8	39.4981990	73.6047218	4285.4
363	114.1	114.1	114.6	17,31,8,26	719.4	39.4977261	73.6048078	4285.4
364	99.1	99.1	100.6	913,811,24,20	717.4	39.4985725	73.6046527	4285.4
365	151.7	149.2	153.2	1575,827,18,14	715.3	39.4975187	73.6048990	4288.6
366	95.6	94.6	95.6	1311,779,12,30	714.1	39.4988742	73.6046236	4285.4
367	166.7	161.2	167.2	643,951,22,47	713.5	39.4975186	73.6048993	4286.8
368	160.2	159.2	160.7	1843,899,14,12	713.3	39.4975190	73.6048993	4287.9
369	19.0	18.5	22.0	1572,213,18,17	708.5	39.5015687	73.6050846	4259.7
370	42.6	41.5	43.6	751,1065,18,15	707.1	39.5002684	73.6048515	4259.9
371	149.7	148.7	149.7	0,441,14,30	703.8	39.4975185	73.6048991	4288.6
372	80.1	74.6	83.6	0,937,9,37	703.7	39.4997500	73.6047594	4275.6
373	164.7	162.2	164.7	1897,447,14,16	703.3	39.4975186	73.6048992	4287.1
374	48.6	48.6	51.6	345,1047,22,18	702.5	39.5002712	73.6048517	4260.1
375	164.7	163.2	164.7	1843,193,14,16	701.0	39.4975186	73.6048992	4287.1
376	114.1	108.6	115.6	660,762,39,15	698.2	39.4977261	73.6048078	4285.4
377	32.0	32.0	32.0	104,31,15,29	696.7	39.5005137	73.6048958	4259.6
378	133.2	127.2	138.2	457,1047,14,33	695.5	39.4975182	73.6049001	4285.5
379	64.6	64.6	67.6	1485,307,20,32	694.8	39.5002726	73.6048522	4260.7
380	67.1	66.1	68.1	1689,501,16,20	694.8	39.5002675	73.6048490	4260.8
381	30.5	29.0	31.5	1851,359,22,10	694.7	39.5006269	73.6049163	4259.6
382	8.5	1.5	12.0	1567,227,18,23	691.0	39.5023385	73.6052087	4258.2
383	26.5	13.5	27.0	1222,599,26,19	690.1	39.5009387	73.6049727	4259.7
384	150.2	147.7	150.2	1492,964,29,19	690.1	39.4975185	73.6048991	4288.6
385	59.1	57.1	60.1	985,0,22,17	689.1	39.5002721	73.6048517	4260.7
386	65.1	64.6	66.1	1030,771,18,30	688.2	39.5002727	73.6048522	4260.7
387	39.0	39.0	40.5	953,705,18,18	686.3	39.5002668	73.6048510	4259.7
388	107.1	105.1	107.6	1855,863,26,18	685.4	39.4978362	73.6047865	4285.4
389	94.1	94.1	95.1	800,777,17,24	683.9	39.4989665	73.6046363	4285.4
390	159.2	159.2	160.2	947,930,27,31	681.0	39.4975189	73.6048991	4288.1
391	48.6	48.6	52.1	499,591,18,20	678.7	39.5002712	73.6048517	4260.1
392	61.1	61.1	62.6	913,305,64,12	678.3	39.5002723	73.6048519	4260.7
393	44.1	44.1	44.1	1841,903,30,10	676.2	39.5002692	73.6048515	4260.1
394	52.6	52.6	52.6	1519,125,26,27	676.2	39.5002709	73.6048512	4260.2
395	46.6	45.1	46.6	757,835,18,22	672.7	39.5002705	73.6048514	4260.1
396	50.1	49.1	51.6	87,231,14,18	670.2	39.5002714	73.6048520	4260.1
397	146.7	145.7	147.2	0,533,15,22	670.1	39.4975187	73.6048991	4287.7
398	166.2	164.7	166.2	1633,1043,16,14	669.7	39.4975185	73.6048992	4286.8
399	41.0	41.0	42.1	907,425,22,24	669.1	39.5002676	73.6048512	4259.7
400	161.7	160.2	163.7	443,915,18,16	667.6	39.4975189	73.6048994	4287.7
401	56.1	56.1	56.1	801,183,26,14	666.2	39.5002718	73.6048514	4260.7
402	30.0	29.0	32.5	225,113,16,14	665.4	39.5006558	73.6049216	4259.7
403	56.6	55.6	56.6	501,353,29,32	661.3	39.5002719	73.6048514	4260.7
404	74.1	71.6	79.1	881,489,24,8	661.1	39.5001290	73.6048209	4265.5
405	60.6	60.6	60.6	1314,231,31,16	660.6	39.5002723	73.6048517	4260.7
406	156.7	156.7	157.7	1019,933,20,15	659.5	39.4975192	73.6048988	4288.4
407	166.7	165.7	166.7	0,161,19,16	658.8	39.4975186	73.6048993	4286.8
408	98.6	97.6	100.1	91,791,18,24	658.2	39.4986189	73.6046432	4285.4
409	56.6	56.6	56.6	1905,873,15,22	656.9	39.5002719	73.6048514	4260.7
410	127.2	126.2	127.2	313,1059,22,21	656.8	39.4975167	73.6049010	4285.5
411	76.1	75.1	77.6	45,0,20,29	655.4	39.5000297	73.6048051	4269.4
412	132.2	127.2	149.2	563,551,14,32	654.4	39.4975180	73.6049002	4285.5
413	45.1	45.1	47.1	1889,653,31,18	653.0	39.5002698	73.6048514	4260.1
414	47.6	47.6	47.6	1643,587,22,16	651.7	39.5002708	73.6048516	4260.1
415	93.1	90.1	94.6	1865,609,16,16	650.6	39.4990061	73.6046417	4285.4
416	116.1	116.1	117.1	65,561,32,11	650.5	39.4976712	73.6048365	4285.5
417	158.2	158.2	158.2	1634,1067,31,13	650.3	39.4975190	73.6048990	4288.2
418	60.1	59.1	60.1	1753,161,16,16	649.9	39.5002723	73.6048516	4260.7
419	52.6	52.6	52.6	1521,267,43,12	649.0	39.5002709	73.6048512	4260.2
420	63.1	63.1	63.1	1445,899,36,6	648.8	39.5002726	73.6048520	4260.7
421	68.6	68.6	68.6	68,1059,23,21	648.0	39.5002565	73.6048443	4260.9
422	43.1	42.1	46.6	1489,361,31,8	647.9	39.5002687	73.6048515	4260.0
423	166.7	166.7	166.7	1841,241,18,10	646.1	39.4975186	73.6048993	4286.8
424	59.6	59.6	60.1	633,511,28,18	643.7	39.5002722	73.6048516	4260.7
425	95.1	94.1	95.1	1873,385,14,14	643.1	39.4989094	73.6046282	4285.4
426	63.6	63.6	63.6	581,985,22,18	642.5	39.5002726	73.6048520	4260.7
427	63.6	63.6	65.6	643,1041,16,24	642.0	39.5002726	73.6048520	4260.7
428	156.7	156.7	156.7	657,685,18,22	641.1	39.4975192	73.6048988	4288.4
429	59.6	59.6	59.6	679,157,18,19	637.2	39.5002722	73.6048516	4260.7
430	165.7	165.7	166.7	451,827,14,26	637.0	39.4975186	73.6048991	4286.9
431	105.6	105.6	106.6	227,21,22,16	635.8	39.4979682	73.6047631	4285.4
432	153.2	152.7	155.2	35,718,22,23	635.0	39.4975188	73.6048990	4288.6
433	56.6	56.6	56.6	1769,975,16,14	634.6	39.5002719	73.6048514	4260.7
434	157.2	154.7	157.2	739,979,19,12	634.3	39.4975191	73.6048989	4288.4
435	2.5	0.5	8.0	1236,401,11,26	632.5	39.5026102	73.6053191	4258.1
436	155.2	154.7	155.2	447,1056,26,17	632.0	39.4975191	73.6048988	4288.5
437	163.2	163.2	163.7	803,115,15,12	631.9	39.4975187	73.6048993	4287.4
438	95.6	95.6	95.6	1807,761,16,16	630.2	39.4988742	73.6046236	4285.4
439	90.1	87.1	95.6	1841,267,24,14	629.5	39.4990346	73.6046454	4285.3
440	48.1	47.6	48.1	757,897,24,10	628.4	39.5002709	73.6048517	4260.1
441	49.1	45.6	51.6	293,334,11,21	627.8	39.5002713	73.6048519	4260.1
442	159.2	159.2	159.2	0,987,9,20	627.1	39.4975189	73.6048991	4288.1
443	102.1	102.1	103.6	1825,267,16,22	625.8	39.4982943	73.6047053	4285.4
444	64.6	64.1	65.6	909,532,38,27	621.7	39.5002726	73.6048522	4260.7
445	150.7	150.7	151.7	1897,705,23,14	620.7	39.4975186	73.6048990	4288.6
446	57.6	56.1	58.6	0,1001,16,20	619.9	39.5002720	73.6048516	4260.7
447	37.0	37.0	37.0	1209,961,16,12	619.7	39.5002704	73.6048515	4259.6
448	23.5	19.0	23.5	0,431,17,18	617.5	39.5011885	73.6050175	4259.7
449	48.6	48.6	49.1	477,723,18,34	617.3	39.5002712	73.6048517	4260.1
450	160.7	160.7	162.2	1575,495,12,15	617.2	39.4975190	73.6048994	4287.9
451	63.1	63.1	63.1	881,351,18,14	616.9	39.5002726	73.6048520	4260.7
452	163.2	162.2	165.2	451,681,24,14	616.6	39.4975187	73.6048993	4287.4
453	77.1	76.6	77.1	241,1044,27,19	614.2	39.4999675	73.6047950	4271.1
454	96.6	96.1	98.6	1084,1033,13,32	613.0	39.4987962	73.6046200	4285.4
455	7.0	2.0	7.0	1073,401,18,16	612.8	39.5024226	73.6052397	4258.2
456	33.0	30.5	35.5	1017,919,34,14	612.5	39.5004489	73.6048841	4259.7
457	36.5	36.0	36.5	230,0,31,8	612.1	39.5002739	73.6048518	4259.6
458	96.1	93.6	97.1	889,937,16,25	610.1	39.4988362	73.6046207	4285.4
459	104.1	103.6	104.1	1879,219,12,30	609.1	39.4981051	73.6047385	4285.4
460	59.1	58.6	59.1	1192,291,29,14	608.5	39.5002721	73.6048517	4260.7
461	157.7	157.2	160.7	71,741,18,13	608.0	39.4975191	73.6048989	4288.3
462	165.2	165.2	165.7	241,467,14,12	605.7	39.4975185	73.6048991	4286.9
463	36.5	36.5	36.5	0,818,19,25	605.2	39.5002739	73.6048518	4259.6
464	163.2	161.2	167.2	368,930,16,13	603.2	39.4975187	73.6048993	4287.4
465	142.2	141.7	142.2	1889,1041,8,24	602.9	39.4975189	73.6048990	4285.0
466	59.1	57.6	61.1	1649,1031,14,20	602.2	39.5002721	73.6048517	4260.7
467	86.6	84.1	86.6	55,733,22,16	601.6	39.4992568	73.6046788	4283.2
468	144.7	140.2	147.2	0,525,15,24	601.2	39.4975187	73.6048991	4287.0
469	102.1	101.1	102.6	1855,1007,28,12	600.8	39.4982943	73.6047053	4285.4
470	98.1	98.1	98.1	1286,1057,25,16	598.7	39.4986637	73.6046346	4285.4
471	98.1	98.1	99.1	591,457,20,16	598.4	39.4986637	73.6046346	4285.4
472	112.6	112.6	112.6	23,33,16,18	598.4	39.4977318	73.6048051	4285.4
473	162.2	162.2	162.2	1507,1027,20,14	598.4	39.4975189	73.6048995	4287.6
474	105.1	104.6	106.1	766,879,15,18	597.6	39.4980127	73.6047551	4285.4
475	110.6	110.6	110.6	0,787,13,12	597.2	39.4977327	73.6048051	4285.4
476	11.0	10.5	11.5	0,125,18,20	596.9	39.5021820	73.6051784	4258.6
477	67.1	67.1	67.1	129,33,24,24	596.0	39.5002675	73.6048490	4260.8
478	164.7	161.7	167.2	720,980,16,18	592.5	39.4975186	73.6048992	4287.1
479	33.5	22.5	33.5	0,543,19,12	591.9	39.5004239	73.6048795	4259.7
480	68.6	68.6	69.6	0,128,7,44	591.8	39.5002565	73.6048443	4260.9
481	94.1	89.6	94.6	147,459,30,6	591.7	39.4989665	73.6046363	4285.4
482	133.2	121.1	137.7	651,1057,16,17	590.9	39.4975182	73.6049001	4285.5
483	62.6	62.6	62.6	871,503,17,18	590.4	39.5002726	73.6048520	4260.7
484	103.6	103.1	104.1	0,126,17,36	590.0	39.4981524	73.6047300	4285.4
485	58.1	57.1	59.1	1429,693,15,28	589.9	39.5002720	73.6048517	4260.7
486	148.2	148.2	148.2	241,1027,22,17	589.8	39.4975186	73.6048992	4288.6
487	114.1	114.1	116.6	33,619,16,14	588.8	39.4977261	73.6048078	4285.4
488	54.6	54.6	55.1	1016,433,29,14	588.5	39.5002715	73.6048513	4260.6
489	157.2	156.7	162.7	243,539,14,20	587.4	39.4975191	73.6048989	4288.4
490	0.0	0.0	0.5	1233,401,11,26	585.9	39.5026349	73.6053297	4258.0
491	60.1	59.1	61.1	1791,769,24,12	585.8	39.5002723	73.6048516	4260.7
492	57.1	57.1	58.6	299,949,20,20	585.6	39.5002720	73.6048515	4260.7
493	98.1	98.1	98.1	1793,153,22,16	584.4	39.4986637	73.6046346	4285.4
494	108.6	106.6	110.6	931,377,20,21	583.2	39.4977484	73.6048025	4285.3
495	89.1	86.6	95.6	1811,241,20,20	582.9	39.4990719	73.6046508	4285.3
496	80.1	80.1	85.6	897,556,8,29	582.6	39.4997500	73.6047594	4275.6
497	89.1	87.6	91.1	1801,105,24,18	581.7	39.4990719	73.6046508	4285.3
498	46.1	46.1	47.1	1559,401,10,29	580.7	39.5002703	73.6048514	4260.1
499	98.6	96.6	98.6	797,587,24,22	580.7	39.4986189	73.6046432	4285.4
500	151.7	150.7	152.2	1841,715,14,18	579.0	39.4975187	73.6048990	4288.6
501	113.6	111.6	116.1	595,877,13,17	578.6	39.4977310	73.6048057	4285.4
502	152.7	152.7	153.2	131,965,11,29	577.4	39.4975188	73.6048989	4288.6
503	150.2	150.2	151.7	1851,129,22,16	577.3	39.4975185	73.6048991	4288.6
504	49.1	48.6	51.6	113,757,16,18	577.1	39.5002713	73.6048519	4260.1
505	73.6	69.1	78.6	769,917,33,10	576.5	39.5001484	73.6048240	4264.4
506	44.6	44.6	45.6	257,401,16,16	574.6	39.5002695	73.6048515	4260.1
507	11.5	10.0	13.0	781,426,30,17	574.2	39.5021494	73.6051741	4259.1
508	52.6	52.6	52.6	1600,39,16,15	574.1	39.5002709	73.6048512	4260.2
509	44.6	44.6	44.6	1645,123,12,38	573.2	39.5002695	73.6048515	4260.1
510	160.2	159.7	161.2	33,919,32,16	573.2	39.4975190	73.6048993	4287.9
511	153.2	150.2	153.2	1897,787,16,22	572.3	39.4975188	73.6048990	4288.6
512	42.6	42.6	42.6	441,323,10,30	572.0	39.5002684	73.6048515	4259.9
513	72.6	70.6	73.1	395,1047,20,22	570.4	39.5001788	73.6048285	4262.5
514	49.6	48.1	51.6	1351,71,34,15	569.2	39.5002713	73.6048520	4260.1
515	56.6	56.6	58.6	944,159,17,18	568.8	39.5002719	73.6048514	4260.7
516	38.0	37.0	41.5	1427,435,14,14	567.2	39.5002674	73.6048510	4259.7
517	71.1	70.1	76.6	121,1017,17,24	566.3	39.5002140	73.6048336	4260.9
518	165.7	160.7	167.2	857,879,24,18	566.1	39.4975186	73.6048991	4286.9
519	31.0	31.0	35.5	396,0,15,25	565.5	39.5005895	73.6049095	4259.6
520	72.1	70.6	73.6	0,291,17,16	565.5	39.5001911	73.6048301	4261.6
521	37.0	37.0	37.0	1201,1029,24,20	564.8	39.5002704	73.6048515	4259.6
522	133.7	129.2	136.2	371,913,14,14	564.7	39.4975182	73.6049000	4285.5
523	138.7	138.7	138.7	1286,1007,26,22	564.5	39.4975189	73.6048991	4285.3
524	153.2	149.7	156.2	634,521,25,10	562.9	39.4975188	73.6048990	4288.6
525	21.5	20.0	29.0	1727,495,24,22	562.8	39.5013572	73.6050482	4259.7
526	152.2	151.7	156.2	457,307,26,12	561.9	39.4975187	73.6048990	4288.6
527	50.6	48.6	51.1	319,613,16,20	561.2	39.5002710	73.6048516	4260.1
528	60.6	60.1	60.6	439,597,17,15	559.9	39.5002723	73.6048517	4260.7
529	147.7	147.7	147.7	319,341,20,10	559.8	39.4975186	73.6048991	4288.5
530	82.6	80.1	84.6	321,847,24,14	559.6	39.4995585	73.6047283	4278.4
531	7.5	7.0	7.5	1239,401,16,32	556.9	39.5023958	73.6052288	4258.2
532	160.2	158.7	161.7	515,657,20,12	555.9	39.4975190	73.6048993	4287.9
533	150.2	149.7	152.7	649,689,14,30	554.9	39.4975185	73.6048991	4288.6
534	48.6	48.6	51.1	1790,976,23,21	554.7	39.5002712	73.6048517	4260.1
535	68.6	68.6	69.6	109,909,18,20	553.7	39.5002565	73.6048443	4260.9
536	111.6	111.6	111.6	1055,547,15,17	553.3	39.4977316	73.6048051	4285.4
537	103.1	103.1	103.1	171,1025,11,24	553.1	39.4981990	73.6047218	4285.4
538	8.0	3.5	22.5	1207,381,20,12	550.2	39.5023674	73.6052179	4258.2
539	59.6	59.6	63.1	1229,813,22,11	549.2	39.5002722	73.6048516	4260.7
540	69.6	69.6	69.6	1824,737,23,11	548.6	39.5002438	73.6048401	4260.9
541	36.5	36.5	36.5	553,23,18,16	548.0	39.5002739	73.6048518	4259.6
542	101.1	101.1	103.1	57,9,22,13	546.8	39.4983882	73.6046890	4285.4
543	48.1	48.1	48.1	1665,905,22,16	546.6	39.5002709	73.6048517	4260.1
544	165.7	165.2	166.7	70,631,23,12	546.6	39.4975186	73.6048991	4286.9
545	77.6	72.6	79.1	19,895,22,20	546.4	39.4999342	73.6047894	4272.0
546	65.1	63.6	66.6	1353,124,12,35	545.4	39.5002727	73.6048522	4260.7
547	59.1	59.1	59.1	745,553,14,16	544.5	39.5002721	73.6048517	4260.7
548	165.7	165.7	165.7	0,437,17,12	543.6	39.4975186	73.6048991	4286.9
549	69.6	69.1	69.6	57,257,12,24	542.5	39.5002438	73.6048401	4260.9
550	159.2	159.2	161.2	33,604,41,11	539.7	39.4975189	73.6048991	4288.1
551	66.6	66.6	66.6	93,977,16,24	536.4	39.5002701	73.6048506	4260.8
552	93.1	93.1	93.1	743,1043,10,14	535.9	39.4990061	73.6046417	4285.4
553	48.6	48.6	48.6	1307,893,18,14	535.6	39.5002712	73.6048517	4260.1
554	161.2	160.7	163.2	129,851,8,46	535.3	39.4975189	73.6048994	4287.8
555	49.6	49.6	50.1	795,537,25,32	534.5	39.5002713	73.6048520	4260.1
556	65.1	65.1	66.6	904,538,25,18	533.8	39.5002727	73.6048522	4260.7
557	58.1	57.1	58.6	1889,529,12,20	533.5	39.5002720	73.6048517	4260.7
558	86.6	85.6	86.6	737,1049,22,20	532.5	39.4992568	73.6046788	4283.2
559	29.5	0.0	29.5	1382,1058,22,22	532.4	39.5007010	73.6049298	4259.7
560	103.6	101.6	103.6	717,542,20,17	531.9	39.4981524	73.6047300	4285.4
561	62.6	59.6	63.1	1067,437,20,16	531.2	39.5002726	73.6048520	4260.7
562	46.6	44.1	47.6	1459,357,10,16	530.9	39.5002705	73.6048514	4260.1
563	152.7	152.2	154.7	115,647,22,28	530.9	39.4975188	73.6048989	4288.6
564	54.6	54.6	56.6	803,1061,10,19	530.1	39.5002715	73.6048513	4260.6
565	149.2	149.2	150.7	401,761,10,20	530.0	39.4975186	73.6048991	4288.6
566	88.1	78.1	89.6	41,865,24,8	529.4	39.4991437	73.6046607	4284.9
567	23.0	19.5	24.5	153,36,19,16	528.0	39.5012309	73.6050252	4259.7
568	129.2	129.2	129.2	483,275,28,20	525.5	39.4975174	73.6049005	4285.5
569	63.1	63.1	63.1	1691,60,14,17	523.9	39.5002726	73.6048520	4260.7
570	159.7	156.7	160.7	818,926,21,17	523.6	39.4975190	73.6048992	4288.0
571	52.1	52.1	52.1	329,364,22,19	523.3	39.5002708	73.6048512	4260.1
572	61.6	59.6	62.1	138,325,19,16	523.0	39.5002724	73.6048519	4260.7
573	58.6	57.1	58.6	1889,888,10,23	522.8	39.5002721	73.6048517	4260.7
574	66.6	66.1	66.6	179,869,22,16	521.8	39.5002701	73.6048506	4260.8
575	78.1	71.6	78.1	0,929,17,19	521.6	39.4998994	73.6047836	4272.8
576	83.6	83.6	91.6	494,105,25,18	521.1	39.4994825	73.6047158	4279.5
577	34.0	23.5	36.5	645,228,25,28	519.8	39.5003929	73.6048738	4259.7
578	151.2	151.2	151.2	1377,945,30,6	519.1	39.4975187	73.6048990	4288.6
579	48.6	44.6	49.6	363,641,20,14	517.5	39.5002712	73.6048517	4260.1
580	16.5	14.5	18.5	1527,163,26,10	516.9	39.5017783	73.6051188	4259.7
581	52.1	52.1	52.1	384,992,11,23	514.8	39.5002708	73.6048512	4260.1
582	56.6	55.1	56.6	815,117,22,23	513.6	39.5002719	73.6048514	4260.7
583	128.2	128.2	136.7	433,850,16,21	513.0	39.4975171	73.6049006	4285.5
584	42.6	39.5	43.1	141,433,30,26	512.9	39.5002684	73.6048515	4259.9
585	163.2	161.2	163.2	373,994,14,31	512.8	39.4975187	73.6048993	4287.4
586	115.6	114.6	115.6	91,241,6,24	510.6	39.4976889	73.6048272	4285.4
587	89.1	89.1	89.1	97,545,8,18	510.4	39.4990719	73.6046508	4285.3
588	47.6	44.1	47.6	1131,454,18,17	509.2	39.5002708	73.6048516	4260.1
589	44.6	44.6	44.6	469,181,14,12	508.3	39.5002695	73.6048515	4260.1
590	106.6	106.1	107.6	65,19,12,20	508.2	39.4978794	73.6047789	4285.4
591	165.7	164.2	166.2	1055,1061,16,19	507.8	39.4975186	73.6048991	4286.9
592	53.1	53.1	54.1	1337,0,22,9	507.1	39.5002712	73.6048512	4260.4
593	63.1	62.1	63.1	256,351,20,15	506.7	39.5002726	73.6048520	4260.7
594	101.1	99.6	103.1	809,689,12,16	506.3	39.4983882	73.6046890	4285.4
595	49.6	48.6	51.6	1617,637,22,19	506.2	39.5002713	73.6048520	4260.1
596	154.2	154.2	157.2	46,654,30,13	505.0	39.4975191	73.6048988	4288.5
597	60.6	59.6	60.6	733,1019,10,17	503.4	39.5002723	73.6048517	4260.7
598	128.2	126.2	128.7	505,1001,14,14	503.4	39.4975171	73.6049006	4285.5
599	48.1	48.1	48.1	451,971,12,16	502.6	39.5002709	73.6048517	4260.1
600	68.1	66.6	68.1	1810,561,17,24	501.6	39.5002604	73.6048459	4260.9
601	69.1	69.1	70.6	25,669,12,22	500.0	39.5002513	73.6048424	4260.9
602	68.6	68.6	78.6	847,448,14,27	499.9	39.5002565	73.6048443	4260.9
603	95.1	94.6	96.1	1665,945,15,13	499.4	39.4989094	73.6046282	4285.4
604	156.7	155.2	156.7	321,1036,21,13	498.6	39.4975192	73.6048988	4288.4
605	52.6	52.6	52.6	759,241,17,14	498.4	39.5002709	73.6048512	4260.2
606	156.7	156.7	157.7	1317,981,18,18	498.3	39.4975192	73.6048988	4288.4
607	56.6	53.6	56.6	1225,293,13,18	498.0	39.5002719	73.6048514	4260.7
608	52.6	52.6	52.6	1809,175,16,10	497.8	39.5002709	73.6048512	4260.2
609	72.6	70.1	76.6	63,550,16,17	497.7	39.5001788	73.6048285	4262.5
610	58.6	58.1	58.6	1621,0,20,23	496.7	39.5002721	73.6048517	4260.7
611	46.1	46.1	46.1	1035,0,20,15	496.3	39.5002703	73.6048514	4260.1
612	166.2	166.2	166.2	1878,1021,42,4	496.3	39.4975185	73.6048992	4286.8
613	166.7	166.7	166.7	810,185,25,8	496.3	39.4975186	73.6048993	4286.8
614	71.6	71.1	71.6	89,1041,21,14	496.2	39.5002028	73.6048318	4260.9
615	42.1	42.1	43.6	1361,853,16,18	495.9	39.5002681	73.6048514	4259.9
616	94.6	84.6	94.6	710,801,25,12	495.9	39.4989399	73.6046326	4285.4
617	110.1	108.1	110.6	1091,835,14,16	494.7	39.4977340	73.6048048	4285.4
618	56.1	56.1	56.1	155,417,10,16	494.6	39.5002718	73.6048514	4260.7
619	48.6	48.6	50.1	150,373,17,22	494.0	39.5002712	73.6048517	4260.1
620	69.6	68.6	69.6	915,974,21,28	494.0	39.5002438	73.6048401	4260.9
621	107.1	107.1	107.1	1833,9,16,23	493.9	39.4978362	73.6047865	4285.4
622	48.6	48.1	48.6	404,945,15,14	493.2	39.5002712	73.6048517	4260.1
623	104.1	101.6	104.1	1891,561,22,10	489.4	39.4981051	73.6047385	4285.4
624	99.1	97.6	101.1	0,699,9,22	487.9	39.4985725	73.6046527	4285.4
625	149.2	148.7	149.7	14,342,25,19	485.7	39.4975186	73.6048991	4288.6
626	39.0	38.5	39.5	1809,899,14,11	484.9	39.5002668	73.6048510	4259.7
627	45.1	44.6	46.6	1810,652,36,12	484.3	39.5002698	73.6048514	4260.1
628	107.1	107.1	107.6	1897,59,16,20	484.2	39.4978362	73.6047865	4285.4
629	130.2	126.2	130.7	406,737,16,14	482.9	39.4975176	73.6049004	4285.5
630	58.6	57.1	58.6	646,117,17,25	482.5	39.5002721	73.6048517	4260.7
631	79.1	77.6	82.1	169,810,10,23	481.5	39.4998254	73.6047716	4274.4
632	52.1	52.1	52.1	265,1051,14,22	481.3	39.5002708	73.6048512	4260.1
633	63.1	62.1	63.1	1523,571,16,12	481.0	39.5002726	73.6048520	4260.7
634	42.6	42.1	42.6	1671,225,22,10	479.9	39.5002684	73.6048515	4259.9
635	52.6	52.6	52.6	1449,336,16,11	479.8	39.5002709	73.6048512	4260.2
636	117.1	117.1	117.1	119,17,10,16	479.8	39.4976286	73.6048575	4285.5
637	106.1	106.1	106.6	1911,945,9,18	479.5	39.4979231	73.6047711	4285.4
638	47.6	47.6	47.6	1793,280,14,14	479.4	39.5002708	73.6048516	4260.1
639	98.1	98.1	98.1	1553,33,16,16	479.4	39.4986637	73.6046346	4285.4
640	78.6	78.1	79.1	891,487,22,12	478.5	39.4998620	73.6047775	4273.6
641	54.1	52.1	59.1	1051,437,20,12	478.2	39.5002714	73.6048514	4260.6
642	71.1	71.1	73.6	0,683,9,24	478.2	39.5002140	73.6048336	4260.9
643	63.1	63.1	63.6	1867,641,15,12	477.1	39.5002726	73.6048520	4260.7
644	44.1	44.1	44.1	1875,803,34,11	476.5	39.5002692	73.6048515	4260.1
645	111.1	109.1	111.1	1122,896,17,12	476.4	39.4977319	73.6048051	4285.4
646	43.6	42.6	43.6	141,555,16,16	476.3	39.5002689	73.6048516	4260.0
647	88.1	87.6	88.6	584,289,11,23	475.8	39.4991437	73.6046607	4284.9
648	36.0	28.5	36.0	665,375,22,16	473.4	39.5002820	73.6048532	4259.6
649	160.2	159.7	160.2	451,1025,24,16	473.0	39.4975190	73.6048993	4287.9
650	148.2	148.2	148.2	314,222,16,15	472.6	39.4975186	73.6048992	4288.6
651	150.7	148.7	150.7	385,569,15,24	472.6	39.4975186	73.6048990	4288.6
652	100.6	97.6	100.6	33,773,30,16	472.4	39.4984350	73.6046809	4285.4
653	119.1	112.1	119.1	665,545,14,16	471.2	39.4975346	73.6048943	4285.5
654	104.6	104.6	104.6	429,1015,34,12	469.9	39.4980590	73.6047468	4285.4
655	156.7	153.7	156.7	735,1061,18,12	469.3	39.4975192	73.6048988	4288.4
656	45.6	44.6	45.6	121,751,19,12	468.0	39.5002701	73.6048514	4260.1
657	86.6	86.6	87.1	317,5,20,11	467.9	39.4992568	73.6046788	4283.2
658	0.5	0.0	6.5	118,151,26,16	467.8	39.5026319	73.6053283	4258.0
659	61.1	59.6	61.1	1673,0,14,17	466.8	39.5002723	73.6048519	4260.7
660	159.7	157.7	161.7	598,882,20,17	466.8	39.4975190	73.6048992	4288.0
661	53.1	53.1	56.1	393,501,14,15	466.7	39.5002712	73.6048512	4260.4
662	79.1	79.1	81.6	1849,0,9,17	466.6	39.4998254	73.6047716	4274.4
663	37.0	37.0	37.0	455,1073,20,7	466.5	39.5002704	73.6048515	4259.6
664	52.1	52.1	52.1	149,271,14,20	465.3	39.5002708	73.6048512	4260.1
665	106.1	106.1	106.1	1761,1025,8,22	465.1	39.4979231	73.6047711	4285.4
666	82.1	81.1	82.6	107,1049,12,24	465.0	39.4995969	73.6047345	4277.8
667	77.6	75.6	77.6	349,1047,26,14	464.8	39.4999342	73.6047894	4272.0
668	133.2	129.2	137.7	609,683,15,14	464.8	39.4975182	73.6049001	4285.5
669	105.6	105.6	107.6	1875,0,16,39	464.7	39.4979682	73.6047631	4285.4
670	64.1	64.1	64.1	1461,657,11,14	462.6	39.5002726	73.6048521	4260.7
671	158.2	155.2	158.2	443,1073,22,7	462.4	39.4975190	73.6048990	4288.2
672	52.1	52.1	52.1	170,746,17,15	462.1	39.5002708	73.6048512	4260.1
673	62.1	60.1	62.1	499,833,14,18	462.1	39.5002726	73.6048520	4260.7
674	157.7	157.7	157.7	16,679,19,18	461.7	39.4975191	73.6048989	4288.3
675	61.6	58.1	61.6	1827,497,16,12	461.6	39.5002724	73.6048519	4260.7
676	48.1	48.1	48.1	117,931,14,26	461.4	39.5002709	73.6048517	4260.1
677	148.2	148.2	149.7	1373,502,19,15	460.7	39.4975186	73.6048992	4288.6
678	25.5	18.5	26.5	1618,1008,31,7	460.6	39.5010215	73.6049876	4259.7
679	31.0	29.0	33.5	177,1025,16,10	459.2	39.5005895	73.6049095	4259.6
680	83.1	79.6	85.1	1177,934,19,25	457.3	39.4995204	73.6047220	4279.0
681	104.1	103.6	104.1	713,601,20,8	457.2	39.4981051	73.6047385	4285.4
682	48.6	48.6	51.6	291,683,12,24	457.0	39.5002712	73.6048517	4260.1
683	67.6	67.6	68.1	111,0,15,25	456.5	39.5002641	73.6048473	4260.8
684	56.6	56.6	56.6	339,927,12,16	456.3	39.5002719	73.6048514	4260.7
685	44.1	44.1	46.1	1473,465,8,16	456.2	39.5002692	73.6048515	4260.1
686	99.1	98.1	102.6	545,414,16,17	456.2	39.4985725	73.6046527	4285.4
687	51.6	49.1	51.6	155,1031,15,16	456.0	39.5002707	73.6048513	4260.1
688	141.2	139.7	141.7	433,0,16,7	455.9	39.4975190	73.6048990	4285.0
689	51.6	48.1	51.6	1632,60,27,11	455.3	39.5002707	73.6048513	4260.1
690	32.0	30.0	32.0	39,609,10,16	454.8	39.5005137	73.6048958	4259.6
691	148.2	148.2	148.2	462,1058,13,13	454.7	39.4975186	73.6048992	4288.6
692	37.0	35.0	37.0	969,473,16,12	454.4	39.5002704	73.6048515	4259.6
693	39.5	39.5	40.5	1395,435,14,12	454.3	39.5002669	73.6048512	4259.7
694	163.2	163.2	163.7	1751,323,10,12	454.3	39.4975187	73.6048993	4287.4
695	81.1	80.6	81.6	1777,45,31,12	453.0	39.4996738	73.6047471	4276.7
696	104.1	104.1	104.1	1905,56,15,24	452.5	39.4981051	73.6047385	4285.4
697	56.1	56.1	56.6	1607,259,16,17	452.3	39.5002718	73.6048514	4260.7
698	106.6	106.6	106.6	1681,231,28,11	451.9	39.4978794	73.6047789	4285.4
699	25.0	25.0	28.5	85,817,15,15	451.3	39.5010628	73.6049949	4259.7
700	77.1	74.6	78.1	1701,33,20,10	451.2	39.4999675	73.6047950	4271.1
701	39.0	39.0	41.0	1361,811,18,12	451.1	39.5002668	73.6048510	4259.7
702	63.1	59.6	63.1	1017,475,29,12	450.9	39.5002726	73.6048520	4260.7
703	50.1	48.1	51.1	1377,0,16,9	450.4	39.5002714	73.6048520	4260.1
704	61.1	61.1	61.6	733,1029,12,14	448.8	39.5002723	73.6048519	4260.7
705	93.1	93.1	96.1	515,875,20,20	448.5	39.4990061	73.6046417	4285.4
706	166.2	166.2	166.2	822,833,11,21	448.4	39.4975185	73.6048992	4286.8
707	138.7	137.2	140.7	521,821,16,12	448.2	39.4975189	73.6048991	4285.3
708	41.0	41.0	41.0	1859,867,16,14	447.7	39.5002676	73.6048512	4259.7
709	156.7	156.2	156.7	669,1033,16,20	447.6	39.4975192	73.6048988	4288.4
710	28.0	26.0	28.0	1025,721,12,16	447.5	39.5008181	73.6049508	4259.7
711	63.1	63.1	63.1	1827,698,14,13	447.0	39.5002726	73.6048520	4260.7
712	98.1	98.1	98.1	675,602,14,15	446.8	39.4986637	73.6046346	4285.4
713	47.1	44.1	47.6	650,846,13,18	446.4	39.5002706	73.6048515	4260.1
714	103.1	100.6	104.1	788,605,14,12	446.3	39.4981990	73.6047218	4285.4
715	100.1	98.1	100.1	25,347,16,11	446.2	39.4984804	73.6046722	4285.4
716	17.5	14.5	19.5	22,988,18,11	445.9	39.5016952	73.6051053	4259.7
717	56.1	56.1	56.1	1723,551,19,10	445.7	39.5002718	73.6048514	4260.7
718	122.1	121.1	128.2	641,417,11,16	443.6	39.4975152	73.6049010	4285.5
719	115.6	114.1	115.6	287,573,14,12	443.0	39.4976889	73.6048272	4285.4
720	93.6	93.6	95.1	51,19,14,12	442.9	39.4989885	73.6046394	4285.4
721	69.1	69.1	69.6	42,65,21,12	442.3	39.5002513	73.6048424	4260.9
722	149.7	148.7	149.7	379,1012,21,13	441.7	39.4975185	73.6048991	4288.6
723	107.6	107.1	107.6	1705,1011,14,12	441.5	39.4977971	73.6047935	4285.4
724	151.2	151.2	151.2	592,331,33,6	441.5	39.4975187	73.6048990	4288.6
725	166.7	162.7	166.7	1315,1027,14,12	440.2	39.4975186	73.6048993	4286.8
726	60.6	59.1	62.6	241,817,18,10	440.1	39.5002723	73.6048517	4260.7
727	41.0	41.0	42.6	1657,131,9,27	439.8	39.5002676	73.6048512	4259.7
728	165.7	162.2	167.2	913,1015,16,12	439.8	39.4975186	73.6048991	4286.9
729	167.2	166.7	167.2	593,801,14,15	438.2	39.4975186	73.6048994	4286.8
730	114.1	114.1	114.6	81,9,16,8	438.0	39.4977261	73.6048078	4285.4
731	38.5	38.5	40.5	171,133,18,14	437.7	39.5002669	73.6048510	4259.7
732	40.5	38.0	42.1	1719,767,18,14	437.5	39.5002674	73.6048513	4259.7
733	52.1	52.1	53.1	474,1063,15,17	437.1	39.5002708	73.6048512	4260.1
734	166.2	162.2	166.2	551,829,16,22	437.1	39.4975185	73.6048992	4286.8
735	78.6	78.1	80.1	9,0,14,25	436.7	39.4998620	73.6047775	4273.6
736	62.1	62.1	62.1	581,0,16,22	435.5	39.5002726	73.6048520	4260.7
737	133.2	129.7	137.7	668,985,19,9	435.1	39.4975182	73.6049001	4285.5
738	60.1	59.6	60.6	74,1045,15,13	434.5	39.5002723	73.6048516	4260.7
739	61.1	56.1	61.1	965,991,12,14	433.4	39.5002723	73.6048519	4260.7
740	48.6	46.1	51.6	527,672,22,19	431.5	39.5002712	73.6048517	4260.1
741	74.6	70.1	77.6	792,400,12,21	431.2	39.5001080	73.6048177	4266.5
742	56.6	54.6	56.6	652,0,26,13	431.0	39.5002719	73.6048514	4260.7
743	52.1	52.1	52.1	1213,393,20,8	430.7	39.5002708	73.6048512	4260.1
744	117.1	116.6	120.6	740,609,19,28	429.6	39.4976286	73.6048575	4285.5
745	94.6	91.1	94.6	1264,1035,19,14	429.4	39.4989399	73.6046326	4285.4
746	98.6	98.1	98.6	1793,1017,24,24	427.8	39.4986189	73.6046432	4285.4
747	92.6	91.1	92.6	387,183,28,10	427.7	39.4990172	73.6046433	4285.4
748	57.6	55.6	60.1	949,95,12,24	426.9	39.5002720	73.6048516	4260.7
749	61.1	60.1	61.1	1399,761,20,18	426.7	39.5002723	73.6048519	4260.7
750	63.1	63.1	63.1	1661,87,13,15	426.2	39.5002726	73.6048520	4260.7
751	48.1	48.1	48.1	1792,293,19,11	425.3	39.5002709	73.6048517	4260.1
752	46.1	44.1	48.1	1280,233,13,17	425.2	39.5002703	73.6048514	4260.1
753	67.1	67.1	72.1	0,367,9,18	424.2	39.5002675	73.6048490	4260.8
754	88.1	86.1	88.6	145,1066,16,11	424.2	39.4991437	73.6046607	4284.9
755	101.6	100.1	101.6	0,105,15,10	424.2	39.4983410	73.6046972	4285.4
756	62.1	62.1	62.1	1017,294,20,11	423.4	39.5002726	73.6048520	4260.7
757	78.6	75.6	79.6	176,766,20,20	423.1	39.4998620	73.6047775	4273.6
758	116.6	116.6	116.6	27,419,16,12	422.5	39.4976505	73.6048469	4285.5
759	102.6	101.1	103.1	647,511,18,20	422.4	39.4982464	73.6047136	4285.4
760	48.1	46.6	48.1	721,369,10,16	421.8	39.5002709	73.6048517	4260.1
761	37.0	37.0	37.0	1207,777,10,16	421.7	39.5002704	73.6048515	4259.6
762	69.1	69.1	69.6	1578,985,19,24	421.2	39.5002513	73.6048424	4260.9
763	19.0	15.5	23.0	1729,312,11,17	421.1	39.5015687	73.6050846	4259.7
764	115.6	115.6	115.6	0,273,7,16	420.3	39.4976889	73.6048272	4285.4
765	94.1	91.1	94.1	321,59,16,12	419.9	39.4989665	73.6046363	4285.4
766	100.6	99.6	101.6	879,828,17,12	419.9	39.4984350	73.6046809	4285.4
767	117.1	116.6	118.1	883,683,27,15	419.8	39.4976286	73.6048575	4285.5
768	73.1	71.1	73.1	0,1008,11,17	419.4	39.5001645	73.6048265	4263.4
769	91.1	88.6	92.6	369,91,16,12	418.2	39.4990265	73.6046446	4285.4
770	46.1	44.6	46.1	611,987,28,6	417.9	39.5002703	73.6048514	4260.1
771	47.6	47.6	47.6	1049,531,28,10	417.1	39.5002708	73.6048516	4260.1
772	103.6	103.6	103.6	99,1055,14,16	417.1	39.4981524	73.6047300	4285.4
773	64.1	63.6	64.1	937,237,16,14	416.5	39.5002726	73.6048521	4260.7
774	94.1	94.1	94.1	337,289,16,8	415.5	39.4989665	73.6046363	4285.4
775	160.2	155.7	160.2	657,691,30,6	415.0	39.4975190	73.6048993	4287.9
776	60.1	60.1	60.1	1025,417,16,8	414.6	39.5002723	73.6048516	4260.7
777	155.2	155.2	159.7	408,705,16,13	414.2	39.4975191	73.6048988	4288.5
778	103.6	103.6	103.6	1839,186,22,19	414.1	39.4981524	73.6047300	4285.4
779	52.1	52.1	52.1	197,631,18,16	413.9	39.5002708	73.6048512	4260.1
780	45.1	45.1	45.1	977,280,18,25	413.0	39.5002698	73.6048514	4260.1
781	32.0	32.0	32.0	57,1001,16,16	412.9	39.5005137	73.6048958	4259.6
782	95.1	86.1	95.1	1857,1017,8,16	412.2	39.4989094	73.6046282	4285.4
783	36.0	32.0	36.0	265,973,8,18	412.0	39.5002820	73.6048532	4259.6
784	117.6	116.6	117.6	565,3,17,18	411.6	39.4976052	73.6048682	4285.5
785	76.1	76.1	76.1	929,881,16,8	411.5	39.5000297	73.6048051	4269.4
786	160.2	158.2	163.7	989,714,18,9	411.5	39.4975190	73.6048993	4287.9
787	43.6	43.6	43.6	235,404,8,35	411.4	39.5002689	73.6048516	4260.0
788	98.6	98.6	98.6	961,987,16,18	411.3	39.4986189	73.6046432	4285.4
789	92.1	92.1	92.1	657,975,15,16	411.1	39.4990222	73.6046439	4285.4
790	149.2	148.7	149.7	0,826,28,12	410.8	39.4975186	73.6048991	4288.6
791	79.1	74.1	79.1	476,1065,13,15	410.6	39.4998254	73.6047716	4274.4
792	93.1	93.1	94.6	369,961,16,8	410.3	39.4990061	73.6046417	4285.4
793	108.1	108.1	109.6	427,915,14,12	409.7	39.4977667	73.6047989	4285.4
794	93.1	89.6	93.6	1353,1052,15,21	408.8	39.4990061	73.6046417	4285.4
795	59.1	57.1	59.1	1709,609,12,20	408.4	39.5002721	73.6048517	4260.7
796	156.2	156.2	156.2	36,993,16,21	407.8	39.4975192	73.6048988	4288.4
797	104.6	104.6	106.1	707,656,20,11	407.2	39.4980590	73.6047468	4285.4
798	117.6	117.6	118.6	129,919,18,13	407.1	39.4976052	73.6048682	4285.5
799	74.6	70.6	74.6	0,495,17,17	406.8	39.5001080	73.6048177	4266.5
800	78.1	78.1	78.1	561,149,18,12	406.2	39.4998994	73.6047836	4272.8
801	61.1	61.1	61.6	773,938,22,7	405.1	39.5002723	73.6048519	4260.7
802	97.6	97.1	98.6	67,629,19,11	404.8	39.4987084	73.6046272	4285.4
803	32.0	25.5	38.0	1357,617,28,22	404.7	39.5005137	73.6048958	4259.6
804	15.0	12.5	25.0	1511,1002,18,34	404.2	39.5019003	73.6051392	4259.7
805	102.6	102.6	102.6	163,781,12,14	404.1	39.4982464	73.6047136	4285.4
806	131.2	130.2	146.7	481,439,14,12	403.4	39.4975178	73.6049004	4285.5
807	64.1	63.1	64.1	562,406,10,25	403.3	39.5002726	73.6048521	4260.7
808	159.2	158.7	159.2	1686,1065,25,9	401.8	39.4975189	73.6048991	4288.1
809	48.6	48.6	48.6	1021,1027,18,18	401.7	39.5002712	73.6048517	4260.1
810	159.2	159.2	159.2	113,1060,8,20	401.4	39.4975189	73.6048991	4288.1
811	159.2	159.2	159.2	1094,982,33,8	401.0	39.4975189	73.6048991	4288.1
812	150.2	150.2	150.2	1745,527,19,10	400.2	39.4975185	73.6048991	4288.6
813	57.6	55.1	57.6	789,529,14,14	399.9	39.5002720	73.6048516	4260.7
814	150.2	150.2	151.7	1691,583,16,16	399.8	39.4975185	73.6048991	4288.6
815	44.1	44.1	44.1	593,471,22,10	399.7	39.5002692	73.6048515	4260.1
816	69.1	69.1	69.6	4,8,24,11	399.7	39.5002513	73.6048424	4260.9
817	149.7	139.2	149.7	25,725,16,15	397.6	39.4975185	73.6048991	4288.6
818	48.1	48.1	48.1	291,947,18,14	397.4	39.5002709	73.6048517	4260.1
819	44.6	44.6	46.6	1423,247,14,12	397.1	39.5002695	73.6048515	4260.1
820	7.0	7.0	7.0	1345,289,16,8	395.9	39.5024226	73.6052397	4258.2
821	55.6	55.1	55.6	1801,609,16,18	395.6	39.5002718	73.6048514	4260.7
822	44.1	43.1	44.1	1161,459,8,14	395.2	39.5002692	73.6048515	4260.1
823	56.1	56.1	56.1	1631,575,12,11	394.7	39.5002718	73.6048514	4260.7
824	44.1	44.1	46.6	963,15,14,16	394.3	39.5002692	73.6048515	4260.1
825	140.7	139.2	141.7	1823,403,40,12	394.3	39.4975190	73.6048990	4284.9
826	98.1	98.1	98.1	1699,25,29,10	394.0	39.4986637	73.6046346	4285.4
827	111.1	111.1	111.1	1903,57,10,28	393.6	39.4977319	73.6048051	4285.4
828	0.0	0.0	7.5	104,722,17,11	393.3	39.5026349	73.6053297	4258.0
829	13.0	10.0	13.0	732,81,29,10	392.6	39.5020496	73.6051610	4259.7
830	100.1	100.1	100.1	9,801,8,22	391.6	39.4984804	73.6046722	4285.4
831	53.6	53.6	54.6	781,939,18,15	391.2	39.5002714	73.6048513	4260.5
832	106.1	105.1	111.1	1793,225,16,12	390.8	39.4979231	73.6047711	4285.4
833	63.6	63.6	63.6	1103,166,14,20	390.1	39.5002726	73.6048520	4260.7
834	9.5	9.0	24.5	1537,630,22,17	389.3	39.5022778	73.6051933	4258.2
835	92.1	92.1	92.1	289,599,16,12	389.1	39.4990222	73.6046439	4285.4
836	147.2	147.2	148.2	39,625,10,16	389.1	39.4975185	73.6048990	4288.1
837	48.1	48.1	51.6	209,437,16,12	388.8	39.5002709	73.6048517	4260.1
838	48.6	47.6	50.1	51,755,10,26	388.5	39.5002712	73.6048517	4260.1
839	122.1	119.6	123.1	505,573,6,20	387.8	39.4975152	73.6049010	4285.5
840	67.6	67.1	67.6	239,39,20,12	386.7	39.5002641	73.6048473	4260.8
841	1.0	0.0	3.5	992,513,21,19	386.3	39.5026307	73.6053278	4258.0
842	42.6	42.6	42.6	1873,255,18,17	386.2	39.5002684	73.6048515	4259.9
843	47.6	47.1	48.1	1019,917,12,15	385.8	39.5002708	73.6048516	4260.1
844	122.6	117.6	126.7	565,459,16,21	384.0	39.4975152	73.6049011	4285.5
845	60.1	60.1	61.6	674,569,23,8	383.9	39.5002723	73.6048516	4260.7
846	95.1	95.1	95.1	1825,63,21,10	383.4	39.4989094	73.6046282	4285.4
847	19.0	18.0	21.5	296,16,13,17	382.3	39.5015687	73.6050846	4259.7
848	61.6	61.6	61.6	13,0,8,16	382.1	39.5002724	73.6048519	4260.7
849	61.1	59.6	61.1	417,971,12,15	382.0	39.5002723	73.6048519	4260.7
850	160.2	159.2	161.7	177,857,16,12	381.6	39.4975190	73.6048993	4287.9
851	56.1	54.6	56.1	1503,657,11,18	380.8	39.5002718	73.6048514	4260.7
852	5.5	5.5	6.0	300,657,18,12	380.7	39.5024976	73.6052714	4258.2
853	68.1	68.1	68.1	709,823,12,18	380.6	39.5002604	73.6048459	4260.9
854	32.0	30.0	32.0	151,897,10,16	380.5	39.5005137	73.6048958	4259.6
855	151.7	149.7	154.7	937,603,10,15	379.8	39.4975187	73.6048990	4288.6
856	48.1	48.1	48.1	711,609,18,10	379.7	39.5002709	73.6048517	4260.1
857	52.1	52.1	52.6	17,849,8,16	379.4	39.5002708	73.6048512	4260.1
858	153.7	153.7	153.7	59,966,19,9	379.4	39.4975190	73.6048989	4288.5
859	16.5	10.0	22.0	32,883,13,10	378.8	39.5017783	73.6051188	4259.7
860	104.1	101.1	104.1	616,395,19,14	378.7	39.4981051	73.6047385	4285.4
861	94.6	92.1	94.6	251,1058,14,15	378.3	39.4989399	73.6046326	4285.4
862	36.5	36.5	36.5	159,9,14,18	378.2	39.5002739	73.6048518	4259.6
863	105.6	105.6	105.6	1715,1027,18,14	377.9	39.4979682	73.6047631	4285.4
864	106.6	105.1	106.6	683,901,22,10	377.6	39.4978794	73.6047789	4285.4
865	117.1	115.1	118.1	1084,779,15,16	377.5	39.4976286	73.6048575	4285.5
866	15.0	14.0	17.5	1504,1059,26,21	377.1	39.5019003	73.6051392	4259.7
867	48.6	48.6	48.6	553,837,6,22	377.1	39.5002712	73.6048517	4260.1
868	59.6	59.6	61.1	123,947,10,14	376.8	39.5002722	73.6048516	4260.7
869	160.2	159.7	160.2	287,943,10,18	376.6	39.4975190	73.6048993	4287.9
870	13.0	11.0	14.5	1547,276,16,13	376.4	39.5020496	73.6051610	4259.7
871	151.2	151.2	151.2	731,641,10,19	376.4	39.4975187	73.6048990	4288.6
872	27.0	27.0	27.0	1897,197,16,12	376.0	39.5008978	73.6049652	4259.7
873	64.1	64.1	64.1	771,993,14,20	376.0	39.5002726	73.6048521	4260.7
874	140.2	139.2	142.2	1915,0,5,17	375.9	39.4975189	73.6048991	4284.9
875	50.1	49.1	51.6	673,334,13,16	375.8	39.5002714	73.6048520	4260.1
876	62.1	62.1	62.1	1329,779,14,14	375.8	39.5002726	73.6048520	4260.7
877	48.6	48.6	48.6	874,937,17,20	375.6	39.5002712	73.6048517	4260.1
878	26.5	26.0	26.5	1641,21,12,18	374.4	39.5009387	73.6049727	4259.7
879	55.1	55.1	56.6	1321,876,22,11	374.2	39.5002717	73.6048514	4260.7
880	56.6	56.6	56.6	1615,1073,19,7	374.2	39.5002719	73.6048514	4260.7
881	117.1	116.6	124.6	733,768,10,21	374.0	39.4976286	73.6048575	4285.5
882	128.2	121.6	129.2	657,899,24,12	373.8	39.4975171	73.6049006	4285.5
883	48.6	48.1	48.6	739,931,12,18	373.7	39.5002712	73.6048517	4260.1
884	57.6	57.6	57.6	1409,34,17,13	373.4	39.5002720	73.6048516	4260.7
885	130.2	128.2	131.2	414,1003,9,16	372.4	39.4975176	73.6049004	4285.5
886	148.7	148.7	148.7	1003,1059,9,18	372.4	39.4975186	73.6048992	4288.6
887	15.0	10.0	16.5	1293,545,10,16	371.9	39.5019003	73.6051392	4259.7
888	60.6	60.6	60.6	1831,0,12,7	371.6	39.5002723	73.6048517	4260.7
889	59.1	58.1	59.1	1427,829,21,14	371.5	39.5002721	73.6048517	4260.7
890	93.1	93.1	93.1	593,881,14,8	371.5	39.4990061	73.6046417	4285.4
891	159.2	159.2	164.7	36,539,29,9	371.5	39.4975189	73.6048991	4288.1
892	96.6	96.6	96.6	939,964,19,12	371.0	39.4987962	73.6046200	4285.4
893	54.1	54.1	54.1	225,801,16,11	370.8	39.5002714	73.6048514	4260.6
894	52.6	52.1	52.6	561,791,15,10	370.4	39.5002709	73.6048512	4260.2
895	59.6	59.6	61.6	1347,837,16,10	370.4	39.5002722	73.6048516	4260.7
896	107.6	107.1	107.6	1835,483,10,16	369.2	39.4977971	73.6047935	4285.4
897	98.1	98.1	98.1	961,681,6,24	368.6	39.4986637	73.6046346	4285.4
898	75.1	69.1	75.1	217,1009,11,16	368.3	39.5000838	73.6048138	4267.5
899	60.1	60.1	60.1	1859,179,22,22	368.0	39.5002723	73.6048516	4260.7
900	103.1	100.6	104.1	1135,829,9,20	368.0	39.4981990	73.6047218	4285.4
901	58.1	57.1	59.1	977,228,14,13	367.5	39.5002720	73.6048517	4260.7
902	37.0	37.0	37.0	553,629,8,14	367.3	39.5002704	73.6048515	4259.6
903	4.0	4.0	6.0	229,791,25,10	367.1	39.5025621	73.6052987	4258.2
904	155.7	155.2	158.2	305,689,18,8	366.3	39.4975192	73.6048988	4288.5
905	162.2	162.2	163.7	161,931,12,13	366.1	39.4975189	73.6048995	4287.6
906	70.6	70.1	71.6	169,921,10,17	365.4	39.5002247	73.6048356	4260.9
907	102.1	102.1	102.6	1867,673,10,16	365.4	39.4982943	73.6047053	4285.4
908	157.2	157.2	157.7	1873,833,16,8	364.8	39.4975191	73.6048989	4288.4
909	160.7	160.7	161.7	0,979,17,10	364.4	39.4975190	73.6048994	4287.9
910	48.1	48.1	48.1	951,199,26,9	364.3	39.5002709	73.6048517	4260.1
911	111.6	111.6	112.6	25,17,6,16	363.6	39.4977316	73.6048051	4285.4
912	64.1	64.1	64.1	1801,244,14,17	363.5	39.5002726	73.6048521	4260.7
913	100.6	100.6	100.6	19,453,12,12	362.7	39.4984350	73.6046809	4285.4
914	1.0	0.5	6.5	0,67,9,14	362.2	39.5026307	73.6053278	4258.0
915	104.1	104.1	104.1	385,37,8,12	361.5	39.4981051	73.6047385	4285.4
916	50.6	50.6	52.1	158,890,11,13	361.4	39.5002710	73.6048516	4260.1
917	12.0	12.0	14.0	33,945,14,16	359.6	39.5021172	73.6051700	4259.5
918	132.2	132.2	137.7	813,1073,12,7	359.5	39.4975180	73.6049002	4285.5
919	139.7	128.2	146.7	675,921,16,8	359.5	39.4975189	73.6048991	4285.0
920	152.7	152.7	153.2	94,907,17,29	359.2	39.4975188	73.6048989	4288.6
921	75.6	73.6	75.6	259,663,12,18	358.8	39.5000580	73.6048097	4268.5
922	83.1	82.6	85.6	1680,953,10,24	358.8	39.4995204	73.6047220	4279.0
923	56.1	54.6	56.1	1069,404,18,13	358.5	39.5002718	73.6048514	4260.7
924	149.7	149.2	149.7	33,152,25,6	358.2	39.4975185	73.6048991	4288.6
925	71.1	70.1	71.1	1899,933,15,20	358.1	39.5002140	73.6048336	4260.9
926	166.2	165.2	166.7	433,725,14,12	357.9	39.4975185	73.6048992	4286.8
927	105.6	104.6	106.1	751,749,24,13	357.7	39.4979682	73.6047631	4285.4
928	64.1	63.6	64.1	689,921,16,14	357.1	39.5002726	73.6048521	4260.7
929	95.6	93.6	95.6	415,57,14,16	357.1	39.4988742	73.6046236	4285.4
930	46.1	45.6	46.1	795,1036,11,19	356.9	39.5002703	73.6048514	4260.1
931	149.2	148.7	151.7	1905,251,15,14	356.9	39.4975186	73.6048991	4288.6
932	72.6	71.1	72.6	1913,81,7,18	356.7	39.5001788	73.6048285	4262.5
933	147.7	146.7	147.7	479,971,10,12	356.6	39.4975186	73.6048991	4288.5
934	54.1	54.1	54.1	1777,848,33,7	356.2	39.5002714	73.6048514	4260.6
935	35.0	35.0	35.5	1905,9,8,14	356.1	39.5003274	73.6048619	4259.6
936	157.7	157.7	157.7	67,1032,16,12	356.0	39.4975191	73.6048989	4288.3
937	37.0	37.0	37.0	641,735,16,10	355.8	39.5002704	73.6048515	4259.6
938	92.6	88.6	92.6	1727,283,16,12	354.7	39.4990172	73.6046433	4285.4
939	47.1	46.1	47.6	1679,337,26,14	354.6	39.5002706	73.6048515	4260.1
940	61.1	60.6	61.1	474,534,10,17	354.6	39.5002723	73.6048519	4260.7
941	56.1	55.6	56.1	951,753,12,16	354.4	39.5002718	73.6048514	4260.7
942	85.1	85.1	85.1	1721,881,8,17	354.2	39.4993681	73.6046970	4281.3
943	95.1	94.6	95.1	577,891,16,16	353.8	39.4989094	73.6046282	4285.4
944	41.0	41.0	42.1	1601,254,13,19	353.6	39.5002676	73.6048512	4259.7
945	55.6	55.6	55.6	291,485,13,42	353.1	39.5002718	73.6048514	4260.7
946	48.1	48.1	48.1	1441,43,24,12	353.0	39.5002709	73.6048517	4260.1
947	68.1	63.6	69.1	786,933,15,14	353.0	39.5002604	73.6048459	4260.9
948	62.6	62.6	62.6	1622,1073,19,7	352.7	39.5002726	73.6048520	4260.7
949	92.1	91.1	92.6	1697,161,16,8	352.6	39.4990222	73.6046439	4285.4
950	90.1	88.1	94.6	207,717,18,10	352.6	39.4990346	73.6046454	4285.3
951	11.0	11.0	11.0	1305,521,16,8	352.3	39.5021820	73.6051784	4258.6
952	11.0	8.0	13.0	809,489,16,13	352.3	39.5021820	73.6051784	4258.6
953	104.6	104.6	109.6	661,546,18,18	351.9	39.4980590	73.6047468	4285.4
954	42.6	42.6	42.6	33,230,16,18	351.8	39.5002684	73.6048515	4259.9
955	149.2	149.2	149.2	1526,239,11,16	351.8	39.4975186	73.6048991	4288.6
956	92.1	92.1	92.1	63,547,10,14	351.7	39.4990222	73.6046439	4285.4
957	27.0	24.5	29.5	1540,952,20,16	351.4	39.5008978	73.6049652	4259.7
958	166.7	164.7	167.2	163,868,14,15	351.2	39.4975186	73.6048993	4286.8
959	131.2	124.6	131.2	553,778,24,7	350.6	39.4975178	73.6049004	4285.5
960	94.6	94.6	95.6	433,1019,14,10	350.2	39.4989399	73.6046326	4285.4
961	64.6	64.6	66.1	1607,347,9,25	350.1	39.5002726	73.6048522	4260.7
962	61.6	61.6	61.6	147,234,25,13	350.0	39.5002724	73.6048519	4260.7
963	122.1	116.6	128.7	673,385,30,6	349.9	39.4975152	73.6049010	4285.5
964	79.6	78.1	81.1	1139,849,22,10	349.5	39.4997877	73.6047655	4275.0
965	6.0	0.0	7.0	531,572,14,27	349.0	39.5024742	73.6052615	4258.2
966	25.0	22.5	25.5	31,930,10,21	348.9	39.5010628	73.6049949	4259.7
967	141.2	137.7	146.7	563,795,14,17	348.6	39.4975190	73.6048990	4285.0
968	158.7	158.7	158.7	25,69,10,14	348.1	39.4975189	73.6048990	4288.2
969	62.6	62.1	62.6	1891,674,14,9	347.8	39.5002726	73.6048520	4260.7
970	164.2	164.2	164.2	1117,1058,14,10	347.4	39.4975187	73.6048993	4287.2
971	21.5	18.5	21.5	137,5,6,20	346.6	39.5013572	73.6050482	4259.7
972	96.6	96.1	97.1	1803,127,14,16	346.1	39.4987962	73.6046200	4285.4
973	106.1	105.1	106.1	1905,401,10,16	345.9	39.4979231	73.6047711	4285.4
974	117.1	117.1	117.1	1881,831,10,12	345.8	39.4976286	73.6048575	4285.5
975	57.6	55.6	57.6	719,483,10,22	345.4	39.5002720	73.6048516	4260.7
976	62.1	62.1	62.1	386,259,15,17	345.4	39.5002726	73.6048520	4260.7
977	60.6	60.6	60.6	0,409,6,24	345.2	39.5002723	73.6048517	4260.7
978	48.6	47.1	50.6	403,751,12,20	345.0	39.5002712	73.6048517	4260.1
979	100.6	99.1	100.6	303,1054,16,9	344.5	39.4984350	73.6046809	4285.4
980	129.2	126.2	138.7	659,811,14,12	344.5	39.4975174	73.6049005	4285.5
981	27.0	26.0	27.5	233,1001,8,24	344.1	39.5008978	73.6049652	4259.7
982	56.1	56.1	56.1	555,321,20,6	344.0	39.5002718	73.6048514	4260.7
983	81.6	81.6	86.6	567,886,25,12	343.4	39.4996353	73.6047408	4277.3
984	95.6	95.6	95.6	419,0,14,9	343.2	39.4988742	73.6046236	4285.4
985	62.1	62.1	62.1	1381,841,18,8	343.1	39.5002726	73.6048520	4260.7
986	117.6	117.6	118.6	875,1067,14,13	342.5	39.4976052	73.6048682	4285.5
987	162.2	162.2	162.2	49,385,16,7	342.5	39.4975189	73.6048995	4287.6
988	59.1	59.1	59.1	205,779,14,18	341.8	39.5002721	73.6048517	4260.7
989	148.7	148.7	149.7	1811,569,16,10	341.8	39.4975186	73.6048992	4288.6
990	113.1	111.6	115.1	744,1009,9,16	341.4	39.4977320	73.6048052	4285.4
991	158.2	158.2	158.2	1043,331,28,4	341.3	39.4975190	73.6048990	4288.2
992	59.1	59.1	59.1	1369,765,14,10	341.1	39.5002721	73.6048517	4260.7
993	104.6	104.6	105.1	646,306,17,20	340.8	39.4980590	73.6047468	4285.4
994	56.6	56.6	56.6	239,246,26,11	340.5	39.5002719	73.6048514	4260.7
995	144.7	138.7	147.2	1137,494,14,21	340.3	39.4975187	73.6048991	4287.0
996	8.0	1.0	9.0	1208,515,9,14	339.7	39.5023674	73.6052179	4258.2
997	57.1	57.1	57.1	1001,439,8,18	339.6	39.5002720	73.6048515	4260.7
998	97.1	97.1	97.1	1799,973,10,12	339.0	39.4987526	73.6046221	4285.4
999	85.1	85.1	85.1	177,0,16,7	338.4	39.4993681	73.6046970	4281.3
1000	154.7	154.2	154.7	147,274,14,9	338.4	39.4975191	73.6048987	4288.5
1001	159.2	157.7	159.2	177,489,14,8	338.4	39.4975189	73.6048991	4288.1
1002	47.1	45.6	47.6	1059,12,12,17	338.1	39.5002706	73.6048515	4260.1
1003	116.1	116.1	116.1	0,1059,7,12	337.4	39.4976712	73.6048365	4285.5
1004	54.6	53.1	56.6	933,217,10,23	336.8	39.5002715	73.6048513	4260.6
1005	37.0	37.0	39.5	1437,849,14,10	336.4	39.5002704	73.6048515	4259.6
1006	118.1	110.1	118.1	489,289,8,32	336.4	39.4975808	73.6048781	4285.5
1007	148.2	148.2	149.2	1141,423,12,10	336.4	39.4975186	73.6048992	4288.6
1008	118.1	117.6	118.1	1195,577,8,29	336.3	39.4975808	73.6048781	4285.5
1009	69.6	69.1	69.6	40,309,11,23	336.2	39.5002438	73.6048401	4260.9
1010	69.1	68.6	69.6	200,879,21,15	336.0	39.5002513	73.6048424	4260.9
1011	49.1	47.6	52.1	315,828,11,14	335.9	39.5002713	73.6048519	4260.1
1012	57.1	57.1	57.6	555,743,12,20	335.6	39.5002720	73.6048515	4260.7
1013	138.7	134.2	147.7	743,808,19,10	335.6	39.4975189	73.6048991	4285.3
1014	74.6	72.1	77.6	1131,1067,19,13	335.3	39.5001080	73.6048177	4266.5
1015	63.1	63.1	63.1	741,473,20,10	335.0	39.5002726	73.6048520	4260.7
1016	57.1	57.1	59.1	1325,753,18,8	334.9	39.5002720	73.6048515	4260.7
1017	141.2	136.2	142.2	635,913,12,12	334.4	39.4975190	73.6048990	4285.0
1018	97.6	97.6	97.6	1427,1057,12,16	334.2	39.4987084	73.6046272	4285.4
1019	109.6	109.6	113.6	726,105,13,19	334.2	39.4977362	73.6048044	4285.4
1020	113.1	110.6	115.1	785,883,10,12	334.2	39.4977320	73.6048052	4285.4
1021	115.6	115.6	115.6	49,225,6,16	334.1	39.4976889	73.6048272	4285.4
1022	118.1	115.1	125.1	789,551,12,10	334.0	39.4975808	73.6048781	4285.5
1023	26.5	22.0	27.5	63,1049,12,18	333.4	39.5009387	73.6049727	4259.7
1024	132.7	129.2	133.7	752,1011,18,14	333.3	39.4975181	73.6049002	4285.5
1025	109.1	107.1	109.1	0,319,9,10	333.1	39.4977402	73.6048037	4285.3
1026	26.0	26.0	26.0	159,1065,10,15	333.0	39.5009796	73.6049800	4259.7
1027	97.1	95.6	100.6	951,719,20,15	332.9	39.4987526	73.6046221	4285.4
1028	56.1	56.1	56.1	1763,1075,26,5	332.7	39.5002718	73.6048514	4260.7
1029	148.7	148.7	149.2	1703,271,22,14	332.7	39.4975186	73.6048992	4288.6
1030	71.1	70.6	72.6	1033,689,16,16	332.6	39.5002140	73.6048336	4260.9
1031	150.7	150.7	150.7	1905,143,15,8	332.5	39.4975186	73.6048990	4288.6
1032	45.1	45.1	47.1	705,711,16,8	331.9	39.5002698	73.6048514	4260.1
1033	34.0	30.0	36.0	940,289,25,21	331.8	39.5003929	73.6048738	4259.7
1034	67.1	67.1	69.1	91,889,9,16	331.8	39.5002675	73.6048490	4260.8
1035	148.7	148.7	150.7	1169,423,28,8	331.8	39.4975186	73.6048992	4288.6
1036	62.1	62.1	62.1	310,977,11,16	331.3	39.5002726	73.6048520	4260.7
1037	129.7	129.7	134.7	687,1001,8,23	330.8	39.4975175	73.6049005	4285.5
1038	56.6	56.6	56.6	995,17,8,16	330.3	39.5002719	73.6048514	4260.7
1039	8.5	8.0	9.0	156,0,13,12	329.5	39.5023385	73.6052087	4258.2
1040	33.0	30.5	36.0	1781,769,6,14	329.4	39.5004489	73.6048841	4259.7
1041	97.6	97.6	97.6	1825,977,13,18	329.2	39.4987084	73.6046272	4285.4
1042	37.5	37.5	41.5	1799,354,21,21	329.0	39.5002686	73.6048512	4259.6
1043	83.1	82.1	83.1	993,851,16,10	329.0	39.4995204	73.6047220	4279.0
1044	123.1	122.6	125.7	327,765,10,20	328.9	39.4975155	73.6049012	4285.5
1045	52.6	52.6	52.6	729,733,10,14	328.7	39.5002709	73.6048512	4260.2
1046	116.1	116.1	117.1	97,649,16,10	328.5	39.4976712	73.6048365	4285.5
1047	127.7	127.2	128.7	655,927,19,8	328.4	39.4975169	73.6049008	4285.5
1048	52.6	52.6	52.6	392,597,9,14	328.3	39.5002709	73.6048512	4260.2
1049	145.7	127.2	146.7	641,979,14,8	328.2	39.4975186	73.6048991	4287.5
1050	61.6	58.6	61.6	1139,361,22,6	327.4	39.5002724	73.6048519	4260.7
1051	150.7	150.7	150.7	1567,1047,12,14	327.0	39.4975186	73.6048990	4288.6
1052	58.1	58.1	58.1	817,521,16,16	326.8	39.5002720	73.6048517	4260.7
1053	103.6	103.1	104.1	1689,72,17,9	326.6	39.4981524	73.6047300	4285.4
1054	122.1	119.1	122.1	375,545,14,16	326.5	39.4975152	73.6049010	4285.5
1055	37.0	37.0	39.5	441,905,8,12	326.2	39.5002704	73.6048515	4259.6
1056	132.2	127.7	133.7	769,925,12,10	326.0	39.4975180	73.6049002	4285.5
1057	111.6	109.6	113.1	1075,764,12,13	325.9	39.4977316	73.6048051	4285.4
1058	68.1	66.1	68.6	291,976,22,7	325.3	39.5002604	73.6048459	4260.9
1059	141.2	136.7	147.2	186,286,15,18	325.2	39.4975190	73.6048990	4285.0
1060	47.1	47.1	47.1	929,920,6,20	325.0	39.5002706	73.6048515	4260.1
1061	56.1	56.1	56.1	489,349,18,15	324.5	39.5002718	73.6048514	4260.7
1062	99.1	99.1	99.1	1175,625,17,14	324.4	39.4985725	73.6046527	4285.4
1063	162.7	162.7	162.7	493,519,14,10	324.4	39.4975188	73.6048994	4287.5
1064	142.2	127.7	146.7	681,985,11,10	324.0	39.4975189	73.6048990	4285.0
1065	85.1	83.6	87.6	343,881,10,24	323.6	39.4993681	73.6046970	4281.3
1066	22.0	15.5	23.5	1395,405,14,10	323.5	39.5013153	73.6050405	4259.7
1067	27.5	27.5	28.5	98,985,10,20	323.3	39.5008578	73.6049580	4259.7
1068	52.1	52.1	52.1	1741,251,8,22	322.7	39.5002708	73.6048512	4260.1
1069	58.1	57.1	58.1	1833,951,24,8	322.5	39.5002720	73.6048517	4260.7
1070	159.7	159.7	159.7	0,1053,18,8	322.5	39.4975190	73.6048992	4288.0
1071	96.1	96.1	96.1	1763,625,14,6	322.3	39.4988362	73.6046207	4285.4
1072	59.6	59.1	59.6	487,414,10,14	322.1	39.5002722	73.6048516	4260.7
1073	56.6	56.6	56.6	1871,88,7,20	322.0	39.5002719	73.6048514	4260.7
1074	127.7	127.7	128.7	337,1063,10,17	321.4	39.4975169	73.6049008	4285.5
1075	74.1	74.1	78.1	1865,33,8,16	321.3	39.5001290	73.6048209	4265.5
1076	60.1	60.1	60.1	1426,1073,17,7	321.2	39.5002723	73.6048516	4260.7
1077	149.2	149.2	149.2	1739,123,14,10	320.9	39.4975186	73.6048991	4288.6
1078	27.0	25.0	32.0	465,121,12,12	320.5	39.5008978	73.6049652	4259.7
1079	166.2	166.2	166.2	1045,129,12,8	320.3	39.4975185	73.6048992	4286.8
1080	96.6	96.6	96.6	1913,697,7,14	320.2	39.4987962	73.6046200	4285.4
1081	161.2	161.2	161.2	0,979,7,12	320.0	39.4975189	73.6048994	4287.8
1082	148.7	148.7	148.7	1897,597,10,14	319.8	39.4975186	73.6048992	4288.6
1083	54.1	52.1	56.1	593,379,16,12	319.0	39.5002714	73.6048514	4260.6
1084	59.6	57.6	60.6	1089,1069,8,11	318.9	39.5002722	73.6048516	4260.7
1085	94.1	93.1	96.1	167,67,18,14	318.9	39.4989665	73.6046363	4285.4
1086	48.1	47.6	48.1	337,1017,16,14	318.7	39.5002709	73.6048517	4260.1
1087	150.7	150.7	151.2	1661,919,10,17	318.4	39.4975186	73.6048990	4288.6
1088	19.5	18.0	19.5	46,825,23,12	318.3	39.5015267	73.6050778	4259.7
1089	157.2	157.2	157.2	187,1005,12,10	318.3	39.4975191	73.6048989	4288.4
1090	56.1	56.1	56.1	1249,631,13,18	318.2	39.5002718	73.6048514	4260.7
1091	102.6	101.6	104.1	669,721,18,10	317.7	39.4982464	73.6047136	4285.4
1092	26.5	24.0	31.5	1691,39,8,18	316.9	39.5009387	73.6049727	4259.7
1093	31.0	29.0	31.0	65,103,6,26	316.8	39.5005895	73.6049095	4259.6
1094	56.1	56.1	56.1	415,545,11,17	316.6	39.5002718	73.6048514	4260.7
1095	44.1	44.1	44.1	745,331,8,16	316.4	39.5002692	73.6048515	4260.1
1096	97.6	97.6	97.6	1607,1001,12,16	316.0	39.4987084	73.6046272	4285.4
1097	19.0	18.5	22.0	562,87,15,12	315.8	39.5015687	73.6050846	4259.7
1098	55.6	53.6	56.6	1165,357,18,10	315.0	39.5002718	73.6048514	4260.7
1099	13.0	13.0	19.0	1793,513,10,8	314.9	39.5020496	73.6051610	4259.7
1100	52.1	52.1	52.1	0,451,11,16	314.8	39.5002708	73.6048512	4260.1
1101	52.6	52.6	52.6	773,1019,13,10	314.4	39.5002709	73.6048512	4260.2
1102	154.2	154.2	155.2	491,934,12,15	314.4	39.4975191	73.6048988	4288.5
1103	117.1	116.6	117.1	1779,1018,13,8	314.3	39.4976286	73.6048575	4285.5
1104	84.1	84.1	87.1	529,968,22,9	314.2	39.4994442	73.6047095	4280.1
1105	50.1	50.1	51.6	0,464,15,15	313.8	39.5002714	73.6048520	4260.1
1106	62.6	62.6	62.6	995,375,14,10	313.6	39.5002726	73.6048520	4260.7
1107	89.1	89.1	90.6	931,699,17,12	313.5	39.4990719	73.6046508	4285.3
1108	166.2	166.2	166.2	1123,905,16,8	312.7	39.4975185	73.6048992	4286.8
1109	27.0	27.0	27.5	176,1057,9,16	312.5	39.5008978	73.6049652	4259.7
1110	18.0	14.0	22.0	326,7,12,12	311.8	39.5016540	73.6050985	4259.7
1111	154.2	154.2	160.7	0,535,16,9	311.7	39.4975191	73.6048988	4288.5
1112	89.1	89.1	89.1	1729,17,16,6	311.1	39.4990719	73.6046508	4285.3
1113	97.1	96.1	97.6	733,567,14,16	311.1	39.4987526	73.6046221	4285.4
1114	37.0	37.0	37.0	1013,688,12,9	310.9	39.5002704	73.6048515	4259.6
1115	63.1	61.1	63.1	1559,0,10,20	310.7	39.5002726	73.6048520	4260.7
1116	48.1	48.1	48.1	1377,139,16,6	310.5	39.5002709	73.6048517	4260.1
1117	117.6	117.6	118.6	1476,1061,13,9	310.4	39.4976052	73.6048682	4285.5
1118	28.0	26.0	29.0	207,1001,8,24	310.3	39.5008181	73.6049508	4259.7
1119	46.6	45.6	46.6	661,646,12,9	310.2	39.5002705	73.6048514	4260.1
1120	153.2	153.2	153.2	1241,1063,14,8	310.1	39.4975188	73.6048990	4288.6
1121	56.1	56.1	56.1	969,625,16,18	310.0	39.5002718	73.6048514	4260.7
1122	60.1	60.1	60.6	43,577,11,23	309.6	39.5002723	73.6048516	4260.7
1123	50.1	49.1	51.6	201,471,17,14	307.8	39.5002714	73.6048520	4260.1
1124	53.1	53.1	53.1	1291,167,20,17	307.7	39.5002712	73.6048512	4260.4
1125	154.7	154.7	155.7	74,786,19,15	307.7	39.4975191	73.6048987	4288.5
1126	116.1	116.1	121.6	835,668,12,15	307.3	39.4976712	73.6048365	4285.5
1127	47.1	47.1	47.1	519,570,6,23	307.1	39.5002706	73.6048515	4260.1
1128	28.0	20.0	32.0	47,253,18,8	307.0	39.5008181	73.6049508	4259.7
1129	88.6	88.6	89.1	1555,727,14,10	307.0	39.4991073	73.6046556	4285.2
1130	89.1	88.1	89.1	1241,874,6,23	306.9	39.4990719	73.6046508	4285.3
1131	95.1	95.1	95.1	283,0,6,17	306.5	39.4989094	73.6046282	4285.4
1132	59.1	59.1	59.1	663,429,12,14	306.3	39.5002721	73.6048517	4260.7
1133	43.6	43.1	43.6	234,151,11,12	306.2	39.5002689	73.6048516	4260.0
1134	89.6	86.6	89.6	1905,933,15,15	306.2	39.4990477	73.6046475	4285.3
1135	87.6	84.6	87.6	1201,705,14,14	306.1	39.4991820	73.6046665	4284.4
1136	61.6	61.6	61.6	965,289,12,18	305.5	39.5002724	73.6048519	4260.7
1137	150.2	150.2	152.2	1792,139,11,10	305.4	39.4975185	73.6048991	4288.6
1138	68.1	68.1	68.1	1111,1067,20,13	305.2	39.5002604	73.6048459	4260.9
1139	64.1	64.1	64.1	749,878,23,12	305.0	39.5002726	73.6048521	4260.7
1140	118.1	118.1	120.6	911,747,18,7	305.0	39.4975808	73.6048781	4285.5
1141	29.0	29.0	29.5	25,667,8,14	304.7	39.5007395	73.6049367	4259.7
1142	127.2	126.7	128.7	585,709,8,12	304.4	39.4975167	73.6049010	4285.5
1143	96.1	96.1	96.6	49,701,14,10	304.1	39.4988362	73.6046207	4285.4
1144	117.6	117.6	120.6	1192,715,12,11	304.0	39.4976052	73.6048682	4285.5
1145	7.5	5.5	7.5	276,714,12,18	303.1	39.5023958	73.6052288	4258.2
1146	49.1	49.1	51.1	1537,311,15,10	302.9	39.5002713	73.6048519	4260.1
1147	84.1	83.6	84.1	0,865,7,19	302.6	39.4994442	73.6047095	4280.1
1148	85.1	85.1	89.1	320,161,17,7	302.4	39.4993681	73.6046970	4281.3
1149	156.7	156.2	156.7	1432,1063,10,17	301.5	39.4975192	73.6048988	4288.4
1150	163.7	163.7	163.7	123,215,8,14	301.3	39.4975187	73.6048993	4287.3
1151	38.5	33.0	42.6	1265,300,10,24	301.2	39.5002669	73.6048510	4259.7
1152	87.1	87.1	88.6	1041,866,8,15	301.0	39.4992190	73.6046726	4283.8
1153	12.0	10.5	13.0	1210,641,12,14	300.6	39.5021172	73.6051700	4259.5
1154	40.5	38.5	43.6	1680,409,12,10	300.5	39.5002674	73.6048513	4259.7
1155	56.6	56.6	56.6	545,413,10,22	300.5	39.5002719	73.6048514	4260.7
1156	46.1	46.1	46.6	182,714,13,13	300.4	39.5002703	73.6048514	4260.1
1157	81.1	81.1	82.1	417,107,16,6	300.1	39.4996738	73.6047471	4276.7
1158	20.0	20.0	20.0	993,325,14,20	300.0	39.5014842	73.6050709	4259.7
1159	149.2	149.2	151.2	1889,702,14,9	300.0	39.4975186	73.6048991	4288.6
1160	48.1	46.1	48.1	1201,313,16,12	299.9	39.5002709	73.6048517	4260.1
1161	58.1	58.1	58.6	1593,569,8,14	299.9	39.5002720	73.6048517	4260.7
1162	59.1	57.6	59.1	1797,937,12,18	299.7	39.5002721	73.6048517	4260.7
1163	100.6	100.1	102.1	1831,99,17,12	299.0	39.4984350	73.6046809	4285.4
1164	130.2	130.2	130.2	403,491,13,12	298.6	39.4975176	73.6049004	4285.5
1165	62.1	62.1	62.1	1001,0,20,7	298.5	39.5002726	73.6048520	4260.7
1166	48.1	47.1	49.6	153,627,13,18	298.1	39.5002709	73.6048517	4260.1
1167	39.5	38.5	41.0	801,523,13,19	297.1	39.5002669	73.6048512	4259.7
1168	43.6	43.6	47.6	1474,401,9,14	297.1	39.5002689	73.6048516	4260.0
1169	115.6	111.6	115.6	799,585,13,16	297.1	39.4976889	73.6048272	4285.4
1170	43.6	41.0	43.6	339,79,17,10	296.8	39.5002689	73.6048516	4260.0
1171	43.1	40.5	43.1	26,625,20,14	296.5	39.5002687	73.6048515	4260.0
1172	39.5	37.5	42.6	1579,692,11,12	296.0	39.5002669	73.6048512	4259.7
1173	104.6	104.6	107.1	207,101,14,10	295.9	39.4980590	73.6047468	4285.4
1174	47.6	45.6	47.6	353,717,14,16	295.3	39.5002708	73.6048516	4260.1
1175	60.1	57.6	60.1	1697,905,8,12	295.3	39.5002723	73.6048516	4260.7
1176	102.1	102.1	102.1	9,210,15,15	295.3	39.4982943	73.6047053	4285.4
1177	150.7	150.7	150.7	577,1039,14,10	295.1	39.4975186	73.6048990	4288.6
1178	150.7	149.7	150.7	597,967,10,14	294.4	39.4975186	73.6048990	4288.6
1179	77.1	77.1	77.1	57,485,12,22	294.3	39.4999675	73.6047950	4271.1
1180	36.0	36.0	36.5	305,151,13,10	294.0	39.5002820	73.6048532	4259.6
1181	58.1	58.1	58.6	1884,1025,17,12	293.6	39.5002720	73.6048517	4260.7
1182	114.1	109.6	115.6	1032,1012,16,10	293.2	39.4977261	73.6048078	4285.4
1183	50.1	48.1	52.1	25,997,10,10	293.1	39.5002714	73.6048520	4260.1
1184	116.1	114.1	118.1	833,895,16,9	292.8	39.4976712	73.6048365	4285.5
1185	67.1	67.1	67.1	241,97,12,8	292.1	39.5002675	73.6048490	4260.8
1186	14.5	11.0	14.5	843,5,18,12	291.9	39.5019400	73.6051458	4259.7
1187	101.1	99.6	101.1	1777,225,13,8	291.7	39.4983882	73.6046890	4285.4
1188	148.7	148.7	148.7	229,997,14,8	291.7	39.4975186	73.6048992	4288.6
1189	11.0	8.0	22.0	1426,665,15,8	291.6	39.5021820	73.6051784	4258.6
1190	43.6	40.5	43.6	268,475,11,21	291.6	39.5002689	73.6048516	4260.0
1191	165.7	165.7	165.7	1699,418,12,11	291.4	39.4975186	73.6048991	4286.9
1192	146.7	145.7	147.2	611,865,14,10	291.0	39.4975187	73.6048991	4287.7
1193	74.6	72.6	75.1	55,719,10,11	290.5	39.5001080	73.6048177	4266.5
1194	32.5	31.5	33.5	1339,945,6,26	290.3	39.5004874	73.6048910	4259.6
1195	87.6	87.1	88.1	871,531,16,6	290.3	39.4991820	73.6046665	4284.4
1196	102.1	102.1	103.6	1889,257,6,16	290.1	39.4982943	73.6047053	4285.4
1197	141.2	141.2	141.2	419,523,10,14	289.7	39.4975190	73.6048990	4285.0
1198	61.1	61.1	61.1	1783,509,16,6	288.9	39.5002723	73.6048519	4260.7
1199	149.2	149.2	149.2	12,1043,25,7	288.9	39.4975186	73.6048991	4288.6
1200	165.7	165.2	165.7	1859,870,9,15	288.6	39.4975186	73.6048991	4286.9
1201	96.6	96.1	96.6	549,11,8,16	288.3	39.4987962	73.6046200	4285.4
1202	151.2	149.2	154.2	223,554,19,5	288.2	39.4975187	73.6048990	4288.6
1203	54.1	54.1	54.1	911,513,20,10	287.8	39.5002714	73.6048514	4260.6
1204	101.6	101.1	102.6	151,53,25,8	287.6	39.4983410	73.6046972	4285.4
1205	154.2	154.2	154.2	25,1059,14,21	287.2	39.4975191	73.6048988	4288.5
1206	148.7	148.7	148.7	755,1026,16,9	286.3	39.4975186	73.6048992	4288.6
1207	61.6	61.6	61.6	3,73,10,10	286.1	39.5002724	73.6048519	4260.7
1208	61.6	59.6	61.6	1119,870,14,7	285.6	39.5002724	73.6048519	4260.7
1209	100.1	100.1	101.1	1847,739,10,15	285.6	39.4984804	73.6046722	4285.4
1210	26.5	23.0	26.5	29,573,14,20	285.3	39.5009387	73.6049727	4259.7
1211	77.1	77.1	77.1	0,302,8,15	285.0	39.4999675	73.6047950	4271.1
1212	66.6	66.6	68.6	847,599,14,8	284.9	39.5002701	73.6048506	4260.8
1213	79.6	79.1	79.6	1685,61,16,8	284.8	39.4997877	73.6047655	4275.0
1214	91.1	89.6	91.1	1895,769,18,14	284.8	39.4990265	73.6046446	4285.4
1215	78.1	78.1	78.1	1689,0,10,17	284.1	39.4998994	73.6047836	4272.8
1216	62.1	62.1	62.6	1458,197,13,14	283.9	39.5002726	73.6048520	4260.7
1217	63.1	63.1	63.1	1185,331,14,11	283.5	39.5002726	73.6048520	4260.7
1218	10.0	10.0	11.0	59,529,14,9	283.0	39.5022462	73.6051879	4258.2
1219	33.0	29.0	33.0	353,219,16,14	282.9	39.5004489	73.6048841	4259.7
1220	33.0	33.0	35.5	165,700,8,21	282.8	39.5004489	73.6048841	4259.7
1221	59.6	59.6	59.6	398,1070,7,10	282.6	39.5002722	73.6048516	4260.7
1222	106.1	106.1	108.1	1777,15,10,12	282.6	39.4979231	73.6047711	4285.4
1223	117.1	116.1	117.1	784,443,9,18	282.5	39.4976286	73.6048575	4285.5
1224	148.2	148.2	148.2	146,772,8,13	282.1	39.4975186	73.6048992	4288.6
1225	142.2	142.2	142.2	65,989,16,12	281.4	39.4975189	73.6048990	4285.0
1226	96.6	96.6	96.6	33,1037,12,8	281.3	39.4987962	73.6046200	4285.4
1227	42.1	42.1	42.1	1633,769,15,8	281.1	39.5002681	73.6048514	4259.9
1228	130.7	130.7	132.7	490,219,13,16	280.9	39.4975177	73.6049004	4285.5
1229	48.1	48.1	48.1	179,931,16,12	280.6	39.5002709	73.6048517	4260.1
1230	156.2	156.2	156.7	699,715,15,12	280.5	39.4975192	73.6048988	4288.4
1231	141.2	139.7	147.2	0,1027,8,12	280.4	39.4975190	73.6048990	4285.0
1232	159.7	159.7	159.7	219,1041,10,10	280.1	39.4975190	73.6048992	4288.0
1233	59.1	59.1	59.1	327,185,10,14	280.0	39.5002721	73.6048517	4260.7
1234	6.0	3.0	6.0	13,261,12,12	279.6	39.5024742	73.6052615	4258.2
1235	42.1	41.5	42.1	330,202,17,9	279.4	39.5002681	73.6048514	4259.9
1236	98.6	98.6	103.6	1881,0,6,14	279.3	39.4986189	73.6046432	4285.4
1237	91.1	90.1	91.1	1681,591,12,10	278.8	39.4990265	73.6046446	4285.4
1238	53.1	53.1	55.6	1169,177,14,14	278.7	39.5002712	73.6048512	4260.4
1239	82.6	80.1	85.1	1905,152,15,9	278.7	39.4995585	73.6047283	4278.4
1240	75.1	75.1	75.1	1669,889,14,14	278.6	39.5000838	73.6048138	4267.5
1241	26.5	26.5	27.5	1878,9,15,8	278.5	39.5009387	73.6049727	4259.7
1242	83.6	78.1	84.6	1385,951,18,9	278.5	39.4994825	73.6047158	4279.5
1243	118.1	118.1	118.1	32,17,17,11	278.5	39.4975808	73.6048781	4285.5
1244	147.2	146.7	147.2	641,547,10,14	278.5	39.4975185	73.6048990	4288.1
1245	156.2	156.2	158.2	587,739,12,12	278.3	39.4975192	73.6048988	4288.4
1246	163.2	162.7	163.2	1073,1049,10,16	278.2	39.4975187	73.6048993	4287.4
1247	62.1	62.1	62.1	414,585,14,12	278.1	39.5002726	73.6048520	4260.7
1248	165.7	165.7	165.7	1275,174,21,8	277.6	39.4975186	73.6048991	4286.9
1249	151.2	151.2	151.2	59,339,8,18	277.2	39.4975187	73.6048990	4288.6
1250	102.1	102.1	102.6	1635,65,8,16	277.0	39.4982943	73.6047053	4285.4
1251	37.0	37.0	37.0	414,705,13,8	276.9	39.5002704	73.6048515	4259.6
1252	153.2	153.2	156.2	0,616,10,22	276.6	39.4975188	73.6048990	4288.6
1253	47.6	47.1	47.6	913,202,17,9	276.5	39.5002708	73.6048516	4260.1
1254	45.1	45.1	45.1	939,51,6,14	276.4	39.5002698	73.6048514	4260.1
1255	48.1	48.1	48.1	381,652,12,9	276.3	39.5002709	73.6048517	4260.1
1256	97.1	97.1	97.1	1825,48,15,9	276.2	39.4987526	73.6046221	4285.4
1257	97.1	97.1	97.1	1889,1041,16,10	275.7	39.4987526	73.6046221	4285.4
1258	149.7	147.7	149.7	54,424,11,9	275.7	39.4975185	73.6048991	4288.6
1259	78.1	75.6	79.6	20,829,7,18	275.4	39.4998994	73.6047836	4272.8
1260	57.1	57.1	58.6	1105,353,16,6	275.2	39.5002720	73.6048515	4260.7
1261	55.1	54.6	55.6	600,990,9,19	274.8	39.5002717	73.6048514	4260.7
1262	29.5	28.0	33.0	272,345,15,11	274.4	39.5007010	73.6049298	4259.7
1263	136.7	131.7	136.7	669,1036,10,23	274.4	39.4975188	73.6048993	4285.5
1264	151.2	151.2	151.2	1310,531,10,14	274.3	39.4975187	73.6048990	4288.6
1265	118.1	118.1	119.6	71,245,10,19	273.9	39.4975808	73.6048781	4285.5
1266	93.1	93.1	94.1	257,155,16,6	273.7	39.4990061	73.6046417	4285.4
1267	35.5	35.5	35.5	257,91,18,12	273.6	39.5003002	73.6048569	4259.6
1268	88.1	87.6	88.6	1633,129,8,13	273.4	39.4991437	73.6046607	4284.9
1269	66.6	66.6	66.6	5,988,15,11	273.2	39.5002701	73.6048506	4260.8
1270	159.2	156.7	162.2	365,765,10,12	273.2	39.4975189	73.6048991	4288.1
1271	61.6	61.6	61.6	1829,99,15,8	273.1	39.5002724	73.6048519	4260.7
1272	90.1	90.1	90.6	1219,819,12,6	273.1	39.4990346	73.6046454	4285.3
1273	59.1	59.1	59.1	1569,754,9,14	272.9	39.5002721	73.6048517	4260.7
1274	74.1	71.1	74.1	897,347,16,7	272.9	39.5001290	73.6048209	4265.5
1275	99.1	97.1	101.1	797,715,10,12	272.8	39.4985725	73.6046527	4285.4
1276	103.6	103.1	103.6	408,915,13,14	272.6	39.4981524	73.6047300	4285.4
1277	59.6	59.6	59.6	545,649,18,16	272.5	39.5002722	73.6048516	4260.7
1278	62.6	62.6	62.6	0,1009,9,8	272.2	39.5002726	73.6048520	4260.7
1279	52.1	52.1	52.1	59,551,14,10	270.9	39.5002708	73.6048512	4260.1
1280	105.1	104.6	105.1	805,343,10,10	270.5	39.4980127	73.6047551	4285.4
1281	54.1	54.1	54.1	1433,862,24,9	270.2	39.5002714	73.6048514	4260.6
1282	107.1	107.1	107.1	1545,1057,12,10	270.0	39.4978362	73.6047865	4285.4
1283	56.6	56.6	56.6	798,537,11,10	269.5	39.5002719	73.6048514	4260.7
1284	97.1	97.1	97.1	37,0,20,5	269.4	39.4987526	73.6046221	4285.4
1285	152.7	152.7	152.7	1039,37,8,16	269.1	39.4975188	73.6048989	4288.6
1286	151.7	149.7	151.7	375,764,8,15	268.9	39.4975187	73.6048990	4288.6
1287	78.1	77.6	78.1	1825,18,10,15	268.6	39.4998994	73.6047836	4272.8
1288	43.6	43.6	43.6	1906,591,10,11	268.0	39.5002689	73.6048516	4260.0
1289	128.2	122.1	128.2	545,1035,14,6	268.0	39.4975171	73.6049006	4285.5
1290	58.1	57.1	58.6	1483,915,7,14	267.9	39.5002720	73.6048517	4260.7
1291	61.6	61.6	62.1	227,513,12,18	267.7	39.5002724	73.6048519	4260.7
1292	45.6	44.6	45.6	1117,351,18,8	267.1	39.5002701	73.6048514	4260.1
1293	165.2	164.2	167.2	567,729,11,10	267.0	39.4975185	73.6048991	4286.9
1294	2.0	0.5	3.5	906,1072,15,8	266.8	39.5026205	73.6053235	4258.1
1295	97.1	96.6	97.1	1099,787,8,10	266.7	39.4987526	73.6046221	4285.4
1296	80.1	79.1	82.6	1135,833,24,8	266.6	39.4997500	73.6047594	4275.6
1297	42.6	42.6	42.6	305,469,8,12	266.5	39.5002684	73.6048515	4259.9
1298	149.7	149.7	149.7	803,979,7,13	266.3	39.4975185	73.6048991	4288.6
1299	152.2	152.2	155.2	485,713,12,11	266.3	39.4975187	73.6048990	4288.6
1300	42.6	42.1	42.6	1735,979,13,14	266.2	39.5002684	73.6048515	4259.9
1301	165.2	164.7	166.7	1027,883,14,16	265.7	39.4975185	73.6048991	4286.9
1302	92.1	92.1	92.6	562,467,19,8	265.5	39.4990222	73.6046439	4285.4
1303	96.1	96.1	96.1	71,791,10,10	265.2	39.4988362	73.6046207	4285.4
1304	119.1	119.1	119.1	267,83,6,12	265.1	39.4975346	73.6048943	4285.5
1305	30.0	27.5	31.0	1861,297,14,12	265.0	39.5006558	73.6049216	4259.7
1306	36.5	36.5	36.5	1877,3,8,18	265.0	39.5002739	73.6048518	4259.6
1307	61.1	61.1	61.1	649,448,13,16	264.6	39.5002723	73.6048519	4260.7
1308	52.1	52.1	53.6	723,826,11,15	264.4	39.5002708	73.6048512	4260.1
1309	75.6	75.6	75.6	756,906,13,7	264.2	39.5000580	73.6048097	4268.5
1310	105.1	105.1	107.1	1785,20,12,13	264.1	39.4980127	73.6047551	4285.4
1311	87.6	87.6	88.1	631,989,8,10	264.0	39.4991820	73.6046665	4284.4
1312	107.6	105.6	108.6	75,625,9,14	264.0	39.4977971	73.6047935	4285.4
1313	97.1	97.1	99.1	81,913,13,6	263.9	39.4987526	73.6046221	4285.4
1314	104.1	104.1	105.1	3,86,16,11	263.9	39.4981051	73.6047385	4285.4
1315	105.1	104.6	105.6	1809,437,18,15	263.9	39.4980127	73.6047551	4285.4
1316	94.1	94.1	94.1	1665,611,6,14	263.8	39.4989665	73.6046363	4285.4
1317	61.1	61.1	62.6	405,851,15,10	263.7	39.5002723	73.6048519	4260.7
1318	42.6	42.6	42.6	1736,339,13,10	263.6	39.5002684	73.6048515	4259.9
1319	157.7	156.7	158.7	547,1047,12,10	263.6	39.4975191	73.6048989	4288.3
1320	79.1	77.1	79.1	1353,1049,13,10	263.5	39.4998254	73.6047716	4274.4
1321	61.6	61.6	61.6	1393,129,12,8	263.4	39.5002724	73.6048519	4260.7
1322	106.1	106.1	106.6	743,919,15,10	263.4	39.4979231	73.6047711	4285.4
1323	50.1	49.6	55.1	561,915,8,14	263.2	39.5002714	73.6048520	4260.1
1324	28.0	28.0	28.0	1289,793,8,8	263.0	39.5008181	73.6049508	4259.7
1325	53.6	53.6	53.6	611,747,12,7	262.6	39.5002714	73.6048513	4260.5
1326	42.6	42.6	43.1	1775,461,29,7	262.5	39.5002684	73.6048515	4259.9
1327	79.6	78.6	80.1	947,925,9,8	262.5	39.4997877	73.6047655	4275.0
1328	42.6	42.6	43.6	469,247,12,8	262.4	39.5002684	73.6048515	4259.9
1329	69.6	69.6	70.1	847,417,19,13	262.4	39.5002438	73.6048401	4260.9
1330	47.1	47.1	47.1	257,459,14,6	262.3	39.5002706	73.6048515	4260.1
1331	43.1	42.6	43.1	1684,247,13,10	262.1	39.5002687	73.6048515	4260.0
1332	52.6	52.6	52.6	972,976,13,15	262.0	39.5002709	73.6048512	4260.2
1333	91.1	91.1	91.1	1673,75,8,12	262.0	39.4990265	73.6046446	4285.4
1334	107.1	104.6	107.1	1727,485,10,12	261.8	39.4978362	73.6047865	4285.4
1335	151.7	151.7	152.2	248,1011,10,10	261.7	39.4975187	73.6048990	4288.6
1336	114.1	114.1	116.1	601,711,8,18	261.6	39.4977261	73.6048078	4285.4
1337	41.0	39.0	41.0	869,401,12,8	261.0	39.5002676	73.6048512	4259.7
1338	63.1	63.1	63.1	849,305,9,9	260.6	39.5002726	73.6048520	4260.7
1339	10.5	10.5	13.0	11,707,6,21	260.1	39.5022143	73.6051830	4258.2
1340	46.1	45.6	47.6	1007,545,10,11	260.1	39.5002703	73.6048514	4260.1
1341	154.7	154.2	155.2	203,966,17,9	260.0	39.4975191	73.6048987	4288.5
1342	37.0	37.0	37.0	654,1000,12,17	259.9	39.5002704	73.6048515	4259.6
1343	49.6	49.1	51.6	367,629,12,19	259.8	39.5002713	73.6048520	4260.1
1344	59.1	59.1	59.1	368,1044,21,10	259.8	39.5002721	73.6048517	4260.7
1345	43.1	43.1	43.1	1723,639,6,18	259.7	39.5002687	73.6048515	4260.0
1346	52.6	52.6	52.6	571,885,10,11	259.7	39.5002709	73.6048512	4260.2
1347	45.1	45.1	45.1	355,571,14,6	259.4	39.5002698	73.6048514	4260.1
1348	105.1	105.1	107.1	763,481,19,14	258.8	39.4980127	73.6047551	4285.4
1349	92.1	90.6	92.1	589,793,12,8	258.6	39.4990222	73.6046439	4285.4
1350	20.0	19.5	22.0	1887,505,10,8	258.4	39.5014842	73.6050709	4259.7
1351	39.5	38.0	41.0	198,97,11,14	258.4	39.5002669	73.6048512	4259.7
1352	65.1	64.1	66.6	1464,249,15,16	258.4	39.5002727	73.6048522	4260.7
1353	121.1	117.6	122.6	653,963,10,18	258.2	39.4975160	73.6049005	4285.5
1354	149.7	148.7	152.7	1157,387,10,10	258.1	39.4975185	73.6048991	4288.6
1355	44.1	44.1	44.1	1229,528,16,11	257.8	39.5002692	73.6048515	4260.1
1356	164.2	163.2	165.2	799,713,18,4	257.7	39.4975187	73.6048993	4287.2
1357	94.6	91.1	94.6	1903,857,11,10	257.4	39.4989399	73.6046326	4285.4
1358	46.1	43.1	47.1	529,897,24,7	257.3	39.5002703	73.6048514	4260.1
1359	104.6	104.6	104.6	609,463,14,9	257.0	39.4980590	73.6047468	4285.4
1360	102.6	101.6	102.6	641,167,12,12	256.9	39.4982464	73.6047136	4285.4
1361	59.1	59.1	59.1	1569,203,18,8	256.7	39.5002721	73.6048517	4260.7
1362	75.6	72.6	75.6	1905,1049,15,20	256.7	39.5000580	73.6048097	4268.5
1363	119.1	119.1	125.1	749,859,19,16	256.6	39.4975346	73.6048943	4285.5
1364	49.1	49.1	49.6	25,1067,11,13	256.5	39.5002713	73.6048519	4260.1
1365	149.2	149.2	150.7	887,33,10,10	256.2	39.4975186	73.6048991	4288.6
1366	62.1	62.1	63.6	1139,1001,14,8	255.8	39.5002726	73.6048520	4260.7
1367	39.0	36.5	39.5	19,612,11,14	255.6	39.5002668	73.6048510	4259.7
1368	83.1	81.6	86.1	3,799,8,14	255.4	39.4995204	73.6047220	4279.0
1369	63.6	63.6	63.6	59,442,14,16	255.1	39.5002726	73.6048520	4260.7
1370	32.0	30.0	32.0	1138,256,9,9	254.9	39.5005137	73.6048958	4259.6
1371	63.6	63.6	63.6	1247,61,9,14	254.6	39.5002726	73.6048520	4260.7
1372	150.2	149.7	150.2	1605,405,6,18	254.5	39.4975185	73.6048991	4288.6
1373	64.6	64.6	64.6	1505,87,13,10	254.4	39.5002726	73.6048522	4260.7
1374	94.6	94.1	94.6	953,825,10,12	254.4	39.4989399	73.6046326	4285.4
1375	44.1	44.1	44.1	829,77,4,18	254.0	39.5002692	73.6048515	4260.1
1376	108.1	108.1	108.1	531,610,12,7	253.9	39.4977667	73.6047989	4285.4
1377	68.6	68.6	68.6	77,13,12,12	253.8	39.5002565	73.6048443	4260.9
1378	82.6	79.1	82.6	1209,1033,6,24	253.5	39.4995585	73.6047283	4278.4
1379	8.5	8.0	9.0	155,175,12,13	253.2	39.5023385	73.6052087	4258.2
1380	142.2	142.2	142.2	1849,297,8,8	253.2	39.4975189	73.6048990	4285.0
1381	56.6	56.6	56.6	1579,959,18,7	253.1	39.5002719	73.6048514	4260.7
1382	58.1	58.1	58.1	1757,314,16,11	252.9	39.5002720	73.6048517	4260.7
1383	12.5	9.5	14.5	1865,155,12,12	252.8	39.5020843	73.6051657	4259.6
1384	120.1	118.1	127.2	353,273,10,8	252.8	39.4975191	73.6048993	4285.4
1385	157.7	157.7	158.7	35,525,12,10	252.8	39.4975191	73.6048989	4288.3
1386	97.1	97.1	97.1	1881,241,12,8	252.6	39.4987526	73.6046221	4285.4
1387	48.1	48.1	48.1	0,201,8,12	252.4	39.5002709	73.6048517	4260.1
1388	102.1	102.1	102.1	17,0,13,10	252.2	39.4982943	73.6047053	4285.4
1389	74.6	74.6	74.6	1905,0,8,13	251.9	39.5001080	73.6048177	4266.5
1390	92.1	89.6	94.1	256,183,9,10	251.7	39.4990222	73.6046439	4285.4
1391	81.1	79.6	85.1	583,848,17,7	251.6	39.4996738	73.6047471	4276.7
1392	119.6	118.6	120.6	857,805,10,12	251.5	39.4975230	73.6048979	4285.4
1393	81.6	81.6	81.6	1807,0,6,23	250.9	39.4996353	73.6047408	4277.3
1394	61.6	61.6	61.6	99,401,12,10	250.8	39.5002724	73.6048519	4260.7
1395	127.2	116.1	127.2	589,913,16,14	250.7	39.4975167	73.6049010	4285.5
1396	63.6	63.6	63.6	1889,745,16,6	250.5	39.5002726	73.6048520	4260.7
1397	67.6	67.6	67.6	147,81,16,10	250.5	39.5002641	73.6048473	4260.8
1398	87.6	84.1	88.1	31,951,17,12	250.5	39.4991820	73.6046665	4284.4
1399	57.1	57.1	57.1	1873,33,15,11	250.4	39.5002720	73.6048515	4260.7
1400	117.6	117.6	121.6	1319,609,12,17	250.4	39.4976052	73.6048682	4285.5
1401	111.1	109.6	113.1	729,447,8,12	250.1	39.4977319	73.6048051	4285.4
1402	151.2	151.2	153.7	173,28,16,10	249.9	39.4975187	73.6048990	4288.6
1403	132.2	127.2	138.7	527,619,12,11	249.6	39.4975180	73.6049002	4285.5
1404	108.6	108.1	110.1	1827,0,6,15	248.9	39.4977484	73.6048025	4285.3
1405	32.0	31.5	32.0	1111,1044,20,6	248.8	39.5005137	73.6048958	4259.6
1406	57.1	57.1	57.1	1751,883,10,15	248.8	39.5002720	73.6048515	4260.7
1407	149.7	148.7	149.7	1907,145,13,8	248.8	39.4975185	73.6048991	4288.6
1408	78.1	78.1	79.6	675,123,14,6	248.5	39.4998994	73.6047836	4272.8
1409	133.2	132.2	134.7	330,985,7,16	248.5	39.4975182	73.6049001	4285.5
1410	156.2	156.2	156.2	1098,631,16,7	248.3	39.4975192	73.6048988	4288.4
1411	150.7	150.7	150.7	1428,1035,14,10	248.2	39.4975186	73.6048990	4288.6
1412	48.1	47.6	48.1	29,873,12,8	248.1	39.5002709	73.6048517	4260.1
1413	88.1	86.6	88.1	691,987,12,6	248.1	39.4991437	73.6046607	4284.9
1414	96.6	96.6	96.6	777,299,8,12	247.9	39.4987962	73.6046200	4285.4
1415	82.1	81.6	86.1	1172,945,11,17	247.7	39.4995969	73.6047345	4277.8
1416	105.6	105.6	106.1	5,355,16,20	247.7	39.4979682	73.6047631	4285.4
1417	115.6	111.1	115.6	679,639,5,14	247.6	39.4976889	73.6048272	4285.4
1418	48.1	48.1	48.1	49,1055,16,14	246.7	39.5002709	73.6048517	4260.1
1419	43.6	43.6	43.6	1325,242,10,10	246.3	39.5002689	73.6048516	4260.0
1420	122.6	122.1	122.6	117,15,8,10	246.3	39.4975152	73.6049011	4285.5
1421	33.5	33.5	34.0	57,379,14,14	246.1	39.5004239	73.6048795	4259.7
1422	165.2	165.2	165.7	242,595,21,7	246.1	39.4975185	73.6048991	4286.9
1423	104.6	104.6	104.6	1835,776,12,15	245.9	39.4980590	73.6047468	4285.4
1424	66.1	65.1	66.1	31,894,11,9	245.7	39.5002718	73.6048517	4260.8
1425	52.1	52.1	52.1	115,641,6,14	245.6	39.5002708	73.6048512	4260.1
1426	60.1	60.1	62.6	817,565,13,12	245.5	39.5002723	73.6048516	4260.7
1427	107.6	107.6	107.6	1725,443,6,16	245.5	39.4977971	73.6047935	4285.4
1428	98.1	98.1	98.1	945,889,16,8	245.3	39.4986637	73.6046346	4285.4
1429	98.1	98.1	98.1	151,183,6,12	245.2	39.4986637	73.6046346	4285.4
1430	35.0	34.5	35.5	1899,441,14,6	245.0	39.5003274	73.6048619	4259.6
1431	38.5	38.5	38.5	1445,495,10,14	245.0	39.5002669	73.6048510	4259.7
1432	138.2	137.7	140.7	715,755,14,13	245.0	39.4975189	73.6048992	4285.4
1433	66.6	64.6	66.6	1261,839,12,16	244.9	39.5002701	73.6048506	4260.8
1434	70.1	66.6	70.6	471,985,10,8	244.9	39.5002348	73.6048378	4260.9
1435	50.1	50.1	50.1	299,48,20,7	244.8	39.5002714	73.6048520	4260.1
1436	97.6	97.6	97.6	1895,687,8,12	244.7	39.4987084	73.6046272	4285.4
1437	59.1	59.1	59.1	570,26,13,13	244.4	39.5002721	73.6048517	4260.7
1438	89.1	88.1	91.1	1478,1030,16,10	244.2	39.4990719	73.6046508	4285.3
1439	98.1	96.6	98.1	1323,1017,14,8	244.2	39.4986637	73.6046346	4285.4
1440	53.1	53.1	54.1	1075,347,20,6	244.1	39.5002712	73.6048512	4260.4
1441	28.0	25.0	32.0	569,169,8,12	244.0	39.5008181	73.6049508	4259.7
1442	102.1	100.1	102.1	1675,341,22,9	243.8	39.4982943	73.6047053	4285.4
1443	151.7	149.7	151.7	731,1041,20,5	243.7	39.4975187	73.6048990	4288.6
1444	67.1	67.1	67.6	183,129,10,8	243.4	39.5002675	73.6048490	4260.8
1445	41.0	41.0	41.5	1721,809,6,16	243.2	39.5002676	73.6048512	4259.7
1446	157.2	153.7	157.2	787,955,14,10	243.1	39.4975191	73.6048989	4288.4
1447	58.1	58.1	58.6	1587,907,12,6	243.0	39.5002720	73.6048517	4260.7
1448	12.5	11.5	14.5	1616,185,12,10	242.9	39.5020843	73.6051657	4259.6
1449	151.2	151.2	152.2	1571,777,12,11	242.9	39.4975187	73.6048990	4288.6
1450	34.5	34.5	35.5	111,21,18,11	242.5	39.5003628	73.6048683	4259.7
1451	44.1	44.1	46.1	1713,191,13,8	242.5	39.5002692	73.6048515	4260.1
1452	150.2	150.2	150.2	369,635,6,12	242.4	39.4975185	73.6048991	4288.6
1453	153.2	153.2	153.7	257,33,13,6	242.1	39.4975188	73.6048990	4288.6
1454	148.7	148.7	149.2	602,1029,5,14	241.8	39.4975186	73.6048992	4288.6
1455	31.0	30.0	31.0	113,761,10,8	241.7	39.5005895	73.6049095	4259.6
1456	56.1	52.6	56.1	929,420,14,11	241.4	39.5002718	73.6048514	4260.7
1457	111.1	111.1	111.1	89,17,8,12	241.4	39.4977319	73.6048051	4285.4
1458	125.7	121.1	126.7	989,586,8,18	241.2	39.4975163	73.6049012	4285.5
1459	156.7	156.2	156.7	401,1067,16,13	241.1	39.4975192	73.6048988	4288.4
1460	44.1	44.1	44.1	67,709,12,8	240.9	39.5002692	73.6048515	4260.1
1461	24.5	23.0	24.5	9,712,16,10	240.5	39.5011055	73.6050026	4259.7
1462	52.6	52.6	52.6	159,1050,14,8	240.3	39.5002709	73.6048512	4260.2
1463	151.2	151.2	151.2	1172,412,9,13	240.3	39.4975187	73.6048990	4288.6
1464	161.7	161.7	161.7	1862,902,14,10	240.1	39.4975189	73.6048994	4287.7
1465	104.6	104.6	107.6	1825,241,18,14	240.0	39.4980590	73.6047468	4285.4
1466	149.2	149.2	149.2	523,117,12,8	239.8	39.4975186	73.6048991	4288.6
1467	52.1	52.1	52.6	669,422,19,12	239.6	39.5002708	73.6048512	4260.1
1468	51.1	49.1	51.1	1308,1001,11,8	239.5	39.5002706	73.6048513	4260.1
1469	98.1	98.1	98.1	897,937,8,8	239.3	39.4986637	73.6046346	4285.4
1470	147.7	147.7	147.7	515,1075,12,5	239.0	39.4975186	73.6048991	4288.5
1471	19.5	19.5	19.5	255,1059,10,8	238.9	39.5015267	73.6050778	4259.7
1472	154.2	154.2	155.2	20,918,11,11	238.8	39.4975191	73.6048988	4288.5
1473	36.5	36.5	36.5	948,116,19,16	238.7	39.5002739	73.6048518	4259.6
1474	125.7	125.1	126.2	618,790,12,7	238.7	39.4975163	73.6049012	4285.5
1475	24.0	22.5	24.0	98,1065,7,15	238.6	39.5011472	73.6050101	4259.7
1476	50.1	48.1	50.1	111,961,15,12	238.3	39.5002714	73.6048520	4260.1
1477	152.7	152.7	152.7	1413,0,5,19	238.3	39.4975188	73.6048989	4288.6
1478	52.1	52.1	52.1	27,377,8,8	238.2	39.5002708	73.6048512	4260.1
1479	37.5	37.5	41.5	1805,112,12,7	238.1	39.5002686	73.6048512	4259.6
1480	140.7	140.7	141.2	1783,485,10,8	238.1	39.4975190	73.6048990	4284.9
1481	55.1	53.6	55.6	117,899,10,8	237.9	39.5002717	73.6048514	4260.7
1482	116.1	114.6	116.1	33,289,8,10	237.5	39.4976712	73.6048365	4285.5
1483	52.1	52.1	54.1	897,849,10,8	237.4	39.5002708	73.6048512	4260.1
1484	96.1	95.1	96.1	1185,985,18,8	237.3	39.4988362	73.6046207	4285.4
1485	161.2	158.7	162.7	484,905,13,8	237.3	39.4975189	73.6048994	4287.8
1486	29.5	29.5	29.5	165,277,12,7	237.0	39.5007010	73.6049298	4259.7
1487	166.7	166.7	167.2	1019,905,14,8	236.8	39.4975186	73.6048993	4286.8
1488	19.5	18.0	20.5	79,885,14,9	236.4	39.5015267	73.6050778	4259.7
1489	53.1	53.1	53.1	1263,914,10,10	236.2	39.5002712	73.6048512	4260.4
1490	85.1	85.1	87.1	1817,406,14,12	236.1	39.4993681	73.6046970	4281.3
1491	151.2	149.2	152.2	999,721,18,6	235.6	39.4975187	73.6048990	4288.6
1492	11.5	10.5	11.5	8,406,9,11	235.4	39.5021494	73.6051741	4259.1
1493	108.6	107.1	109.6	389,739,10,10	235.2	39.4977484	73.6048025	4285.3
1494	47.1	46.1	47.1	1709,111,16,23	234.6	39.5002706	73.6048515	4260.1
1495	73.1	71.6	73.1	0,698,9,17	234.3	39.5001645	73.6048265	4263.4
1496	102.1	102.1	102.1	1163,163,8,12	234.3	39.4982943	73.6047053	4285.4
1497	158.7	158.7	158.7	1389,961,13,8	234.3	39.4975189	73.6048990	4288.2
1498	31.0	31.0	36.5	684,262,21,5	234.1	39.5005895	73.6049095	4259.6
1499	161.2	161.2	161.2	561,881,10,14	234.0	39.4975189	73.6048994	4287.8
1500	106.6	106.6	106.6	1903,59,12,16	233.9	39.4978794	73.6047789	4285.4
1501	46.1	45.6	46.1	1547,0,13,7	233.7	39.5002703	73.6048514	4260.1
1502	36.5	35.0	36.5	247,208,8,17	233.6	39.5002739	73.6048518	4259.6
1503	64.1	64.1	64.1	873,550,17,11	233.5	39.5002726	73.6048521	4260.7
1504	70.1	70.1	70.1	43,411,21,9	233.1	39.5002348	73.6048378	4260.9
1505	55.1	55.1	55.1	1065,1025,9,10	233.0	39.5002717	73.6048514	4260.7
1506	70.1	70.1	70.1	537,608,10,9	233.0	39.5002348	73.6048378	4260.9
1507	44.6	44.6	44.6	567,947,10,18	232.9	39.5002695	73.6048515	4260.1
1508	141.2	141.2	142.2	193,993,6,15	232.9	39.4975190	73.6048990	4285.0
1509	1.5	1.0	1.5	880,868,9,12	232.8	39.5026272	73.6053264	4258.0
1510	156.7	156.7	156.7	1367,1021,18,9	232.8	39.4975192	73.6048988	4288.4
1511	62.1	62.1	62.1	1898,481,7,17	232.3	39.5002726	73.6048520	4260.7
1512	109.6	109.6	109.6	757,1064,11,12	232.2	39.4977362	73.6048044	4285.4
1513	42.1	41.5	42.1	1729,705,16,6	231.8	39.5002681	73.6048514	4259.9
1514	124.1	121.1	125.1	729,944,8,16	231.5	39.4975158	73.6049014	4285.5
1515	51.6	51.6	51.6	473,709,10,20	231.4	39.5002707	73.6048513	4260.1
1516	144.2	144.2	146.2	481,425,12,8	231.4	39.4975187	73.6048992	4286.6
1517	57.6	57.6	57.6	657,1023,8,14	231.3	39.5002720	73.6048516	4260.7
1518	36.5	36.5	36.5	1251,857,7,12	230.9	39.5002739	73.6048518	4259.6
1519	89.1	89.1	89.1	609,525,15,10	230.9	39.4990719	73.6046508	4285.3
1520	99.1	99.1	99.1	1679,42,10,9	230.7	39.4985725	73.6046527	4285.4
1521	69.6	69.1	70.1	115,847,13,6	230.2	39.5002438	73.6048401	4260.9
1522	97.6	97.6	97.6	1212,959,11,14	230.2	39.4987084	73.6046272	4285.4
1523	156.7	156.7	156.7	27,1029,8,11	230.1	39.4975192	73.6048988	4288.4
1524	139.2	130.7	139.2	129,307,8,14	230.0	39.4975189	73.6048991	4285.2
1525	44.1	44.1	44.1	1393,745,14,6	229.9	39.5002692	73.6048515	4260.1
1526	101.1	100.6	103.6	1905,113,8,14	229.7	39.4983882	73.6046890	4285.4
1527	140.7	139.2	147.2	1245,827,10,22	229.6	39.4975190	73.6048990	4284.9
1528	167.2	165.2	167.2	701,783,4,18	229.5	39.4975186	73.6048994	4286.8
1529	85.1	85.1	85.1	175,1065,14,8	229.4	39.4993681	73.6046970	4281.3
1530	143.2	136.2	146.2	793,1028,10,14	229.0	39.4975188	73.6048992	4285.9
1531	25.5	25.5	26.5	1496,357,18,8	228.8	39.5010215	73.6049876	4259.7
1532	59.1	59.1	59.1	1067,807,12,10	228.7	39.5002721	73.6048517	4260.7
1533	147.7	147.7	147.7	766,993,15,8	228.4	39.4975186	73.6048991	4288.5
1534	35.0	30.5	35.0	1489,749,8,12	228.3	39.5003274	73.6048619	4259.6
1535	151.7	151.7	151.7	1019,63,8,16	228.1	39.4975187	73.6048990	4288.6
1536	102.6	99.6	102.6	360,1029,9,9	228.0	39.4982464	73.6047136	4285.4
1537	118.1	118.1	118.1	0,113,9,8	227.7	39.4975808	73.6048781	4285.5
1538	52.1	52.1	52.1	0,59,17,6	227.6	39.5002708	73.6048512	4260.1
1539	59.6	59.6	59.6	1535,577,14,8	227.6	39.5002722	73.6048516	4260.7
1540	147.7	147.7	147.7	304,225,10,19	227.6	39.4975186	73.6048991	4288.5
1541	17.0	14.5	21.0	1286,339,18,6	227.5	39.5017370	73.6051121	4259.7
1542	56.6	56.6	56.6	1809,669,19,10	227.5	39.5002719	73.6048514	4260.7
1543	116.1	116.1	116.6	1089,113,10,15	227.4	39.4976712	73.6048365	4285.5
1544	128.2	128.2	131.7	265,471,8,10	227.2	39.4975171	73.6049006	4285.5
1545	147.7	147.7	147.7	386,640,11,6	227.2	39.4975186	73.6048991	4288.5
1546	97.1	97.1	97.1	1011,865,14,6	227.0	39.4987526	73.6046221	4285.4
1547	59.1	59.1	59.1	903,475,18,4	226.9	39.5002721	73.6048517	4260.7
1548	30.0	23.5	32.0	111,1065,10,8	226.7	39.5006558	73.6049216	4259.7
1549	71.6	71.6	71.6	424,929,9,8	226.7	39.5002028	73.6048318	4260.9
1550	56.1	56.1	56.1	131,851,14,8	226.6	39.5002718	73.6048514	4260.7
1551	62.6	62.6	62.6	1287,309,10,16	226.6	39.5002726	73.6048520	4260.7
1552	59.1	59.1	59.1	225,680,11,9	226.4	39.5002721	73.6048517	4260.7
1553	85.1	85.1	88.1	866,863,7,12	226.4	39.4993681	73.6046970	4281.3
1554	100.6	100.6	100.6	25,1055,22,10	226.2	39.4984350	73.6046809	4285.4
1555	105.1	104.6	105.1	601,512,13,9	226.0	39.4980127	73.6047551	4285.4
1556	41.0	40.5	41.0	1227,100,6,13	225.9	39.5002676	73.6048512	4259.7
1557	149.2	149.2	150.2	155,81,6,16	225.9	39.4975186	73.6048991	4288.6
1558	52.6	52.6	52.6	607,195,8,10	225.8	39.5002709	73.6048512	4260.2
1559	8.5	8.0	8.5	104,208,11,12	224.7	39.5023385	73.6052087	4258.2
1560	36.5	36.5	36.5	1843,959,10,14	224.5	39.5002739	73.6048518	4259.6
1561	63.1	63.1	63.1	33,684,11,8	224.3	39.5002726	73.6048520	4260.7
1562	74.1	74.1	74.1	337,1031,16,4	224.3	39.5001290	73.6048209	4265.5
1563	144.7	144.7	146.2	1881,1029,7,12	224.3	39.4975187	73.6048991	4287.0
1564	153.7	148.2	153.7	572,998,16,6	223.8	39.4975190	73.6048989	4288.5
1565	43.1	43.1	43.1	1671,695,17,8	223.6	39.5002687	73.6048515	4260.0
1566	61.6	61.6	61.6	763,375,10,12	223.5	39.5002724	73.6048519	4260.7
1567	116.1	116.1	116.1	969,731,6,12	223.4	39.4976712	73.6048365	4285.5
1568	147.7	147.7	147.7	506,767,9,10	223.4	39.4975186	73.6048991	4288.5
1569	163.2	163.2	163.2	891,515,6,12	223.4	39.4975187	73.6048993	4287.4
1570	65.1	65.1	65.1	1441,361,13,18	223.2	39.5002727	73.6048522	4260.7
1571	134.7	126.2	135.7	17,835,14,8	223.2	39.4975183	73.6048997	4285.5
1572	95.1	95.1	95.1	143,33,10,8	222.8	39.4989094	73.6046282	4285.4
1573	116.1	116.1	116.1	651,295,12,10	222.7	39.4976712	73.6048365	4285.5
1574	56.6	56.6	56.6	1007,465,20,4	222.6	39.5002719	73.6048514	4260.7
1575	61.6	61.6	61.6	161,621,12,14	222.5	39.5002724	73.6048519	4260.7
1576	56.1	56.1	56.1	0,753,10,9	222.3	39.5002718	73.6048514	4260.7
1577	21.0	21.0	21.0	1441,265,8,8	221.8	39.5013991	73.6050560	4259.7
1578	137.2	137.2	137.7	538,699,7,12	221.7	39.4975189	73.6048992	4285.5
1579	76.6	75.6	76.6	482,1043,9,11	221.6	39.5000001	73.6048003	4270.3
1580	62.1	62.1	62.1	1875,987,11,20	221.2	39.5002726	73.6048520	4260.7
1581	43.6	43.1	43.6	1699,73,10,8	220.8	39.5002689	73.6048516	4260.0
1582	54.1	54.1	54.1	1545,582,14,9	220.7	39.5002714	73.6048514	4260.6
1583	150.2	150.2	150.2	1761,907,14,12	220.7	39.4975185	73.6048991	4288.6
1584	51.1	49.1	51.6	273,495,7,18	220.6	39.5002706	73.6048513	4260.1
1585	116.1	116.1	116.6	900,699,19,6	220.5	39.4976712	73.6048365	4285.5
1586	149.7	149.2	151.2	1699,243,12,8	220.4	39.4975185	73.6048991	4288.6
1587	163.7	163.2	163.7	702,1040,9,9	220.4	39.4975187	73.6048993	4287.3
1588	106.1	104.6	106.1	1601,187,14,6	220.3	39.4979231	73.6047711	4285.4
1589	36.0	33.0	36.0	891,689,10,10	220.1	39.5002820	73.6048532	4259.6
1590	69.1	69.1	69.1	1877,1009,12,12	220.1	39.5002513	73.6048424	4260.9
1591	115.6	113.1	125.7	681,233,11,8	219.9	39.4976889	73.6048272	4285.4
1592	33.0	33.0	33.0	219,150,13,9	219.8	39.5004489	73.6048841	4259.7
1593	86.6	84.1	89.1	453,655,12,14	219.8	39.4992568	73.6046788	4283.2
1594	56.6	56.6	56.6	443,887,16,9	219.7	39.5002719	73.6048514	4260.7
1595	79.1	79.1	79.1	1553,617,8,9	219.7	39.4998254	73.6047716	4274.4
1596	109.1	107.6	110.6	499,699,14,4	219.5	39.4977402	73.6048037	4285.3
1597	65.1	64.6	65.6	401,861,18,8	219.4	39.5002727	73.6048522	4260.7
1598	62.1	62.1	62.1	777,1059,14,4	219.3	39.5002726	73.6048520	4260.7
1599	10.0	10.0	10.0	129,417,14,16	219.1	39.5022462	73.6051879	4258.2
1600	97.1	96.6	97.1	1905,857,8,8	219.1	39.4987526	73.6046221	4285.4
1601	87.1	87.1	87.1	110,129,9,8	218.9	39.4992190	73.6046726	4283.8
1602	73.6	71.1	73.6	1843,107,14,8	218.3	39.5001484	73.6048240	4264.4
1603	54.1	54.1	55.1	1876,700,8,10	218.1	39.5002714	73.6048514	4260.6
1604	108.6	107.6	108.6	441,545,8,16	217.7	39.4977484	73.6048025	4285.3
1605	118.1	117.6	120.6	1145,382,8,27	217.6	39.4975808	73.6048781	4285.5
1606	142.7	133.2	145.7	513,631,14,8	217.5	39.4975188	73.6048991	4285.4
1607	52.6	52.6	52.6	193,678,7,9	217.4	39.5002709	73.6048512	4260.2
1608	151.7	151.7	151.7	1138,0,5,16	217.3	39.4975187	73.6048990	4288.6
1609	159.2	159.2	159.2	1315,273,14,14	217.1	39.4975189	73.6048991	4288.1
1610	130.2	129.7	137.2	705,921,8,15	217.0	39.4975176	73.6049004	4285.5
1611	153.2	152.7	153.7	871,925,12,14	216.8	39.4975188	73.6048990	4288.6
1612	53.6	53.6	53.6	779,22,13,9	216.6	39.5002714	73.6048513	4260.5
1613	20.0	17.5	20.0	22,870,19,10	216.5	39.5014842	73.6050709	4259.7
1614	37.0	37.0	37.0	1625,953,8,9	216.5	39.5002704	73.6048515	4259.6
1615	89.1	89.1	89.1	1173,769,6,10	216.5	39.4990719	73.6046508	4285.3
1616	10.0	10.0	15.0	773,544,12,9	216.4	39.5022462	73.6051879	4258.2
1617	73.1	69.6	73.1	881,935,8,10	216.4	39.5001645	73.6048265	4263.4
1618	64.1	64.1	65.6	871,1013,7,8	216.1	39.5002726	73.6048521	4260.7
1619	52.1	52.1	52.1	759,111,10,8	215.9	39.5002708	73.6048512	4260.1
1620	12.0	12.0	14.0	175,1041,18,8	215.8	39.5021172	73.6051700	4259.5
1621	37.0	37.0	37.0	1025,889,8,8	215.6	39.5002704	73.6048515	4259.6
1622	17.5	13.5	17.5	33,951,10,14	215.5	39.5016952	73.6051053	4259.7
1623	155.2	155.2	156.7	127,517,10,6	215.1	39.4975191	73.6048988	4288.5
1624	132.2	129.2	135.7	647,743,10,10	214.9	39.4975180	73.6049002	4285.5
1625	64.1	64.1	64.1	903,843,8,9	214.7	39.5002726	73.6048521	4260.7
1626	127.2	127.2	129.2	242,99,12,11	214.7	39.4975167	73.6049010	4285.5
1627	77.6	76.6	77.6	137,1069,12,11	214.5	39.4999342	73.6047894	4272.0
1628	161.2	161.2	161.2	393,1051,14,6	214.5	39.4975189	73.6048994	4287.8
1629	42.6	42.6	42.6	38,602,12,9	214.4	39.5002684	73.6048515	4259.9
1630	41.0	39.5	41.0	39,621,13,17	214.2	39.5002676	73.6048512	4259.7
1631	147.7	147.7	147.7	591,868,13,13	214.2	39.4975186	73.6048991	4288.5
1632	111.1	109.6	111.1	255,926,5,14	214.0	39.4977319	73.6048051	4285.4
1633	33.0	33.0	33.0	283,192,12,9	213.9	39.5004489	73.6048841	4259.7
1634	114.1	111.6	120.6	753,567,10,11	213.9	39.4977261	73.6048078	4285.4
1635	43.1	43.1	43.6	1839,287,9,17	213.6	39.5002687	73.6048515	4260.0
1636	29.5	29.5	29.5	1693,1061,10,9	213.5	39.5007010	73.6049298	4259.7
1637	134.2	126.7	138.7	509,801,10,10	213.4	39.4975182	73.6048998	4285.5
1638	46.1	46.1	46.1	1821,389,8,20	213.3	39.5002703	73.6048514	4260.1
1639	36.5	36.5	39.0	1803,781,15,8	212.9	39.5002739	73.6048518	4259.6
1640	86.1	86.1	86.1	291,283,14,4	212.7	39.4992935	73.6046849	4282.6
1641	77.1	77.1	77.6	79,553,3,24	212.6	39.4999675	73.6047950	4271.1
1642	6.0	6.0	6.0	594,891,6,22	211.9	39.5024742	73.6052615	4258.2
1643	118.1	118.1	118.1	113,41,8,16	211.8	39.4975808	73.6048781	4285.5
1644	13.5	10.5	15.5	121,569,8,24	211.6	39.5020149	73.6051562	4259.7
1645	37.0	37.0	37.0	1681,737,19,9	211.6	39.5002704	73.6048515	4259.6
1646	149.7	148.2	149.7	1057,17,14,7	211.6	39.4975185	73.6048991	4288.6
1647	50.6	49.6	50.6	1343,863,16,8	211.5	39.5002710	73.6048516	4260.1
1648	96.1	96.1	96.1	1793,969,8,8	211.5	39.4988362	73.6046207	4285.4
1649	83.1	83.1	86.1	1639,13,10,12	211.1	39.4995204	73.6047220	4279.0
1650	96.1	96.1	96.6	113,871,6,10	210.8	39.4988362	73.6046207	4285.4
1651	138.7	130.7	138.7	455,867,8,14	210.5	39.4975189	73.6048991	4285.3
1652	12.5	12.5	18.0	132,355,7,13	210.2	39.5020843	73.6051657	4259.6
1653	62.6	62.6	62.6	1904,871,8,10	210.2	39.5002726	73.6048520	4260.7
1654	131.2	130.7	135.7	585,577,8,8	210.2	39.4975178	73.6049004	4285.5
1655	25.0	22.0	25.0	1635,1064,15,11	209.8	39.5010628	73.6049949	4259.7
1656	63.1	63.1	63.1	1813,222,15,10	209.5	39.5002726	73.6048520	4260.7
1657	111.1	111.1	112.1	55,720,12,11	209.5	39.4977319	73.6048051	4285.4
1658	139.2	138.2	139.2	529,465,10,8	209.4	39.4975189	73.6048991	4285.2
1659	43.1	43.1	43.1	1683,393,8,15	209.3	39.5002687	73.6048515	4260.0
1660	62.6	62.6	62.6	885,201,13,6	209.1	39.5002726	73.6048520	4260.7
1661	80.1	79.1	80.1	1593,1049,8,8	209.0	39.4997500	73.6047594	4275.6
1662	128.2	128.2	128.2	363,931,6,12	209.0	39.4975171	73.6049006	4285.5
1663	62.1	62.1	62.1	1383,685,10,8	208.8	39.5002726	73.6048520	4260.7
1664	146.7	141.7	147.2	789,905,10,10	208.7	39.4975187	73.6048991	4287.7
1665	110.6	107.6	111.1	529,897,11,10	208.6	39.4977327	73.6048051	4285.4
1666	156.2	156.2	156.2	196,923,19,5	208.2	39.4975192	73.6048988	4288.4
1667	56.6	53.6	56.6	433,963,6,13	207.9	39.5002719	73.6048514	4260.7
1668	69.1	69.1	69.1	17,119,10,18	207.9	39.5002513	73.6048424	4260.9
1669	107.1	107.1	107.1	885,823,11,11	207.6	39.4978362	73.6047865	4285.4
1670	52.1	52.1	52.1	705,745,8,8	207.3	39.5002708	73.6048512	4260.1
1671	62.1	62.1	62.1	753,273,14,8	207.3	39.5002726	73.6048520	4260.7
1672	40.0	39.0	40.0	677,323,7,15	207.1	39.5002671	73.6048513	4259.7
1673	156.2	156.2	156.2	1853,806,10,11	207.0	39.4975192	73.6048988	4288.4
1674	40.0	39.5	40.0	1441,0,10,9	206.9	39.5002671	73.6048513	4259.7
1675	37.0	36.5	37.5	969,729,8,8	206.8	39.5002704	73.6048515	4259.6
1676	106.6	105.6	106.6	289,245,14,6	206.8	39.4978794	73.6047789	4285.4
1677	57.6	57.6	58.6	740,385,12,15	206.7	39.5002720	73.6048516	4260.7
1678	74.1	73.1	74.1	275,948,13,17	206.4	39.5001290	73.6048209	4265.5
1679	46.1	45.6	46.6	951,82,24,10	206.3	39.5002703	73.6048514	4260.1
1680	69.1	69.1	69.1	952,505,9,20	206.3	39.5002513	73.6048424	4260.9
1681	141.7	137.7	146.7	429,627,10,10	206.3	39.4975189	73.6048990	4285.0
1682	137.2	137.2	137.2	1049,937,8,8	206.2	39.4975189	73.6048992	4285.5
1683	46.1	46.1	46.1	259,157,18,6	206.1	39.5002703	73.6048514	4260.1
1684	116.1	116.1	116.1	1037,695,12,8	206.1	39.4976712	73.6048365	4285.5
1685	56.1	56.1	56.1	281,1009,14,6	205.8	39.5002718	73.6048514	4260.7
1686	40.0	37.0	40.0	1174,325,4,29	205.7	39.5002671	73.6048513	4259.7
1687	56.6	56.6	56.6	987,313,20,6	205.4	39.5002719	73.6048514	4260.7
1688	127.7	127.7	131.7	307,127,8,12	205.2	39.4975169	73.6049008	4285.5
1689	46.6	44.6	46.6	381,551,10,10	205.1	39.5002705	73.6048514	4260.1
1690	108.6	108.6	109.6	417,825,6,10	205.1	39.4977484	73.6048025	4285.3
1691	122.6	121.6	126.7	826,547,8,13	204.9	39.4975152	73.6049011	4285.5
1692	128.2	123.1	128.7	397,1019,10,11	204.9	39.4975171	73.6049006	4285.5
1693	23.0	23.0	23.0	1913,113,7,8	204.7	39.5012309	73.6050252	4259.7
1694	58.1	58.1	58.1	1689,849,14,8	204.6	39.5002720	73.6048517	4260.7
1695	72.1	71.1	72.6	1127,709,5,19	204.5	39.5001911	73.6048301	4261.6
1696	65.1	64.6	66.1	1261,610,6,15	204.2	39.5002727	73.6048522	4260.7
1697	111.6	109.6	112.1	1075,933,10,7	204.2	39.4977316	73.6048051	4285.4
1698	52.6	52.6	52.6	1119,773,16,8	203.9	39.5002709	73.6048512	4260.2
1699	154.2	154.2	154.7	101,966,17,6	203.9	39.4975191	73.6048988	4288.5
1700	8.5	4.5	11.0	926,639,7,12	203.8	39.5023385	73.6052087	4258.2
1701	107.1	107.1	109.1	1913,815,7,10	203.8	39.4978362	73.6047865	4285.4
1702	40.5	40.5	40.5	1197,721,10,8	203.7	39.5002674	73.6048513	4259.7
1703	102.1	102.1	103.6	701,205,10,15	203.6	39.4982943	73.6047053	4285.4
1704	162.2	162.2	162.2	627,363,13,5	203.4	39.4975189	73.6048995	4287.6
1705	51.1	51.1	51.1	1071,1053,16,4	203.2	39.5002706	73.6048513	4260.1
1706	37.0	37.0	37.0	1837,1048,18,8	202.9	39.5002704	73.6048515	4259.6
1707	49.1	49.1	49.1	1179,935,16,10	202.9	39.5002713	73.6048519	4260.1
1708	52.6	52.6	52.6	182,345,9,11	202.9	39.5002709	73.6048512	4260.2
1709	106.6	104.6	106.6	1793,867,12,6	202.9	39.4978794	73.6047789	4285.4
1710	89.1	89.1	91.1	1059,896,14,7	202.8	39.4990719	73.6046508	4285.3
1711	147.7	147.7	148.2	1205,513,9,17	202.7	39.4975186	73.6048991	4288.5
1712	152.2	152.2	152.2	1227,363,10,10	202.6	39.4975187	73.6048990	4288.6
1713	34.5	34.5	34.5	1731,17,8,10	202.5	39.5003628	73.6048683	4259.7
1714	44.1	44.1	44.1	1437,185,9,11	202.3	39.5002692	73.6048515	4260.1
1715	71.6	70.6	72.1	867,947,12,6	202.3	39.5002028	73.6048318	4260.9
1716	142.2	142.2	142.2	1881,545,8,8	202.3	39.4975189	73.6048990	4285.0
1717	33.0	33.0	35.0	29,881,4,16	202.0	39.5004489	73.6048841	4259.7
1718	96.1	94.6	96.1	529,633,8,8	202.0	39.4988362	73.6046207	4285.4
1719	50.6	50.6	50.6	547,1071,16,9	201.6	39.5002710	73.6048516	4260.1
1720	18.0	17.5	21.0	121,945,8,9	201.3	39.5016540	73.6050985	4259.7
1721	62.1	62.1	62.1	603,92,8,21	201.3	39.5002726	73.6048520	4260.7
1722	40.0	40.0	40.0	1715,595,6,11	201.2	39.5002671	73.6048513	4259.7
1723	46.6	46.6	46.6	1161,487,13,10	201.2	39.5002705	73.6048514	4260.1
1724	58.1	58.1	58.1	838,435,9,12	201.2	39.5002720	73.6048517	4260.7
1725	154.2	154.2	154.2	1019,545,7,16	200.9	39.4975191	73.6048988	4288.5
1726	141.7	139.7	141.7	193,1059,8,8	200.7	39.4975189	73.6048990	4285.0
1727	41.0	38.0	41.0	1197,883,18,4	200.6	39.5002676	73.6048512	4259.7
1728	18.5	18.5	18.5	1651,35,8,6	200.5	39.5016120	73.6050916	4259.7
1729	97.6	97.6	97.6	1753,1071,8,9	200.5	39.4987084	73.6046272	4285.4
1730	154.2	154.2	154.2	529,485,15,12	200.5	39.4975191	73.6048988	4288.5
1731	52.6	52.6	52.6	1374,114,8,13	200.4	39.5002709	73.6048512	4260.2
1732	144.2	142.2	147.7	522,723,6,12	200.4	39.4975187	73.6048992	4286.6
1733	50.6	50.6	50.6	1048,921,13,6	200.3	39.5002710	73.6048516	4260.1
1734	150.2	149.2	151.2	1565,899,14,12	200.3	39.4975185	73.6048991	4288.6
1735	94.6	94.6	94.6	571,725,6,12	200.2	39.4989399	73.6046326	4285.4
1736	33.5	32.5	35.5	276,563,13,6	199.8	39.5004239	73.6048795	4259.7
1737	26.0	26.0	26.5	209,392,8,9	199.3	39.5009796	73.6049800	4259.7
1738	152.7	152.7	152.7	281,1073,8,7	198.9	39.4975188	73.6048989	4288.6
1739	80.1	80.1	80.1	361,32,8,13	198.7	39.4997500	73.6047594	4275.6
1740	124.1	114.1	126.2	521,678,14,7	198.6	39.4975158	73.6049014	4285.5
1741	28.0	28.0	28.0	631,1043,10,21	198.4	39.5008181	73.6049508	4259.7
1742	42.1	38.5	43.6	1085,419,12,8	198.4	39.5002681	73.6048514	4259.9
1743	77.1	73.6	79.1	25,217,9,8	198.4	39.4999675	73.6047950	4271.1
1744	59.1	59.1	59.1	71,91,16,7	198.1	39.5002721	73.6048517	4260.7
1745	34.0	33.5	34.0	1761,145,8,8	198.0	39.5003929	73.6048738	4259.7
1746	37.0	37.0	37.0	1473,445,14,6	197.9	39.5002704	73.6048515	4259.6
1747	92.6	91.6	92.6	1595,799,12,6	197.9	39.4990172	73.6046433	4285.4
1748	118.1	115.6	119.1	743,1071,7,9	197.8	39.4975808	73.6048781	4285.5
1749	63.1	63.1	63.6	1363,649,11,8	197.7	39.5002726	73.6048520	4260.7
1750	33.0	33.0	35.0	841,635,14,6	197.6	39.5004489	73.6048841	4259.7
1751	47.1	47.1	47.1	75,811,20,6	197.6	39.5002706	73.6048515	4260.1
1752	57.1	57.1	58.1	1368,1019,17,6	197.4	39.5002720	73.6048515	4260.7
1753	129.2	129.2	129.2	301,689,8,8	197.4	39.4975174	73.6049005	4285.5
1754	56.6	56.6	56.6	61,878,6,9	197.2	39.5002719	73.6048514	4260.7
1755	57.6	57.6	57.6	1911,759,9,10	197.0	39.5002720	73.6048516	4260.7
1756	95.1	95.1	95.1	1223,935,10,6	196.8	39.4989094	73.6046282	4285.4
1757	62.1	62.1	62.1	1221,977,8,8	196.4	39.5002726	73.6048520	4260.7
1758	145.2	140.2	147.2	577,885,8,7	196.3	39.4975187	73.6048991	4287.3
1759	76.1	76.1	76.1	1585,127,10,10	196.2	39.5000297	73.6048051	4269.4
1760	107.1	106.1	108.1	1833,953,8,8	196.1	39.4978362	73.6047865	4285.4
1761	77.1	75.1	77.1	0,463,5,12	196.0	39.4999675	73.6047950	4271.1
1762	56.1	56.1	56.1	737,449,8,8	195.7	39.5002718	73.6048514	4260.7
1763	98.1	98.1	98.1	0,1067,15,6	195.6	39.4986637	73.6046346	4285.4
1764	62.1	62.1	62.1	209,1069,8,11	195.5	39.5002726	73.6048520	4260.7
1765	129.2	129.2	129.2	545,310,16,7	195.4	39.4975174	73.6049005	4285.5
1766	42.1	42.1	43.6	1234,983,9,13	195.3	39.5002681	73.6048514	4259.9
1767	71.1	71.1	71.1	1745,65,8,8	195.3	39.5002140	73.6048336	4260.9
1768	80.1	80.1	80.1	1446,1047,7,10	195.2	39.4997500	73.6047594	4275.6
1769	143.7	141.2	146.7	685,979,10,11	195.0	39.4975188	73.6048993	4286.3
1770	7.0	5.5	7.0	241,301,16,7	194.9	39.5024226	73.6052397	4258.2
1771	29.0	29.0	29.0	105,577,8,8	194.9	39.5007395	73.6049367	4259.7
1772	42.6	42.6	42.6	1606,1063,11,8	194.8	39.5002684	73.6048515	4259.9
1773	109.6	107.6	120.1	394,494,11,8	194.6	39.4977362	73.6048044	4285.4
1774	76.1	75.1	76.1	1611,503,20,6	194.3	39.5000297	73.6048051	4269.4
1775	153.7	153.7	153.7	1215,1059,12,16	194.1	39.4975190	73.6048989	4288.5
1776	91.6	91.6	91.6	1123,1041,11,17	194.0	39.4990244	73.6046443	4285.4
1777	29.0	29.0	29.0	1857,169,8,8	193.9	39.5007395	73.6049367	4259.7
1778	111.6	111.6	111.6	833,637,14,5	193.9	39.4977316	73.6048051	4285.4
1779	43.6	43.6	43.6	1911,931,9,8	193.7	39.5002689	73.6048516	4260.0
1780	144.2	143.2	144.2	373,456,10,9	193.7	39.4975187	73.6048992	4286.6
1781	151.7	151.7	151.7	0,233,9,10	193.7	39.4975187	73.6048990	4288.6
1782	119.6	119.6	119.6	97,17,8,10	193.6	39.4975230	73.6048979	4285.4
1783	147.2	146.2	147.2	385,497,8,8	193.6	39.4975185	73.6048990	4288.1
1784	147.7	143.2	147.7	169,939,12,6	193.5	39.4975186	73.6048991	4288.5
1785	162.7	162.7	162.7	133,847,10,6	193.3	39.4975188	73.6048994	4287.5
1786	44.1	44.1	44.1	1274,950,7,19	193.2	39.5002692	73.6048515	4260.1
1787	99.1	99.1	99.1	785,981,12,7	193.1	39.4985725	73.6046527	4285.4
1788	117.1	114.1	119.6	791,1057,8,12	193.1	39.4976286	73.6048575	4285.5
1789	15.0	12.0	15.0	0,727,13,8	193.0	39.5019003	73.6051392	4259.7
1790	97.6	97.6	97.6	1067,458,13,10	192.9	39.4987084	73.6046272	4285.4
1791	143.2	143.2	143.7	795,957,4,14	192.9	39.4975188	73.6048992	4285.9
1792	118.1	118.1	118.1	729,845,6,12	192.8	39.4975808	73.6048781	4285.5
1793	137.7	134.2	138.2	358,849,11,11	192.8	39.4975189	73.6048993	4285.5
1794	101.1	101.1	101.6	1841,961,4,14	192.7	39.4983882	73.6046890	4285.4
1795	162.2	162.2	162.2	883,1059,14,4	192.6	39.4975189	73.6048995	4287.6
1796	148.2	148.2	149.7	1346,161,9,7	192.5	39.4975186	73.6048992	4288.6
1797	52.6	52.6	52.6	365,325,14,12	192.4	39.5002709	73.6048512	4260.2
1798	44.6	44.6	44.6	1833,17,21,6	192.1	39.5002695	73.6048515	4260.1
1799	88.1	88.1	88.6	341,827,10,6	191.9	39.4991437	73.6046607	4284.9
1800	35.0	35.0	35.0	389,65,4,16	191.8	39.5003274	73.6048619	4259.6
1801	114.1	108.1	114.1	953,1019,8,12	191.8	39.4977261	73.6048078	4285.4
1802	103.1	103.1	104.6	89,72,9,9	191.5	39.4981990	73.6047218	4285.4
1803	86.1	85.6	86.1	14,445,11,5	191.4	39.4992935	73.6046849	4282.6
1804	56.6	55.1	56.6	1239,957,10,6	191.2	39.5002719	73.6048514	4260.7
1805	46.1	46.1	46.1	1214,27,10,11	191.0	39.5002703	73.6048514	4260.1
1806	74.1	70.6	74.1	1913,924,7,13	191.0	39.5001290	73.6048209	4265.5
1807	36.5	36.5	36.5	877,389,18,4	190.9	39.5002739	73.6048518	4259.6
1808	141.2	138.2	144.2	87,1065,10,8	190.9	39.4975190	73.6048990	4285.0
1809	144.7	144.7	146.7	1561,359,8,10	190.7	39.4975187	73.6048991	4287.0
1810	47.1	47.1	47.1	1304,1028,7,15	190.5	39.5002706	73.6048515	4260.1
1811	96.6	96.6	97.6	97,485,8,10	190.4	39.4987962	73.6046200	4285.4
1812	55.6	55.6	55.6	291,441,10,6	190.1	39.5002718	73.6048514	4260.7
1813	116.6	116.6	116.6	1905,927,15,4	190.1	39.4976505	73.6048469	4285.5
1814	67.6	67.6	67.6	961,945,16,7	190.0	39.5002641	73.6048473	4260.8
1815	13.5	13.0	14.0	20,60,9,19	189.7	39.5020149	73.6051562	4259.7
1816	127.2	122.6	127.2	305,1023,4,18	189.6	39.4975167	73.6049010	4285.5
1817	156.2	156.2	156.2	547,247,12,6	189.5	39.4975192	73.6048988	4288.4
1818	32.0	32.0	32.0	567,409,26,4	189.3	39.5005137	73.6048958	4259.6
1819	95.1	95.1	95.1	585,41,8,8	189.1	39.4989094	73.6046282	4285.4
1820	13.0	13.0	15.0	66,1041,7,10	189.0	39.5020496	73.6051610	4259.7
1821	15.0	14.5	17.0	369,111,6,10	189.0	39.5019003	73.6051392	4259.7
1822	34.0	34.0	34.0	505,253,14,4	188.9	39.5003929	73.6048738	4259.7
1823	74.1	70.6	74.1	993,937,8,10	188.8	39.5001290	73.6048209	4265.5
1824	164.2	164.2	164.2	1019,1037,12,7	188.8	39.4975187	73.6048993	4287.2
1825	38.0	38.0	38.0	1739,251,12,15	188.7	39.5002674	73.6048510	4259.7
1826	131.2	131.2	132.7	1386,832,13,9	188.7	39.4975178	73.6049004	4285.5
1827	93.1	93.1	94.1	1067,1027,6,12	188.6	39.4990061	73.6046417	4285.4
1828	38.0	38.0	38.0	1467,731,6,12	188.4	39.5002674	73.6048510	4259.7
1829	62.6	62.6	62.6	1747,177,8,8	188.2	39.5002726	73.6048520	4260.7
1830	105.1	104.6	105.6	19,233,13,8	188.2	39.4980127	73.6047551	4285.4
1831	34.0	34.0	34.0	1857,521,8,12	188.1	39.5003929	73.6048738	4259.7
1832	57.6	57.1	57.6	693,975,12,6	188.1	39.5002720	73.6048516	4260.7
1833	21.5	19.5	22.5	1330,561,9,10	188.0	39.5013572	73.6050482	4259.7
1834	73.1	70.1	73.1	969,657,8,8	188.0	39.5001645	73.6048265	4263.4
1835	116.6	116.1	116.6	615,565,8,16	187.9	39.4976505	73.6048469	4285.5
1836	62.6	62.6	62.6	199,561,10,6	187.8	39.5002726	73.6048520	4260.7
1837	157.2	157.2	157.2	1353,461,8,12	187.8	39.4975191	73.6048989	4288.4
1838	44.1	44.1	44.1	1387,659,14,8	187.6	39.5002692	73.6048515	4260.1
1839	1.5	1.5	2.5	977,921,8,8	186.9	39.5026272	73.6053264	4258.0
1840	101.6	101.6	101.6	1649,0,6,17	186.9	39.4983410	73.6046972	4285.4
1841	63.1	62.6	63.1	789,145,8,16	186.7	39.5002726	73.6048520	4260.7
1842	74.6	74.6	74.6	1025,1072,12,8	186.4	39.5001080	73.6048177	4266.5
1843	88.1	88.1	88.1	1369,1041,8,8	186.4	39.4991437	73.6046607	4284.9
1844	87.1	87.1	88.6	691,963,4,14	186.4	39.4992190	73.6046726	4283.8
1845	96.1	96.1	96.1	1673,759,22,4	186.4	39.4988362	73.6046207	4285.4
1846	98.6	98.6	98.6	1076,658,11,15	186.4	39.4986189	73.6046432	4285.4
1847	164.2	164.2	164.2	931,177,14,6	186.4	39.4975187	73.6048993	4287.2
1848	43.1	43.1	43.1	1851,431,9,15	186.3	39.5002687	73.6048515	4260.0
1849	23.5	20.5	23.5	1523,995,10,10	186.1	39.5011885	73.6050175	4259.7
1850	41.0	41.0	42.6	288,800,14,8	186.0	39.5002676	73.6048512	4259.7
1851	29.0	29.0	29.0	1753,277,8,8	185.9	39.5007395	73.6049367	4259.7
1852	28.5	28.5	28.5	1621,737,15,8	185.8	39.5007782	73.6049437	4259.7
1853	97.1	97.1	97.1	9,137,8,8	185.8	39.4987526	73.6046221	4285.4
1854	109.6	109.6	109.6	662,1045,10,11	185.8	39.4977362	73.6048044	4285.4
1855	5.0	5.0	5.0	1288,545,9,14	185.5	39.5025204	73.6052811	4258.2
1856	156.7	156.7	156.7	59,945,17,6	185.4	39.4975192	73.6048988	4288.4
1857	18.0	18.0	18.0	353,1073,8,7	185.3	39.5016540	73.6050985	4259.7
1858	60.6	60.6	60.6	1261,281,12,8	185.3	39.5002723	73.6048517	4260.7
1859	69.6	69.1	69.6	1824,995,13,12	185.3	39.5002438	73.6048401	4260.9
1860	63.1	63.1	63.1	1547,1014,14,10	185.0	39.5002726	73.6048520	4260.7
1861	129.7	129.7	129.7	1715,857,12,6	184.9	39.4975175	73.6049005	4285.5
1862	57.6	57.1	57.6	1379,193,12,6	184.7	39.5002720	73.6048516	4260.7
1863	43.6	43.6	44.1	1803,43,12,8	184.6	39.5002689	73.6048516	4260.0
1864	78.1	77.1	78.1	1873,169,8,8	184.6	39.4998994	73.6047836	4272.8
1865	25.0	25.0	25.0	487,307,10,14	184.5	39.5010628	73.6049949	4259.7
1866	151.2	151.2	151.2	979,306,11,8	184.3	39.4975187	73.6048990	4288.6
1867	26.0	26.0	26.0	9,441,8,8	184.2	39.5009796	73.6049800	4259.7
1868	43.6	43.6	43.6	1356,541,15,6	184.0	39.5002689	73.6048516	4260.0
1869	147.2	147.2	147.2	1865,385,14,10	184.0	39.4975185	73.6048990	4288.1
1870	56.1	56.1	56.1	977,136,9,9	183.8	39.5002718	73.6048514	4260.7
1871	157.7	157.7	157.7	1468,463,7,10	183.8	39.4975191	73.6048989	4288.3
1872	44.6	44.6	44.6	429,839,10,8	183.7	39.5002695	73.6048515	4260.1
1873	11.0	9.5	11.0	1449,1033,8,8	183.6	39.5021820	73.6051784	4258.6
1874	150.2	150.2	150.2	179,899,12,4	183.6	39.4975185	73.6048991	4288.6
1875	44.1	44.1	44.1	1900,700,10,6	183.5	39.5002692	73.6048515	4260.1
1876	80.6	80.1	81.1	1035,705,14,8	183.5	39.4997117	73.6047532	4276.2
1877	0.0	0.0	1.5	911,1039,18,15	183.3	39.5026349	73.6053297	4258.0
1878	27.5	27.5	27.5	209,585,16,8	183.3	39.5008578	73.6049580	4259.7
1879	118.1	118.1	118.6	1509,1053,8,12	183.1	39.4975808	73.6048781	4285.5
1880	109.6	109.6	111.1	285,566,9,9	183.0	39.4977362	73.6048044	4285.4
1881	156.2	156.2	156.2	77,695,10,15	182.6	39.4975192	73.6048988	4288.4
1882	82.6	82.6	82.6	951,1061,9,13	182.5	39.4995585	73.6047283	4278.4
1883	137.7	136.2	139.2	355,787,14,4	182.2	39.4975189	73.6048993	4285.5
1884	13.0	10.5	13.5	1295,473,8,18	182.1	39.5020496	73.6051610	4259.7
1885	50.6	50.6	50.6	1631,833,12,6	182.1	39.5002710	73.6048516	4260.1
1886	161.7	161.7	161.7	563,449,8,8	182.0	39.4975189	73.6048994	4287.7
1887	62.1	62.1	62.1	407,1045,6,12	181.9	39.5002726	73.6048520	4260.7
1888	81.1	79.6	84.6	865,433,8,8	181.9	39.4996738	73.6047471	4276.7
1889	66.1	64.6	66.1	1425,1073,8,7	181.0	39.5002718	73.6048517	4260.8
1890	136.2	132.7	137.7	289,1069,9,8	180.5	39.4975186	73.6048994	4285.5
1891	163.7	163.2	164.7	111,861,8,8	180.5	39.4975187	73.6048993	4287.3
1892	42.1	42.1	42.1	1561,923,8,8	180.3	39.5002681	73.6048514	4259.9
1893	150.2	150.2	150.2	131,246,12,9	180.2	39.4975185	73.6048991	4288.6
1894	167.2	167.2	167.2	1035,195,4,14	180.0	39.4975186	73.6048994	4286.8
1895	44.6	44.6	44.6	417,1013,8,12	179.8	39.5002695	73.6048515	4260.1
1896	38.5	38.5	38.5	1796,0,12,6	179.7	39.5002669	73.6048510	4259.7
1897	78.6	78.6	79.6	185,947,6,14	179.6	39.4998620	73.6047775	4273.6
1898	87.1	87.1	87.1	273,91,14,6	179.5	39.4992190	73.6046726	4283.8
1899	63.6	63.6	63.6	1249,753,14,6	179.2	39.5002726	73.6048520	4260.7
1900	57.1	57.1	57.6	943,481,18,10	179.1	39.5002720	73.6048515	4260.7
1901	1.5	0.0	3.0	799,642,17,7	179.0	39.5026272	73.6053264	4258.0
1902	57.1	57.1	58.1	1911,179,9,10	179.0	39.5002720	73.6048515	4260.7
1903	55.1	55.1	55.1	1131,929,14,10	178.8	39.5002717	73.6048514	4260.7
1904	139.2	135.7	141.7	499,1067,12,4	178.7	39.4975189	73.6048991	4285.2
1905	38.5	38.5	38.5	1897,239,13,15	178.4	39.5002669	73.6048510	4259.7
1906	111.6	109.1	112.6	1073,848,9,9	178.2	39.4977316	73.6048051	4285.4
1907	63.6	63.6	63.6	337,405,14,13	178.1	39.5002726	73.6048520	4260.7
1908	166.2	166.2	166.2	1823,1015,15,7	178.0	39.4975185	73.6048992	4286.8
1909	124.6	124.1	124.6	1715,950,12,6	177.9	39.4975159	73.6049014	4285.5
1910	145.7	144.2	145.7	467,1003,12,4	177.6	39.4975186	73.6048991	4287.5
1911	64.6	64.6	66.6	1545,401,13,10	177.5	39.5002726	73.6048522	4260.7
1912	148.7	148.7	148.7	1899,355,8,12	177.4	39.4975186	73.6048992	4288.6
1913	147.7	147.7	147.7	1515,871,13,9	177.1	39.4975186	73.6048991	4288.5
1914	47.1	47.1	47.1	547,1019,12,6	177.0	39.5002706	73.6048515	4260.1
1915	29.0	29.0	29.0	323,337,12,8	176.7	39.5007395	73.6049367	4259.7
1916	138.2	137.2	138.2	721,1037,6,10	176.7	39.4975189	73.6048992	4285.4
1917	49.6	49.6	49.6	1243,1025,8,6	176.5	39.5002713	73.6048520	4260.1
1918	6.0	4.0	6.0	113,26,15,8	176.4	39.5024742	73.6052615	4258.2
1919	81.1	81.1	81.1	1905,311,8,10	176.4	39.4996738	73.6047471	4276.7
1920	148.2	147.2	148.2	273,1051,11,8	176.2	39.4975186	73.6048992	4288.6
1921	96.1	96.1	96.1	115,939,12,4	176.1	39.4988362	73.6046207	4285.4
1922	42.6	42.6	42.6	0,529,11,8	175.9	39.5002684	73.6048515	4259.9
1923	105.6	104.6	105.6	1761,1073,8,7	175.9	39.4979682	73.6047631	4285.4
1924	135.2	134.7	135.7	165,583,4,12	175.9	39.4975184	73.6048996	4285.5
1925	124.1	119.1	125.7	433,787,14,6	175.6	39.4975158	73.6049014	4285.5
1926	103.6	99.6	103.6	773,437,10,12	175.5	39.4981524	73.6047300	4285.4
1927	58.1	58.1	58.6	467,209,6,11	175.3	39.5002720	73.6048517	4260.7
1928	99.1	99.1	99.1	1819,18,6,15	175.1	39.4985725	73.6046527	4285.4
1929	30.0	30.0	30.0	1150,729,7,11	175.0	39.5006558	73.6049216	4259.7
1930	44.6	44.6	44.6	1465,115,6,12	175.0	39.5002695	73.6048515	4260.1
1931	97.1	97.1	97.1	1601,41,8,7	175.0	39.4987526	73.6046221	4285.4
1932	153.2	153.2	153.2	897,724,18,5	174.8	39.4975188	73.6048990	4288.6
1933	159.7	159.7	159.7	1784,1017,14,6	174.8	39.4975190	73.6048992	4288.0
1934	63.1	63.1	63.1	888,522,7,11	174.7	39.5002726	73.6048520	4260.7
1935	46.1	46.1	46.1	595,907,13,4	174.5	39.5002703	73.6048514	4260.1
1936	132.7	132.7	133.7	525,618,9,12	174.2	39.4975181	73.6049002	4285.5
1937	52.6	52.6	52.6	513,841,6,8	174.1	39.5002709	73.6048512	4260.2
1938	149.2	149.2	151.2	1457,219,8,10	174.1	39.4975186	73.6048991	4288.6
1939	2.5	0.0	6.0	634,770,11,13	173.9	39.5026102	73.6053191	4258.1
1940	43.1	43.1	43.1	1523,921,12,6	173.9	39.5002687	73.6048515	4260.0
1941	63.1	63.1	63.1	1800,665,8,7	173.9	39.5002726	73.6048520	4260.7
1942	106.1	102.6	106.6	1009,853,8,7	173.7	39.4979231	73.6047711	4285.4
1943	47.1	47.1	47.1	1907,455,8,10	173.6	39.5002706	73.6048515	4260.1
1944	105.1	105.1	105.6	1889,425,4,16	173.4	39.4980127	73.6047551	4285.4
1945	71.1	71.1	73.6	994,888,9,9	173.2	39.5002140	73.6048336	4260.9
1946	85.6	85.6	88.1	819,913,11,6	173.1	39.4993316	73.6046911	4282.0
1947	152.2	152.2	152.2	585,11,10,7	173.1	39.4975187	73.6048990	4288.6
1948	105.6	105.6	105.6	629,911,7,11	172.9	39.4979682	73.6047631	4285.4
1949	33.5	33.5	33.5	1895,11,10,18	172.8	39.5004239	73.6048795	4259.7
1950	58.6	58.6	58.6	1718,1063,9,8	172.7	39.5002721	73.6048517	4260.7
1951	122.1	121.1	122.1	356,977,13,6	172.6	39.4975152	73.6049010	4285.5
1952	53.6	53.6	54.6	668,932,11,13	172.4	39.5002714	73.6048513	4260.5
1953	69.6	68.6	70.1	1774,359,8,7	172.4	39.5002438	73.6048401	4260.9
1954	106.6	106.6	106.6	93,141,8,8	172.4	39.4978794	73.6047789	4285.4
1955	107.1	107.1	107.6	1681,0,15,5	172.3	39.4978362	73.6047865	4285.4
1956	57.1	57.1	57.1	866,49,17,16	172.2	39.5002720	73.6048515	4260.7
1957	12.0	10.0	14.0	1490,1023,12,10	172.1	39.5021172	73.6051700	4259.5
1958	99.6	99.6	99.6	1903,63,7,12	171.7	39.4985277	73.6046624	4285.4
1959	115.1	114.1	115.1	961,979,7,12	171.7	39.4977047	73.6048187	4285.4
1960	94.6	94.6	94.6	1723,963,6,12	171.6	39.4989399	73.6046326	4285.4
1961	156.2	155.7	156.2	250,468,17,9	171.6	39.4975192	73.6048988	4288.4
1962	23.0	20.5	23.0	53,921,12,10	171.5	39.5012309	73.6050252	4259.7
1963	150.2	150.2	150.2	1280,371,7,14	171.5	39.4975185	73.6048991	4288.6
1964	35.5	35.0	35.5	1057,371,12,6	171.4	39.5003002	73.6048569	4259.6
1965	47.1	46.6	47.1	844,359,17,8	171.4	39.5002706	73.6048515	4260.1
1966	53.1	53.1	53.1	1665,388,13,8	171.4	39.5002712	73.6048512	4260.4
1967	62.1	62.1	62.1	1643,641,6,8	171.4	39.5002726	73.6048520	4260.7
1968	51.1	51.1	51.1	357,745,4,22	171.3	39.5002706	73.6048513	4260.1
1969	105.1	105.1	105.1	547,805,12,4	171.3	39.4980127	73.6047551	4285.4
1970	27.0	27.0	27.5	49,801,7,8	171.1	39.5008978	73.6049652	4259.7
1971	53.1	53.1	53.6	1093,380,12,9	171.0	39.5002712	73.6048512	4260.4
1972	99.1	99.1	99.1	1550,1025,7,8	170.8	39.4985725	73.6046527	4285.4
1973	130.2	130.2	131.2	719,642,12,8	170.6	39.4975176	73.6049004	4285.5
1974	117.6	117.6	117.6	1421,1025,7,17	170.4	39.4976052	73.6048682	4285.5
1975	129.2	128.2	130.7	434,796,7,9	170.4	39.4975174	73.6049005	4285.5
1976	69.6	69.6	69.6	641,909,6,16	170.2	39.5002438	73.6048401	4260.9
1977	153.7	153.7	153.7	1867,0,7,9	170.1	39.4975190	73.6048989	4288.5
1978	161.7	160.7	161.7	379,997,12,6	170.1	39.4975189	73.6048994	4287.7
1979	113.6	111.6	113.6	767,769,8,8	169.7	39.4977310	73.6048057	4285.4
1980	5.0	3.5	5.0	466,487,7,10	169.5	39.5025204	73.6052811	4258.2
1981	35.0	35.0	35.0	1292,637,7,14	169.5	39.5003274	73.6048619	4259.6
1982	7.0	7.0	9.5	251,467,7,13	169.4	39.5024226	73.6052397	4258.2
1983	15.0	14.0	17.0	383,361,10,8	169.1	39.5019003	73.6051392	4259.7
1984	46.1	44.1	46.6	1302,543,13,10	169.1	39.5002703	73.6048514	4260.1
1985	131.2	126.2	131.2	173,587,9,10	169.0	39.4975178	73.6049004	4285.5
1986	55.6	54.6	55.6	49,97,4,14	168.9	39.5002718	73.6048514	4260.7
1987	51.6	51.6	51.6	1267,0,14,9	168.8	39.5002707	73.6048513	4260.1
1988	116.6	116.6	116.6	19,0,4,13	168.8	39.4976505	73.6048469	4285.5
1989	16.0	15.0	16.5	947,498,10,15	168.6	39.5018197	73.6051255	4259.7
1990	43.6	43.6	43.6	738,421,13,8	168.4	39.5002689	73.6048516	4260.0
1991	73.1	73.1	75.1	1099,652,17,7	168.3	39.5001645	73.6048265	4263.4
1992	7.0	7.0	8.0	1161,497,8,8	168.1	39.5024226	73.6052397	4258.2
1993	104.6	104.6	105.1	621,809,11,10	168.0	39.4980590	73.6047468	4285.4
1994	117.6	117.6	117.6	1131,526,13,7	167.5	39.4976052	73.6048682	4285.5
1995	46.1	45.1	46.1	227,785,8,8	167.4	39.5002703	73.6048514	4260.1
1996	100.6	100.6	101.6	97,811,14,6	167.4	39.4984350	73.6046809	4285.4
1997	37.5	37.5	37.5	1859,619,8,8	167.3	39.5002686	73.6048512	4259.6
1998	160.2	160.2	160.2	1004,849,11,8	167.3	39.4975190	73.6048993	4287.9
1999	103.6	103.6	104.1	643,645,12,10	167.2	39.4981524	73.6047300	4285.4
2000	43.1	43.1	44.1	1585,667,16,4	167.1	39.5002687	73.6048515	4260.0
2001	160.2	160.2	160.2	161,481,8,8	167.0	39.4975190	73.6048993	4287.9
2002	47.1	47.1	47.1	269,359,6,10	166.9	39.5002706	73.6048515	4260.1
2003	21.5	21.5	21.5	1587,105,8,8	166.8	39.5013572	73.6050482	4259.7
2004	92.1	85.6	93.6	665,857,8,16	166.8	39.4990222	73.6046439	4285.4
2005	110.1	110.1	110.6	995,819,4,12	166.7	39.4977340	73.6048048	4285.4
2006	148.2	148.2	148.2	1450,449,8,8	166.7	39.4975186	73.6048992	4288.6
2007	27.0	27.0	28.5	721,185,8,8	166.5	39.5008978	73.6049652	4259.7
2008	156.2	156.2	156.2	669,209,8,8	166.4	39.4975192	73.6048988	4288.4
2009	74.6	73.6	75.1	299,49,14,10	166.3	39.5001080	73.6048177	4266.5
2010	84.6	84.6	86.6	1251,1057,8,11	166.2	39.4994065	73.6047033	4280.7
2011	85.1	85.1	85.1	58,265,7,9	165.8	39.4993681	73.6046970	4281.3
2012	162.7	162.7	162.7	780,1023,11,8	165.8	39.4975188	73.6048994	4287.5
2013	122.1	120.1	122.6	393,196,4,13	165.7	39.4975152	73.6049010	4285.5
2014	79.1	79.1	81.1	1009,865,16,4	165.4	39.4998254	73.6047716	4274.4
2015	89.1	89.1	89.1	1377,927,4,18	165.4	39.4990719	73.6046508	4285.3
2016	25.5	25.5	25.5	1854,1035,10,10	165.2	39.5010215	73.6049876	4259.7
2017	37.5	37.5	37.5	1077,233,8,8	165.0	39.5002686	73.6048512	4259.6
2018	118.6	117.1	118.6	531,188,12,8	165.0	39.4975561	73.6048869	4285.5
2019	157.7	157.7	157.7	599,318,12,7	165.0	39.4975191	73.6048989	4288.3
2020	75.6	75.6	75.6	1329,788,14,7	164.9	39.5000580	73.6048097	4268.5
2021	57.1	57.1	57.1	1691,603,6,10	164.8	39.5002720	73.6048515	4260.7
2022	40.5	40.5	41.5	1611,435,12,14	164.7	39.5002674	73.6048513	4259.7
2023	112.6	112.1	112.6	85,763,6,10	164.7	39.4977318	73.6048051	4285.4
2024	115.6	115.6	115.6	241,281,6,8	164.7	39.4976889	73.6048272	4285.4
2025	148.7	148.7	148.7	1391,287,16,4	164.7	39.4975186	73.6048992	4288.6
2026	154.7	154.7	155.2	56,1029,7,9	164.6	39.4975191	73.6048987	4288.5
2027	85.6	85.6	85.6	497,1071,15,6	164.5	39.4993316	73.6046911	4282.0
2028	21.5	19.5	21.5	1476,733,13,10	164.4	39.5013572	73.6050482	4259.7
2029	151.2	151.2	151.2	475,993,8,9	164.3	39.4975187	73.6048990	4288.6
2030	46.6	45.6	46.6	41,653,6,12	164.1	39.5002705	73.6048514	4260.1
2031	58.1	58.1	58.6	1597,793,10,8	164.1	39.5002720	73.6048517	4260.7
2032	11.0	11.0	12.5	1235,883,11,14	164.0	39.5021820	73.6051784	4258.6
2033	12.5	11.5	12.5	0,694,9,12	163.9	39.5020843	73.6051657	4259.6
2034	104.1	104.1	104.1	0,755,7,13	163.9	39.4981051	73.6047385	4285.4
2035	21.5	21.5	21.5	663,289,10,14	163.6	39.5013572	73.6050482	4259.7
2036	13.5	12.0	13.5	25,369,8,14	163.5	39.5020149	73.6051562	4259.7
2037	34.5	34.5	34.5	1665,977,6,10	163.5	39.5003628	73.6048683	4259.7
2038	30.0	29.5	30.0	391,55,18,8	163.4	39.5006558	73.6049216	4259.7
2039	41.0	41.0	41.0	1251,787,12,4	163.4	39.5002676	73.6048512	4259.7
2040	153.7	153.7	153.7	28,488,12,6	163.4	39.4975190	73.6048989	4288.5
2041	54.1	54.1	54.1	1883,879,9,7	163.2	39.5002714	73.6048514	4260.6
2042	66.1	66.1	66.1	607,905,7,7	163.1	39.5002718	73.6048517	4260.8
2043	127.2	125.7	130.2	473,681,8,8	163.1	39.4975167	73.6049010	4285.5
2044	153.7	152.2	153.7	442,196,12,10	163.1	39.4975190	73.6048989	4288.5
2045	33.5	33.5	33.5	903,209,10,6	162.8	39.5004239	73.6048795	4259.7
2046	51.1	51.1	51.1	122,49,12,6	162.8	39.5002706	73.6048513	4260.1
2047	133.2	133.2	133.7	521,911,8,8	162.8	39.4975182	73.6049001	4285.5
2048	22.5	22.0	25.0	1621,1071,12,9	162.7	39.5012728	73.6050328	4259.7
2049	66.6	66.6	66.6	87,1033,9,8	162.6	39.5002701	73.6048506	4260.8
2050	118.1	118.1	120.6	896,529,8,8	162.6	39.4975808	73.6048781	4285.5
2051	26.0	26.0	26.0	1758,180,7,21	162.5	39.5009796	73.6049800	4259.7
2052	102.1	102.1	102.1	1809,1035,8,6	162.5	39.4982943	73.6047053	4285.4
2053	104.1	103.6	104.1	70,146,11,14	162.5	39.4981051	73.6047385	4285.4
2054	39.5	39.5	39.5	1191,927,10,7	162.3	39.5002669	73.6048512	4259.7
2055	111.1	109.1	111.1	653,1049,9,16	162.3	39.4977319	73.6048051	4285.4
2056	9.0	0.5	9.0	1253,920,14,7	162.1	39.5023084	73.6052004	4258.2
2057	102.1	101.1	102.1	1517,163,12,8	161.9	39.4982943	73.6047053	4285.4
2058	137.2	136.2	137.7	456,881,7,8	161.7	39.4975189	73.6048992	4285.5
2059	157.7	157.7	157.7	631,745,9,8	161.5	39.4975191	73.6048989	4288.3
2060	50.6	50.6	50.6	372,0,16,5	161.4	39.5002710	73.6048516	4260.1
2061	87.1	87.1	88.1	23,523,10,6	161.4	39.4992190	73.6046726	4283.8
2062	58.1	58.1	58.1	1781,651,4,22	161.3	39.5002720	73.6048517	4260.7
2063	148.2	148.2	148.2	86,846,11,6	161.0	39.4975186	73.6048992	4288.6
2064	159.2	159.2	159.2	1459,867,12,4	161.0	39.4975189	73.6048991	4288.1
2065	7.5	0.0	7.5	418,817,13,6	160.9	39.5023958	73.6052288	4258.2
2066	26.0	26.0	26.0	17,41,8,7	160.8	39.5009796	73.6049800	4259.7
2067	22.5	22.5	28.5	1761,331,6,12	160.6	39.5012728	73.6050328	4259.7
2068	144.2	139.2	144.2	108,406,11,5	160.6	39.4975187	73.6048992	4286.6
2069	151.2	151.2	152.2	1799,657,12,8	160.6	39.4975187	73.6048990	4288.6
2070	44.6	44.6	44.6	1587,931,9,8	160.5	39.5002695	73.6048515	4260.1
2071	94.1	94.1	94.1	791,593,8,6	160.5	39.4989665	73.6046363	4285.4
2072	145.7	144.2	146.2	289,225,8,8	160.5	39.4975186	73.6048991	4287.5
2073	76.6	76.6	76.6	945,917,8,8	160.4	39.5000001	73.6048003	4270.3
2074	113.1	113.1	113.6	441,657,8,8	160.4	39.4977320	73.6048052	4285.4
2075	127.2	127.2	127.2	769,1013,7,12	160.4	39.4975167	73.6049010	4285.5
2076	116.1	116.1	116.6	709,444,10,8	160.3	39.4976712	73.6048365	4285.5
2077	152.2	152.2	152.2	829,985,8,6	160.3	39.4975187	73.6048990	4288.6
2078	81.1	81.1	82.1	343,65,9,6	160.2	39.4996738	73.6047471	4276.7
2079	83.1	83.1	83.1	1653,727,12,10	160.1	39.4995204	73.6047220	4279.0
2080	40.5	40.5	40.5	358,1025,9,7	160.0	39.5002674	73.6048513	4259.7
2081	54.6	54.6	54.6	1131,186,6,13	160.0	39.5002715	73.6048513	4260.6
2082	85.1	85.1	85.1	1807,893,5,20	160.0	39.4993681	73.6046970	4281.3
2083	141.2	141.2	141.2	1505,637,8,8	159.8	39.4975190	73.6048990	4285.0
2084	31.0	31.0	32.5	146,203,7,10	159.7	39.5005895	73.6049095	4259.6
2085	71.1	70.1	73.1	201,960,12,9	159.6	39.5002140	73.6048336	4260.9
2086	124.6	124.6	124.6	1009,419,6,12	159.5	39.4975159	73.6049014	4285.5
2087	124.1	124.1	124.6	85,247,10,10	159.4	39.4975158	73.6049014	4285.5
2088	53.6	53.6	53.6	1735,538,10,7	159.1	39.5002714	73.6048513	4260.5
2089	115.1	114.6	115.1	1815,943,6,12	159.1	39.4977047	73.6048187	4285.4
2090	42.1	41.5	42.1	1371,104,8,9	159.0	39.5002681	73.6048514	4259.9
2091	80.1	79.6	80.1	1281,1067,15,5	159.0	39.4997500	73.6047594	4275.6
2092	54.1	54.1	56.1	273,577,6,8	158.9	39.5002714	73.6048514	4260.6
2093	113.6	111.1	115.1	679,832,6,13	158.9	39.4977310	73.6048057	4285.4
2094	40.5	40.5	40.5	1568,705,9,8	158.8	39.5002674	73.6048513	4259.7
2095	63.6	63.6	63.6	20,186,10,7	158.7	39.5002726	73.6048520	4260.7
2096	119.1	119.1	119.1	626,929,10,6	158.7	39.4975346	73.6048943	4285.5
2097	38.0	37.5	38.0	29,117,4,14	158.5	39.5002674	73.6048510	4259.7
2098	55.6	55.6	55.6	1585,0,10,13	158.4	39.5002718	73.6048514	4260.7
2099	148.2	148.2	148.2	182,594,13,7	158.3	39.4975186	73.6048992	4288.6
2100	79.6	79.6	80.1	1404,1041,12,6	158.0	39.4997877	73.6047655	4275.0
2101	166.7	166.7	166.7	195,697,12,6	158.0	39.4975186	73.6048993	4286.8
2102	62.6	62.6	62.6	1265,1065,9,7	157.8	39.5002726	73.6048520	4260.7
2103	77.1	77.1	77.1	1243,377,6,12	157.7	39.4999675	73.6047950	4271.1
2104	147.7	147.7	147.7	573,342,6,10	157.7	39.4975186	73.6048991	4288.5
2105	46.1	46.1	46.6	707,167,8,10	157.6	39.5002703	73.6048514	4260.1
2106	74.1	74.1	74.6	76,823,5,10	157.6	39.5001290	73.6048209	4265.5
2107	31.0	31.0	31.0	1189,977,10,6	157.5	39.5005895	73.6049095	4259.6
2108	148.2	146.7	148.2	315,689,10,9	157.5	39.4975186	73.6048992	4288.6
2109	95.6	95.6	95.6	1191,1001,8,10	157.4	39.4988742	73.6046236	4285.4
2110	140.2	140.2	143.2	1253,1041,8,6	157.4	39.4975189	73.6048991	4284.9
2111	158.7	158.7	158.7	557,173,10,8	157.3	39.4975189	73.6048990	4288.2
2112	28.0	28.0	28.5	73,865,4,16	156.9	39.5008181	73.6049508	4259.7
2113	24.5	24.5	24.5	419,469,13,4	156.5	39.5011055	73.6050026	4259.7
2114	107.1	107.1	107.1	497,677,7,7	156.5	39.4978362	73.6047865	4285.4
2115	130.7	129.2	135.2	342,552,9,7	156.5	39.4975177	73.6049004	4285.5
2116	104.1	104.1	104.1	528,1035,10,4	156.4	39.4981051	73.6047385	4285.4
2117	135.2	135.2	135.2	1905,825,8,5	156.1	39.4975184	73.6048996	4285.5
2118	39.0	37.5	39.0	1263,379,6,13	156.0	39.5002668	73.6048510	4259.7
2119	91.6	91.6	91.6	659,1067,11,4	155.9	39.4990244	73.6046443	4285.4
2120	25.5	23.0	27.0	1087,197,8,12	155.8	39.5010215	73.6049876	4259.7
2121	148.2	148.2	148.2	443,0,10,6	155.6	39.4975186	73.6048992	4288.6
2122	93.1	93.1	93.1	803,627,12,4	155.5	39.4990061	73.6046417	4285.4
2123	7.5	0.5	7.5	53,67,10,6	155.4	39.5023958	73.6052288	4258.2
2124	38.5	37.5	38.5	1822,290,7,10	155.4	39.5002669	73.6048510	4259.7
2125	95.6	95.6	95.6	595,1069,12,4	155.2	39.4988742	73.6046236	4285.4
2126	37.5	37.5	37.5	707,593,12,8	155.0	39.5002686	73.6048512	4259.6
2127	108.6	107.6	108.6	196,34,10,9	154.9	39.4977484	73.6048025	4285.3
2128	126.2	126.2	126.7	694,73,13,6	154.9	39.4975165	73.6049010	4285.5
2129	42.1	42.1	42.1	1793,945,8,7	154.7	39.5002681	73.6048514	4259.9
2130	1.0	0.0	4.5	825,409,8,8	154.6	39.5026307	73.6053278	4258.0
2131	151.2	151.2	151.2	844,754,13,7	154.5	39.4975187	73.6048990	4288.6
2132	148.2	148.2	148.2	1857,433,9,19	154.3	39.4975186	73.6048992	4288.6
2133	41.5	41.5	41.5	1649,713,10,6	154.2	39.5002679	73.6048512	4259.8
2134	57.6	57.6	57.6	1169,330,16,6	154.2	39.5002720	73.6048516	4260.7
2135	11.0	10.5	12.5	1722,685,7,10	154.1	39.5021820	73.6051784	4258.6
2136	96.1	96.1	96.1	423,763,16,6	154.0	39.4988362	73.6046207	4285.4
2137	105.1	105.1	105.1	857,449,8,10	153.9	39.4980127	73.6047551	4285.4
2138	43.1	43.1	43.1	1843,372,15,10	153.8	39.5002687	73.6048515	4260.0
2139	135.7	126.7	137.7	1247,442,9,6	153.8	39.4975185	73.6048995	4285.5
2140	51.1	51.1	51.1	251,1052,12,9	153.7	39.5002706	73.6048513	4260.1
2141	121.1	121.1	121.1	711,605,8,10	153.7	39.4975160	73.6049005	4285.5
2142	37.5	37.5	37.5	1689,1019,12,6	153.6	39.5002686	73.6048512	4259.6
2143	86.1	85.6	86.1	747,923,4,14	153.6	39.4992935	73.6046849	4282.6
2144	66.6	66.6	66.6	903,914,6,16	153.5	39.5002701	73.6048506	4260.8
2145	86.1	86.1	86.1	97,529,8,12	153.4	39.4992935	73.6046849	4282.6
2146	123.1	122.1	125.7	375,599,10,6	153.3	39.4975155	73.6049012	4285.5
2147	149.7	149.7	149.7	995,99,12,4	153.2	39.4975185	73.6048991	4288.6
2148	5.5	0.0	5.5	1899,845,8,8	153.0	39.5024976	73.6052714	4258.2
2149	92.6	92.6	92.6	1695,949,6,10	153.0	39.4990172	73.6046433	4285.4
2150	138.7	137.2	140.7	313,467,16,8	152.8	39.4975189	73.6048991	4285.3
2151	34.5	34.5	34.5	0,1073,6,7	152.6	39.5003628	73.6048683	4259.7
2152	26.5	26.5	29.0	1779,281,6,10	152.4	39.5009387	73.6049727	4259.7
2153	64.1	64.1	64.1	1257,817,8,10	152.2	39.5002726	73.6048521	4260.7
2154	64.1	64.1	64.1	526,1071,11,6	152.2	39.5002726	73.6048521	4260.7
2155	132.2	132.2	133.7	368,801,11,6	152.2	39.4975180	73.6049002	4285.5
2156	96.1	95.6	96.1	1466,993,11,8	152.1	39.4988362	73.6046207	4285.4
2157	105.6	105.6	106.1	1849,901,14,12	152.1	39.4979682	73.6047631	4285.4
2158	58.1	58.1	58.1	1381,617,10,6	151.8	39.5002720	73.6048517	4260.7
2159	100.6	100.6	100.6	99,440,6,9	151.7	39.4984350	73.6046809	4285.4
2160	40.0	40.0	40.0	1603,851,12,4	151.6	39.5002671	73.6048513	4259.7
2161	49.6	47.6	49.6	1294,194,8,9	151.4	39.5002713	73.6048520	4260.1
2162	122.1	122.1	122.6	1459,395,12,4	151.4	39.4975152	73.6049010	4285.5
2163	100.6	100.6	100.6	1186,1067,7,7	151.3	39.4984350	73.6046809	4285.4
2164	92.1	91.1	92.1	569,369,8,14	151.2	39.4990222	73.6046439	4285.4
2165	119.1	119.1	119.6	833,401,10,11	151.2	39.4975346	73.6048943	4285.5
2166	148.7	148.7	148.7	849,217,8,8	151.2	39.4975186	73.6048992	4288.6
2167	32.5	30.0	32.5	1605,113,7,8	151.0	39.5004874	73.6048910	4259.6
2168	36.0	34.5	36.0	38,745,11,6	151.0	39.5002820	73.6048532	4259.6
2169	51.1	51.1	51.1	741,947,6,10	151.0	39.5002706	73.6048513	4260.1
2170	148.7	148.7	148.7	937,73,8,8	151.0	39.4975186	73.6048992	4288.6
2171	123.1	122.1	123.6	743,123,14,6	150.7	39.4975155	73.6049012	4285.5
2172	78.1	78.1	78.1	145,215,8,6	150.5	39.4998994	73.6047836	4272.8
2173	76.1	76.1	76.1	1753,33,8,6	150.2	39.5000297	73.6048051	4269.4
2174	34.0	34.0	35.5	340,625,11,6	150.1	39.5003929	73.6048738	4259.7
2175	36.5	36.5	36.5	265,240,8,9	150.0	39.5002739	73.6048518	4259.6
2176	149.2	149.2	149.2	1825,917,9,6	150.0	39.4975186	73.6048991	4288.6
2177	154.2	154.2	154.2	118,472,10,7	149.9	39.4975191	73.6048988	4288.5
2178	24.5	23.5	25.0	542,190,8,9	149.7	39.5011055	73.6050026	4259.7
2179	40.5	38.5	40.5	755,185,6,6	149.5	39.5002674	73.6048513	4259.7
2180	146.2	146.2	146.7	593,1015,8,6	149.5	39.4975186	73.6048991	4287.7
2181	11.0	10.5	11.5	23,465,10,8	149.3	39.5021820	73.6051784	4258.6
2182	148.2	148.2	148.2	1459,801,15,7	149.3	39.4975186	73.6048992	4288.6
2183	113.1	113.1	115.6	667,1027,6,10	149.2	39.4977320	73.6048052	4285.4
2184	162.7	162.7	162.7	1851,974,10,5	149.2	39.4975188	73.6048994	4287.5
2185	103.1	102.6	103.1	825,305,8,8	149.1	39.4981990	73.6047218	4285.4
2186	79.1	79.1	79.1	313,240,13,5	149.0	39.4998254	73.6047716	4274.4
2187	9.0	8.0	9.0	1425,1072,7,8	148.9	39.5023084	73.6052004	4258.2
2188	53.6	53.6	55.1	707,749,12,8	148.8	39.5002714	73.6048513	4260.5
2189	139.7	136.2	140.2	1329,787,12,12	148.8	39.4975189	73.6048991	4285.0
2190	64.1	64.1	64.1	936,490,9,7	148.7	39.5002726	73.6048521	4260.7
2191	109.6	109.6	110.6	1107,481,11,13	148.7	39.4977362	73.6048044	4285.4
2192	34.0	34.0	34.0	665,735,8,8	148.6	39.5003929	73.6048738	4259.7
2193	104.1	101.6	104.1	653,275,12,9	148.6	39.4981051	73.6047385	4285.4
2194	58.1	58.1	58.1	777,1059,4,10	148.4	39.5002720	73.6048517	4260.7
2195	99.1	99.1	99.1	715,19,5,14	148.4	39.4985725	73.6046527	4285.4
2196	111.6	111.1	112.1	548,998,9,11	148.3	39.4977316	73.6048051	4285.4
2197	117.6	117.6	121.6	745,587,8,10	148.2	39.4976052	73.6048682	4285.5
2198	108.6	108.1	112.1	857,196,8,11	148.1	39.4977484	73.6048025	4285.3
2199	47.1	47.1	47.1	355,908,12,5	148.0	39.5002706	73.6048515	4260.1
2200	79.6	79.6	79.6	526,1058,11,8	147.8	39.4997877	73.6047655	4275.0
2201	139.7	139.2	139.7	25,967,6,8	147.8	39.4975189	73.6048991	4285.0
2202	63.6	63.6	63.6	785,204,8,9	147.7	39.5002726	73.6048520	4260.7
2203	42.1	42.1	42.1	1623,676,14,13	147.5	39.5002681	73.6048514	4259.9
2204	129.2	129.2	129.7	1043,741,10,6	147.5	39.4975174	73.6049005	4285.5
2205	141.2	141.2	141.2	1801,853,8,6	147.5	39.4975190	73.6048990	4285.0
2206	146.7	142.7	146.7	289,440,8,14	147.4	39.4975187	73.6048991	4287.7
2207	104.1	103.6	104.1	1777,647,8,6	147.3	39.4981051	73.6047385	4285.4
2208	53.1	53.1	55.1	867,755,11,4	147.1	39.5002712	73.6048512	4260.4
2209	7.0	7.0	7.0	127,482,10,7	146.8	39.5024226	73.6052397	4258.2
2210	64.1	64.1	64.1	737,847,6,10	146.8	39.5002726	73.6048521	4260.7
2211	99.6	99.6	100.1	819,581,12,8	146.5	39.4985277	73.6046624	4285.4
2212	97.1	97.1	97.1	79,100,6,13	146.4	39.4987526	73.6046221	4285.4
2213	51.6	51.6	51.6	395,961,6,8	146.3	39.5002707	73.6048513	4260.1
2214	13.0	13.0	14.5	90,815,7,8	146.2	39.5020496	73.6051610	4259.7
2215	133.2	133.2	133.7	137,804,8,10	146.2	39.4975182	73.6049001	4285.5
2216	117.6	117.6	118.6	1094,925,7,14	146.1	39.4976052	73.6048682	4285.5
2217	118.1	117.6	125.1	577,771,6,8	146.1	39.4975808	73.6048781	4285.5
2218	56.1	56.1	56.1	370,18,13,8	146.0	39.5002718	73.6048514	4260.7
2219	44.6	44.6	44.6	447,927,12,8	145.9	39.5002695	73.6048515	4260.1
2220	85.1	85.1	85.1	1771,225,9,6	145.8	39.4993681	73.6046970	4281.3
2221	104.1	104.1	104.1	673,505,8,8	145.8	39.4981051	73.6047385	4285.4
2222	1.0	1.0	1.0	453,423,8,16	145.7	39.5026307	73.6053278	4258.0
2223	51.6	51.6	51.6	1513,1025,10,12	145.7	39.5002707	73.6048513	4260.1
2224	65.1	65.1	65.1	1805,565,8,8	145.6	39.5002727	73.6048522	4260.7
2225	47.6	47.6	47.6	473,833,8,9	145.4	39.5002708	73.6048516	4260.1
2226	53.6	53.6	53.6	1674,243,9,10	145.4	39.5002714	73.6048513	4260.5
2227	154.2	154.2	154.2	211,160,6,8	145.4	39.4975191	73.6048988	4288.5
2228	63.6	63.6	63.6	1831,623,6,9	145.1	39.5002726	73.6048520	4260.7
2229	12.5	12.5	12.5	1425,387,8,8	145.0	39.5020843	73.6051657	4259.6
2230	125.1	123.1	125.1	203,193,6,8	144.9	39.4975161	73.6049012	4285.5
2231	104.6	104.6	104.6	800,383,11,6	144.7	39.4980590	73.6047468	4285.4
2232	52.6	52.6	52.6	255,371,10,7	144.6	39.5002709	73.6048512	4260.2
2233	14.0	13.5	14.0	13,1021,6,11	144.3	39.5019780	73.6051511	4259.7
2234	14.5	14.5	14.5	33,981,8,15	143.9	39.5019400	73.6051458	4259.7
2235	115.6	115.6	115.6	1553,721,5,8	143.9	39.4976889	73.6048272	4285.4
2236	120.1	120.1	120.1	940,199,5,14	143.9	39.4975191	73.6048993	4285.4
2237	122.6	122.6	124.6	161,993,10,6	143.9	39.4975152	73.6049011	4285.5
2238	45.1	45.1	45.6	388,44,10,7	143.7	39.5002698	73.6048514	4260.1
2239	102.1	101.6	102.1	879,1016,12,8	143.7	39.4982943	73.6047053	4285.4
2240	125.1	124.1	125.7	73,321,4,8	143.7	39.4975161	73.6049012	4285.5
2241	147.2	147.2	147.2	1799,471,26,4	143.7	39.4975185	73.6048990	4288.1
2242	20.0	18.0	20.0	217,115,4,16	143.6	39.5014842	73.6050709	4259.7
2243	7.0	6.5	7.0	192,153,10,8	143.5	39.5024226	73.6052397	4258.2
2244	45.1	45.1	46.6	539,671,6,10	143.5	39.5002698	73.6048514	4260.1
2245	54.1	54.1	54.1	1266,265,7,17	143.5	39.5002714	73.6048514	4260.6
2246	119.1	118.6	119.1	873,305,8,8	143.5	39.4975346	73.6048943	4285.5
2247	3.0	3.0	3.0	1022,681,17,8	143.2	39.5025967	73.6053134	4258.2
2248	26.0	25.5	26.5	118,996,7,7	143.2	39.5009796	73.6049800	4259.7
2249	107.1	107.1	107.1	226,307,7,7	143.1	39.4978362	73.6047865	4285.4
2250	43.6	43.6	43.6	267,497,11,8	143.0	39.5002689	73.6048516	4260.0
2251	65.1	65.1	65.6	333,593,9,7	142.8	39.5002727	73.6048522	4260.7
2252	103.1	103.1	103.1	860,1053,11,6	142.8	39.4981990	73.6047218	4285.4
2253	162.7	162.7	163.2	1145,984,8,7	142.8	39.4975188	73.6048994	4287.5
2254	100.6	100.6	100.6	1187,801,10,11	142.7	39.4984350	73.6046809	4285.4
2255	93.6	93.6	93.6	339,867,6,12	142.5	39.4989885	73.6046394	4285.4
2256	64.1	64.1	64.1	1633,44,11,7	142.3	39.5002726	73.6048521	4260.7
2257	53.1	53.1	53.1	621,791,6,10	142.2	39.5002712	73.6048512	4260.4
2258	105.1	105.1	105.1	1545,9,8,6	142.1	39.4980127	73.6047551	4285.4
2259	64.1	64.1	64.1	1661,177,10,8	142.0	39.5002726	73.6048521	4260.7
2260	63.6	63.6	63.6	1037,482,6,8	141.9	39.5002726	73.6048520	4260.7
2261	153.7	153.7	153.7	1219,19,6,16	141.9	39.4975190	73.6048989	4288.5
2262	9.0	9.0	10.0	3,884,6,12	141.8	39.5023084	73.6052004	4258.2
2263	69.6	69.6	69.6	1803,634,8,9	141.7	39.5002438	73.6048401	4260.9
2264	100.6	100.6	100.6	211,48,5,10	141.7	39.4984350	73.6046809	4285.4
2265	105.1	105.1	105.1	1701,224,6,9	141.7	39.4980127	73.6047551	4285.4
2266	53.1	53.1	53.1	1596,19,9,6	141.3	39.5002712	73.6048512	4260.4
2267	39.0	39.0	39.0	1683,483,12,4	141.2	39.5002668	73.6048510	4259.7
2268	105.6	104.6	106.1	1835,1049,6,8	141.2	39.4979682	73.6047631	4285.4
2269	13.0	12.0	14.5	73,231,8,11	141.1	39.5020496	73.6051610	4259.7
2270	161.7	161.7	161.7	773,431,10,5	141.0	39.4975189	73.6048994	4287.7
2271	7.0	0.0	8.0	527,658,21,3	140.9	39.5024226	73.6052397	4258.2
2272	43.1	43.1	43.1	1297,839,6,8	140.9	39.5002687	73.6048515	4260.0
2273	83.6	83.6	84.1	1115,856,7,9	140.9	39.4994825	73.6047158	4279.5
2274	87.6	87.1	87.6	219,934,10,8	140.9	39.4991820	73.6046665	4284.4
2275	139.7	138.7	139.7	748,1004,11,11	140.9	39.4975189	73.6048991	4285.0
2276	83.6	83.6	83.6	402,127,14,4	140.6	39.4994825	73.6047158	4279.5
2277	155.7	155.7	155.7	18,959,9,8	140.6	39.4975192	73.6048988	4288.5
2278	132.2	132.2	132.7	617,525,4,12	140.4	39.4975180	73.6049002	4285.5
2279	132.7	129.7	132.7	611,1075,12,5	140.3	39.4975181	73.6049002	4285.5
2280	151.7	151.7	151.7	1843,1005,8,12	140.3	39.4975187	73.6048990	4288.6
2281	62.6	62.6	62.6	1365,859,10,6	140.0	39.5002726	73.6048520	4260.7
2282	8.0	7.5	8.0	1293,1037,10,6	139.6	39.5023674	73.6052179	4258.2
2283	155.7	155.7	155.7	551,941,12,11	139.5	39.4975192	73.6048988	4288.5
2284	51.1	51.1	51.1	504,867,9,7	139.2	39.5002706	73.6048513	4260.1
2285	121.1	121.1	124.1	359,112,9,9	139.2	39.4975160	73.6049005	4285.5
2286	160.2	160.2	160.7	45,1021,16,4	139.1	39.4975190	73.6048993	4287.9
2287	64.1	64.1	64.1	1327,859,6,8	139.0	39.5002726	73.6048521	4260.7
2288	144.7	144.7	146.7	505,1069,8,8	138.9	39.4975187	73.6048991	4287.0
2289	63.6	63.6	63.6	1719,1003,10,14	138.8	39.5002726	73.6048520	4260.7
2290	21.0	21.0	21.0	1009,420,8,12	138.7	39.5013991	73.6050560	4259.7
2291	116.1	116.1	117.6	1175,509,10,10	138.7	39.4976712	73.6048365	4285.5
2292	160.2	160.2	160.7	1500,884,12,7	138.7	39.4975190	73.6048993	4287.9
2293	43.6	43.6	43.6	925,985,7,10	138.4	39.5002689	73.6048516	4260.0
2294	115.6	112.1	115.6	1211,395,10,6	138.3	39.4976889	73.6048272	4285.4
2295	154.7	154.7	154.7	861,615,8,10	138.3	39.4975191	73.6048987	4288.5
2296	11.0	10.5	11.0	1127,577,12,5	138.0	39.5021820	73.6051784	4258.6
2297	102.1	102.1	102.1	1355,615,6,8	138.0	39.4982943	73.6047053	4285.4
2298	149.7	149.7	149.7	1905,545,6,9	138.0	39.4975185	73.6048991	4288.6
2299	33.5	33.5	34.5	231,716,8,9	137.9	39.5004239	73.6048795	4259.7
2300	149.2	149.2	149.2	419,275,4,12	137.9	39.4975186	73.6048991	4288.6
2301	96.1	96.1	96.1	1249,1035,8,6	137.7	39.4988362	73.6046207	4285.4
2302	136.7	136.2	136.7	365,594,8,7	137.7	39.4975188	73.6048993	4285.5
2303	152.2	152.2	152.2	268,82,9,6	137.7	39.4975187	73.6048990	4288.6
2304	106.1	106.1	106.1	465,343,8,6	137.6	39.4979231	73.6047711	4285.4
2305	11.5	11.5	12.5	692,659,7,14	137.5	39.5021494	73.6051741	4259.1
2306	104.1	104.1	104.1	1635,865,6,10	137.5	39.4981051	73.6047385	4285.4
2307	36.0	36.0	36.0	289,268,11,10	137.3	39.5002820	73.6048532	4259.6
2308	102.1	102.1	102.1	105,111,24,2	137.3	39.4982943	73.6047053	4285.4
2309	117.1	117.1	117.1	321,81,16,4	137.2	39.4976286	73.6048575	4285.5
2310	152.2	152.2	152.2	531,880,12,7	137.2	39.4975187	73.6048990	4288.6
2311	44.6	44.6	44.6	1389,142,8,7	137.1	39.5002695	73.6048515	4260.1
2312	147.2	146.2	147.2	440,779,11,7	137.1	39.4975185	73.6048990	4288.1
2313	27.5	27.5	27.5	1709,1076,16,4	136.9	39.5008578	73.6049580	4259.7
2314	116.6	116.6	116.6	201,175,10,8	136.8	39.4976505	73.6048469	4285.5
2315	93.6	93.6	93.6	1060,971,11,8	136.7	39.4989885	73.6046394	4285.4
2316	102.1	102.1	103.1	1879,49,6,8	136.7	39.4982943	73.6047053	4285.4
2317	151.7	151.7	151.7	291,0,4,11	136.7	39.4975187	73.6048990	4288.6
2318	109.6	109.1	109.6	731,950,6,13	136.6	39.4977362	73.6048044	4285.4
2319	144.2	144.2	144.2	1865,409,8,6	136.6	39.4975187	73.6048992	4286.6
2320	117.1	117.1	117.1	181,91,6,8	136.5	39.4976286	73.6048575	4285.5
2321	52.6	52.6	52.6	235,35,9,8	136.4	39.5002709	73.6048512	4260.2
2322	64.1	64.1	64.1	678,731,9,6	136.4	39.5002726	73.6048521	4260.7
2323	114.6	114.6	114.6	53,745,8,6	136.4	39.4977194	73.6048111	4285.4
2324	109.6	109.1	110.1	600,928,10,11	136.3	39.4977362	73.6048044	4285.4
2325	116.1	116.1	116.6	747,371,6,13	136.3	39.4976712	73.6048365	4285.5
2326	148.7	148.7	148.7	1653,471,14,6	136.3	39.4975186	73.6048992	4288.6
2327	94.6	93.6	94.6	1055,865,10,6	136.2	39.4989399	73.6046326	4285.4
2328	148.7	148.7	148.7	1141,719,4,10	136.1	39.4975186	73.6048992	4288.6
2329	84.1	82.1	84.1	911,651,16,6	136.0	39.4994442	73.6047095	4280.1
2330	122.1	122.1	125.1	403,1067,11,4	136.0	39.4975152	73.6049010	4285.5
2331	36.5	36.5	36.5	1079,331,10,5	135.8	39.5002739	73.6048518	4259.6
2332	119.6	119.1	120.1	519,985,10,6	135.8	39.4975230	73.6048979	4285.4
2333	144.7	144.2	147.2	682,387,9,8	135.8	39.4975187	73.6048991	4287.0
2334	148.2	148.2	148.2	393,1066,9,6	135.8	39.4975186	73.6048992	4288.6
2335	38.0	38.0	38.0	1403,187,6,12	135.4	39.5002674	73.6048510	4259.7
2336	105.1	105.1	105.1	625,934,8,10	135.1	39.4980127	73.6047551	4285.4
2337	7.5	7.5	7.5	513,313,6,8	135.0	39.5023958	73.6052288	4258.2
2338	160.7	160.7	160.7	1351,1059,6,8	135.0	39.4975190	73.6048994	4287.9
2339	65.6	65.6	65.6	1322,1073,7,7	134.9	39.5002726	73.6048522	4260.7
2340	40.0	40.0	40.0	851,939,8,6	134.6	39.5002671	73.6048513	4259.7
2341	145.2	143.2	147.2	1356,756,10,6	134.5	39.4975187	73.6048991	4287.3
2342	148.7	148.7	148.7	1432,475,11,4	134.5	39.4975186	73.6048992	4288.6
2343	128.2	125.7	128.7	411,1073,6,7	134.4	39.4975171	73.6049006	4285.5
2344	28.0	28.0	28.0	385,829,8,7	134.3	39.5008181	73.6049508	4259.7
2345	83.1	83.1	85.1	593,338,8,7	134.3	39.4995204	73.6047220	4279.0
2346	153.2	153.2	153.2	1869,1031,9,8	134.3	39.4975188	73.6048990	4288.6
2347	58.6	58.6	58.6	1763,446,7,8	134.2	39.5002721	73.6048517	4260.7
2348	46.6	46.6	46.6	1685,5,10,6	134.1	39.5002705	73.6048514	4260.1
2349	83.1	83.1	83.1	1113,1026,8,7	133.9	39.4995204	73.6047220	4279.0
2350	160.2	160.2	160.2	321,601,8,8	133.9	39.4975190	73.6048993	4287.9
2351	151.2	149.2	151.2	1515,267,9,8	133.7	39.4975187	73.6048990	4288.6
2352	143.7	142.7	147.2	456,333,6,10	133.6	39.4975188	73.6048993	4286.3
2353	104.1	102.6	104.6	843,437,6,8	133.4	39.4981051	73.6047385	4285.4
2354	152.2	152.2	152.2	1003,434,6,12	133.4	39.4975187	73.6048990	4288.6
2355	148.2	148.2	148.2	235,52,9,6	133.3	39.4975186	73.6048992	4288.6
2356	115.6	115.6	115.6	827,1038,5,14	133.2	39.4976889	73.6048272	4285.4
2357	127.2	126.7	127.2	551,833,4,10	133.2	39.4975167	73.6049010	4285.5
2358	87.1	87.1	87.1	372,1011,13,4	133.1	39.4992190	73.6046726	4283.8
2359	8.5	8.5	8.5	162,131,7,8	133.0	39.5023385	73.6052087	4258.2
2360	47.6	47.6	47.6	1406,5,7,8	133.0	39.5002708	73.6048516	4260.1
2361	120.1	119.6	125.7	919,455,7,11	133.0	39.4975191	73.6048993	4285.4
2362	162.2	162.2	162.2	1717,942,16,5	132.9	39.4975189	73.6048995	4287.6
2363	62.6	62.6	62.6	1761,1001,9,7	132.8	39.5002726	73.6048520	4260.7
2364	83.1	83.1	83.1	33,268,6,11	132.8	39.4995204	73.6047220	4279.0
2365	167.2	167.2	167.2	586,1049,15,4	132.8	39.4975186	73.6048994	4286.8
2366	66.1	66.1	66.1	326,1051,11,6	132.7	39.5002718	73.6048517	4260.8
2367	64.1	64.1	64.1	425,493,11,8	132.6	39.5002726	73.6048521	4260.7
2368	77.1	77.1	77.1	225,1073,6,7	132.4	39.4999675	73.6047950	4271.1
2369	37.5	37.5	37.5	1691,705,6,10	132.2	39.5002686	73.6048512	4259.6
2370	42.1	42.1	42.1	1490,92,9,5	132.2	39.5002681	73.6048514	4259.9
2371	167.2	167.2	167.2	371,531,5,12	131.9	39.4975186	73.6048994	4286.8
2372	88.1	88.1	88.1	591,969,8,6	131.6	39.4991437	73.6046607	4284.9
2373	102.1	102.1	102.1	231,778,6,7	131.6	39.4982943	73.6047053	4285.4
2374	52.6	52.6	52.6	983,37,8,10	131.4	39.5002709	73.6048512	4260.2
2375	86.6	86.6	88.1	833,567,8,10	131.4	39.4992568	73.6046788	4283.2
2376	151.7	151.7	151.7	398,116,8,7	131.4	39.4975187	73.6048990	4288.6
2377	94.6	94.6	94.6	787,1065,12,6	131.1	39.4989399	73.6046326	4285.4
2378	99.1	99.1	99.1	1118,344,5,11	131.1	39.4985725	73.6046527	4285.4
2379	152.7	152.7	152.7	1655,861,11,7	131.1	39.4975188	73.6048989	4288.6
2380	47.1	44.6	47.1	292,59,11,6	131.0	39.5002706	73.6048515	4260.1
2381	122.1	122.1	122.1	955,977,7,17	131.0	39.4975152	73.6049010	4285.5
2382	151.2	151.2	151.2	1395,733,12,4	131.0	39.4975187	73.6048990	4288.6
2383	49.1	49.1	49.1	634,228,7,9	130.7	39.5002713	73.6048519	4260.1
2384	44.1	44.1	44.1	1825,313,6,13	130.6	39.5002692	73.6048515	4260.1
2385	72.6	72.1	72.6	186,679,5,10	130.4	39.5001788	73.6048285	4262.5
2386	100.6	100.6	101.6	19,341,6,9	130.4	39.4984350	73.6046809	4285.4
2387	138.7	132.7	141.7	598,354,8,8	130.4	39.4975189	73.6048991	4285.3
2388	142.2	142.2	142.2	353,383,5,10	130.4	39.4975189	73.6048990	4285.0
2389	87.1	86.6	88.6	1060,753,7,9	130.3	39.4992190	73.6046726	4283.8
2390	135.2	135.2	136.7	467,851,5,12	130.3	39.4975184	73.6048996	4285.5
2391	52.6	52.6	52.6	635,677,8,6	130.2	39.5002709	73.6048512	4260.2
2392	5.0	0.0	7.5	125,830,6,9	130.1	39.5025204	73.6052811	4258.2
2393	113.6	109.6	114.6	717,963,6,9	130.1	39.4977310	73.6048057	4285.4
2394	44.1	44.1	44.1	1410,596,11,8	130.0	39.5002692	73.6048515	4260.1
2395	53.1	53.1	53.1	443,951,6,6	129.9	39.5002712	73.6048512	4260.4
2396	7.0	6.5	7.0	8,0,9,9	129.8	39.5024226	73.6052397	4258.2
2397	43.6	43.6	43.6	255,606,10,11	129.7	39.5002689	73.6048516	4260.0
2398	134.2	134.2	134.7	691,811,10,6	129.6	39.4975182	73.6048998	4285.5
2399	16.0	16.0	17.5	201,17,8,8	129.5	39.5018197	73.6051255	4259.7
2400	40.5	40.5	40.5	1885,473,5,11	129.5	39.5002674	73.6048513	4259.7
2401	62.6	62.6	62.6	1497,26,5,9	129.5	39.5002726	73.6048520	4260.7
2402	84.6	84.6	84.6	139,698,8,8	129.5	39.4994065	73.6047033	4280.7
2403	151.2	151.2	151.2	1579,867,4,12	129.5	39.4975187	73.6048990	4288.6
2404	11.5	11.5	11.5	629,183,12,5	129.4	39.5021494	73.6051741	4259.1
2405	55.6	55.6	55.6	1189,221,11,8	129.3	39.5002718	73.6048514	4260.7
2406	123.1	121.1	125.1	360,449,7,10	129.0	39.4975155	73.6049012	4285.5
2407	139.7	139.7	142.2	51,765,8,6	129.0	39.4975189	73.6048991	4285.0
2408	41.5	41.5	41.5	947,454,10,8	128.7	39.5002679	73.6048512	4259.8
2409	75.6	75.1	75.6	955,609,10,12	128.7	39.5000580	73.6048097	4268.5
2410	164.2	163.7	164.2	1307,1043,4,11	128.6	39.4975187	73.6048993	4287.2
2411	78.6	78.6	78.6	803,259,12,4	128.5	39.4998620	73.6047775	4273.6
2412	70.6	70.6	70.6	348,1047,12,4	128.4	39.5002247	73.6048356	4260.9
2413	108.1	108.1	111.1	747,128,8,6	128.2	39.4977667	73.6047989	4285.4
2414	131.7	131.2	131.7	687,808,10,7	128.1	39.4975179	73.6049003	4285.6
2415	62.6	62.6	62.6	647,636,11,10	127.9	39.5002726	73.6048520	4260.7
2416	148.2	148.2	148.2	1673,625,10,6	127.9	39.4975186	73.6048992	4288.6
2417	143.2	143.2	143.7	1338,1067,7,6	127.8	39.4975188	73.6048992	4285.9
2418	155.7	155.7	155.7	1041,1054,10,5	127.8	39.4975192	73.6048988	4288.5
2419	33.5	33.5	33.5	693,813,6,8	127.6	39.5004239	73.6048795	4259.7
2420	112.1	112.1	112.1	73,139,6,6	127.6	39.4977317	73.6048051	4285.4
2421	110.1	110.1	111.1	1105,697,8,6	127.5	39.4977340	73.6048048	4285.4
2422	148.2	148.2	148.2	1259,408,9,5	127.4	39.4975186	73.6048992	4288.6
2423	62.6	62.6	62.6	93,718,11,5	127.3	39.5002726	73.6048520	4260.7
2424	53.6	53.6	53.6	1045,1039,8,6	127.0	39.5002714	73.6048513	4260.5
2425	129.2	129.2	129.7	410,313,7,8	126.9	39.4975174	73.6049005	4285.5
2426	152.7	152.7	152.7	1211,47,12,5	126.9	39.4975188	73.6048989	4288.6
2427	122.1	122.1	125.7	711,469,10,6	126.6	39.4975152	73.6049010	4285.5
2428	159.7	159.7	159.7	1577,159,10,4	126.6	39.4975190	73.6048992	4288.0
2429	161.7	161.7	161.7	1904,798,16,6	126.6	39.4975189	73.6048994	4287.7
2430	115.6	115.6	115.6	912,807,4,11	126.5	39.4976889	73.6048272	4285.4
2431	127.2	126.7	127.7	209,869,6,8	126.5	39.4975167	73.6049010	4285.5
2432	52.6	52.6	52.6	35,267,8,6	126.4	39.5002709	73.6048512	4260.2
2433	36.0	36.0	36.0	1291,202,3,21	126.3	39.5002820	73.6048532	4259.6
2434	64.6	64.6	65.6	1057,1028,15,7	126.3	39.5002726	73.6048522	4260.7
2435	30.0	30.0	30.0	967,749,12,8	126.0	39.5006558	73.6049216	4259.7
2436	104.1	104.1	104.1	1747,241,10,6	125.9	39.4981051	73.6047385	4285.4
2437	40.5	40.5	40.5	1363,577,14,6	125.7	39.5002674	73.6048513	4259.7
2438	62.6	62.6	62.6	1830,219,9,10	125.4	39.5002726	73.6048520	4260.7
2439	88.6	88.1	88.6	947,1049,12,4	125.4	39.4991073	73.6046556	4285.2
2440	142.2	136.7	146.7	441,473,6,8	125.4	39.4975189	73.6048990	4285.0
2441	44.1	44.1	44.1	1646,757,14,3	125.3	39.5002692	73.6048515	4260.1
2442	86.6	86.6	87.6	1585,159,12,6	125.2	39.4992568	73.6046788	4283.2
2443	146.7	143.2	147.7	541,913,6,8	125.2	39.4975187	73.6048991	4287.7
2444	70.1	70.1	70.6	1546,952,6,9	125.0	39.5002348	73.6048378	4260.9
2445	16.0	16.0	16.0	1307,437,12,9	124.9	39.5018197	73.6051255	4259.7
2446	38.5	38.5	40.0	190,195,7,12	124.9	39.5002669	73.6048510	4259.7
2447	135.2	135.2	135.2	967,907,10,5	124.7	39.4975184	73.6048996	4285.5
2448	36.0	36.0	36.0	807,667,6,6	124.6	39.5002820	73.6048532	4259.6
2449	162.7	162.7	163.7	624,147,9,10	124.6	39.4975188	73.6048994	4287.5
2450	106.1	106.1	106.1	1429,129,8,6	124.5	39.4979231	73.6047711	4285.4
2451	80.6	80.6	80.6	0,0,5,12	124.2	39.4997117	73.6047532	4276.2
2452	107.1	107.1	108.1	618,810,5,7	124.2	39.4978362	73.6047865	4285.4
2453	18.5	18.5	18.5	1317,519,11,6	124.1	39.5016120	73.6050916	4259.7
2454	155.2	155.2	155.2	1515,837,5,10	124.1	39.4975191	73.6048988	4288.5
2455	20.5	20.5	21.0	375,10,14,6	123.9	39.5014421	73.6050639	4259.7
2456	47.6	46.6	47.6	1591,113,6,10	123.8	39.5002708	73.6048516	4260.1
2457	124.6	123.6	125.7	749,878,8,9	123.7	39.4975159	73.6049014	4285.5
2458	124.1	120.1	126.2	825,846,6,9	123.6	39.4975158	73.6049014	4285.5
2459	10.5	10.5	10.5	1093,233,6,8	123.5	39.5022143	73.6051830	4258.2
2460	116.6	116.6	116.6	263,213,10,6	123.5	39.4976505	73.6048469	4285.5
2461	148.7	148.7	148.7	1499,101,6,10	123.5	39.4975186	73.6048992	4288.6
2462	105.1	105.1	105.1	23,537,5,8	123.3	39.4980127	73.6047551	4285.4
2463	153.2	153.2	153.2	1783,823,6,6	123.3	39.4975188	73.6048990	4288.6
2464	4.5	4.5	4.5	501,320,11,8	123.2	39.5025418	73.6052901	4258.2
2465	116.1	116.1	116.1	803,211,4,12	123.2	39.4976712	73.6048365	4285.5
2466	155.2	155.2	155.2	1675,43,6,6	123.1	39.4975191	73.6048988	4288.5
2467	37.5	37.5	37.5	1543,985,11,10	123.0	39.5002686	73.6048512	4259.6
2468	32.5	32.5	32.5	280,816,9,11	122.9	39.5004874	73.6048910	4259.6
2469	64.1	64.1	64.1	1683,930,8,5	122.9	39.5002726	73.6048521	4260.7
2470	108.6	108.6	109.6	875,665,7,7	122.9	39.4977484	73.6048025	4285.3
2471	145.2	145.2	145.7	11,811,6,6	122.5	39.4975187	73.6048991	4287.3
2472	138.2	138.2	138.2	49,545,4,8	122.3	39.4975189	73.6048992	4285.4
2473	163.2	163.2	163.2	763,1066,6,7	122.3	39.4975187	73.6048993	4287.4
2474	164.7	164.7	164.7	1372,700,10,7	122.2	39.4975186	73.6048992	4287.1
2475	7.5	7.5	8.0	905,1059,14,4	122.1	39.5023958	73.6052288	4258.2
2476	124.1	122.1	124.1	297,827,8,8	122.1	39.4975158	73.6049014	4285.5
2477	44.1	44.1	44.1	11,603,6,7	121.8	39.5002692	73.6048515	4260.1
2478	78.1	78.1	78.1	1489,0,16,3	121.8	39.4998994	73.6047836	4272.8
2479	47.6	47.6	47.6	1313,443,10,6	121.7	39.5002708	73.6048516	4260.1
2480	66.1	64.1	66.1	1247,976,7,7	121.7	39.5002718	73.6048517	4260.8
2481	86.1	86.1	87.1	819,797,11,10	121.7	39.4992935	73.6046849	4282.6
2482	73.6	73.6	73.6	284,849,12,6	121.6	39.5001484	73.6048240	4264.4
2483	129.7	129.7	129.7	1347,491,12,4	121.6	39.4975175	73.6049005	4285.5
2484	36.5	36.5	36.5	1481,971,7,5	121.5	39.5002739	73.6048518	4259.6
2485	116.1	116.1	116.1	1173,419,8,12	121.5	39.4976712	73.6048365	4285.5
2486	53.6	53.6	53.6	451,705,12,6	121.4	39.5002714	73.6048513	4260.5
2487	55.1	55.1	55.1	1687,529,13,4	121.2	39.5002717	73.6048514	4260.7
2488	96.1	96.1	96.1	273,571,6,6	120.7	39.4988362	73.6046207	4285.4
2489	102.1	102.1	102.1	867,790,19,3	120.7	39.4982943	73.6047053	4285.4
2490	114.6	114.6	114.6	1775,671,10,6	120.6	39.4977194	73.6048111	4285.4
2491	44.1	44.1	44.1	1543,231,9,6	120.5	39.5002692	73.6048515	4260.1
2492	53.6	53.6	53.6	123,731,6,8	120.3	39.5002714	73.6048513	4260.5
2493	96.6	96.6	96.6	1849,16,8,11	120.3	39.4987962	73.6046200	4285.4
2494	44.6	44.6	44.6	475,698,8,9	120.1	39.5002695	73.6048515	4260.1
2495	111.1	110.1	112.1	985,742,3,15	120.1	39.4977319	73.6048051	4285.4
2496	153.7	153.7	153.7	368,322,7,6	120.1	39.4975190	73.6048989	4288.5
2497	109.6	109.6	109.6	1172,1046,5,10	120.0	39.4977362	73.6048044	4285.4
2498	11.0	10.0	11.0	11,869,6,12	119.9	39.5021820	73.6051784	4258.6
2499	80.1	80.1	80.1	636,67,5,14	119.9	39.4997500	73.6047594	4275.6
2500	138.2	138.2	138.2	457,985,8,8	119.9	39.4975189	73.6048992	4285.4
2501	102.1	102.1	102.1	1729,37,10,6	119.7	39.4982943	73.6047053	4285.4
2502	118.1	118.1	119.6	1869,177,4,8	119.7	39.4975808	73.6048781	4285.5
2503	116.1	116.1	116.1	529,1041,10,6	119.6	39.4976712	73.6048365	4285.5
2504	162.7	162.7	162.7	1120,0,4,19	119.6	39.4975188	73.6048994	4287.5
2505	106.6	106.6	106.6	339,437,6,10	119.4	39.4978794	73.6047789	4285.4
2506	70.1	70.1	70.6	257,657,12,7	119.3	39.5002348	73.6048378	4260.9
2507	108.1	108.1	109.1	540,955,12,6	119.1	39.4977667	73.6047989	4285.4
2508	26.5	26.5	26.5	1417,635,8,12	118.8	39.5009387	73.6049727	4259.7
2509	139.7	139.7	139.7	515,742,4,9	118.8	39.4975189	73.6048991	4285.0
2510	1.5	0.5	2.0	738,717,18,6	118.7	39.5026272	73.6053264	4258.0
2511	27.5	27.5	27.5	201,705,8,11	118.7	39.5008578	73.6049580	4259.7
2512	83.1	83.1	83.6	303,241,8,6	118.6	39.4995204	73.6047220	4279.0
2513	117.1	117.1	117.1	625,43,12,8	118.4	39.4976286	73.6048575	4285.5
2514	33.5	33.5	33.5	909,643,8,8	118.3	39.5004239	73.6048795	4259.7
2515	75.1	75.1	75.1	1813,686,7,7	118.3	39.5000838	73.6048138	4267.5
2516	90.1	90.1	90.1	177,111,8,6	117.9	39.4990346	73.6046454	4285.3
2517	152.2	152.2	152.2	1395,25,8,6	117.9	39.4975187	73.6048990	4288.6
2518	43.6	43.6	43.6	1547,937,10,6	117.8	39.5002689	73.6048516	4260.0
2519	151.7	151.7	151.7	80,1058,9,11	117.8	39.4975187	73.6048990	4288.6
2520	115.6	115.1	116.6	380,69,3,14	117.7	39.4976889	73.6048272	4285.4
2521	91.6	91.6	91.6	395,612,6,10	117.6	39.4990244	73.6046443	4285.4
2522	112.1	112.1	112.1	121,85,8,4	117.5	39.4977317	73.6048051	4285.4
2523	55.6	55.6	55.6	590,451,6,9	117.4	39.5002718	73.6048514	4260.7
2524	127.7	125.7	129.7	946,741,16,4	117.2	39.4975169	73.6049008	4285.5
2525	128.7	127.7	128.7	1259,101,6,6	117.1	39.4975172	73.6049005	4285.5
2526	100.6	100.6	100.6	539,786,7,10	117.0	39.4984350	73.6046809	4285.4
2527	103.6	103.6	103.6	1777,1072,6,8	117.0	39.4981524	73.6047300	4285.4
2528	72.1	72.1	72.1	1698,153,15,7	116.8	39.5001911	73.6048301	4261.6
2529	75.6	75.6	75.6	1041,763,8,6	116.8	39.5000580	73.6048097	4268.5
2530	108.6	108.6	108.6	1337,553,6,6	116.6	39.4977484	73.6048025	4285.3
2531	29.0	29.0	29.0	368,433,7,6	116.5	39.5007395	73.6049367	4259.7
2532	34.5	34.5	34.5	1815,157,8,10	116.5	39.5003628	73.6048683	4259.7
2533	63.6	63.6	63.6	102,283,11,8	116.4	39.5002726	73.6048520	4260.7
2534	35.0	35.0	35.0	1917,343,3,10	116.3	39.5003274	73.6048619	4259.6
2535	142.2	142.2	142.7	66,833,5,8	116.2	39.4975189	73.6048990	4285.0
2536	90.1	90.1	90.1	1894,705,11,8	116.1	39.4990346	73.6046454	4285.3
2537	151.7	151.7	151.7	665,81,8,6	116.1	39.4975187	73.6048990	4288.6
2538	151.7	151.7	151.7	505,271,8,10	116.1	39.4975187	73.6048990	4288.6
2539	151.7	151.7	153.2	1625,353,6,7	116.0	39.4975187	73.6048990	4288.6
2540	45.1	45.1	45.1	104,317,3,13	115.9	39.5002698	73.6048514	4260.1
2541	164.7	164.7	164.7	731,464,10,8	115.9	39.4975186	73.6048992	4287.1
2542	96.1	96.1	96.1	1893,843,6,6	115.8	39.4988362	73.6046207	4285.4
2543	29.0	29.0	29.0	1557,737,4,8	115.7	39.5007395	73.6049367	4259.7
2544	132.7	130.2	132.7	1217,531,10,5	115.7	39.4975181	73.6049002	4285.5
2545	148.2	148.2	148.2	255,655,10,4	115.7	39.4975186	73.6048992	4288.6
2546	117.1	117.1	117.1	739,100,8,7	115.6	39.4976286	73.6048575	4285.5
2547	38.0	38.0	38.0	674,752,9,7	115.5	39.5002674	73.6048510	4259.7
2548	106.1	106.1	109.1	1105,865,4,10	115.5	39.4979231	73.6047711	4285.4
2549	86.1	86.1	86.1	1597,641,12,10	115.4	39.4992935	73.6046849	4282.6
2550	88.1	87.1	88.1	0,245,8,6	115.3	39.4991437	73.6046607	4284.9
2551	103.1	103.1	104.6	329,121,4,12	115.2	39.4981990	73.6047218	4285.4
2552	147.7	147.7	147.7	1065,465,11,6	115.1	39.4975186	73.6048991	4288.5
2553	148.2	146.7	148.2	315,602,6,6	115.1	39.4975186	73.6048992	4288.6
2554	127.2	127.2	127.2	1247,899,8,6	115.0	39.4975167	73.6049010	4285.5
2555	30.5	30.5	32.5	229,299,9,6	114.9	39.5006269	73.6049163	4259.6
2556	83.1	83.1	83.1	1637,881,6,8	114.9	39.4995204	73.6047220	4279.0
2557	103.6	103.6	103.6	1522,12,7,10	114.9	39.4981524	73.6047300	4285.4
2558	87.6	86.6	87.6	977,801,8,8	114.4	39.4991820	73.6046665	4284.4
2559	36.0	36.0	36.0	1428,381,16,7	114.2	39.5002820	73.6048532	4259.6
2560	149.2	149.2	149.2	331,477,6,8	114.2	39.4975186	73.6048991	4288.6
2561	102.6	102.6	102.6	259,181,6,8	114.1	39.4982464	73.6047136	4285.4
2562	96.1	96.1	96.1	535,815,2,18	114.0	39.4988362	73.6046207	4285.4
2563	103.1	103.1	103.1	779,529,6,7	113.8	39.4981990	73.6047218	4285.4
2564	130.2	130.2	130.2	367,103,7,11	113.8	39.4975176	73.6049004	4285.5
2565	65.1	65.1	65.1	1270,973,4,17	113.6	39.5002727	73.6048522	4260.7
2566	71.1	71.1	71.6	1754,217,11,8	113.4	39.5002140	73.6048336	4260.9
2567	8.5	8.5	8.5	0,815,13,8	113.2	39.5023385	73.6052087	4258.2
2568	17.0	15.5	19.0	1188,526,5,9	113.2	39.5017370	73.6051121	4259.7
2569	18.0	18.0	18.0	1259,719,13,10	113.1	39.5016540	73.6050985	4259.7
2570	141.7	140.7	142.2	633,613,6,6	112.8	39.4975189	73.6048990	4285.0
2571	142.7	142.7	143.2	1843,681,8,6	112.8	39.4975188	73.6048991	4285.4
2572	123.1	123.1	124.6	729,345,6,6	112.6	39.4975155	73.6049012	4285.5
2573	131.7	131.7	131.7	451,540,8,7	112.4	39.4975179	73.6049003	4285.6
2574	103.6	103.6	103.6	1767,83,6,10	112.3	39.4981524	73.6047300	4285.4
2575	53.6	53.6	53.6	956,1011,7,6	112.2	39.5002714	73.6048513	4260.5
2576	70.6	70.6	70.6	1805,995,10,7	112.2	39.5002247	73.6048356	4260.9
2577	27.5	27.5	27.5	1223,205,12,8	112.1	39.5008578	73.6049580	4259.7
2578	24.5	23.5	26.5	648,309,9,10	111.9	39.5011055	73.6050026	4259.7
2579	134.2	133.2	134.7	513,359,6,10	111.9	39.4975182	73.6048998	4285.5
2580	63.6	63.6	63.6	669,197,9,8	111.8	39.5002726	73.6048520	4260.7
2581	8.0	8.0	8.0	58,840,6,9	111.7	39.5023674	73.6052179	4258.2
2582	162.7	162.7	162.7	1048,992,9,8	111.7	39.4975188	73.6048994	4287.5
2583	82.6	82.6	82.6	1873,779,5,10	111.6	39.4995585	73.6047283	4278.4
2584	88.6	88.6	88.6	1893,953,7,8	111.6	39.4991073	73.6046556	4285.2
2585	113.1	110.6	115.1	796,645,9,7	111.6	39.4977320	73.6048052	4285.4
2586	151.7	151.7	151.7	1142,497,9,8	111.2	39.4975187	73.6048990	4288.6
2587	30.0	30.0	30.0	1709,1011,8,6	110.5	39.5006558	73.6049216	4259.7
2588	81.1	81.1	81.1	441,0,8,5	110.5	39.4996738	73.6047471	4276.7
2589	33.5	33.5	33.5	965,577,16,4	110.3	39.5004239	73.6048795	4259.7
2590	45.1	45.1	45.1	1708,63,5,16	110.3	39.5002698	73.6048514	4260.1
2591	143.2	143.2	143.2	342,617,7,6	110.3	39.4975188	73.6048992	4285.9
2592	117.6	117.6	117.6	1018,852,4,11	110.2	39.4976052	73.6048682	4285.5
2593	115.6	115.6	115.6	739,918,5,15	110.1	39.4976889	73.6048272	4285.4
2594	47.6	47.6	47.6	823,215,4,10	110.0	39.5002708	73.6048516	4260.1
2595	122.1	121.6	125.1	821,753,6,6	110.0	39.4975152	73.6049010	4285.5
2596	127.2	126.2	127.2	752,599,7,8	110.0	39.4975167	73.6049010	4285.5
2597	123.6	121.6	123.6	467,712,6,7	109.9	39.4975156	73.6049013	4285.5
2598	138.2	138.2	139.7	907,323,6,6	109.9	39.4975189	73.6048992	4285.4
2599	101.1	101.1	101.1	539,705,9,6	109.8	39.4983882	73.6046890	4285.4
2600	124.1	124.1	124.6	726,821,11,4	109.8	39.4975158	73.6049014	4285.5
2601	95.6	95.6	95.6	1155,737,6,6	109.6	39.4988742	73.6046236	4285.4
2602	20.0	20.0	20.0	1015,539,8,6	109.4	39.5014842	73.6050709	4259.7
2603	55.1	55.1	55.1	977,737,8,6	109.4	39.5002717	73.6048514	4260.7
2604	90.6	90.6	90.6	481,917,6,6	109.4	39.4990294	73.6046449	4285.3
2605	118.1	118.1	120.1	635,729,4,8	109.3	39.4975808	73.6048781	4285.5
2606	137.7	137.7	137.7	995,841,4,11	109.1	39.4975189	73.6048993	4285.5
2607	146.2	146.2	146.7	1875,657,4,8	109.1	39.4975186	73.6048991	4287.7
2608	142.2	142.2	143.7	293,543,16,8	109.0	39.4975189	73.6048990	4285.0
2609	45.6	45.6	45.6	485,1029,4,9	108.9	39.5002701	73.6048514	4260.1
2610	124.1	124.1	124.6	549,81,10,6	108.9	39.4975158	73.6049014	4285.5
2611	78.6	78.6	78.6	159,1059,8,4	108.8	39.4998620	73.6047775	4273.6
2612	80.1	79.1	80.1	1338,437,7,5	108.8	39.4997500	73.6047594	4275.6
2613	123.6	123.6	125.1	515,913,7,6	108.8	39.4975156	73.6049013	4285.5
2614	142.7	142.7	142.7	419,979,12,4	108.8	39.4975188	73.6048991	4285.4
2615	107.6	107.6	107.6	1896,539,7,10	108.7	39.4977971	73.6047935	4285.4
2616	30.0	28.5	30.0	1877,417,4,8	108.5	39.5006558	73.6049216	4259.7
2617	121.1	121.1	121.1	579,987,4,10	108.5	39.4975160	73.6049005	4285.5
2618	78.6	78.6	78.6	451,67,8,6	108.3	39.4998620	73.6047775	4273.6
2619	121.1	121.1	121.1	291,987,10,8	108.3	39.4975160	73.6049005	4285.5
2620	155.2	155.2	155.2	627,659,4,10	108.3	39.4975191	73.6048988	4288.5
2621	27.0	27.0	27.0	139,424,6,8	108.0	39.5008978	73.6049652	4259.7
2622	132.7	132.2	133.2	39,507,6,4	108.0	39.4975181	73.6049002	4285.5
2623	143.2	143.2	143.2	1114,733,7,5	107.9	39.4975188	73.6048992	4285.9
2624	4.0	4.0	4.0	90,652,15,8	107.7	39.5025621	73.6052987	4258.2
2625	9.0	9.0	9.0	1617,341,8,4	107.5	39.5023084	73.6052004	4258.2
2626	70.1	70.1	70.1	369,1041,8,4	107.5	39.5002348	73.6048378	4260.9
2627	89.6	89.6	89.6	1187,641,9,4	107.5	39.4990477	73.6046475	4285.3
2628	122.1	122.1	122.1	1329,773,6,7	107.5	39.4975152	73.6049010	4285.5
2629	130.7	130.7	131.2	529,1063,8,6	107.4	39.4975177	73.6049004	4285.5
2630	148.2	148.2	148.2	1151,631,6,12	107.4	39.4975186	73.6048992	4288.6
2631	64.6	64.6	64.6	1397,301,6,6	107.1	39.5002726	73.6048522	4260.7
2632	111.1	111.1	113.6	135,473,4,10	107.1	39.4977319	73.6048051	4285.4
2633	5.0	4.5	6.0	742,738,8,9	107.0	39.5025204	73.6052811	4258.2
2634	63.6	63.6	63.6	1517,69,4,10	106.8	39.5002726	73.6048520	4260.7
2635	23.0	23.0	23.0	28,498,4,9	106.6	39.5012309	73.6050252	4259.7
2636	122.1	120.6	122.6	695,227,9,4	106.6	39.4975152	73.6049010	4285.5
2637	79.1	79.1	79.1	1261,991,10,4	106.5	39.4998254	73.6047716	4274.4
2638	110.6	109.6	115.1	1033,458,6,12	106.5	39.4977327	73.6048051	4285.4
2639	113.6	111.6	115.1	453,521,6,8	106.5	39.4977310	73.6048057	4285.4
2640	7.5	7.5	7.5	1531,619,6,8	106.4	39.5023958	73.6052288	4258.2
2641	146.7	146.7	146.7	325,778,5,7	106.4	39.4975187	73.6048991	4287.7
2642	125.7	125.1	125.7	1122,781,5,9	106.2	39.4975163	73.6049012	4285.5
2643	121.1	120.6	121.1	635,907,9,5	106.0	39.4975160	73.6049005	4285.5
2644	13.5	13.5	13.5	115,513,9,7	105.9	39.5020149	73.6051562	4259.7
2645	65.1	64.6	65.1	1116,769,5,9	105.9	39.5002727	73.6048522	4260.7
2646	21.0	21.0	21.0	1541,702,12,9	105.8	39.5013991	73.6050560	4259.7
2647	129.2	129.2	129.2	1673,1077,8,3	105.7	39.4975174	73.6049005	4285.5
2648	83.6	83.6	83.6	1687,263,8,6	105.6	39.4994825	73.6047158	4279.5
2649	20.5	20.5	20.5	1017,329,8,8	105.5	39.5014421	73.6050639	4259.7
2650	21.5	21.5	21.5	1645,73,6,10	105.4	39.5013572	73.6050482	4259.7
2651	108.1	108.1	108.6	145,667,8,14	105.4	39.4977667	73.6047989	4285.4
2652	88.1	87.1	90.1	755,551,10,8	105.3	39.4991437	73.6046607	4284.9
2653	145.2	145.2	145.2	306,913,6,6	105.3	39.4975187	73.6048991	4287.3
2654	155.2	155.2	155.2	810,718,9,8	105.3	39.4975191	73.6048988	4288.5
2655	45.6	45.6	45.6	1186,786,7,6	105.2	39.5002701	73.6048514	4260.1
2656	106.6	106.6	106.6	1903,165,6,14	105.2	39.4978794	73.6047789	4285.4
2657	18.0	18.0	18.5	849,573,12,4	105.1	39.5016540	73.6050985	4259.7
2658	148.2	148.2	148.2	431,984,12,6	105.1	39.4975186	73.6048992	4288.6
2659	152.2	152.2	152.2	1547,531,4,9	104.9	39.4975187	73.6048990	4288.6
2660	23.0	23.0	23.0	194,1035,7,7	104.8	39.5012309	73.6050252	4259.7
2661	163.7	163.7	163.7	1805,982,8,5	104.8	39.4975187	73.6048993	4287.3
2662	79.1	79.1	79.1	465,177,6,6	104.7	39.4998254	73.6047716	4274.4
2663	70.1	70.1	70.1	30,253,11,5	104.6	39.5002348	73.6048378	4260.9
2664	124.1	124.1	126.7	351,0,8,5	104.6	39.4975158	73.6049014	4285.5
2665	83.6	83.6	83.6	1075,565,11,4	103.9	39.4994825	73.6047158	4279.5
2666	119.1	119.1	119.1	231,1035,8,4	103.9	39.4975346	73.6048943	4285.5
2667	148.2	148.2	148.2	36,439,6,6	103.9	39.4975186	73.6048992	4288.6
2668	110.1	108.6	110.6	528,933,7,6	103.7	39.4977340	73.6048048	4285.4
2669	132.7	132.7	132.7	301,58,4,14	103.7	39.4975181	73.6049002	4285.5
2670	117.1	117.1	117.1	1009,451,14,4	103.5	39.4976286	73.6048575	4285.5
2671	104.1	104.1	104.1	779,221,4,8	103.1	39.4981051	73.6047385	4285.4
2672	132.2	130.2	132.2	419,277,4,8	103.1	39.4975180	73.6049002	4285.5
2673	132.7	132.7	132.7	1891,923,4,6	103.1	39.4975181	73.6049002	4285.5
2674	16.0	14.5	16.0	1429,1004,7,9	103.0	39.5018197	73.6051255	4259.7
2675	132.2	130.2	132.2	385,185,6,6	103.0	39.4975180	73.6049002	4285.5
2676	138.2	134.2	140.7	1257,699,8,10	102.8	39.4975189	73.6048992	4285.4
2677	112.6	112.6	112.6	242,1068,9,4	102.7	39.4977318	73.6048051	4285.4
2678	132.2	132.2	132.7	481,843,10,4	102.6	39.4975180	73.6049002	4285.5
2679	163.7	162.7	163.7	817,982,8,5	102.6	39.4975187	73.6048993	4287.3
2680	142.2	141.2	144.2	1297,457,7,8	102.3	39.4975189	73.6048990	4285.0
2681	132.2	132.2	133.2	803,779,6,6	102.0	39.4975180	73.6049002	4285.5
2682	162.7	162.7	162.7	637,667,12,4	102.0	39.4975188	73.6048994	4287.5
2683	64.6	64.6	64.6	1337,223,6,8	101.8	39.5002726	73.6048522	4260.7
2684	45.1	45.1	45.1	35,307,8,9	101.7	39.5002698	73.6048514	4260.1
2685	72.1	72.1	72.1	0,891,7,6	101.7	39.5001911	73.6048301	4261.6
2686	55.1	55.1	55.1	1261,905,4,10	101.6	39.5002717	73.6048514	4260.7
2687	142.2	142.2	142.2	345,1067,8,4	101.6	39.4975189	73.6048990	4285.0
2688	127.2	127.2	128.2	1361,580,7,7	101.5	39.4975167	73.6049010	4285.5
2689	133.7	133.7	133.7	836,555,10,4	101.5	39.4975182	73.6049000	4285.5
2690	85.1	85.1	85.1	249,662,8,5	101.4	39.4993681	73.6046970	4281.3
2691	164.7	164.7	164.7	86,553,12,6	101.4	39.4975186	73.6048992	4287.1
2692	24.0	24.0	24.0	732,135,11,6	101.3	39.5011472	73.6050101	4259.7
2693	115.1	115.1	115.1	825,0,7,5	101.1	39.4977047	73.6048187	4285.4
2694	55.6	55.6	55.6	523,44,5,8	101.0	39.5002718	73.6048514	4260.7
2695	41.5	41.5	41.5	1207,98,6,7	100.9	39.5002679	73.6048512	4259.8
2696	129.7	129.7	129.7	1447,881,5,9	100.9	39.4975175	73.6049005	4285.5
2697	160.7	160.7	160.7	35,887,4,14	100.9	39.4975190	73.6048994	4287.9
2698	66.1	66.1	66.1	1693,89,4,8	100.6	39.5002718	73.6048517	4260.8
2699	70.6	70.6	70.6	1867,145,6,8	100.6	39.5002247	73.6048356	4260.9
2700	46.6	46.6	46.6	0,243,5,7	100.5	39.5002705	73.6048514	4260.1
2701	44.1	44.1	44.1	209,247,8,5	100.4	39.5002692	73.6048515	4260.1
2702	106.1	106.1	107.6	529,457,8,4	100.3	39.4979231	73.6047711	4285.4
2703	12.0	10.0	12.0	279,73,6,7	100.2	39.5021172	73.6051700	4259.5
2704	86.1	86.1	86.1	241,314,4,9	100.0	39.4992935	73.6046849	4282.6
2705	103.6	103.6	103.6	1881,23,8,5	99.9	39.4981524	73.6047300	4285.4
2706	148.2	148.2	148.2	137,913,6,7	99.8	39.4975186	73.6048992	4288.6
2707	71.6	71.6	71.6	25,59,8,4	99.5	39.5002028	73.6048318	4260.9
2708	144.2	142.2	144.2	419,905,6,6	99.5	39.4975187	73.6048992	4286.6
2709	2.5	2.5	2.5	1099,497,4,12	99.4	39.5026102	73.6053191	4258.1
2710	13.0	11.5	14.0	298,33,7,7	99.3	39.5020496	73.6051610	4259.7
2711	17.0	17.0	17.5	1897,33,6,8	99.3	39.5017370	73.6051121	4259.7
2712	106.6	106.6	106.6	279,753,4,10	99.3	39.4978794	73.6047789	4285.4
2713	73.6	71.6	73.6	1617,129,7,8	98.9	39.5001484	73.6048240	4264.4
2714	113.6	113.6	113.6	611,1049,6,6	98.8	39.4977310	73.6048057	4285.4
2715	133.2	133.2	135.2	368,101,9,11	98.8	39.4975182	73.6049001	4285.5
2716	100.6	100.6	101.1	793,1007,4,14	98.7	39.4984350	73.6046809	4285.4
2717	116.1	116.1	116.1	531,643,11,4	98.7	39.4976712	73.6048365	4285.5
2718	32.5	32.5	32.5	1271,521,5,12	98.6	39.5004874	73.6048910	4259.6
2719	147.2	147.2	147.2	1034,479,7,5	98.6	39.4975185	73.6048990	4288.1
2720	71.6	71.6	71.6	913,441,8,4	98.4	39.5002028	73.6048318	4260.9
2721	72.1	72.1	72.1	841,841,4,8	98.3	39.5001911	73.6048301	4261.6
2722	75.1	75.1	75.1	850,517,7,8	98.2	39.5000838	73.6048138	4267.5
2723	88.1	85.6	88.6	1681,1003,7,5	98.2	39.4991437	73.6046607	4284.9
2724	117.6	117.6	117.6	503,149,8,6	98.2	39.4976052	73.6048682	4285.5
2725	103.1	103.1	103.1	1281,1065,4,8	98.0	39.4981990	73.6047218	4285.4
2726	121.6	121.6	121.6	371,0,6,6	97.9	39.4975154	73.6049008	4285.5
2727	12.0	12.0	14.0	18,1073,7,7	97.8	39.5021172	73.6051700	4259.5
2728	64.6	64.6	64.6	927,719,5,7	97.7	39.5002726	73.6048522	4260.7
2729	0.0	0.0	0.0	1153,562,8,7	97.4	39.5026349	73.6053297	4258.0
2730	32.5	32.5	32.5	1073,695,6,6	97.3	39.5004874	73.6048910	4259.6
2731	107.6	107.6	107.6	41,863,6,10	97.3	39.4977971	73.6047935	4285.4
2732	102.6	102.6	102.6	475,1036,7,8	97.0	39.4982464	73.6047136	4285.4
2733	80.6	80.6	80.6	90,553,9,4	96.9	39.4997117	73.6047532	4276.2
2734	91.6	91.6	91.6	1731,223,5,6	96.7	39.4990244	73.6046443	4285.4
2735	152.2	152.2	152.2	205,1043,6,11	96.7	39.4975187	73.6048990	4288.6
2736	8.0	8.0	8.0	857,703,3,10	96.6	39.5023674	73.6052179	4258.2
2737	148.2	148.2	148.2	25,315,5,12	96.5	39.4975186	73.6048992	4288.6
2738	126.7	126.7	126.7	379,1075,6,5	96.4	39.4975166	73.6049010	4285.5
2739	152.7	152.7	152.7	727,815,7,7	96.1	39.4975188	73.6048989	4288.6
2740	24.0	24.0	24.0	1249,653,8,4	96.0	39.5011472	73.6050101	4259.7
2741	163.7	163.7	163.7	1861,18,10,6	96.0	39.4975187	73.6048993	4287.3
2742	117.6	117.6	117.6	7,886,5,7	95.9	39.4976052	73.6048682	4285.5
2743	16.0	16.0	16.0	177,1065,8,6	95.6	39.5018197	73.6051255	4259.7
2744	70.6	70.6	70.6	223,94,6,5	95.6	39.5002247	73.6048356	4260.9
2745	144.7	138.7	144.7	1388,482,6,7	95.5	39.4975187	73.6048991	4287.0
2746	137.2	134.7	139.2	279,413,10,4	95.4	39.4975189	73.6048992	4285.5
2747	79.1	78.6	79.1	1097,1071,7,9	95.3	39.4998254	73.6047716	4274.4
2748	124.1	123.6	124.1	641,0,8,4	95.3	39.4975158	73.6049014	4285.5
2749	1.5	1.5	1.5	202,697,6,7	95.2	39.5026272	73.6053264	4258.0
2750	87.6	87.6	87.6	667,1075,6,5	95.0	39.4991820	73.6046665	4284.4
2751	103.1	102.6	103.1	692,1072,7,4	95.0	39.4981990	73.6047218	4285.4
2752	120.6	120.6	120.6	623,195,5,9	95.0	39.4975171	73.6049001	4285.5
2753	122.6	122.6	123.6	683,547,9,4	95.0	39.4975152	73.6049011	4285.5
2754	141.2	141.2	141.2	1917,383,3,10	95.0	39.4975190	73.6048990	4285.0
2755	22.5	22.5	22.5	1915,413,5,6	94.8	39.5012728	73.6050328	4259.7
2756	34.5	34.5	34.5	51,489,8,6	94.8	39.5003628	73.6048683	4259.7
2757	116.6	116.6	116.6	777,503,7,8	94.5	39.4976505	73.6048469	4285.5
2758	135.2	135.2	138.7	1431,889,8,6	94.5	39.4975184	73.6048996	4285.5
2759	88.1	88.1	88.1	0,487,11,4	94.2	39.4991437	73.6046607	4284.9
2760	100.6	100.6	100.6	1887,1009,7,6	94.2	39.4984350	73.6046809	4285.4
2761	140.7	140.2	140.7	1322,680,7,5	94.1	39.4975190	73.6048990	4284.9
2762	128.7	128.7	128.7	291,347,9,4	93.8	39.4975172	73.6049005	4285.5
2763	125.1	124.6	125.1	322,210,7,7	93.7	39.4975161	73.6049012	4285.5
2764	21.0	21.0	21.0	668,404,5,12	93.6	39.5013991	73.6050560	4259.7
2765	142.2	142.2	142.2	1009,541,4,7	93.4	39.4975189	73.6048990	4285.0
2766	137.2	137.2	137.2	1313,709,10,4	93.1	39.4975189	73.6048992	4285.5
2767	111.6	109.6	115.1	1102,710,6,9	93.0	39.4977316	73.6048051	4285.4
2768	111.1	111.1	111.1	1795,1025,4,8	92.9	39.4977319	73.6048051	4285.4
2769	163.7	163.7	163.7	1689,828,11,4	92.8	39.4975187	73.6048993	4287.3
2770	142.2	142.2	142.7	89,985,4,8	92.7	39.4975189	73.6048990	4285.0
2771	163.7	163.7	163.7	758,1066,6,10	92.7	39.4975187	73.6048993	4287.3
2772	28.5	28.5	28.5	1690,714,6,7	92.5	39.5007782	73.6049437	4259.7
2773	12.5	12.5	12.5	1201,461,8,4	92.4	39.5020843	73.6051657	4259.6
2774	21.0	21.0	21.0	1236,851,9,4	92.2	39.5013991	73.6050560	4259.7
2775	35.5	35.5	35.5	356,395,7,10	92.2	39.5003002	73.6048569	4259.6
2776	163.7	163.7	163.7	545,650,7,6	92.2	39.4975187	73.6048993	4287.3
2777	34.5	34.5	34.5	233,683,6,6	92.0	39.5003628	73.6048683	4259.7
2778	143.7	143.7	143.7	1775,483,6,6	92.0	39.4975188	73.6048993	4286.3
2779	15.0	15.0	15.0	259,1049,6,6	91.8	39.5019003	73.6051392	4259.7
2780	146.7	146.2	146.7	1352,655,8,7	91.8	39.4975187	73.6048991	4287.7
2781	112.6	112.1	112.6	1815,209,6,5	91.7	39.4977318	73.6048051	4285.4
2782	144.2	144.2	144.2	1681,499,4,6	91.6	39.4975187	73.6048992	4286.6
2783	147.7	147.7	147.7	707,985,6,6	91.4	39.4975186	73.6048991	4288.5
2784	34.5	34.5	34.5	1017,618,5,13	91.0	39.5003628	73.6048683	4259.7
2785	123.6	122.6	123.6	379,835,4,8	91.0	39.4975156	73.6049013	4285.5
2786	139.2	138.7	139.2	1729,191,11,9	91.0	39.4975189	73.6048991	4285.2
2787	139.2	138.7	139.2	1375,680,5,14	91.0	39.4975189	73.6048991	4285.2
2788	82.1	82.1	82.1	1208,562,6,7	90.9	39.4995969	73.6047345	4277.8
2789	80.6	80.6	80.6	675,487,8,8	90.8	39.4997117	73.6047532	4276.2
2790	45.6	45.6	45.6	225,33,6,6	90.7	39.5002701	73.6048514	4260.1
2791	6.5	6.5	6.5	287,739,6,6	90.5	39.5024489	73.6052507	4258.2
2792	24.5	24.5	24.5	682,953,6,6	90.5	39.5011055	73.6050026	4259.7
2793	118.6	118.6	118.6	951,560,8,5	90.5	39.4975561	73.6048869	4285.5
2794	11.5	11.5	12.0	1040,419,7,9	90.4	39.5021494	73.6051741	4259.1
2795	123.1	123.1	123.1	577,635,6,6	90.3	39.4975155	73.6049012	4285.5
2796	111.6	111.1	112.6	523,904,9,5	90.2	39.4977316	73.6048051	4285.4
2797	164.2	164.2	164.2	198,480,10,6	90.2	39.4975187	73.6048993	4287.2
2798	130.7	130.7	130.7	785,537,6,6	90.1	39.4975177	73.6049004	4285.5
2799	133.7	133.7	133.7	785,324,6,6	90.1	39.4975182	73.6049000	4285.5
2800	20.0	20.0	24.0	997,171,7,10	90.0	39.5014842	73.6050709	4259.7
2801	128.2	128.2	128.2	627,467,10,4	89.8	39.4975171	73.6049006	4285.5
2802	101.1	101.1	101.1	145,167,6,6	89.6	39.4983882	73.6046890	4285.4
2803	11.0	11.0	17.0	1487,931,7,6	89.5	39.5021820	73.6051784	4258.6
2804	134.2	134.2	134.2	1349,889,4,10	89.2	39.4975182	73.6048998	4285.5
2805	136.7	136.7	136.7	1429,399,7,6	89.2	39.4975188	73.6048993	4285.5
2806	85.6	85.6	85.6	969,1009,8,4	89.1	39.4993316	73.6046911	4282.0
2807	84.6	84.6	84.6	969,521,14,4	89.0	39.4994065	73.6047033	4280.7
2808	86.6	84.1	86.6	1461,566,6,5	89.0	39.4992568	73.6046788	4283.2
2809	90.1	90.1	90.1	843,947,6,4	89.0	39.4990346	73.6046454	4285.3
2810	112.1	112.1	114.1	8,393,8,4	88.8	39.4977317	73.6048051	4285.4
2811	123.6	123.1	123.6	1057,622,8,9	88.8	39.4975156	73.6049013	4285.5
2812	128.2	128.2	128.2	811,786,9,4	88.6	39.4975171	73.6049006	4285.5
2813	123.1	123.1	123.1	1285,937,6,6	88.4	39.4975155	73.6049012	4285.5
2814	121.6	119.1	121.6	677,797,8,5	88.1	39.4975154	73.6049008	4285.5
2815	7.5	7.5	7.5	195,995,6,6	87.8	39.5023958	73.6052288	4258.2
2816	45.1	45.1	45.6	119,395,8,6	87.8	39.5002698	73.6048514	4260.1
2817	137.2	137.2	137.7	1589,91,6,6	87.8	39.4975189	73.6048992	4285.5
2818	111.1	111.1	111.1	45,121,6,8	87.7	39.4977319	73.6048051	4285.4
2819	132.7	132.7	132.7	1166,725,10,5	87.7	39.4975181	73.6049002	4285.5
2820	146.2	145.7	146.7	551,598,8,5	87.7	39.4975186	73.6048991	4287.7
2821	65.6	65.6	65.6	725,475,4,8	87.4	39.5002726	73.6048522	4260.7
2822	3.0	3.0	3.0	1169,971,16,2	87.3	39.5025967	73.6053134	4258.2
2823	141.7	141.7	141.7	197,392,9,5	87.3	39.4975189	73.6048990	4285.0
2824	146.2	146.2	146.7	1819,11,6,4	87.3	39.4975186	73.6048991	4287.7
2825	45.1	45.1	45.1	1135,1003,8,4	87.1	39.5002698	73.6048514	4260.1
2826	81.6	81.6	81.6	1614,773,5,7	87.1	39.4996353	73.6047408	4277.3
2827	104.6	104.6	104.6	1825,607,8,6	87.1	39.4980590	73.6047468	4285.4
2828	109.1	109.1	109.1	289,1018,5,5	87.0	39.4977402	73.6048037	4285.3
2829	123.1	123.1	123.1	405,257,6,6	87.0	39.4975155	73.6049012	4285.5
2830	160.7	160.7	160.7	1859,241,12,4	87.0	39.4975190	73.6048994	4287.9
2831	8.5	8.5	8.5	219,75,7,8	86.7	39.5023385	73.6052087	4258.2
2832	122.6	122.6	122.6	1149,1061,6,6	86.7	39.4975152	73.6049011	4285.5
2833	70.6	70.6	70.6	787,817,8,8	86.5	39.5002247	73.6048356	4260.9
2834	79.1	79.1	79.1	1605,57,4,8	86.5	39.4998254	73.6047716	4274.4
2835	9.0	9.0	9.0	94,117,3,10	86.4	39.5023084	73.6052004	4258.2
2836	19.0	19.0	19.0	719,284,13,4	86.4	39.5015687	73.6050846	4259.7
2837	147.7	147.7	147.7	525,821,8,9	86.4	39.4975186	73.6048991	4288.5
2838	18.0	16.5	18.0	1401,797,8,4	86.1	39.5016540	73.6050985	4259.7
2839	65.6	65.6	65.6	309,461,12,4	86.1	39.5002726	73.6048522	4260.7
2840	22.5	22.5	22.5	1765,971,12,6	85.7	39.5012728	73.6050328	4259.7
2841	15.5	15.5	15.5	1619,998,5,8	85.6	39.5018602	73.6051322	4259.7
2842	106.6	106.6	106.6	943,954,8,5	85.6	39.4978794	73.6047789	4285.4
2843	131.2	131.2	133.7	1049,495,8,5	85.4	39.4975178	73.6049004	4285.5
2844	145.2	145.2	145.2	227,841,4,6	85.3	39.4975187	73.6048991	4287.3
2845	104.6	104.6	104.6	809,529,6,6	85.2	39.4980590	73.6047468	4285.4
2846	108.1	108.1	108.1	713,379,6,4	85.2	39.4977667	73.6047989	4285.4
2847	84.1	84.1	84.1	1601,1039,4,10	85.1	39.4994442	73.6047095	4280.1
2848	113.6	113.1	114.1	593,561,6,5	85.1	39.4977310	73.6048057	4285.4
2849	120.6	120.6	120.6	410,21,7,5	85.1	39.4975171	73.6049001	4285.5
2850	11.5	11.5	11.5	1063,531,8,5	84.6	39.5021494	73.6051741	4259.1
2851	144.7	143.7	146.2	1806,160,10,8	84.5	39.4975187	73.6048991	4287.0
2852	81.6	81.6	82.1	1907,203,10,6	84.1	39.4996353	73.6047408	4277.3
2853	86.6	86.6	86.6	1911,328,9,5	84.0	39.4992568	73.6046788	4283.2
2854	108.1	108.1	110.6	635,641,4,7	84.0	39.4977667	73.6047989	4285.4
2855	79.1	79.1	79.1	377,945,8,4	83.8	39.4998254	73.6047716	4274.4
2856	136.2	136.2	136.7	583,971,5,9	83.8	39.4975186	73.6048994	4285.5
2857	122.1	122.1	122.1	549,283,6,6	83.7	39.4975152	73.6049010	4285.5
2858	109.6	109.6	109.6	237,517,4,7	83.3	39.4977362	73.6048044	4285.4
2859	93.6	93.6	93.6	569,745,8,6	83.2	39.4989885	73.6046394	4285.4
2860	6.5	6.5	6.5	1017,957,6,7	83.1	39.5024489	73.6052507	4258.2
2861	8.5	8.5	8.5	1115,235,6,6	83.1	39.5023385	73.6052087	4258.2
2862	144.2	144.2	144.2	1329,906,8,5	82.9	39.4975187	73.6048992	4286.6
2863	113.6	113.1	113.6	559,689,6,6	82.8	39.4977310	73.6048057	4285.4
2864	121.1	121.1	121.1	712,1047,7,6	82.8	39.4975160	73.6049005	4285.5
2865	108.6	108.1	109.1	851,806,6,6	82.6	39.4977484	73.6048025	4285.3
2866	10.5	10.5	10.5	993,614,7,5	82.4	39.5022143	73.6051830	4258.2
2867	19.0	18.0	19.0	33,1073,6,7	82.0	39.5015687	73.6050846	4259.7
2868	20.0	20.0	20.0	851,567,6,4	81.9	39.5014842	73.6050709	4259.7
2869	87.6	87.6	87.6	54,11,7,6	81.9	39.4991820	73.6046665	4284.4
2870	23.5	23.5	23.5	1011,669,5,6	81.8	39.5011885	73.6050175	4259.7
2871	138.7	138.7	138.7	823,622,5,7	81.8	39.4975189	73.6048991	4285.3
2872	143.7	143.7	145.2	851,458,13,5	81.7	39.4975188	73.6048993	4286.3
2873	119.6	119.6	119.6	1903,453,4,6	81.6	39.4975230	73.6048979	4285.4
2874	79.1	79.1	79.1	85,1073,4,7	81.5	39.4998254	73.6047716	4274.4
2875	102.6	102.6	102.6	265,121,5,8	81.5	39.4982464	73.6047136	4285.4
2876	104.6	104.6	104.6	849,329,14,2	81.3	39.4980590	73.6047468	4285.4
2877	22.0	22.0	23.0	218,932,7,6	81.2	39.5013153	73.6050405	4259.7
2878	136.2	136.2	136.2	1281,271,6,6	81.1	39.4975186	73.6048994	4285.5
2879	109.6	109.6	109.6	858,896,5,9	81.0	39.4977362	73.6048044	4285.4
2880	24.0	24.0	24.0	1382,569,6,9	80.9	39.5011472	73.6050101	4259.7
2881	12.5	12.5	12.5	1457,737,3,10	80.7	39.5020843	73.6051657	4259.6
2882	124.1	124.1	124.1	585,1007,4,10	80.7	39.4975158	73.6049014	4285.5
2883	126.2	124.6	126.2	503,1037,8,4	80.6	39.4975165	73.6049010	4285.5
2884	87.6	87.6	87.6	311,1027,8,4	80.5	39.4991820	73.6046665	4284.4
2885	131.7	131.7	131.7	1282,271,5,7	80.5	39.4975179	73.6049003	4285.6
2886	127.7	127.7	127.7	226,311,5,8	80.4	39.4975169	73.6049008	4285.5
2887	3.0	3.0	3.0	603,857,4,8	80.3	39.5025967	73.6053134	4258.2
2888	11.5	11.5	11.5	426,292,5,9	80.1	39.5021494	73.6051741	4259.1
2889	24.5	24.5	24.5	657,505,4,7	79.9	39.5011055	73.6050026	4259.7
2890	113.6	113.1	113.6	907,477,12,7	79.9	39.4977310	73.6048057	4285.4
2891	141.2	141.2	141.2	273,21,6,4	79.9	39.4975190	73.6048990	4285.0
2892	138.2	138.2	138.2	1537,867,6,4	79.8	39.4975189	73.6048992	4285.4
2893	87.1	87.1	87.1	1745,1064,6,9	79.7	39.4992190	73.6046726	4283.8
2894	106.6	106.6	106.6	1847,689,7,4	79.7	39.4978794	73.6047789	4285.4
2895	146.2	146.2	146.7	1915,531,5,4	79.7	39.4975186	73.6048991	4287.7
2896	112.6	112.6	112.6	880,873,7,4	79.6	39.4977318	73.6048051	4285.4
2897	138.7	138.7	138.7	1773,994,10,6	79.5	39.4975189	73.6048991	4285.3
2898	120.6	120.6	120.6	739,764,10,5	79.4	39.4975171	73.6049001	4285.5
2899	143.2	143.2	143.2	1238,956,9,3	79.4	39.4975188	73.6048992	4285.9
2900	124.1	124.1	124.1	1737,869,4,6	79.2	39.4975158	73.6049014	4285.5
2901	86.6	86.6	86.6	1791,305,5,10	79.1	39.4992568	73.6046788	4283.2
2902	117.6	117.6	117.6	1486,942,4,9	79.1	39.4976052	73.6048682	4285.5
2903	112.1	112.1	112.1	163,1023,7,6	79.0	39.4977317	73.6048051	4285.4
2904	106.6	106.6	106.6	1917,909,3,14	78.9	39.4978794	73.6047789	4285.4
2905	124.1	123.6	124.1	611,531,6,5	78.9	39.4975158	73.6049014	4285.5
2906	144.7	144.7	144.7	1441,653,4,11	78.9	39.4975187	73.6048991	4287.0
2907	75.1	75.1	75.1	1479,626,5,7	78.5	39.5000838	73.6048138	4267.5
2908	117.1	117.1	117.1	355,235,6,4	78.4	39.4976286	73.6048575	4285.5
2909	6.5	6.5	6.5	149,35,4,10	78.1	39.5024489	73.6052507	4258.2
2910	9.5	9.5	10.5	1482,681,6,4	78.1	39.5022778	73.6051933	4258.2
2911	108.1	108.1	109.1	1225,937,8,4	78.1	39.4977667	73.6047989	4285.4
2912	19.5	17.0	19.5	148,115,4,7	77.9	39.5015267	73.6050778	4259.7
2913	137.7	137.7	137.7	191,167,10,6	77.9	39.4975189	73.6048993	4285.5
2914	16.0	14.0	16.0	1589,604,7,5	77.8	39.5018197	73.6051255	4259.7
2915	108.1	108.1	110.6	737,679,4,10	77.4	39.4977667	73.6047989	4285.4
2916	23.0	22.0	23.0	1460,375,11,6	77.2	39.5012309	73.6050252	4259.7
2917	121.6	121.6	121.6	259,395,6,4	77.0	39.4975154	73.6049008	4285.5
2918	23.0	23.0	23.0	929,378,4,9	76.9	39.5012309	73.6050252	4259.7
2919	108.6	108.1	108.6	458,1049,7,5	76.4	39.4977484	73.6048025	4285.3
2920	131.7	131.7	131.7	1237,676,12,3	76.4	39.4975179	73.6049003	4285.6
2921	123.1	123.1	123.1	951,673,6,6	75.7	39.4975155	73.6049012	4285.5
2922	139.2	139.2	139.7	215,483,4,6	75.7	39.4975189	73.6048991	4285.2
2923	119.6	119.6	120.1	561,585,5,8	75.6	39.4975230	73.6048979	4285.4
2924	125.1	125.1	125.1	205,929,4,8	75.5	39.4975161	73.6049012	4285.5
2925	143.2	143.2	145.2	251,803,6,6	75.5	39.4975188	73.6048992	4285.9
2926	108.6	108.6	108.6	61,749,10,5	75.3	39.4977484	73.6048025	4285.3
2927	108.6	108.6	108.6	0,747,6,10	75.0	39.4977484	73.6048025	4285.3
2928	134.7	134.7	134.7	883,291,10,4	75.0	39.4975183	73.6048997	4285.5
2929	109.6	109.6	109.6	324,948,3,10	74.9	39.4977362	73.6048044	4285.4
2930	119.6	119.6	119.6	909,3,4,8	74.9	39.4975230	73.6048979	4285.4
2931	147.7	147.7	147.7	1517,1031,6,5	74.8	39.4975186	73.6048991	4288.5
2932	81.6	81.6	81.6	824,770,9,5	74.6	39.4996353	73.6047408	4277.3
2933	108.1	107.6	109.1	601,782,5,9	74.6	39.4977667	73.6047989	4285.4
2934	83.6	83.6	83.6	487,181,7,7	74.5	39.4994825	73.6047158	4279.5
2935	143.7	143.7	143.7	537,411,5,6	74.5	39.4975188	73.6048993	4286.3
2936	138.2	138.2	138.2	1059,536,7,5	74.4	39.4975189	73.6048992	4285.4
2937	138.2	138.2	138.2	231,1051,6,4	74.4	39.4975189	73.6048992	4285.4
2938	115.6	115.6	115.6	702,529,3,8	74.2	39.4976889	73.6048272	4285.4
2939	124.1	124.1	124.1	1637,257,4,8	74.2	39.4975158	73.6049014	4285.5
2940	24.0	24.0	24.0	307,191,4,7	73.9	39.5011472	73.6050101	4259.7
2941	23.5	23.5	24.5	1809,862,11,5	73.8	39.5011885	73.6050175	4259.7
2942	133.2	133.2	133.2	1403,501,6,6	73.8	39.4975182	73.6049001	4285.5
2943	141.2	141.2	141.2	75,643,4,6	73.8	39.4975190	73.6048990	4285.0
2944	22.0	22.0	22.0	106,841,5,5	73.2	39.5013153	73.6050405	4259.7
2945	66.1	65.6	66.1	930,1075,5,5	73.2	39.5002718	73.6048517	4260.8
2946	118.6	118.6	118.6	681,280,6,6	73.1	39.4975561	73.6048869	4285.5
2947	132.2	132.2	132.2	1078,915,5,8	73.1	39.4975180	73.6049002	4285.5
2948	121.1	121.1	121.1	0,17,5,6	73.0	39.4975160	73.6049005	4285.5
2949	21.0	21.0	21.0	1529,859,4,10	72.8	39.5013991	73.6050560	4259.7
2950	115.6	115.6	115.6	957,1023,2,11	72.8	39.4976889	73.6048272	4285.4
2951	136.2	136.2	137.7	489,913,4,8	72.7	39.4975186	73.6048994	4285.5
2952	123.1	123.1	123.1	247,19,6,4	72.6	39.4975155	73.6049012	4285.5
2953	124.1	124.1	124.6	367,341,6,4	72.6	39.4975158	73.6049014	4285.5
2954	111.1	110.1	111.1	597,956,4,13	72.4	39.4977319	73.6048051	4285.4
2955	22.0	22.0	22.0	1577,629,4,5	72.3	39.5013153	73.6050405	4259.7
2956	129.2	129.2	129.2	1441,401,8,4	72.3	39.4975174	73.6049005	4285.5
2957	120.6	120.6	120.6	415,969,3,9	72.1	39.4975171	73.6049001	4285.5
2958	119.6	119.6	119.6	1885,159,4,8	71.9	39.4975230	73.6048979	4285.4
2959	120.6	120.6	120.6	625,560,8,5	71.9	39.4975171	73.6049001	4285.5
2960	13.5	13.5	13.5	105,449,6,5	71.8	39.5020149	73.6051562	4259.7
2961	66.1	66.1	66.1	781,838,5,5	71.8	39.5002718	73.6048517	4260.8
2962	125.1	125.1	126.2	780,681,7,8	71.8	39.4975161	73.6049012	4285.5
2963	85.6	85.6	85.6	256,839,6,6	71.7	39.4993316	73.6046911	4282.0
2964	144.7	144.7	144.7	371,672,8,5	71.6	39.4975187	73.6048991	4287.0
2965	134.2	134.2	134.2	529,693,10,3	71.5	39.4975182	73.6048998	4285.5
2966	20.5	20.5	20.5	1541,800,8,5	71.4	39.5014421	73.6050639	4259.7
2967	123.6	123.6	123.6	751,27,8,4	71.3	39.4975156	73.6049013	4285.5
2968	23.5	23.5	23.5	98,466,5,7	71.2	39.5011885	73.6050175	4259.7
2969	19.0	18.0	19.0	738,209,10,3	71.0	39.5015687	73.6050846	4259.7
2970	4.0	4.0	4.0	226,73,7,3	70.8	39.5025621	73.6052987	4258.2
2971	129.2	129.2	129.2	1443,23,4,6	70.8	39.4975174	73.6049005	4285.5
2972	124.1	124.1	124.1	1889,759,8,4	70.6	39.4975158	73.6049014	4285.5
2973	127.7	127.7	127.7	823,619,8,4	70.5	39.4975169	73.6049008	4285.5
2974	147.7	147.2	147.7	7,913,6,5	70.4	39.4975186	73.6048991	4288.5
2975	6.5	6.5	6.5	831,454,6,10	70.1	39.5024489	73.6052507	4258.2
2976	88.6	88.6	88.6	1793,1033,8,8	70.1	39.4991073	73.6046556	4285.2
2977	108.1	108.1	108.1	791,821,3,11	70.0	39.4977667	73.6047989	4285.4
2978	111.6	111.6	111.6	1012,687,4,9	69.9	39.4977316	73.6048051	4285.4
2979	126.2	126.2	126.2	1478,859,9,3	69.8	39.4975165	73.6049010	4285.5
2980	13.0	13.0	13.0	919,548,4,5	69.6	39.5020496	73.6051610	4259.7
2981	104.6	104.6	104.6	717,925,6,7	69.6	39.4980590	73.6047468	4285.4
2982	13.5	13.0	14.0	1285,1066,5,6	69.4	39.5020149	73.6051562	4259.7
2983	15.5	15.5	15.5	988,253,5,6	69.1	39.5018602	73.6051322	4259.7
2984	146.2	146.2	146.2	117,803,10,4	69.1	39.4975186	73.6048991	4287.7
2985	140.2	140.2	140.2	1358,438,7,9	68.9	39.4975189	73.6048991	4284.9
2986	24.0	24.0	24.0	414,701,3,7	68.6	39.5011472	73.6050101	4259.7
2987	120.6	120.6	120.6	964,54,8,3	68.6	39.4975171	73.6049001	4285.5
2988	147.2	147.2	147.2	1388,489,5,5	68.6	39.4975185	73.6048990	4288.1
2989	135.7	135.7	135.7	1335,456,6,5	68.4	39.4975185	73.6048995	4285.5
2990	75.1	75.1	75.1	1285,987,6,5	68.1	39.5000838	73.6048138	4267.5
2991	133.7	133.7	133.7	531,111,4,10	68.1	39.4975182	73.6049000	4285.5
2992	119.6	119.6	119.6	481,625,4,6	68.0	39.4975230	73.6048979	4285.4
2993	126.2	126.2	126.2	211,1033,7,6	68.0	39.4975165	73.6049010	4285.5
2994	124.6	124.6	124.6	1210,231,7,6	67.8	39.4975159	73.6049014	4285.5
2995	121.1	120.6	121.1	859,653,6,4	67.5	39.4975160	73.6049005	4285.5
2996	139.2	139.2	139.2	1289,587,8,5	67.4	39.4975189	73.6048991	4285.2
2997	16.0	16.0	16.0	1060,51,5,6	67.2	39.5018197	73.6051255	4259.7
2998	16.0	16.0	16.0	1253,503,6,6	67.2	39.5018197	73.6051255	4259.7
2999	22.0	22.0	22.0	1889,845,6,4	67.0	39.5013153	73.6050405	4259.7
3000	84.1	84.1	84.1	1229,316,4,5	66.7	39.4994442	73.6047095	4280.1
3001	16.5	16.5	16.5	226,902,5,5	66.4	39.5017783	73.6051188	4259.7
3002	121.1	121.1	121.1	481,947,7,6	66.2	39.4975160	73.6049005	4285.5
3003	23.5	23.5	23.5	1340,265,3,6	66.1	39.5011885	73.6050175	4259.7
3004	22.0	22.0	22.0	577,267,4,6	65.9	39.5013153	73.6050405	4259.7
3005	17.0	17.0	17.0	893,417,4,5	65.7	39.5017370	73.6051121	4259.7
3006	23.5	23.5	23.5	1307,199,8,5	65.7	39.5011885	73.6050175	4259.7
3007	147.7	147.7	147.7	368,531,5,4	65.7	39.4975186	73.6048991	4288.5
3008	129.7	129.7	129.7	619,540,4,6	65.6	39.4975175	73.6049005	4285.5
3009	84.6	84.6	84.6	1712,715,7,4	65.5	39.4994065	73.6047033	4280.7
3010	108.6	108.6	108.6	1765,673,10,4	65.5	39.4977484	73.6048025	4285.3
3011	108.1	108.1	108.1	1225,535,4,6	65.4	39.4977667	73.6047989	4285.4
3012	117.1	117.1	117.1	1185,397,7,4	65.2	39.4976286	73.6048575	4285.5
3013	117.1	117.1	117.1	977,172,7,5	65.1	39.4976286	73.6048575	4285.5
3014	9.5	9.5	9.5	1648,972,8,4	64.7	39.5022778	73.6051933	4258.2
3015	133.7	133.7	133.7	899,1017,4,6	64.6	39.4975182	73.6049000	4285.5
3016	124.1	124.1	124.1	1067,691,4,5	64.5	39.4975158	73.6049014	4285.5
3017	125.7	125.7	125.7	1103,881,3,8	64.5	39.4975163	73.6049012	4285.5
3018	140.7	140.2	140.7	1077,325,6,5	64.3	39.4975190	73.6048990	4284.9
3019	144.7	144.7	144.7	105,707,8,4	64.2	39.4975187	73.6048991	4287.0
3020	17.0	17.0	17.0	1063,617,5,7	63.9	39.5017370	73.6051121	4259.7
3021	122.1	122.1	122.1	785,1073,4,7	63.9	39.4975152	73.6049010	4285.5
3022	122.1	122.1	122.1	845,425,4,4	63.8	39.4975152	73.6049010	4285.5
3023	138.7	138.7	138.7	905,737,4,8	63.8	39.4975189	73.6048991	4285.3
3024	147.7	147.2	147.7	25,301,4,5	63.7	39.4975186	73.6048991	4288.5
3025	110.6	110.6	110.6	1843,83,4,6	63.6	39.4977327	73.6048051	4285.4
3026	113.1	113.1	113.1	1786,450,7,6	63.6	39.4977320	73.6048052	4285.4
3027	9.5	9.5	9.5	1313,461,8,4	63.5	39.5022778	73.6051933	4258.2
3028	131.7	131.7	131.7	1569,971,7,4	63.3	39.4975179	73.6049003	4285.6
3029	84.1	84.1	84.1	394,663,7,4	63.2	39.4994442	73.6047095	4280.1
3030	18.5	18.5	18.5	1848,955,9,4	63.1	39.5016120	73.6050916	4259.7
3031	24.0	24.0	24.0	489,405,8,4	63.1	39.5011472	73.6050101	4259.7
3032	137.2	137.2	137.2	1569,969,10,4	62.9	39.4975189	73.6048992	4285.5
3033	114.1	113.6	114.1	1784,1017,9,2	62.8	39.4977261	73.6048078	4285.4
3034	17.5	17.5	17.5	5,78,7,3	62.7	39.5016952	73.6051053	4259.7
3035	15.0	14.0	15.0	11,73,7,7	62.6	39.5019003	73.6051392	4259.7
3036	130.2	130.2	130.2	222,310,3,6	62.0	39.4975176	73.6049004	4285.5
3037	15.0	15.0	15.0	801,657,4,8	61.8	39.5019003	73.6051392	4259.7
3038	18.5	18.5	18.5	1726,867,9,6	61.8	39.5016120	73.6050916	4259.7
3039	130.2	130.2	130.2	1169,727,7,3	61.7	39.4975176	73.6049004	4285.5
3040	143.7	143.7	143.7	511,809,4,6	61.7	39.4975188	73.6048993	4286.3
3041	138.7	138.7	138.7	1330,1065,7,7	61.4	39.4975189	73.6048991	4285.3
3042	9.5	9.5	9.5	1881,489,8,8	61.3	39.5022778	73.6051933	4258.2
3043	23.0	23.0	23.0	747,530,6,5	61.2	39.5012309	73.6050252	4259.7
3044	124.1	124.1	124.6	769,987,6,6	61.1	39.4975158	73.6049014	4285.5
3045	23.0	23.0	23.0	1069,1051,4,9	60.9	39.5012309	73.6050252	4259.7
3046	126.7	126.7	126.7	1318,12,3,9	60.9	39.4975166	73.6049010	4285.5
3047	13.0	13.0	13.0	906,305,5,4	60.8	39.5020496	73.6051610	4259.7
3048	17.0	17.0	17.0	4,659,4,7	60.8	39.5017370	73.6051121	4259.7
3049	110.6	109.1	110.6	379,981,3,10	60.7	39.4977327	73.6048051	4285.4
3050	109.1	109.1	109.1	1683,883,5,4	60.6	39.4977402	73.6048037	4285.3
3051	110.1	110.1	111.1	1025,469,4,4	60.6	39.4977340	73.6048048	4285.4
3052	121.1	121.1	121.6	1399,15,6,4	60.6	39.4975160	73.6049005	4285.5
3053	120.1	118.6	120.1	679,1059,4,7	60.5	39.4975191	73.6048993	4285.4
3054	121.6	120.6	121.6	1445,835,3,6	60.4	39.4975154	73.6049008	4285.5
3055	139.2	139.2	140.2	377,339,10,3	60.3	39.4975189	73.6048991	4285.2
3056	136.2	136.2	136.2	209,947,4,6	60.2	39.4975186	73.6048994	4285.5
3057	139.2	139.2	139.2	678,710,5,4	60.2	39.4975189	73.6048991	4285.2
3058	108.6	108.6	109.1	473,977,4,6	60.0	39.4977484	73.6048025	4285.3
3059	20.5	20.5	20.5	1084,324,5,4	59.9	39.5014421	73.6050639	4259.7
3060	118.6	118.6	118.6	357,345,4,7	59.8	39.4975561	73.6048869	4285.5
3061	121.6	121.6	121.6	1499,68,8,3	59.6	39.4975154	73.6049008	4285.5
3062	108.6	108.6	108.6	931,735,4,6	59.3	39.4977484	73.6048025	4285.3
3063	107.6	107.6	107.6	403,181,7,4	59.2	39.4977971	73.6047935	4285.4
3064	121.6	121.6	121.6	826,826,5,4	59.2	39.4975154	73.6049008	4285.5
3065	142.7	142.7	142.7	259,1028,4,5	59.1	39.4975188	73.6048991	4285.4
3066	118.6	118.6	118.6	619,795,6,8	59.0	39.4975561	73.6048869	4285.5
3067	111.6	111.6	111.6	16,959,6,4	58.8	39.4977316	73.6048051	4285.4
3068	137.7	137.7	137.7	1719,1017,4,6	58.8	39.4975189	73.6048993	4285.5
3069	142.7	142.7	144.7	921,451,6,4	58.8	39.4975188	73.6048991	4285.4
3070	102.6	102.6	102.6	231,683,6,4	58.6	39.4982464	73.6047136	4285.4
3071	15.5	15.5	16.5	1015,378,7,4	58.5	39.5018602	73.6051322	4259.7
3072	138.2	138.2	138.2	1871,977,2,8	58.4	39.4975189	73.6048992	4285.4
3073	139.7	139.7	139.7	555,569,4,6	58.3	39.4975189	73.6048991	4285.0
3074	125.7	125.7	125.7	1048,936,4,8	58.2	39.4975163	73.6049012	4285.5
3075	121.6	121.6	121.6	655,88,4,5	58.0	39.4975154	73.6049008	4285.5
3076	147.2	147.2	147.2	1257,553,4,6	57.8	39.4975185	73.6048990	4288.1
3077	143.2	143.2	144.7	769,678,3,7	57.4	39.4975188	73.6048992	4285.9
3078	115.1	115.1	115.1	637,912,4,5	57.1	39.4977047	73.6048187	4285.4
3079	110.6	110.6	110.6	1841,1001,4,6	57.0	39.4977327	73.6048051	4285.4
3080	147.7	147.7	147.7	458,394,5,7	57.0	39.4975186	73.6048991	4288.5
3081	118.6	118.6	118.6	405,787,5,5	56.7	39.4975561	73.6048869	4285.5
3082	125.1	125.1	125.1	1841,105,8,2	56.4	39.4975161	73.6049012	4285.5
3083	147.2	147.2	147.2	137,1049,4,4	56.4	39.4975185	73.6048990	4288.1
3084	146.7	146.2	146.7	870,1067,6,4	56.3	39.4975187	73.6048991	4287.7
3085	145.2	145.2	145.2	297,361,4,8	56.1	39.4975187	73.6048991	4287.3
3086	139.2	139.2	139.2	305,715,3,6	55.8	39.4975189	73.6048991	4285.2
3087	143.7	143.7	143.7	280,667,5,5	55.6	39.4975188	73.6048993	4286.3
3088	112.6	112.6	112.6	849,805,6,3	55.5	39.4977318	73.6048051	4285.4
3089	126.7	126.7	126.7	1041,886,8,3	55.5	39.4975166	73.6049010	4285.5
3090	108.1	108.1	109.1	529,1076,5,4	55.4	39.4977667	73.6047989	4285.4
3091	139.2	139.2	139.7	1212,972,7,3	55.2	39.4975189	73.6048991	4285.2
3092	146.2	146.2	146.2	211,923,4,4	54.8	39.4975186	73.6048991	4287.7
3093	139.7	139.7	139.7	476,828,4,4	54.6	39.4975189	73.6048991	4285.0
3094	126.7	126.7	126.7	563,1009,10,2	54.4	39.4975166	73.6049010	4285.5
3095	146.2	146.2	146.2	238,360,4,5	54.4	39.4975186	73.6048991	4287.7
3096	120.1	120.1	120.1	437,747,7,3	53.4	39.4975191	73.6048993	4285.4
3097	9.5	9.5	9.5	1333,764,5,4	53.3	39.5022778	73.6051933	4258.2
3098	110.1	110.1	110.1	1411,979,4,4	53.2	39.4977340	73.6048048	4285.4
3099	138.2	138.2	138.2	187,626,4,6	53.0	39.4975189	73.6048992	4285.4
3100	85.6	85.6	85.6	104,817,5,4	52.9	39.4993316	73.6046911	4282.0
3101	17.5	17.5	17.5	289,837,8,4	52.8	39.5016952	73.6051053	4259.7
3102	118.6	118.6	118.6	137,806,4,6	52.7	39.4975561	73.6048869	4285.5
3103	139.2	139.2	139.2	592,495,7,4	52.7	39.4975189	73.6048991	4285.2
3104	112.6	112.6	112.6	732,767,7,3	52.6	39.4977318	73.6048051	4285.4
3105	125.7	125.7	125.7	1446,888,3,6	52.6	39.4975163	73.6049012	4285.5
3106	111.6	111.6	111.6	763,639,4,6	52.4	39.4977316	73.6048051	4285.4
3107	147.2	147.2	147.2	1549,705,4,4	52.4	39.4975185	73.6048990	4288.1
3108	143.2	142.7	143.2	571,652,4,5	52.2	39.4975188	73.6048992	4285.9
3109	144.7	144.7	144.7	531,328,4,4	52.2	39.4975187	73.6048991	4287.0
3110	120.6	120.6	120.6	1045,561,8,4	52.1	39.4975171	73.6049001	4285.5
3111	126.7	125.7	126.7	1405,469,5,4	52.1	39.4975166	73.6049010	4285.5
3112	144.7	144.7	144.7	774,789,9,4	51.9	39.4975187	73.6048991	4287.0
3113	113.1	113.1	113.1	1003,956,6,4	51.8	39.4977320	73.6048052	4285.4
3114	126.2	126.2	126.2	744,755,5,4	51.4	39.4975165	73.6049010	4285.5
3115	139.7	139.7	139.7	275,915,2,8	51.3	39.4975189	73.6048991	4285.0
3116	146.2	146.2	146.2	1272,946,6,3	50.7	39.4975186	73.6048991	4287.7
3117	145.7	145.7	145.7	1147,719,5,4	50.6	39.4975186	73.6048991	4287.5
3118	140.2	140.2	140.2	803,269,9,2	50.5	39.4975189	73.6048991	4284.9
3119	140.2	140.2	140.2	1617,863,8,2	50.4	39.4975189	73.6048991	4284.9
3120	147.2	147.2	147.2	1110,298,5,5	50.4	39.4975185	73.6048990	4288.1
3121	110.1	110.1	110.1	1451,931,4,4	50.1	39.4977340	73.6048048	4285.4
3122	111.1	110.6	111.1	519,961,2,8	50.1	39.4977319	73.6048051	4285.4
3123	120.1	120.1	120.1	1021,773,4,4	50.1	39.4975191	73.6048993	4285.4
3124	110.6	110.6	110.6	1773,553,4,4	49.9	39.4977327	73.6048051	4285.4
3125	113.1	113.1	113.1	1679,715,6,5	49.9	39.4977320	73.6048052	4285.4
3126	120.1	120.1	120.1	355,123,4,4	49.9	39.4975191	73.6048993	4285.4
3127	14.0	14.0	14.0	1146,358,5,5	49.6	39.5019780	73.6051511	4259.7
3128	139.7	139.7	139.7	1767,697,4,6	49.6	39.4975189	73.6048991	4285.0
3129	145.2	145.2	145.2	93,891,5,4	49.5	39.4975187	73.6048991	4287.3
3130	110.1	110.1	110.1	1275,161,4,4	49.3	39.4977340	73.6048048	4285.4
3131	120.1	120.1	120.1	963,1067,4,6	48.3	39.4975191	73.6048993	4285.4
3132	109.1	109.1	109.1	657,1069,4,4	48.2	39.4977402	73.6048037	4285.3
3133	138.7	138.7	138.7	1623,1077,5,3	48.1	39.4975189	73.6048991	4285.3
3134	143.2	143.2	143.2	1320,967,3,6	48.1	39.4975188	73.6048992	4285.9
3135	112.6	112.6	112.6	104,594,5,3	47.9	39.4977318	73.6048051	4285.4
3136	125.7	125.7	125.7	635,982,6,3	47.9	39.4975163	73.6049012	4285.5
3137	10.5	10.5	10.5	233,213,2,8	47.8	39.5022143	73.6051830	4258.2
3138	120.1	120.1	120.1	1314,477,5,3	47.4	39.4975191	73.6048993	4285.4
3139	145.7	145.7	145.7	435,635,4,4	47.2	39.4975186	73.6048991	4287.5
3140	138.7	138.7	138.7	444,294,4,4	46.6	39.4975189	73.6048991	4285.3
3141	112.6	112.6	112.6	91,1065,5,3	46.4	39.4977318	73.6048051	4285.4
3142	17.5	17.5	17.5	1103,345,4,4	46.3	39.5016952	73.6051053	4259.7
3143	108.1	108.1	108.1	1093,731,4,4	46.3	39.4977667	73.6047989	4285.4
3144	140.7	140.7	140.7	1143,658,3,6	46.2	39.4975190	73.6048990	4284.9
3145	125.1	125.1	125.1	949,978,3,11	46.1	39.4975161	73.6049012	4285.5
3146	140.7	140.7	140.7	1548,585,5,4	45.0	39.4975190	73.6048990	4284.9
3147	125.7	125.7	125.7	1199,519,2,9	44.6	39.4975163	73.6049012	4285.5
3148	125.7	125.7	125.7	1009,377,5,4	44.1	39.4975163	73.6049012	4285.5
3149	108.1	108.1	109.1	751,1001,5,4	43.0	39.4977667	73.6047989	4285.4
3150	143.2	143.2	143.2	396,272,5,4	42.6	39.4975188	73.6048992	4285.9
3151	18.0	18.0	18.0	1492,1050,4,4	42.4	39.5016540	73.6050985	4259.7
3152	120.6	120.6	120.6	1230,317,7,2	42.2	39.4975171	73.6049001	4285.5
3153	125.7	125.7	125.7	1513,917,6,4	41.8	39.4975163	73.6049012	4285.5
3154	125.7	125.7	125.7	1250,793,3,4	41.7	39.4975163	73.6049012	4285.5
3155	125.7	125.7	125.7	1291,987,3,6	41.4	39.4975163	73.6049012	4285.5
3156	110.1	110.1	110.1	564,1015,4,3	41.2	39.4977340	73.6048048	4285.4
3157	146.2	146.2	146.2	1672,325,5,4	41.2	39.4975186	73.6048991	4287.7
3158	85.6	85.6	85.6	370,233,5,3	40.8	39.4993316	73.6046911	4282.0
3159	110.6	110.6	110.6	927,1011,7,2	38.8	39.4977327	73.6048051	4285.4
3160	143.2	143.2	143.2	149,925,4,4	38.8	39.4975188	73.6048992	4285.9
3161	139.2	139.2	139.2	822,829,7,4	38.7	39.4975189	73.6048991	4285.2
3162	111.1	111.1	111.1	1509,1075,2,5	38.6	39.4977319	73.6048051	4285.4
3163	110.6	110.6	110.6	812,839,4,4	38.2	39.4977327	73.6048051	4285.4
3164	143.2	143.2	143.2	1308,707,5,3	38.2	39.4975188	73.6048992	4285.9
3165	108.6	108.6	108.6	121,829,4,4	35.1	39.4977484	73.6048025	4285.3
3166	143.7	143.7	143.7	1217,711,6,2	34.3	39.4975188	73.6048993	4286.3
3167	110.6	110.6	110.6	1631,525,7,3	32.0	39.4977327	73.6048051	4285.4
3168	111.1	111.1	111.1	233,19,4,6	28.3	39.4977319	73.6048051	4285.4
3169	110.1	110.1	110.1	1892,346,3,5	28.0	39.4977340	73.6048048	4285.4
