track	t_best	t0	t1	bbox	score	lat	lon	alt
0	107.1	97.1	107.1	1762,0,158,10	4045.3	39.4964645	73.6032582	4315.8
1	144.2	144.2	144.2	309,1030,34,50	3643.0	39.4952103	73.6018206	4458.0
2	143.2	140.2	143.2	301,928,32,60	3557.1	39.4952433	73.6018428	4454.4
3	166.2	165.2	171.2	1870,0,50,60	3419.6	39.4949850	73.6012031	4523.4
4	157.2	157.2	159.2	1756,0,97,35	3189.0	39.4950127	73.6012448	4494.0
5	172.2	172.2	172.2	185,517,80,22	3131.2	39.4949572	73.6011640	4532.3
6	143.2	143.2	143.2	1853,0,67,62	2645.5	39.4952433	73.6018428	4454.4
7	144.2	143.2	144.2	1861,0,59,56	2621.5	39.4952103	73.6018206	4458.0
8	146.2	146.2	151.2	1867,0,53,55	2530.3	39.4951579	73.6017491	4464.8
9	151.2	148.2	151.2	1739,0,84,33	2477.5	39.4951153	73.6015476	4476.4
10	22.0	22.0	22.0	289,459,50,18	2439.8	39.4965562	73.6047770	4291.8
11	158.2	157.2	158.2	105,1065,92,15	2419.7	39.4950122	73.6012441	4497.5
12	106.1	97.1	106.1	1637,0,90,19	2349.1	39.4964698	73.6033365	4312.5
13	139.2	139.2	144.2	490,607,27,43	2255.5	39.4954133	73.6018861	4439.1
14	145.2	145.2	145.2	1861,0,59,55	2203.7	39.4951814	73.6017895	4461.6
15	142.2	142.2	142.2	1859,0,61,51	2144.5	39.4952804	73.6018617	4450.8
16	138.2	135.2	138.2	567,540,27,39	2003.5	39.4954658	73.6018785	4435.0
17	2.0	2.0	11.0	825,0,42,23	1852.3	39.4965565	73.6047759	4292.0
18	74.1	70.1	76.1	0,0,60,17	1767.2	39.4964617	73.6044652	4295.6
19	135.2	135.2	135.2	714,367,30,39	1753.1	39.4956257	73.6018081	4422.4
20	105.1	97.1	105.1	1565,0,76,29	1633.6	39.4964720	73.6034162	4309.4
21	150.2	148.2	151.2	1727,9,61,36	1621.7	39.4951335	73.6016331	4474.2
22	74.1	73.1	74.1	0,90,27,47	1586.6	39.4964617	73.6044652	4295.6
23	106.1	97.1	107.1	1793,15,112,20	1575.6	39.4964698	73.6033365	4312.5
24	77.1	64.1	77.1	335,9,25,44	1568.7	39.4963996	73.6043143	4298.3
25	134.2	134.2	134.2	750,314,28,40	1515.0	39.4956768	73.6017880	4417.9
26	12.0	7.0	12.0	1745,185,175,40	1471.8	39.4965574	73.6047757	4291.8
27	160.2	158.2	160.2	1621,0,52,30	1300.2	39.4950130	73.6012442	4504.3
28	86.1	85.1	86.1	133,81,46,16	1261.9	39.4963332	73.6040923	4299.9
29	13.0	13.0	13.0	779,1067,52,13	1240.2	39.4965572	73.6047758	4291.8
30	13.0	13.0	13.0	945,1033,32,10	1217.6	39.4965572	73.6047758	4291.8
31	73.1	73.1	76.1	203,0,28,21	1209.7	39.4964879	73.6045112	4294.9
32	0.0	0.0	12.0	1232,49,102,23	1183.9	39.4965568	73.6047755	4292.2
33	128.2	128.2	128.2	1112,76,25,30	1156.3	39.4958743	73.6019274	4394.1
34	86.1	86.1	86.1	433,66,50,17	1155.0	39.4963332	73.6040923	4299.9
35	87.1	87.1	87.1	1865,903,24,20	1149.8	39.4963334	73.6040927	4299.9
36	49.1	46.1	49.1	481,1057,26,23	1145.3	39.4966098	73.6047079	4289.8
37	168.2	167.2	172.2	1762,0,39,30	1122.8	39.4949651	73.6011748	4529.3
38	84.1	84.1	84.1	851,1033,22,16	1101.4	39.4963328	73.6040916	4299.9
39	103.1	98.1	103.1	1443,0,62,16	1089.1	39.4964695	73.6035870	4303.8
40	130.2	128.2	130.2	947,148,23,22	1075.5	39.4958091	73.6018542	4402.0
41	132.2	132.2	132.2	819,223,24,27	1053.8	39.4957517	73.6017938	4409.8
42	133.2	133.2	135.2	766,271,20,23	1013.6	39.4957175	73.6017825	4413.8
43	159.2	159.2	160.2	193,1065,44,15	1005.5	39.4950124	73.6012441	4501.0
44	28.0	27.0	29.0	465,835,22,21	985.0	39.4965551	73.6047770	4291.8
45	150.2	149.2	150.2	1672,0,50,13	958.7	39.4951335	73.6016331	4474.2
46	144.2	144.2	144.2	376,1057,22,23	954.7	39.4952103	73.6018206	4458.0
47	160.2	158.2	164.2	1726,46,43,27	937.5	39.4950130	73.6012442	4504.3
48	30.0	28.0	32.0	246,1057,27,20	927.4	39.4965551	73.6047771	4291.8
49	14.0	14.0	14.0	755,779,52,14	906.9	39.4965569	73.6047758	4291.8
50	148.2	148.2	151.2	1682,9,31,14	895.9	39.4951472	73.6017241	4469.7
51	125.2	125.2	125.2	1180,0,22,27	876.3	39.4959797	73.6020553	4382.3
52	131.2	131.2	132.2	893,186,23,20	872.4	39.4957795	73.6018206	4406.0
53	85.1	85.1	85.1	1391,47,26,17	828.4	39.4963332	73.6040919	4299.9
54	32.0	28.0	36.0	265,1033,18,20	805.3	39.4965550	73.6047772	4291.9
55	27.0	23.0	27.0	849,1025,20,32	801.2	39.4965551	73.6047769	4291.8
56	157.2	157.2	158.2	1858,29,41,14	793.6	39.4950127	73.6012448	4494.0
57	30.0	27.0	32.0	771,617,30,10	777.7	39.4965551	73.6047771	4291.8
58	88.1	85.1	88.1	1671,825,18,14	775.1	39.4963333	73.6040931	4299.9
59	88.1	88.1	88.1	849,969,16,14	773.4	39.4963333	73.6040931	4299.9
60	127.2	126.2	127.2	1139,49,17,19	757.4	39.4959091	73.6019677	4390.1
61	166.2	166.2	166.2	209,561,18,24	753.5	39.4949850	73.6012031	4523.4
62	75.1	69.1	76.1	65,9,16,16	747.3	39.4964365	73.6044178	4296.3
63	28.0	27.0	28.0	567,1003,25,14	711.1	39.4965551	73.6047770	4291.8
64	103.1	100.1	106.1	1870,107,50,18	697.3	39.4964695	73.6035870	4303.8
65	103.1	98.1	104.1	1509,9,20,23	686.4	39.4964695	73.6035870	4303.8
66	23.0	20.0	28.0	995,483,28,6	679.6	39.4965558	73.6047771	4291.8
67	118.2	118.2	120.2	1761,71,16,31	667.9	39.4962182	73.6024388	4355.8
68	74.1	74.1	74.1	1633,5,16,12	665.5	39.4964617	73.6044652	4295.6
69	32.0	27.0	32.0	585,533,39,12	660.5	39.4965550	73.6047772	4291.9
70	76.1	70.1	77.1	1777,147,26,14	649.2	39.4964157	73.6043680	4297.2
71	3.0	2.0	3.0	1825,281,24,28	634.6	39.4965565	73.6047761	4292.0
72	165.2	165.2	165.2	233,614,25,13	633.1	39.4949935	73.6012155	4520.3
73	149.2	147.2	151.2	1893,97,19,18	616.1	39.4951437	73.6016943	4472.0
74	12.0	12.0	12.0	1678,161,59,19	601.4	39.4965574	73.6047757	4291.8
75	101.1	97.1	104.1	1593,65,45,10	593.5	39.4964578	73.6037688	4300.5
76	126.2	126.2	126.2	1166,24,16,17	585.4	39.4959447	73.6020106	4386.2
77	142.2	142.2	142.2	371,866,16,15	579.7	39.4952804	73.6018617	4450.8
78	116.2	115.2	116.2	1641,67,21,16	576.4	39.4962838	73.6025761	4348.6
79	116.2	116.2	116.2	1849,335,18,11	573.2	39.4962838	73.6025761	4348.6
80	22.0	22.0	22.0	285,902,14,19	572.0	39.4965562	73.6047770	4291.8
81	160.2	160.2	160.2	436,1043,21,22	562.0	39.4950130	73.6012442	4504.3
82	142.2	137.2	142.2	329,873,11,16	561.0	39.4952804	73.6018617	4450.8
83	84.1	84.1	84.1	1645,897,20,12	547.5	39.4963328	73.6040916	4299.9
84	114.2	98.1	114.2	901,94,16,19	545.3	39.4963410	73.6027214	4341.5
85	72.1	72.1	77.1	878,1017,26,14	521.1	39.4965136	73.6045557	4294.3
86	28.0	28.0	29.0	554,865,23,15	519.4	39.4965551	73.6047770	4291.8
87	13.0	13.0	21.0	388,323,13,14	512.1	39.4965572	73.6047758	4291.8
88	150.2	149.2	150.2	1478,0,41,7	501.0	39.4951335	73.6016331	4474.2
89	49.1	49.1	49.1	1703,26,38,19	500.6	39.4966098	73.6047079	4289.8
90	1.0	0.0	1.0	1269,129,20,19	497.7	39.4965565	73.6047757	4292.0
91	123.2	123.2	123.2	17,367,12,17	496.3	39.4960471	73.6021521	4374.8
92	122.2	121.2	125.2	86,319,13,19	491.0	39.4960802	73.6022039	4371.0
93	16.0	16.0	17.0	1124,115,15,12	478.9	39.4965566	73.6047758	4291.8
94	78.1	78.1	78.1	737,73,16,8	478.5	39.4963861	73.6042594	4299.3
95	0.0	0.0	3.0	1724,174,57,8	476.5	39.4965568	73.6047755	4292.2
96	105.1	97.1	105.1	1825,45,37,12	475.0	39.4964720	73.6034162	4309.4
97	159.2	159.2	159.2	79,1073,31,7	474.2	39.4950124	73.6012441	4501.0
98	21.0	20.0	22.0	361,1067,14,13	458.8	39.4965562	73.6047768	4291.8
99	88.1	88.1	88.1	770,983,23,6	457.5	39.4963333	73.6040931	4299.9
100	167.2	167.2	172.2	1807,17,17,24	455.1	39.4949754	73.6011892	4526.4
101	148.2	147.2	148.2	1003,1017,12,16	454.7	39.4951472	73.6017241	4469.7
102	12.0	12.0	12.0	780,215,21,19	451.6	39.4965574	73.6047757	4291.8
103	85.1	85.1	85.1	625,961,24,10	450.5	39.4963332	73.6040919	4299.9
104	86.1	86.1	86.1	695,115,26,12	449.2	39.4963332	73.6040923	4299.9
105	87.1	87.1	87.1	339,907,20,6	449.1	39.4963334	73.6040927	4299.9
106	102.1	102.1	102.1	916,894,21,11	446.9	39.4964648	73.6036778	4301.7
107	157.2	156.2	157.2	305,1025,14,14	446.0	39.4950127	73.6012448	4494.0
108	49.1	49.1	49.1	1649,8,32,11	437.9	39.4966098	73.6047079	4289.8
109	155.2	155.2	155.2	481,993,16,8	436.0	39.4950178	73.6012535	4486.9
110	143.2	143.2	143.2	33,1065,16,15	433.4	39.4952433	73.6018428	4454.4
111	117.2	117.2	117.2	1891,363,20,14	430.0	39.4962519	73.6025056	4352.2
112	13.0	13.0	14.0	756,885,16,10	402.7	39.4965572	73.6047758	4291.8
113	16.0	16.0	22.0	4,0,21,12	396.7	39.4965566	73.6047758	4291.8
114	84.1	84.1	84.1	1057,833,16,8	391.0	39.4963328	73.6040916	4299.9
115	157.2	157.2	157.2	101,1049,25,10	388.6	39.4950127	73.6012448	4494.0
116	49.1	46.1	49.1	758,1050,19,10	383.4	39.4966098	73.6047079	4289.8
117	12.0	6.0	12.0	1632,137,29,21	379.1	39.4965574	73.6047757	4291.8
118	172.2	171.2	172.2	1841,103,16,10	378.5	39.4949572	73.6011640	4532.3
119	0.0	0.0	1.0	1640,157,30,8	370.7	39.4965568	73.6047755	4292.2
120	170.2	170.2	170.2	241,437,8,12	370.4	39.4949565	73.6011636	4532.3
121	22.0	22.0	22.0	929,1001,16,8	365.2	39.4965562	73.6047770	4291.8
122	13.0	13.0	13.0	855,1069,30,4	363.8	39.4965572	73.6047758	4291.8
123	86.1	85.1	86.1	593,67,32,10	362.9	39.4963332	73.6040923	4299.9
124	0.0	0.0	1.0	1425,97,16,10	359.9	39.4965568	73.6047755	4292.2
125	89.1	89.1	89.1	939,566,22,11	358.1	39.4963334	73.6040932	4299.9
126	31.0	27.0	32.0	879,565,34,8	357.6	39.4965551	73.6047771	4291.8
127	155.2	155.2	155.2	1910,741,7,20	354.7	39.4950178	73.6012535	4486.9
128	105.1	100.1	105.1	703,753,12,8	352.1	39.4964720	73.6034162	4309.4
129	78.1	78.1	78.1	801,49,8,12	346.8	39.4963861	73.6042594	4299.3
130	0.0	0.0	0.0	1896,187,20,12	346.2	39.4965568	73.6047755	4292.2
131	15.0	15.0	15.0	1813,101,20,12	337.1	39.4965566	73.6047757	4291.8
132	7.0	2.0	10.0	849,55,19,13	334.3	39.4965564	73.6047762	4291.9
133	163.2	163.2	163.2	713,1009,16,12	332.1	39.4950072	73.6012355	4514.1
134	128.2	128.2	129.2	1719,695,10,10	331.3	39.4958743	73.6019274	4394.1
135	10.0	5.0	11.0	895,0,12,12	325.2	39.4965566	73.6047758	4291.9
136	22.0	22.0	22.0	219,953,22,8	322.4	39.4965562	73.6047770	4291.8
137	150.2	147.2	151.2	749,425,12,11	322.3	39.4951335	73.6016331	4474.2
138	46.1	46.1	49.1	816,993,9,14	320.7	39.4966104	73.6047082	4289.8
139	153.2	153.2	153.2	969,798,8,11	307.4	39.4950618	73.6013627	4480.8
140	28.0	28.0	29.0	657,841,14,8	304.9	39.4965551	73.6047770	4291.8
141	83.1	83.1	85.1	1436,991,15,9	303.5	39.4963330	73.6040919	4299.9
142	1.0	0.0	1.0	1881,279,32,6	296.1	39.4965565	73.6047757	4292.0
143	155.2	155.2	156.2	669,865,12,16	294.7	39.4950178	73.6012535	4486.9
144	160.2	160.2	162.2	1257,0,17,10	294.7	39.4950130	73.6012442	4504.3
145	21.0	21.0	21.0	19,1069,12,11	294.1	39.4965562	73.6047768	4291.8
146	152.2	152.2	152.2	1697,229,22,8	294.0	39.4950903	73.6014507	4478.6
147	131.2	131.2	131.2	1343,978,10,15	288.6	39.4957795	73.6018206	4406.0
148	147.2	147.2	151.2	505,923,12,18	287.9	39.4951486	73.6017302	4467.3
149	77.1	77.1	77.1	1849,0,8,9	284.0	39.4963996	73.6043143	4298.3
150	130.2	130.2	130.2	1911,131,9,16	281.2	39.4958091	73.6018542	4402.0
151	117.2	117.2	117.2	1665,80,11,13	281.1	39.4962519	73.6025056	4352.2
152	48.1	48.1	48.1	641,1045,19,11	280.1	39.4966102	73.6047079	4289.8
153	135.2	135.2	135.2	565,917,9,12	277.1	39.4956257	73.6018081	4422.4
154	120.2	120.2	120.2	15,0,18,9	275.6	39.4961480	73.6023147	4363.3
155	21.0	21.0	21.0	499,640,14,7	273.3	39.4965562	73.6047768	4291.8
156	30.0	29.0	35.0	269,953,13,9	273.3	39.4965551	73.6047771	4291.8
157	23.0	23.0	23.0	381,390,12,11	272.9	39.4965558	73.6047771	4291.8
158	152.2	146.2	152.2	993,767,8,10	272.9	39.4950903	73.6014507	4478.6
159	22.0	22.0	23.0	1841,849,14,8	271.4	39.4965562	73.6047770	4291.8
160	78.1	78.1	78.1	250,81,13,16	271.0	39.4963861	73.6042594	4299.3
161	153.2	153.2	153.2	1759,203,23,8	270.7	39.4950618	73.6013627	4480.8
162	154.2	154.2	154.2	1825,206,17,7	264.9	39.4950330	73.6012859	4483.7
163	17.0	16.0	17.0	1843,217,11,8	263.5	39.4965564	73.6047760	4291.8
164	15.0	14.0	15.0	1909,142,11,8	263.1	39.4965566	73.6047757	4291.8
165	18.0	15.0	19.0	1119,343,10,16	262.5	39.4965562	73.6047762	4291.9
166	120.2	120.2	124.2	1441,895,16,6	262.4	39.4961480	73.6023147	4363.3
167	74.1	73.1	77.1	419,51,11,18	261.9	39.4964617	73.6044652	4295.6
168	32.0	30.0	32.0	534,545,17,8	260.4	39.4965550	73.6047772	4291.9
169	152.2	152.2	152.2	765,697,12,8	259.1	39.4950903	73.6014507	4478.6
170	22.0	21.0	22.0	969,1041,8,14	256.8	39.4965562	73.6047770	4291.8
171	22.0	22.0	22.0	91,1059,6,14	255.4	39.4965562	73.6047770	4291.8
172	12.0	9.0	12.0	1407,15,23,20	254.8	39.4965574	73.6047757	4291.8
173	1.0	1.0	1.0	804,1049,13,8	252.5	39.4965565	73.6047757	4292.0
174	28.0	27.0	28.0	1473,979,15,12	252.4	39.4965551	73.6047770	4291.8
175	84.1	84.1	84.1	1418,549,19,12	252.1	39.4963328	73.6040916	4299.9
176	152.2	152.2	152.2	1653,0,14,12	251.8	39.4950903	73.6014507	4478.6
177	0.0	0.0	5.0	1534,146,36,10	251.6	39.4965568	73.6047755	4292.2
178	152.2	152.2	152.2	1898,0,15,6	250.7	39.4950903	73.6014507	4478.6
179	114.2	113.2	114.2	721,1039,8,10	250.5	39.4963410	73.6027214	4341.5
180	152.2	152.2	152.2	1850,53,22,10	247.6	39.4950903	73.6014507	4478.6
181	139.2	139.2	139.2	605,785,15,8	245.6	39.4954133	73.6018861	4439.1
182	139.2	139.2	139.2	1089,985,9,8	245.4	39.4954133	73.6018861	4439.1
183	69.1	69.1	70.1	506,489,15,16	244.0	39.4965782	73.6046656	4292.6
184	89.1	89.1	89.1	1429,994,14,6	243.1	39.4963334	73.6040932	4299.9
185	110.2	110.2	111.2	189,585,12,8	243.1	39.4964292	73.6030238	4326.4
186	160.2	156.2	164.2	833,1065,8,8	242.7	39.4950130	73.6012442	4504.3
187	26.0	26.0	29.0	155,355,6,14	240.5	39.4965552	73.6047771	4291.9
188	9.0	1.0	10.0	1201,193,10,12	240.4	39.4965564	73.6047758	4291.9
189	158.2	156.2	165.2	721,934,16,8	239.8	39.4950122	73.6012441	4497.5
190	166.2	166.2	166.2	368,589,17,4	239.1	39.4949850	73.6012031	4523.4
191	128.2	124.2	128.2	700,1047,10,10	238.9	39.4958743	73.6019274	4394.1
192	166.2	164.2	166.2	10,169,11,10	238.0	39.4949850	73.6012031	4523.4
193	22.0	22.0	22.0	177,793,22,8	237.2	39.4965562	73.6047770	4291.8
194	28.0	28.0	28.0	633,691,8,12	236.8	39.4965551	73.6047770	4291.8
195	163.2	163.2	163.2	209,599,8,11	234.6	39.4950072	73.6012355	4514.1
196	89.1	89.1	94.1	442,628,9,15	233.1	39.4963334	73.6040932	4299.9
197	47.1	47.1	48.1	500,1030,14,7	231.8	39.4966104	73.6047080	4289.8
198	88.1	88.1	89.1	1073,753,8,8	231.0	39.4963333	73.6040931	4299.9
199	12.0	12.0	16.0	633,417,8,8	229.5	39.4965574	73.6047757	4291.8
200	118.2	118.2	119.2	1491,322,10,7	229.5	39.4962182	73.6024388	4355.8
201	128.2	128.2	128.2	721,975,11,7	229.0	39.4958743	73.6019274	4394.1
202	121.2	121.2	121.2	993,465,8,8	228.5	39.4961137	73.6022580	4367.2
203	121.2	121.2	121.2	1435,1009,14,8	225.8	39.4961137	73.6022580	4367.2
204	120.2	115.2	120.2	457,834,12,10	225.5	39.4961480	73.6023147	4363.3
205	116.2	116.2	116.2	513,532,8,9	225.0	39.4962838	73.6025761	4348.6
206	158.2	156.2	158.2	201,1074,32,6	224.8	39.4950122	73.6012441	4497.5
207	118.2	118.2	120.2	1566,166,8,13	224.7	39.4962182	73.6024388	4355.8
208	75.1	75.1	77.1	280,936,18,9	222.4	39.4964365	73.6044178	4296.3
209	127.2	127.2	127.2	26,123,17,10	221.5	39.4959091	73.6019677	4390.1
210	150.2	150.2	150.2	847,945,10,8	219.5	39.4951335	73.6016331	4474.2
211	132.2	132.2	132.2	1659,595,14,12	219.0	39.4957517	73.6017938	4409.8
212	103.1	99.1	103.1	817,822,16,7	218.9	39.4964695	73.6035870	4303.8
213	117.2	117.2	117.2	203,139,11,15	218.9	39.4962519	73.6025056	4352.2
214	78.1	78.1	78.1	577,129,8,8	218.7	39.4963861	73.6042594	4299.3
215	119.2	118.2	120.2	229,206,9,14	218.7	39.4961828	73.6023748	4359.5
216	125.2	125.2	125.2	1617,734,11,9	217.3	39.4959797	73.6020553	4382.3
217	162.2	161.2	162.2	81,297,8,8	216.1	39.4950114	73.6012417	4510.8
218	22.0	18.0	22.0	1305,631,14,6	215.4	39.4965562	73.6047770	4291.8
219	83.1	83.1	83.1	467,321,9,14	215.4	39.4963330	73.6040919	4299.9
220	140.2	140.2	140.2	1191,1049,4,16	212.9	39.4953654	73.6018848	4443.1
221	123.2	121.2	127.2	1515,643,13,10	211.9	39.4960471	73.6021521	4374.8
222	89.1	89.1	89.1	1617,577,15,8	211.7	39.4963334	73.6040932	4299.9
223	105.1	105.1	106.1	633,1025,8,12	210.8	39.4964720	73.6034162	4309.4
224	0.0	0.0	1.0	653,938,18,5	210.4	39.4965568	73.6047755	4292.2
225	163.2	163.2	163.2	273,633,10,12	208.4	39.4950072	73.6012355	4514.1
226	171.2	170.2	171.2	1765,89,14,8	208.4	39.4949566	73.6011637	4532.4
227	128.2	128.2	128.2	1445,568,19,5	207.1	39.4958743	73.6019274	4394.1
228	86.1	86.1	86.1	769,101,15,6	206.0	39.4963332	73.6040923	4299.9
229	135.2	135.2	135.2	521,203,10,8	205.8	39.4956257	73.6018081	4422.4
230	122.2	122.2	122.2	1021,1002,8,15	205.2	39.4960802	73.6022039	4371.0
231	118.2	118.2	120.2	1392,122,9,9	204.6	39.4962182	73.6024388	4355.8
232	116.2	114.2	116.2	777,833,8,8	203.8	39.4962838	73.6025761	4348.6
233	116.2	116.2	116.2	1697,817,8,8	203.8	39.4962838	73.6025761	4348.6
234	149.2	149.2	151.2	548,975,9,10	203.6	39.4951437	73.6016943	4472.0
235	1.0	1.0	11.0	1176,91,10,9	202.6	39.4965565	73.6047757	4292.0
236	85.1	85.1	85.1	497,133,16,6	202.4	39.4963332	73.6040919	4299.9
237	117.2	113.2	117.2	996,924,9,9	202.2	39.4962519	73.6025056	4352.2
238	134.2	134.2	135.2	1033,1057,8,8	202.0	39.4956768	73.6017880	4417.9
239	154.2	154.2	154.2	69,984,8,9	200.8	39.4950330	73.6012859	4483.7
240	48.1	48.1	48.1	589,1068,9,12	200.1	39.4966102	73.6047079	4289.8
241	93.1	92.1	94.1	1112,536,9,9	199.9	39.4963340	73.6040943	4299.9
242	25.0	25.0	25.0	1827,787,12,4	199.6	39.4965556	73.6047772	4291.9
243	145.2	145.2	148.2	169,1049,8,8	199.5	39.4951814	73.6017895	4461.6
244	85.1	85.1	85.1	1417,905,8,8	199.2	39.4963332	73.6040919	4299.9
245	134.2	134.2	134.2	984,786,8,12	199.2	39.4956768	73.6017880	4417.9
246	136.2	136.2	136.2	987,963,11,11	199.1	39.4955803	73.6018304	4426.1
247	68.1	68.1	68.1	133,573,8,20	197.5	39.4965933	73.6046877	4292.2
248	152.2	152.2	152.2	617,841,16,4	196.3	39.4950903	73.6014507	4478.6
249	84.1	84.1	84.1	1295,997,16,4	194.5	39.4963328	73.6040916	4299.9
250	86.1	86.1	86.1	897,1009,9,8	194.0	39.4963332	73.6040923	4299.9
251	106.1	106.1	106.1	49,376,10,7	193.5	39.4964698	73.6033365	4312.5
252	0.0	0.0	0.0	53,981,8,13	193.3	39.4965568	73.6047755	4292.2
253	14.0	14.0	14.0	387,891,11,6	192.6	39.4965569	73.6047758	4291.8
254	132.2	132.2	132.2	1122,1003,11,6	192.6	39.4957517	73.6017938	4409.8
255	66.1	61.1	66.1	96,540,9,16	191.6	39.4966100	73.6047067	4290.5
256	172.2	168.2	172.2	122,106,12,7	189.7	39.4949572	73.6011640	4532.3
257	74.1	70.1	74.1	1529,23,16,10	189.1	39.4964617	73.6044652	4295.6
258	126.2	126.2	126.2	859,818,11,7	187.7	39.4959447	73.6020106	4386.2
259	135.2	132.2	135.2	1811,992,12,7	187.7	39.4956257	73.6018081	4422.4
260	157.2	151.2	157.2	489,1053,12,8	186.9	39.4950127	73.6012448	4494.0
261	50.1	50.1	57.1	465,913,11,9	186.3	39.4966095	73.6047078	4289.5
262	153.2	153.2	154.2	663,1009,10,8	186.3	39.4950618	73.6013627	4480.8
263	84.1	84.1	84.1	1105,737,8,8	186.2	39.4963328	73.6040916	4299.9
264	148.2	148.2	148.2	590,677,11,8	186.1	39.4951472	73.6017241	4469.7
265	144.2	140.2	144.2	66,506,15,10	185.9	39.4952103	73.6018206	4458.0
266	155.2	154.2	155.2	953,561,8,8	185.5	39.4950178	73.6012535	4486.9
267	126.2	126.2	126.2	97,91,11,6	185.4	39.4959447	73.6020106	4386.2
268	144.2	144.2	144.2	1681,119,10,5	185.3	39.4952103	73.6018206	4458.0
269	20.0	20.0	25.0	211,571,12,6	185.0	39.4965562	73.6047766	4291.8
270	122.2	122.2	122.2	1833,72,8,9	184.9	39.4960802	73.6022039	4371.0
271	16.0	16.0	19.0	151,659,8,6	182.8	39.4965566	73.6047758	4291.8
272	86.1	86.1	95.1	370,85,15,4	182.3	39.4963332	73.6040923	4299.9
273	155.2	155.2	155.2	193,506,10,7	182.3	39.4950178	73.6012535	4486.9
274	165.2	160.2	166.2	1817,36,11,11	182.2	39.4949935	73.6012155	4520.3
275	171.2	170.2	172.2	1885,131,16,6	181.2	39.4949566	73.6011637	4532.4
276	116.2	116.2	117.2	777,497,8,8	180.3	39.4962838	73.6025761	4348.6
277	142.2	142.2	142.2	1811,481,11,8	180.3	39.4952804	73.6018617	4450.8
278	133.2	133.2	133.2	1745,297,8,11	179.4	39.4957175	73.6017825	4413.8
279	57.1	57.1	57.1	1096,1059,12,10	177.7	39.4966109	73.6047086	4288.7
280	106.1	104.1	106.1	657,441,8,6	177.3	39.4964698	73.6033365	4312.5
281	115.2	115.2	115.2	1573,1021,19,12	176.6	39.4963134	73.6026473	4345.2
282	160.2	154.2	163.2	669,1037,10,8	176.1	39.4950130	73.6012442	4504.3
283	162.2	161.2	162.2	1601,73,8,13	175.3	39.4950114	73.6012417	4510.8
284	165.2	165.2	165.2	211,609,6,15	175.3	39.4949935	73.6012155	4520.3
285	130.2	130.2	130.2	1887,33,12,8	174.8	39.4958091	73.6018542	4402.0
286	159.2	159.2	159.2	261,1074,13,6	174.5	39.4950124	73.6012441	4501.0
287	126.2	126.2	126.2	1561,105,8,8	174.4	39.4959447	73.6020106	4386.2
288	13.0	13.0	13.0	534,585,11,8	172.5	39.4965572	73.6047758	4291.8
289	134.2	134.2	138.2	1819,373,13,10	172.3	39.4956768	73.6017880	4417.9
290	49.1	47.1	49.1	841,573,12,6	172.1	39.4966098	73.6047079	4289.8
291	141.2	141.2	141.2	143,1025,10,8	172.0	39.4953211	73.6018764	4447.0
292	72.1	72.1	74.1	579,1052,8,12	171.8	39.4965136	73.6045557	4294.3
293	132.2	132.2	132.2	1234,889,9,7	171.8	39.4957517	73.6017938	4409.8
294	116.2	116.2	116.2	753,301,6,10	171.4	39.4962838	73.6025761	4348.6
295	128.2	128.2	128.2	193,81,5,11	170.9	39.4958743	73.6019274	4394.1
296	119.2	119.2	119.2	1457,797,12,8	170.6	39.4961828	73.6023748	4359.5
297	154.2	154.2	154.2	655,1059,26,6	170.5	39.4950330	73.6012859	4483.7
298	134.2	134.2	134.2	569,162,8,7	169.3	39.4956768	73.6017880	4417.9
299	78.1	78.1	83.1	263,331,10,6	169.1	39.4963861	73.6042594	4299.3
300	77.1	76.1	77.1	1100,946,14,4	169.0	39.4963996	73.6043143	4298.3
301	8.0	0.0	11.0	734,291,13,11	167.4	39.4965564	73.6047760	4291.9
302	19.0	19.0	19.0	573,139,10,4	167.2	39.4965562	73.6047764	4291.9
303	133.2	133.2	133.2	1799,355,10,8	167.1	39.4957175	73.6017825	4413.8
304	121.2	121.2	121.2	1081,985,8,10	166.8	39.4961137	73.6022580	4367.2
305	143.2	141.2	143.2	65,1049,8,8	166.6	39.4952433	73.6018428	4454.4
306	151.2	149.2	151.2	753,905,8,8	165.4	39.4951153	73.6015476	4476.4
307	155.2	155.2	156.2	589,934,9,11	165.0	39.4950178	73.6012535	4486.9
308	163.2	163.2	164.2	635,1001,7,10	164.9	39.4950072	73.6012355	4514.1
309	73.1	73.1	73.1	1651,1074,10,6	164.5	39.4964879	73.6045112	4294.9
310	164.2	164.2	164.2	517,978,10,7	164.1	39.4950010	73.6012266	4517.2
311	79.1	76.1	81.1	1617,560,14,6	164.0	39.4963728	73.6042062	4299.5
312	15.0	14.0	15.0	1841,193,8,9	163.9	39.4965566	73.6047757	4291.8
313	144.2	144.2	144.2	201,796,11,11	163.8	39.4952103	73.6018206	4458.0
314	85.1	85.1	85.1	1113,1065,8,8	163.7	39.4963332	73.6040919	4299.9
315	158.2	158.2	160.2	587,881,8,16	163.7	39.4950122	73.6012441	4497.5
316	20.0	20.0	20.0	435,931,12,4	162.9	39.4965562	73.6047766	4291.8
317	61.1	60.1	61.1	787,0,12,9	162.3	39.4966117	73.6047094	4288.6
318	77.1	76.1	77.1	297,66,8,7	162.3	39.4963996	73.6043143	4298.3
319	16.0	16.0	19.0	48,487,13,9	162.1	39.4965566	73.6047758	4291.8
320	28.0	28.0	32.0	1137,876,7,12	161.2	39.4965551	73.6047770	4291.8
321	114.2	112.2	129.2	1615,167,10,6	160.9	39.4963410	73.6027214	4341.5
322	72.1	72.1	72.1	35,193,17,5	158.5	39.4965136	73.6045557	4294.3
323	118.2	108.1	118.2	993,1037,7,8	158.5	39.4962182	73.6024388	4355.8
324	160.2	160.2	160.2	221,1025,10,8	158.0	39.4950130	73.6012442	4504.3
325	119.2	111.2	119.2	17,957,9,8	157.8	39.4961828	73.6023748	4359.5
326	87.1	87.1	87.1	529,173,10,6	157.4	39.4963334	73.6040927	4299.9
327	80.1	80.1	80.1	301,9,12,8	157.3	39.4963564	73.6041554	4299.8
328	143.2	143.2	143.2	929,341,8,8	156.7	39.4952433	73.6018428	4454.4
329	25.0	25.0	25.0	705,585,8,8	156.2	39.4965556	73.6047772	4291.9
330	22.0	19.0	22.0	1035,725,6,10	156.0	39.4965562	73.6047770	4291.8
331	95.1	91.1	95.1	135,425,10,6	156.0	39.4963447	73.6040785	4299.9
332	79.1	70.1	83.1	1209,617,9,5	155.9	39.4963728	73.6042062	4299.5
333	130.2	128.2	130.2	1264,761,8,7	155.9	39.4958091	73.6018542	4402.0
334	22.0	22.0	22.0	705,647,8,10	155.7	39.4965562	73.6047770	4291.8
335	112.2	111.2	114.2	571,705,6,8	155.4	39.4963899	73.6028711	4333.9
336	86.1	83.1	86.1	751,267,10,4	155.0	39.4963332	73.6040923	4299.9
337	106.1	104.1	107.1	94,97,9,8	155.0	39.4964698	73.6033365	4312.5
338	123.2	119.2	123.2	1817,113,11,8	154.9	39.4960471	73.6021521	4374.8
339	148.2	147.2	152.2	961,964,8,11	154.0	39.4951472	73.6017241	4469.7
340	127.2	127.2	127.2	1397,1055,10,9	153.7	39.4959091	73.6019677	4390.1
341	147.2	147.2	147.2	416,937,11,5	153.2	39.4951486	73.6017302	4467.3
342	68.1	68.1	68.1	1295,759,10,9	153.1	39.4965933	73.6046877	4292.2
343	59.1	58.1	63.1	775,1074,14,6	152.9	39.4966115	73.6047089	4288.7
344	78.1	78.1	78.1	363,0,6,9	152.8	39.4963861	73.6042594	4299.3
345	148.2	148.2	148.2	897,1033,8,8	152.5	39.4951472	73.6017241	4469.7
346	166.2	166.2	166.2	1161,0,6,9	152.2	39.4949850	73.6012031	4523.4
347	122.2	121.2	122.2	1883,201,13,6	150.6	39.4960802	73.6022039	4371.0
348	153.2	153.2	153.2	803,809,14,4	150.5	39.4950618	73.6013627	4480.8
349	122.2	122.2	122.2	939,873,12,6	150.1	39.4960802	73.6022039	4371.0
350	123.2	117.2	128.2	633,925,7,8	149.5	39.4960471	73.6021521	4374.8
351	165.2	165.2	165.2	81,543,8,6	149.5	39.4949935	73.6012155	4520.3
352	118.2	118.2	118.2	1431,719,10,6	149.2	39.4962182	73.6024388	4355.8
353	59.1	59.1	59.1	1097,1041,15,8	148.7	39.4966115	73.6047089	4288.7
354	101.1	101.1	102.1	439,522,10,7	148.4	39.4964578	73.6037688	4300.5
355	28.0	28.0	28.0	843,949,5,12	148.2	39.4965551	73.6047770	4291.8
356	157.2	154.2	157.2	1035,1074,7,6	147.3	39.4950127	73.6012448	4494.0
357	98.1	98.1	98.1	753,585,4,14	147.1	39.4964128	73.6039811	4299.9
358	87.1	87.1	87.1	617,853,16,8	146.6	39.4963334	73.6040927	4299.9
359	110.2	107.1	114.2	637,905,6,8	146.0	39.4964292	73.6030238	4326.4
360	14.0	14.0	14.0	643,867,12,4	145.8	39.4965569	73.6047758	4291.8
361	147.2	146.2	147.2	74,1075,11,5	145.3	39.4951486	73.6017302	4467.3
362	49.1	49.1	49.1	618,9,7,8	145.2	39.4966098	73.6047079	4289.8
363	74.1	74.1	76.1	1723,34,15,6	144.9	39.4964617	73.6044652	4295.6
364	121.2	121.2	122.2	1801,59,9,6	144.9	39.4961137	73.6022580	4367.2
365	97.1	97.1	97.1	811,427,8,6	144.2	39.4963887	73.6040237	4299.9
366	91.1	91.1	95.1	946,562,17,5	143.9	39.4963339	73.6040937	4299.9
367	0.0	0.0	11.0	443,152,9,7	143.5	39.4965568	73.6047755	4292.2
368	85.1	85.1	85.1	1434,105,7,7	143.5	39.4963332	73.6040919	4299.9
369	95.1	95.1	95.1	1359,660,9,7	143.3	39.4963447	73.6040785	4299.9
370	123.2	123.2	123.2	1441,275,9,4	143.2	39.4960471	73.6021521	4374.8
371	153.2	153.2	153.2	633,447,8,10	143.1	39.4950618	73.6013627	4480.8
372	151.2	149.2	151.2	887,931,10,6	142.8	39.4951153	73.6015476	4476.4
373	76.1	76.1	76.1	1847,141,10,8	142.4	39.4964157	73.6043680	4297.2
374	83.1	83.1	83.1	376,567,8,10	142.1	39.4963330	73.6040919	4299.9
375	74.1	70.1	75.1	1601,49,15,4	141.9	39.4964617	73.6044652	4295.6
376	0.0	0.0	0.0	1183,38,24,6	140.9	39.4965568	73.6047755	4292.2
377	132.2	132.2	132.2	1334,1025,11,4	140.5	39.4957517	73.6017938	4409.8
378	89.1	89.1	89.1	387,721,11,7	140.4	39.4963334	73.6040932	4299.9
379	92.1	90.1	93.1	106,767,7,11	139.8	39.4963339	73.6040940	4299.9
380	11.0	8.0	11.0	1227,169,6,8	139.7	39.4965570	73.6047758	4291.9
381	31.0	31.0	33.0	89,1057,6,6	139.4	39.4965551	73.6047771	4291.8
382	130.2	128.2	130.2	1402,850,7,10	138.6	39.4958091	73.6018542	4402.0
383	119.2	119.2	119.2	883,950,10,8	138.4	39.4961828	73.6023748	4359.5
384	12.0	12.0	12.0	1530,79,15,9	138.1	39.4965574	73.6047757	4291.8
385	95.1	91.1	95.1	116,557,11,4	137.6	39.4963447	73.6040785	4299.9
386	114.2	114.2	115.2	537,741,8,8	137.6	39.4963410	73.6027214	4341.5
387	112.2	112.2	112.2	1169,963,8,6	137.0	39.4963899	73.6028711	4333.9
388	85.1	85.1	85.1	449,181,6,8	136.9	39.4963332	73.6040919	4299.9
389	0.0	0.0	0.0	431,1012,15,8	136.6	39.4965568	73.6047755	4292.2
390	157.2	156.2	157.2	409,1057,6,11	136.4	39.4950127	73.6012448	4494.0
391	125.2	125.2	125.2	785,1049,7,7	136.2	39.4959797	73.6020553	4382.3
392	36.0	33.0	36.0	639,725,18,3	136.1	39.4965582	73.6047753	4291.4
393	76.1	76.1	76.1	487,900,8,16	135.7	39.4964157	73.6043680	4297.2
394	158.2	158.2	158.2	46,1069,11,6	135.5	39.4950122	73.6012441	4497.5
395	128.2	128.2	130.2	1613,819,7,10	135.0	39.4958743	73.6019274	4394.1
396	57.1	53.1	57.1	947,1017,10,11	133.4	39.4966109	73.6047086	4288.7
397	17.0	17.0	17.0	646,75,9,4	133.3	39.4965564	73.6047760	4291.8
398	131.2	131.2	131.2	1697,131,8,4	133.3	39.4957795	73.6018206	4406.0
399	155.2	155.2	155.2	221,511,9,6	133.2	39.4950178	73.6012535	4486.9
400	116.2	116.2	116.2	1305,851,4,12	133.1	39.4962838	73.6025761	4348.6
401	124.2	124.2	124.2	122,26,7,7	133.0	39.4960137	73.6021021	4378.5
402	72.1	72.1	77.1	696,979,9,8	132.7	39.4965136	73.6045557	4294.3
403	144.2	144.2	144.2	77,854,8,11	132.7	39.4952103	73.6018206	4458.0
404	133.2	133.2	133.2	705,151,8,6	132.5	39.4957175	73.6017825	4413.8
405	15.0	15.0	15.0	1768,139,7,6	132.4	39.4965566	73.6047757	4291.8
406	94.1	90.1	94.1	1171,797,10,5	132.3	39.4963351	73.6040928	4299.9
407	86.1	86.1	86.1	1297,883,8,6	131.9	39.4963332	73.6040923	4299.9
408	153.2	153.2	153.2	1849,339,14,7	131.5	39.4950618	73.6013627	4480.8
409	125.2	125.2	125.2	1849,3,6,7	131.3	39.4959797	73.6020553	4382.3
410	153.2	153.2	153.2	869,659,6,7	131.3	39.4950618	73.6013627	4480.8
411	85.1	85.1	85.1	433,71,16,3	130.7	39.4963332	73.6040919	4299.9
412	140.2	140.2	143.2	937,485,10,4	130.7	39.4953654	73.6018848	4443.1
413	165.2	163.2	166.2	1153,697,8,8	130.7	39.4949935	73.6012155	4520.3
414	113.2	109.2	113.2	473,1031,8,5	130.3	39.4963666	73.6027960	4337.7
415	84.1	84.1	84.1	1113,1003,8,6	129.6	39.4963328	73.6040916	4299.9
416	0.0	0.0	1.0	1371,81,19,6	129.2	39.4965568	73.6047755	4292.2
417	85.1	84.1	85.1	1094,809,11,8	129.2	39.4963332	73.6040919	4299.9
418	95.1	95.1	98.1	1024,768,10,5	128.9	39.4963447	73.6040785	4299.9
419	17.0	17.0	19.0	763,125,6,6	128.8	39.4965564	73.6047760	4291.8
420	103.1	103.1	103.1	197,319,11,5	128.8	39.4964695	73.6035870	4303.8
421	126.2	126.2	128.2	1754,517,7,6	128.3	39.4959447	73.6020106	4386.2
422	75.1	73.1	77.1	674,923,9,4	128.2	39.4964365	73.6044178	4296.3
423	172.2	168.2	172.2	1893,129,8,8	128.1	39.4949572	73.6011640	4532.3
424	97.1	97.1	97.1	904,106,7,9	128.0	39.4963887	73.6040237	4299.9
425	97.1	97.1	101.1	17,1055,8,4	127.3	39.4963887	73.6040237	4299.9
426	127.2	119.2	127.2	784,924,9,5	127.3	39.4959091	73.6019677	4390.1
427	103.1	103.1	108.1	601,649,10,4	126.6	39.4964695	73.6035870	4303.8
428	131.2	131.2	131.2	1855,192,10,8	126.6	39.4957795	73.6018206	4406.0
429	116.2	116.2	116.2	1785,0,8,9	126.4	39.4962838	73.6025761	4348.6
430	159.2	159.2	159.2	1619,0,6,7	125.9	39.4950124	73.6012441	4501.0
431	47.1	47.1	47.1	201,73,8,8	125.8	39.4966104	73.6047080	4289.8
432	68.1	58.1	68.1	241,785,16,3	125.5	39.4965933	73.6046877	4292.2
433	132.2	132.2	132.2	979,753,6,7	124.9	39.4957517	73.6017938	4409.8
434	96.1	90.1	96.1	62,687,9,10	124.8	39.4963643	73.6040553	4299.9
435	85.1	85.1	85.1	919,1019,8,4	124.7	39.4963332	73.6040919	4299.9
436	115.2	111.2	115.2	985,983,12,6	124.3	39.4963134	73.6026473	4345.2
437	153.2	153.2	153.2	713,727,7,6	123.7	39.4950618	73.6013627	4480.8
438	168.2	168.2	169.2	1319,873,4,8	123.4	39.4949651	73.6011748	4529.3
439	123.2	123.2	126.2	1328,793,6,7	123.3	39.4960471	73.6021521	4374.8
440	124.2	123.2	126.2	1499,15,6,8	123.1	39.4960137	73.6021021	4378.5
441	100.1	100.1	100.1	601,529,8,8	123.0	39.4964477	73.6038529	4300.0
442	87.1	87.1	88.1	1323,923,6,6	122.5	39.4963334	73.6040927	4299.9
443	137.2	136.2	137.2	1225,1042,5,7	121.9	39.4955268	73.6018563	4430.4
444	155.2	155.2	156.2	851,865,6,8	121.9	39.4950178	73.6012535	4486.9
445	12.0	12.0	12.0	18,1047,10,6	121.7	39.4965574	73.6047757	4291.8
446	62.1	58.1	65.1	395,840,6,11	121.4	39.4966119	73.6047096	4288.6
447	140.2	140.2	140.2	989,709,12,8	121.1	39.4953654	73.6018848	4443.1
448	159.2	159.2	159.2	3,1057,10,4	121.1	39.4950124	73.6012441	4501.0
449	80.1	80.1	82.1	17,857,14,8	120.8	39.4963564	73.6041554	4299.8
450	115.2	115.2	116.2	240,171,7,12	120.8	39.4963134	73.6026473	4345.2
451	30.0	30.0	32.0	888,943,7,7	120.4	39.4965551	73.6047771	4291.8
452	51.1	50.1	56.1	1093,1049,10,5	119.9	39.4966093	73.6047077	4289.0
453	83.1	82.1	85.1	1257,925,9,6	119.6	39.4963330	73.6040919	4299.9
454	115.2	115.2	115.2	1377,331,8,6	119.6	39.4963134	73.6026473	4345.2
455	147.2	147.2	149.2	813,994,8,7	119.4	39.4951486	73.6017302	4467.3
456	134.2	134.2	138.2	1911,455,6,12	119.2	39.4956768	73.6017880	4417.9
457	151.2	150.2	151.2	1641,581,5,10	119.1	39.4951153	73.6015476	4476.4
458	111.2	107.1	114.2	1129,825,4,8	118.5	39.4964110	73.6029473	4330.2
459	137.2	137.2	137.2	1091,1048,4,9	118.5	39.4955268	73.6018563	4430.4
460	112.2	112.2	116.2	217,10,8,5	118.3	39.4963899	73.6028711	4333.9
461	131.2	131.2	131.2	1150,837,6,8	118.1	39.4957795	73.6018206	4406.0
462	131.2	131.2	131.2	1857,10,3,11	117.8	39.4957795	73.6018206	4406.0
463	109.2	108.1	109.2	559,969,6,8	117.0	39.4964441	73.6031022	4322.8
464	10.0	9.0	10.0	1077,92,12,3	116.2	39.4965566	73.6047758	4291.9
465	3.0	1.0	11.0	708,649,2,16	116.2	39.4965565	73.6047761	4292.0
466	83.1	83.1	83.1	361,657,6,8	116.2	39.4963330	73.6040919	4299.9
467	88.1	88.1	88.1	89,207,7,8	116.2	39.4963333	73.6040931	4299.9
468	143.2	143.2	145.2	817,870,10,11	115.9	39.4952433	73.6018428	4454.4
469	18.0	13.0	18.0	977,1059,8,6	115.8	39.4965562	73.6047762	4291.9
470	116.2	115.2	116.2	1041,831,7,7	115.5	39.4962838	73.6025761	4348.6
471	122.2	122.2	122.2	1433,570,6,7	115.5	39.4960802	73.6022039	4371.0
472	47.1	47.1	48.1	1475,337,7,6	115.2	39.4966104	73.6047080	4289.8
473	129.2	127.2	129.2	1667,809,8,6	115.2	39.4958408	73.6018899	4398.0
474	83.1	83.1	83.1	1153,633,16,5	115.1	39.4963330	73.6040919	4299.9
475	38.1	34.0	38.1	1343,523,10,5	115.0	39.4965744	73.6047569	4290.4
476	115.2	115.2	116.2	1201,651,8,6	114.6	39.4963134	73.6026473	4345.2
477	116.2	116.2	116.2	1225,1015,8,4	114.2	39.4962838	73.6025761	4348.6
478	37.1	31.0	49.1	554,768,7,9	113.9	39.4965649	73.6047685	4290.9
479	150.2	150.2	150.2	897,829,10,4	113.7	39.4951335	73.6016331	4474.2
480	91.1	91.1	94.1	1673,365,8,5	113.6	39.4963339	73.6040937	4299.9
481	78.1	78.1	78.1	801,185,4,8	113.5	39.4963861	73.6042594	4299.3
482	83.1	79.1	83.1	1431,1072,11,4	113.2	39.4963330	73.6040919	4299.9
483	52.1	51.1	54.1	955,957,4,12	113.1	39.4966094	73.6047076	4288.7
484	148.2	147.2	152.2	921,725,8,6	113.1	39.4951472	73.6017241	4469.7
485	95.1	92.1	95.1	289,467,12,4	112.9	39.4963447	73.6040785	4299.9
486	120.2	120.2	120.2	1155,1075,6,5	112.7	39.4961480	73.6023147	4363.3
487	62.1	58.1	68.1	330,729,5,7	112.1	39.4966119	73.6047096	4288.6
488	3.0	1.0	3.0	799,773,8,7	111.5	39.4965565	73.6047761	4292.0
489	152.2	152.2	152.2	1876,324,14,7	111.4	39.4950903	73.6014507	4478.6
490	131.2	131.2	131.2	1858,94,12,3	111.3	39.4957795	73.6018206	4406.0
491	152.2	152.2	154.2	519,1073,7,7	111.2	39.4950903	73.6014507	4478.6
492	167.2	167.2	167.2	1257,841,8,4	111.1	39.4949754	73.6011892	4526.4
493	93.1	91.1	93.1	0,683,11,6	110.6	39.4963340	73.6040943	4299.9
494	121.2	121.2	121.2	583,961,6,8	110.6	39.4961137	73.6022580	4367.2
495	75.1	75.1	75.1	1305,829,8,6	110.4	39.4964365	73.6044178	4296.3
496	120.2	120.2	120.2	1335,9,6,10	110.3	39.4961480	73.6023147	4363.3
497	19.0	18.0	19.0	1247,65,14,6	110.2	39.4965562	73.6047764	4291.9
498	96.1	96.1	96.1	1066,900,7,7	110.0	39.4963643	73.6040553	4299.9
499	165.2	165.2	165.2	993,765,8,4	110.0	39.4949935	73.6012155	4520.3
500	132.2	132.2	132.2	1489,727,4,10	109.8	39.4957517	73.6017938	4409.8
501	137.2	137.2	137.2	379,82,4,14	109.8	39.4955268	73.6018563	4430.4
502	32.0	32.0	34.0	98,1073,7,7	109.4	39.4965550	73.6047772	4291.9
503	68.1	68.1	68.1	293,896,5,9	109.1	39.4965933	73.6046877	4292.2
504	10.0	10.0	11.0	65,381,6,7	108.8	39.4965566	73.6047758	4291.9
505	0.0	0.0	5.0	31,812,8,5	108.7	39.4965568	73.6047755	4292.2
506	89.1	89.1	89.1	1442,914,7,7	108.5	39.4963334	73.6040932	4299.9
507	115.2	115.2	115.2	1601,133,8,8	108.1	39.4963134	73.6026473	4345.2
508	82.1	78.1	82.1	596,705,13,5	107.8	39.4963343	73.6040948	4299.9
509	106.1	105.1	113.2	601,797,8,4	107.7	39.4964698	73.6033365	4312.5
510	130.2	129.2	130.2	1597,914,4,7	107.2	39.4958091	73.6018542	4402.0
511	138.2	138.2	138.2	1611,815,6,6	107.1	39.4954658	73.6018785	4435.0
512	149.2	149.2	149.2	689,1045,8,4	106.9	39.4951437	73.6016943	4472.0
513	128.2	128.2	128.2	1221,666,7,7	106.8	39.4958743	73.6019274	4394.1
514	132.2	132.2	132.2	1028,1040,7,7	106.8	39.4957517	73.6017938	4409.8
515	125.2	125.2	125.2	1367,1011,6,6	106.7	39.4959797	73.6020553	4382.3
516	118.2	118.2	118.2	746,678,7,7	106.4	39.4962182	73.6024388	4355.8
517	128.2	128.2	128.2	138,5,4,9	106.4	39.4958743	73.6019274	4394.1
518	97.1	97.1	97.1	685,194,5,6	106.1	39.4963887	73.6040237	4299.9
519	150.2	150.2	150.2	1450,0,15,3	106.0	39.4951335	73.6016331	4474.2
520	50.1	50.1	57.1	562,773,9,7	105.9	39.4966095	73.6047078	4289.5
521	69.1	69.1	70.1	1223,964,10,9	105.7	39.4965782	73.6046656	4292.6
522	160.2	160.2	164.2	1897,131,8,7	105.3	39.4950130	73.6012442	4504.3
523	154.2	154.2	154.2	895,855,10,4	105.2	39.4950330	73.6012859	4483.7
524	171.2	170.2	171.2	753,929,8,8	105.1	39.4949566	73.6011637	4532.4
525	148.2	148.2	152.2	561,745,4,8	105.0	39.4951472	73.6017241	4469.7
526	47.1	47.1	48.1	1124,1018,13,5	104.8	39.4966104	73.6047080	4289.8
527	57.1	50.1	59.1	985,1064,9,8	104.8	39.4966109	73.6047086	4288.7
528	96.1	96.1	96.1	103,201,6,7	104.7	39.4963643	73.6040553	4299.9
529	10.0	10.0	10.0	47,1069,11,4	104.4	39.4965566	73.6047758	4291.9
530	160.2	160.2	160.2	485,1064,8,5	104.4	39.4950130	73.6012442	4504.3
531	137.2	136.2	137.2	1785,1043,4,8	104.3	39.4955268	73.6018563	4430.4
532	124.2	124.2	124.2	1475,897,6,6	104.0	39.4960137	73.6021021	4378.5
533	129.2	129.2	129.2	1065,973,8,4	103.7	39.4958408	73.6018899	4398.0
534	116.2	116.2	116.2	1169,729,8,4	103.5	39.4962838	73.6025761	4348.6
535	167.2	167.2	167.2	1073,785,8,4	103.4	39.4949754	73.6011892	4526.4
536	73.1	73.1	77.1	768,927,6,8	102.8	39.4964879	73.6045112	4294.9
537	122.2	121.2	122.2	1524,523,10,6	102.5	39.4960802	73.6022039	4371.0
538	87.1	87.1	94.1	592,695,6,6	101.9	39.4963334	73.6040927	4299.9
539	98.1	98.1	98.1	672,408,7,6	101.9	39.4964128	73.6039811	4299.9
540	68.1	68.1	68.1	1671,399,7,5	101.8	39.4965933	73.6046877	4292.2
541	164.2	164.2	164.2	249,603,5,6	101.8	39.4950010	73.6012266	4517.2
542	46.1	46.1	48.1	449,353,6,10	101.7	39.4966104	73.6047082	4289.8
543	105.1	104.1	106.1	673,517,8,4	101.5	39.4964720	73.6034162	4309.4
544	117.2	117.2	117.2	1625,0,4,11	101.4	39.4962519	73.6025056	4352.2
545	172.2	171.2	172.2	176,28,7,7	100.5	39.4949572	73.6011640	4532.3
546	163.2	163.2	163.2	945,917,8,4	100.3	39.4950072	73.6012355	4514.1
547	172.2	169.2	172.2	1717,49,6,4	100.3	39.4949572	73.6011640	4532.3
548	103.1	101.1	103.1	1249,0,8,6	100.1	39.4964695	73.6035870	4303.8
549	123.2	123.2	123.2	950,747,7,5	100.1	39.4960471	73.6021521	4374.8
550	143.2	141.2	143.2	974,651,3,13	100.1	39.4952433	73.6018428	4454.4
551	50.1	50.1	58.1	661,805,12,3	100.0	39.4966095	73.6047078	4289.5
552	156.2	156.2	157.2	393,913,5,7	99.4	39.4950141	73.6012470	4490.5
553	132.2	132.2	132.2	1441,901,6,6	99.3	39.4957517	73.6017938	4409.8
554	61.1	61.1	63.1	1039,641,7,7	99.2	39.4966117	73.6047094	4288.6
555	73.1	73.1	73.1	1521,569,8,4	99.2	39.4964879	73.6045112	4294.9
556	116.2	116.2	116.2	1313,721,4,9	99.1	39.4962838	73.6025761	4348.6
557	141.2	141.2	141.2	1081,497,4,8	99.1	39.4953211	73.6018764	4447.0
558	140.2	140.2	140.2	1858,299,7,5	99.0	39.4953654	73.6018848	4443.1
559	166.2	166.2	166.2	481,537,4,8	98.9	39.4949850	73.6012031	4523.4
560	49.1	49.1	49.1	1041,893,12,6	98.8	39.4966098	73.6047079	4289.8
561	147.2	147.2	154.2	287,914,8,9	98.8	39.4951486	73.6017302	4467.3
562	30.0	30.0	31.0	1131,742,7,9	98.7	39.4965551	73.6047771	4291.8
563	123.2	123.2	123.2	1478,33,6,6	98.5	39.4960471	73.6021521	4374.8
564	125.2	125.2	125.2	1163,897,6,11	98.5	39.4959797	73.6020553	4382.3
565	78.1	78.1	78.1	369,475,7,6	98.2	39.4963861	73.6042594	4299.3
566	91.1	91.1	94.1	497,751,9,10	98.1	39.4963339	73.6040937	4299.9
567	153.2	153.2	154.2	1235,713,6,8	98.1	39.4950618	73.6013627	4480.8
568	106.1	106.1	110.2	529,809,4,8	97.9	39.4964698	73.6033365	4312.5
569	155.2	155.2	155.2	759,865,4,8	97.8	39.4950178	73.6012535	4486.9
570	113.2	113.2	113.2	1729,469,8,4	97.7	39.4963666	73.6027960	4337.7
571	49.1	48.1	49.1	1173,509,9,6	97.5	39.4966098	73.6047079	4289.8
572	22.0	22.0	22.0	1844,997,9,4	97.1	39.4965562	73.6047770	4291.8
573	94.1	92.1	94.1	1592,737,9,5	97.1	39.4963351	73.6040928	4299.9
574	48.1	48.1	49.1	1643,465,6,7	97.0	39.4966102	73.6047079	4289.8
575	114.2	114.2	115.2	1077,889,6,6	97.0	39.4963410	73.6027214	4341.5
576	147.2	147.2	147.2	706,743,7,6	97.0	39.4951486	73.6017302	4467.3
577	40.1	40.1	45.1	369,1027,13,2	96.8	39.4965963	73.6047263	4289.9
578	154.2	154.2	154.2	1898,42,9,7	96.8	39.4950330	73.6012859	4483.7
579	108.1	108.1	110.2	627,707,8,6	96.7	39.4964558	73.6031803	4319.2
580	172.2	172.2	172.2	18,863,7,7	96.4	39.4949572	73.6011640	4532.3
581	88.1	88.1	88.1	1378,827,5,6	96.3	39.4963333	73.6040931	4299.9
582	141.2	141.2	141.2	0,998,9,4	96.1	39.4953211	73.6018764	4447.0
583	121.2	121.2	121.2	1465,327,6,5	96.0	39.4961137	73.6022580	4367.2
584	105.1	103.1	107.1	1524,156,11,4	95.2	39.4964720	73.6034162	4309.4
585	31.0	30.0	31.0	878,1021,8,4	95.1	39.4965551	73.6047771	4291.8
586	121.2	121.2	122.2	785,729,4,7	95.0	39.4961137	73.6022580	4367.2
587	154.2	154.2	154.2	869,761,7,8	94.9	39.4950330	73.6012859	4483.7
588	119.2	119.2	119.2	1515,978,6,5	94.5	39.4961828	73.6023748	4359.5
589	59.1	58.1	63.1	913,1017,8,9	94.4	39.4966115	73.6047089	4288.7
590	79.1	79.1	79.1	1858,507,7,8	94.0	39.4963728	73.6042062	4299.5
591	113.2	109.2	113.2	1911,251,9,4	94.0	39.4963666	73.6027960	4337.7
592	138.2	134.2	138.2	1283,737,6,6	93.9	39.4954658	73.6018785	4435.0
593	108.1	108.1	113.2	937,935,8,4	93.8	39.4964558	73.6031803	4319.2
594	76.1	76.1	76.1	1906,1064,7,5	93.4	39.4964157	73.6043680	4297.2
595	51.1	51.1	51.1	1175,1078,13,2	93.3	39.4966093	73.6047077	4289.0
596	131.2	131.2	131.2	1269,745,8,6	93.0	39.4957795	73.6018206	4406.0
597	28.0	28.0	29.0	1217,904,6,7	92.7	39.4965551	73.6047770	4291.8
598	73.1	73.1	75.1	525,753,8,6	92.6	39.4964879	73.6045112	4294.9
599	154.2	154.2	154.2	779,500,14,5	92.5	39.4950330	73.6012859	4483.7
600	121.2	121.2	121.2	1225,963,8,4	92.2	39.4961137	73.6022580	4367.2
601	94.1	90.1	94.1	445,545,4,8	92.1	39.4963351	73.6040928	4299.9
602	140.2	140.2	140.2	699,411,6,6	92.0	39.4953654	73.6018848	4443.1
603	78.1	78.1	78.1	874,49,7,4	91.7	39.4963861	73.6042594	4299.3
604	117.2	117.2	117.2	393,834,8,5	91.7	39.4962519	73.6025056	4352.2
605	125.2	125.2	125.2	938,943,5,6	91.7	39.4959797	73.6020553	4382.3
606	145.2	145.2	145.2	305,906,6,6	91.3	39.4951814	73.6017895	4461.6
607	125.2	125.2	125.2	921,729,7,4	91.2	39.4959797	73.6020553	4382.3
608	118.2	118.2	119.2	242,769,11,8	91.1	39.4962182	73.6024388	4355.8
609	7.0	2.0	11.0	531,993,6,5	90.9	39.4965564	73.6047762	4291.9
610	78.1	78.1	79.1	1111,1031,6,6	90.8	39.4963861	73.6042594	4299.3
611	17.0	17.0	17.0	1841,291,6,4	90.6	39.4965564	73.6047760	4291.8
612	117.2	117.2	117.2	673,539,7,4	90.6	39.4962519	73.6025056	4352.2
613	159.2	159.2	159.2	1329,87,4,9	90.6	39.4950124	73.6012441	4501.0
614	143.2	140.2	143.2	329,887,6,7	90.4	39.4952433	73.6018428	4454.4
615	71.1	63.1	72.1	482,305,7,7	90.0	39.4965382	73.6045984	4293.9
616	116.2	116.2	116.2	585,837,8,4	89.8	39.4962838	73.6025761	4348.6
617	132.2	132.2	132.2	899,665,6,6	89.8	39.4957517	73.6017938	4409.8
618	100.1	100.1	100.1	91,1077,9,3	89.5	39.4964477	73.6038529	4300.0
619	143.2	143.2	143.2	369,621,8,4	89.5	39.4952433	73.6018428	4454.4
620	143.2	143.2	143.2	735,993,8,8	89.5	39.4952433	73.6018428	4454.4
621	127.2	127.2	129.2	1461,673,7,4	89.4	39.4959091	73.6019677	4390.1
622	24.0	24.0	24.0	523,1037,9,4	89.1	39.4965558	73.6047772	4291.9
623	82.1	78.1	82.1	638,641,8,8	88.7	39.4963343	73.6040948	4299.9
624	17.0	16.0	17.0	1811,91,9,4	88.6	39.4965564	73.6047760	4291.8
625	34.0	34.0	35.0	1140,693,5,8	88.6	39.4965553	73.6047773	4291.9
626	76.1	72.1	77.1	1092,712,7,7	88.4	39.4964157	73.6043680	4297.2
627	133.2	133.2	133.2	1205,1026,7,5	88.2	39.4957175	73.6017825	4413.8
628	46.1	46.1	46.1	117,399,4,10	88.0	39.4966104	73.6047082	4289.8
629	141.2	141.2	141.2	1191,681,6,7	87.7	39.4953211	73.6018764	4447.0
630	25.0	23.0	25.0	1267,1003,7,4	87.5	39.4965556	73.6047772	4291.9
631	145.2	145.2	145.2	69,905,6,6	87.3	39.4951814	73.6017895	4461.6
632	107.1	107.1	114.2	1646,146,11,4	87.1	39.4964645	73.6032582	4315.8
633	145.2	145.2	145.2	649,1065,8,4	87.0	39.4951814	73.6017895	4461.6
634	145.2	145.2	145.2	1453,825,4,7	86.9	39.4951814	73.6017895	4461.6
635	58.1	58.1	66.1	79,701,6,7	86.8	39.4966112	73.6047087	4288.7
636	23.0	23.0	23.0	29,460,6,4	86.4	39.4965558	73.6047771	4291.8
637	139.2	139.2	139.2	1842,230,7,5	86.4	39.4954133	73.6018861	4439.1
638	144.2	144.2	144.2	1335,1049,4,7	86.4	39.4952103	73.6018206	4458.0
639	170.2	167.2	170.2	833,1053,8,5	86.3	39.4949565	73.6011636	4532.3
640	77.1	75.1	77.1	1704,914,7,5	86.2	39.4963996	73.6043143	4298.3
641	117.2	117.2	117.2	953,469,6,5	86.1	39.4962519	73.6025056	4352.2
642	128.2	128.2	128.2	109,129,4,7	86.1	39.4958743	73.6019274	4394.1
643	166.2	166.2	166.2	673,679,8,6	86.1	39.4949850	73.6012031	4523.4
644	23.0	23.0	23.0	199,260,2,13	85.9	39.4965558	73.6047771	4291.8
645	47.1	46.1	49.1	269,130,4,7	85.7	39.4966104	73.6047080	4289.8
646	123.2	123.2	124.2	1477,531,6,6	85.7	39.4960471	73.6021521	4374.8
647	122.2	122.2	122.2	209,1021,8,4	85.6	39.4960802	73.6022039	4371.0
648	121.2	121.2	121.2	1362,791,7,4	85.5	39.4961137	73.6022580	4367.2
649	144.2	144.2	144.2	1541,88,11,4	85.5	39.4952103	73.6018206	4458.0
650	130.2	130.2	131.2	945,1076,6,4	85.4	39.4958091	73.6018542	4402.0
651	133.2	133.2	133.2	1425,1045,6,6	85.0	39.4957175	73.6017825	4413.8
652	169.2	169.2	169.2	1409,809,4,8	85.0	39.4949576	73.6011648	4531.4
653	69.1	69.1	70.1	1177,840,8,9	84.9	39.4965782	73.6046656	4292.6
654	121.2	119.2	122.2	701,809,6,4	84.9	39.4961137	73.6022580	4367.2
655	66.1	63.1	66.1	84,583,5,11	84.7	39.4966100	73.6047067	4290.5
656	51.1	50.1	57.1	767,1025,7,8	84.6	39.4966093	73.6047077	4289.0
657	75.1	75.1	75.1	339,941,8,4	84.0	39.4964365	73.6044178	4296.3
658	134.2	134.2	138.2	1233,877,7,4	84.0	39.4956768	73.6017880	4417.9
659	101.1	101.1	101.1	299,161,8,4	83.9	39.4964578	73.6037688	4300.5
660	146.2	146.2	146.2	253,1005,13,4	83.8	39.4951579	73.6017491	4464.8
661	30.0	28.0	30.0	873,537,4,7	83.7	39.4965551	73.6047771	4291.8
662	25.0	25.0	25.0	1702,157,8,5	83.6	39.4965556	73.6047772	4291.9
663	57.1	57.1	61.1	102,1075,11,5	83.3	39.4966109	73.6047086	4288.7
664	144.2	141.2	144.2	1017,621,6,6	83.0	39.4952103	73.6018206	4458.0
665	86.1	86.1	86.1	81,561,12,2	82.9	39.4963332	73.6040923	4299.9
666	96.1	96.1	96.1	866,675,7,5	82.9	39.4963643	73.6040553	4299.9
667	144.2	144.2	144.2	677,729,4,8	82.8	39.4952103	73.6018206	4458.0
668	136.2	136.2	136.2	1745,0,8,7	82.6	39.4955803	73.6018304	4426.1
669	143.2	143.2	145.2	759,858,6,7	82.6	39.4952433	73.6018428	4454.4
670	87.1	87.1	87.1	1077,851,6,4	82.5	39.4963334	73.6040927	4299.9
671	114.2	114.2	114.2	1211,779,6,6	82.4	39.4963410	73.6027214	4341.5
672	130.2	130.2	130.2	1233,1061,8,5	82.4	39.4958091	73.6018542	4402.0
673	132.2	130.2	132.2	1849,285,4,8	82.3	39.4957517	73.6017938	4409.8
674	132.2	132.2	132.2	825,913,7,5	82.1	39.4957517	73.6017938	4409.8
675	148.2	148.2	152.2	769,841,5,5	82.0	39.4951472	73.6017241	4469.7
676	11.0	10.0	11.0	529,243,8,4	81.8	39.4965570	73.6047758	4291.9
677	93.1	89.1	93.1	603,465,5,8	81.8	39.4963340	73.6040943	4299.9
678	121.2	121.2	121.2	72,19,5,5	81.8	39.4961137	73.6022580	4367.2
679	49.1	46.1	49.1	1220,247,7,4	81.7	39.4966098	73.6047079	4289.8
680	125.2	125.2	125.2	81,940,10,5	81.6	39.4959797	73.6020553	4382.3
681	168.2	168.2	168.2	1668,453,7,5	81.5	39.4949651	73.6011748	4529.3
682	86.1	85.1	86.1	1139,41,6,4	81.4	39.4963332	73.6040923	4299.9
683	58.1	58.1	58.1	1697,914,8,7	81.2	39.4966112	73.6047087	4288.7
684	79.1	79.1	83.1	1694,267,7,5	80.9	39.4963728	73.6042062	4299.5
685	42.1	42.1	42.1	721,643,8,6	80.8	39.4966098	73.6047077	4289.9
686	142.2	142.2	142.2	17,567,8,3	80.6	39.4952804	73.6018617	4450.8
687	17.0	14.0	17.0	420,696,11,4	80.4	39.4965564	73.6047760	4291.8
688	146.2	146.2	146.2	963,885,6,5	80.3	39.4951579	73.6017491	4464.8
689	46.1	46.1	46.1	33,641,5,8	80.1	39.4966104	73.6047082	4289.8
690	100.1	100.1	100.1	831,933,6,4	80.1	39.4964477	73.6038529	4300.0
691	144.2	144.2	144.2	1905,131,9,4	80.1	39.4952103	73.6018206	4458.0
692	56.1	51.1	56.1	959,973,4,11	79.7	39.4966107	73.6047084	4288.6
693	132.2	132.2	132.2	1047,968,6,7	79.5	39.4957517	73.6017938	4409.8
694	153.2	153.2	153.2	739,963,6,6	79.4	39.4950618	73.6013627	4480.8
695	140.2	140.2	140.2	1813,0,4,5	79.3	39.4953654	73.6018848	4443.1
696	77.1	77.1	77.1	260,8,5,6	79.0	39.4963996	73.6043143	4298.3
697	133.2	133.2	133.2	827,881,6,4	79.0	39.4957175	73.6017825	4413.8
698	164.2	164.2	164.2	673,689,8,8	79.0	39.4950010	73.6012266	4517.2
699	145.2	145.2	145.2	42,580,7,5	78.7	39.4951814	73.6017895	4461.6
700	147.2	147.2	147.2	1617,444,3,11	78.7	39.4951486	73.6017302	4467.3
701	64.1	59.1	67.1	333,607,4,10	78.6	39.4966125	73.6047095	4288.6
702	87.1	87.1	88.1	1253,875,6,4	78.6	39.4963334	73.6040927	4299.9
703	107.1	107.1	107.1	633,365,8,4	78.4	39.4964645	73.6032582	4315.8
704	152.2	152.2	152.2	593,1044,8,5	78.4	39.4950903	73.6014507	4478.6
705	69.1	69.1	69.1	14,707,5,12	78.3	39.4965782	73.6046656	4292.6
706	122.2	122.2	122.2	503,763,8,6	78.3	39.4960802	73.6022039	4371.0
707	166.2	166.2	166.2	1353,573,4,8	78.3	39.4949850	73.6012031	4523.4
708	137.2	137.2	137.2	1012,819,7,4	78.2	39.4955268	73.6018563	4430.4
709	142.2	140.2	142.2	161,937,4,8	78.2	39.4952804	73.6018617	4450.8
710	124.2	124.2	124.2	1131,0,4,8	78.0	39.4960137	73.6021021	4378.5
711	71.1	69.1	71.1	564,547,5,6	77.9	39.4965382	73.6045984	4293.9
712	33.0	33.0	37.1	192,1017,6,6	77.8	39.4965551	73.6047773	4291.9
713	143.2	143.2	143.2	1501,56,11,4	77.6	39.4952433	73.6018428	4454.4
714	153.2	153.2	153.2	347,1047,5,6	77.4	39.4950618	73.6013627	4480.8
715	22.0	22.0	22.0	125,872,8,4	77.2	39.4965562	73.6047770	4291.8
716	47.1	47.1	48.1	768,1064,9,4	77.1	39.4966104	73.6047080	4289.8
717	72.1	66.1	72.1	340,121,5,6	77.1	39.4965136	73.6045557	4294.3
718	133.2	133.2	133.2	1657,709,8,4	77.1	39.4957175	73.6017825	4413.8
719	48.1	48.1	48.1	713,1073,7,7	77.0	39.4966102	73.6047079	4289.8
720	78.1	78.1	86.1	497,254,8,3	77.0	39.4963861	73.6042594	4299.3
721	129.2	129.2	129.2	1865,148,8,3	77.0	39.4958408	73.6018899	4398.0
722	125.2	125.2	125.2	1465,359,7,6	76.9	39.4959797	73.6020553	4382.3
723	44.1	44.1	44.1	675,859,10,8	76.8	39.4966101	73.6047078	4289.8
724	124.2	124.2	124.2	1713,389,7,4	76.8	39.4960137	73.6021021	4378.5
725	49.1	48.1	49.1	395,151,6,7	76.5	39.4966098	73.6047079	4289.8
726	121.2	121.2	121.2	1619,252,3,7	76.5	39.4961137	73.6022580	4367.2
727	131.2	131.2	132.2	1057,509,6,4	76.5	39.4957795	73.6018206	4406.0
728	155.2	155.2	155.2	705,965,8,6	76.4	39.4950178	73.6012535	4486.9
729	49.1	42.1	49.1	809,467,5,6	76.3	39.4966098	73.6047079	4289.8
730	49.1	37.1	49.1	626,278,9,4	76.0	39.4966098	73.6047079	4289.8
731	131.2	131.2	131.2	1841,379,5,6	75.8	39.4957795	73.6018206	4406.0
732	82.1	82.1	82.1	803,737,5,5	75.7	39.4963343	73.6040948	4299.9
733	88.1	88.1	88.1	177,151,8,6	75.7	39.4963333	73.6040931	4299.9
734	136.2	136.2	136.2	1163,1075,6,5	75.6	39.4955803	73.6018304	4426.1
735	16.0	16.0	20.0	804,779,8,4	75.5	39.4965566	73.6047758	4291.8
736	121.2	119.2	121.2	1031,827,7,4	75.4	39.4961137	73.6022580	4367.2
737	30.0	30.0	32.0	759,509,8,6	75.3	39.4965551	73.6047771	4291.8
738	127.2	127.2	127.2	1354,595,5,5	75.2	39.4959091	73.6019677	4390.1
739	163.2	163.2	163.2	862,1017,3,7	75.2	39.4950072	73.6012355	4514.1
740	36.0	34.0	36.0	1022,1045,5,4	75.0	39.4965582	73.6047753	4291.4
741	117.2	117.2	117.2	1809,10,8,9	74.9	39.4962519	73.6025056	4352.2
742	132.2	132.2	132.2	979,587,6,5	74.9	39.4957517	73.6017938	4409.8
743	170.2	169.2	171.2	709,397,8,4	74.8	39.4949565	73.6011636	4532.3
744	84.1	84.1	84.1	281,1068,5,5	74.7	39.4963328	73.6040916	4299.9
745	101.1	101.1	101.1	1017,889,4,7	74.5	39.4964578	73.6037688	4300.5
746	132.2	132.2	133.2	1183,1057,12,4	74.4	39.4957517	73.6017938	4409.8
747	39.1	39.1	41.1	79,880,6,12	74.3	39.4965852	73.6047423	4290.0
748	34.0	34.0	35.0	499,729,6,8	74.2	39.4965553	73.6047773	4291.9
749	142.2	142.2	142.2	72,15,3,8	74.1	39.4952804	73.6018617	4450.8
750	135.2	134.2	135.2	1887,127,7,4	74.0	39.4956257	73.6018081	4422.4
751	119.2	119.2	119.2	130,207,6,5	73.8	39.4961828	73.6023748	4359.5
752	102.1	102.1	102.1	271,659,5,4	73.7	39.4964648	73.6036778	4301.7
753	143.2	143.2	143.2	241,733,4,12	73.6	39.4952433	73.6018428	4454.4
754	15.0	15.0	15.0	1708,174,10,3	73.5	39.4965566	73.6047757	4291.8
755	145.2	145.2	145.2	181,893,10,6	73.4	39.4951814	73.6017895	4461.6
756	146.2	146.2	146.2	1039,849,2,16	73.4	39.4951579	73.6017491	4464.8
757	80.1	80.1	80.1	73,635,8,6	73.3	39.4963564	73.6041554	4299.8
758	147.2	147.2	147.2	95,889,5,5	73.3	39.4951486	73.6017302	4467.3
759	154.2	154.2	154.2	601,887,6,4	73.3	39.4950330	73.6012859	4483.7
760	86.1	86.1	86.1	882,122,7,4	73.2	39.4963332	73.6040923	4299.9
761	124.2	124.2	124.2	1050,709,5,6	73.2	39.4960137	73.6021021	4378.5
762	136.2	136.2	136.2	535,1033,5,8	73.2	39.4955803	73.6018304	4426.1
763	154.2	154.2	154.2	1019,793,6,8	73.2	39.4950330	73.6012859	4483.7
764	155.2	155.2	155.2	631,1025,6,8	73.1	39.4950178	73.6012535	4486.9
765	131.2	131.2	131.2	1565,1017,4,7	73.0	39.4957795	73.6018206	4406.0
766	49.1	49.1	49.1	1782,47,11,2	72.9	39.4966098	73.6047079	4289.8
767	1.0	1.0	1.0	673,1028,8,7	72.8	39.4965565	73.6047757	4292.0
768	144.2	140.2	144.2	80,782,8,3	72.7	39.4952103	73.6018206	4458.0
769	49.1	49.1	49.1	361,73,8,4	72.6	39.4966098	73.6047079	4289.8
770	120.2	120.2	120.2	951,635,4,6	72.6	39.4961480	73.6023147	4363.3
771	97.1	97.1	97.1	263,874,6,6	72.5	39.4963887	73.6040237	4299.9
772	115.2	110.2	115.2	977,921,8,4	72.4	39.4963134	73.6026473	4345.2
773	133.2	133.2	133.2	1045,885,11,5	72.2	39.4957175	73.6017825	4413.8
774	164.2	164.2	164.2	1010,1015,7,4	72.0	39.4950010	73.6012266	4517.2
775	140.2	140.2	140.2	1197,723,7,4	71.9	39.4953654	73.6018848	4443.1
776	168.2	168.2	169.2	27,329,6,6	71.7	39.4949651	73.6011748	4529.3
777	131.2	131.2	131.2	1259,1075,6,5	71.6	39.4957795	73.6018206	4406.0
778	141.2	141.2	141.2	380,196,5,7	71.6	39.4953211	73.6018764	4447.0
779	121.2	121.2	121.2	1441,421,6,4	71.5	39.4961137	73.6022580	4367.2
780	115.2	115.2	115.2	546,681,9,6	71.4	39.4963134	73.6026473	4345.2
781	82.1	81.1	82.1	1674,423,9,5	71.3	39.4963343	73.6040948	4299.9
782	82.1	82.1	82.1	1073,611,8,4	71.1	39.4963343	73.6040948	4299.9
783	116.2	116.2	116.2	811,907,6,6	71.0	39.4962838	73.6025761	4348.6
784	140.2	140.2	140.2	1001,877,8,6	70.9	39.4953654	73.6018848	4443.1
785	156.2	156.2	156.2	1865,3,6,5	70.7	39.4950141	73.6012470	4490.5
786	111.2	110.2	112.2	675,641,6,6	70.5	39.4964110	73.6029473	4330.2
787	136.2	136.2	136.2	889,737,6,6	70.5	39.4955803	73.6018304	4426.1
788	105.1	105.1	105.1	32,240,7,4	70.2	39.4964720	73.6034162	4309.4
789	33.0	33.0	33.0	90,689,3,8	70.1	39.4965551	73.6047773	4291.9
790	85.1	85.1	85.1	1409,1074,5,6	70.1	39.4963332	73.6040919	4299.9
791	117.2	117.2	117.2	1469,153,5,6	70.1	39.4962519	73.6025056	4352.2
792	136.2	136.2	136.2	1541,601,5,4	70.0	39.4955803	73.6018304	4426.1
793	154.2	154.2	154.2	716,473,7,6	70.0	39.4950330	73.6012859	4483.7
794	124.2	124.2	124.2	789,995,4,5	69.9	39.4960137	73.6021021	4378.5
795	136.2	136.2	136.2	1657,65,7,4	69.9	39.4955803	73.6018304	4426.1
796	150.2	150.2	150.2	25,60,8,5	69.9	39.4951335	73.6016331	4474.2
797	92.1	91.1	92.1	338,41,7,10	69.5	39.4963339	73.6040940	4299.9
798	167.2	167.2	167.2	50,593,7,4	69.4	39.4949754	73.6011892	4526.4
799	125.2	125.2	125.2	289,1074,11,6	68.8	39.4959797	73.6020553	4382.3
800	172.2	168.2	172.2	1640,638,5,6	68.7	39.4949572	73.6011640	4532.3
801	68.1	68.1	68.1	50,761,4,8	68.6	39.4965933	73.6046877	4292.2
802	158.2	156.2	158.2	801,645,7,4	68.6	39.4950122	73.6012441	4497.5
803	163.2	157.2	164.2	1548,198,5,4	68.6	39.4950072	73.6012355	4514.1
804	77.1	77.1	77.1	873,433,7,3	68.5	39.4963996	73.6043143	4298.3
805	146.2	146.2	146.2	1135,867,6,6	68.2	39.4951579	73.6017491	4464.8
806	126.2	125.2	126.2	449,817,13,2	68.0	39.4959447	73.6020106	4386.2
807	137.2	135.2	137.2	801,945,8,4	68.0	39.4955268	73.6018563	4430.4
808	150.2	150.2	150.2	1268,1057,9,4	67.9	39.4951335	73.6016331	4474.2
809	46.1	46.1	46.1	514,377,7,6	67.8	39.4966104	73.6047082	4289.8
810	163.2	161.2	163.2	1851,165,4,6	67.6	39.4950072	73.6012355	4514.1
811	138.2	138.2	138.2	1129,909,8,4	67.4	39.4954658	73.6018785	4435.0
812	78.1	78.1	79.1	741,153,5,8	67.2	39.4963861	73.6042594	4299.3
813	172.2	167.2	172.2	865,993,4,8	67.2	39.4949572	73.6011640	4532.3
814	95.1	95.1	95.1	13,357,4,5	67.1	39.4963447	73.6040785	4299.9
815	134.2	134.2	134.2	1315,633,5,4	67.1	39.4956768	73.6017880	4417.9
816	24.0	24.0	24.0	660,1003,9,4	67.0	39.4965558	73.6047772	4291.9
817	95.1	95.1	95.1	590,727,6,4	67.0	39.4963447	73.6040785	4299.9
818	131.2	131.2	131.2	901,877,7,4	67.0	39.4957795	73.6018206	4406.0
819	140.2	140.2	140.2	1241,473,2,16	67.0	39.4953654	73.6018848	4443.1
820	71.1	71.1	71.1	520,505,4,6	66.9	39.4965382	73.6045984	4293.9
821	100.1	100.1	100.1	506,367,5,6	66.9	39.4964477	73.6038529	4300.0
822	118.2	118.2	118.2	48,485,4,7	66.9	39.4962182	73.6024388	4355.8
823	88.1	88.1	88.1	1337,1015,8,4	66.7	39.4963333	73.6040931	4299.9
824	122.2	122.2	122.2	1676,281,9,2	66.6	39.4960802	73.6022039	4371.0
825	86.1	83.1	89.1	1011,82,8,3	66.5	39.4963332	73.6040923	4299.9
826	81.1	81.1	81.1	519,817,6,8	66.4	39.4963398	73.6041086	4299.9
827	143.2	143.2	143.2	1667,777,4,7	66.3	39.4952433	73.6018428	4454.4
828	76.1	76.1	76.1	913,189,6,4	66.2	39.4964157	73.6043680	4297.2
829	85.1	85.1	85.1	1098,623,4,5	66.2	39.4963332	73.6040919	4299.9
830	139.2	139.2	139.2	1001,1052,2,13	66.0	39.4954133	73.6018861	4439.1
831	97.1	97.1	97.1	1772,243,8,3	65.9	39.4963887	73.6040237	4299.9
832	137.2	136.2	137.2	985,1074,4,6	65.9	39.4955268	73.6018563	4430.4
833	84.1	84.1	84.1	217,725,6,4	65.7	39.4963328	73.6040916	4299.9
834	89.1	89.1	94.1	523,633,6,5	65.7	39.4963334	73.6040932	4299.9
835	154.2	154.2	154.2	684,651,5,12	65.7	39.4950330	73.6012859	4483.7
836	168.2	164.2	168.2	633,759,8,4	65.6	39.4949651	73.6011748	4529.3
837	138.2	138.2	138.2	1745,866,6,3	65.5	39.4954658	73.6018785	4435.0
838	141.2	141.2	141.2	0,933,5,4	65.4	39.4953211	73.6018764	4447.0
839	161.2	161.2	161.2	715,1051,3,8	65.2	39.4950132	73.6012441	4507.6
840	138.2	138.2	138.2	221,1037,6,6	65.0	39.4954658	73.6018785	4435.0
841	156.2	156.2	156.2	457,1073,4,7	65.0	39.4950141	73.6012470	4490.5
842	78.1	78.1	78.1	601,189,4,7	64.8	39.4963861	73.6042594	4299.3
843	162.2	162.2	162.2	194,73,5,4	64.8	39.4950114	73.6012417	4510.8
844	88.1	87.1	88.1	603,315,6,8	64.7	39.4963333	73.6040931	4299.9
845	122.2	122.2	122.2	1195,857,6,7	64.7	39.4960802	73.6022039	4371.0
846	156.2	156.2	156.2	1058,18,5,4	64.7	39.4950141	73.6012470	4490.5
847	100.1	100.1	100.1	28,201,4,6	64.5	39.4964477	73.6038529	4300.0
848	133.2	133.2	133.2	1013,619,4,5	64.5	39.4957175	73.6017825	4413.8
849	121.2	121.2	121.2	1665,903,8,6	64.4	39.4961137	73.6022580	4367.2
850	133.2	133.2	133.2	1761,475,6,4	64.4	39.4957175	73.6017825	4413.8
851	104.1	104.1	104.1	13,703,5,5	64.3	39.4964721	73.6034987	4306.6
852	128.2	127.2	128.2	1358,791,6,5	64.3	39.4958743	73.6019274	4394.1
853	143.2	143.2	143.2	46,47,3,8	64.3	39.4952433	73.6018428	4454.4
854	133.2	133.2	133.2	1911,145,4,7	64.2	39.4957175	73.6017825	4413.8
855	85.1	85.1	85.1	1603,887,6,10	64.1	39.4963332	73.6040919	4299.9
856	2.0	2.0	2.0	972,37,5,4	64.0	39.4965565	73.6047759	4292.0
857	134.2	134.2	134.2	809,841,4,5	63.9	39.4956768	73.6017880	4417.9
858	167.2	167.2	167.2	1233,441,4,8	63.9	39.4949754	73.6011892	4526.4
859	23.0	23.0	23.0	937,972,4,5	63.8	39.4965558	73.6047771	4291.8
860	147.2	147.2	147.2	0,858,2,9	63.8	39.4951486	73.6017302	4467.3
861	31.0	29.0	32.0	153,1073,8,3	63.7	39.4965551	73.6047771	4291.8
862	118.2	118.2	118.2	593,323,5,4	63.7	39.4962182	73.6024388	4355.8
863	159.2	156.2	159.2	540,969,7,6	63.6	39.4950124	73.6012441	4501.0
864	113.2	113.2	113.2	128,753,5,4	63.4	39.4963666	73.6027960	4337.7
865	97.1	97.1	97.1	173,884,8,4	63.3	39.4963887	73.6040237	4299.9
866	158.2	158.2	158.2	1123,161,6,3	63.3	39.4950122	73.6012441	4497.5
867	164.2	163.2	164.2	347,626,8,5	63.3	39.4950010	73.6012266	4517.2
868	123.2	123.2	124.2	1409,537,8,4	63.1	39.4960471	73.6021521	4374.8
869	126.2	126.2	126.2	145,838,7,3	63.1	39.4959447	73.6020106	4386.2
870	71.1	63.1	72.1	414,477,7,4	63.0	39.4965382	73.6045984	4293.9
871	135.2	135.2	139.2	1876,467,3,8	63.0	39.4956257	73.6018081	4422.4
872	46.1	42.1	47.1	209,449,6,4	62.9	39.4966104	73.6047082	4289.8
873	81.1	81.1	82.1	510,737,3,7	62.9	39.4963398	73.6041086	4299.9
874	128.2	128.2	128.2	1169,793,5,4	62.8	39.4958743	73.6019274	4394.1
875	166.2	166.2	166.2	908,32,5,5	62.8	39.4949850	73.6012031	4523.4
876	36.0	30.0	36.0	681,788,8,3	62.5	39.4965582	73.6047753	4291.4
877	104.1	104.1	104.1	721,850,5,7	62.4	39.4964721	73.6034987	4306.6
878	140.2	140.2	140.2	1641,905,8,4	62.3	39.4953654	73.6018848	4443.1
879	33.0	33.0	33.0	51,643,4,6	62.0	39.4965551	73.6047773	4291.9
880	125.2	125.2	125.2	1291,945,6,4	61.9	39.4959797	73.6020553	4382.3
881	147.2	147.2	147.2	248,945,5,4	61.9	39.4951486	73.6017302	4467.3
882	1.0	1.0	1.0	586,1077,7,3	61.8	39.4965565	73.6047757	4292.0
883	123.2	123.2	129.2	1666,873,7,4	61.8	39.4960471	73.6021521	4374.8
884	130.2	130.2	130.2	1746,57,7,3	61.8	39.4958091	73.6018542	4402.0
885	114.2	114.2	114.2	1855,41,6,4	61.7	39.4963410	73.6027214	4341.5
886	144.2	144.2	144.2	959,717,4,8	61.6	39.4952103	73.6018206	4458.0
887	164.2	162.2	166.2	743,537,4,8	61.6	39.4950010	73.6012266	4517.2
888	161.2	161.2	161.2	1337,577,8,2	61.4	39.4950132	73.6012441	4507.6
889	75.1	75.1	75.1	471,813,6,4	61.3	39.4964365	73.6044178	4296.3
890	116.2	116.2	117.2	79,653,8,4	61.3	39.4962838	73.6025761	4348.6
891	162.2	162.2	162.2	487,18,6,3	61.3	39.4950114	73.6012417	4510.8
892	57.1	54.1	57.1	86,641,3,8	61.1	39.4966109	73.6047086	4288.7
893	105.1	105.1	106.1	657,905,3,8	61.1	39.4964720	73.6034162	4309.4
894	107.1	107.1	108.1	1321,139,4,4	61.1	39.4964645	73.6032582	4315.8
895	115.2	112.2	115.2	937,793,8,4	61.1	39.4963134	73.6026473	4345.2
896	70.1	70.1	70.1	627,300,4,5	61.0	39.4965598	73.6046352	4293.2
897	50.1	50.1	50.1	233,1057,8,2	60.9	39.4966095	73.6047078	4289.5
898	141.2	141.2	141.2	1276,681,5,4	60.8	39.4953211	73.6018764	4447.0
899	5.0	4.0	9.0	1871,249,8,6	60.7	39.4965565	73.6047763	4291.9
900	131.2	131.2	131.2	1386,873,5,4	60.7	39.4957795	73.6018206	4406.0
901	145.2	145.2	146.2	803,243,6,6	60.7	39.4951814	73.6017895	4461.6
902	86.1	86.1	86.1	1327,57,8,4	60.6	39.4963332	73.6040923	4299.9
903	123.2	119.2	123.2	1123,979,4,6	60.6	39.4960471	73.6021521	4374.8
904	123.2	123.2	126.2	954,581,5,4	60.6	39.4960471	73.6021521	4374.8
905	123.2	123.2	126.2	971,835,6,3	60.5	39.4960471	73.6021521	4374.8
906	134.2	134.2	134.2	1695,927,4,8	60.5	39.4956768	73.6017880	4417.9
907	131.2	131.2	131.2	1122,928,5,7	60.3	39.4957795	73.6018206	4406.0
908	89.1	89.1	94.1	641,411,4,5	60.2	39.4963334	73.6040932	4299.9
909	90.1	90.1	94.1	1275,907,5,5	60.2	39.4963335	73.6040934	4299.9
910	132.2	132.2	132.2	1645,852,4,5	60.2	39.4957517	73.6017938	4409.8
911	137.2	134.2	137.2	1889,97,8,2	60.2	39.4955268	73.6018563	4430.4
912	141.2	141.2	141.2	745,739,7,6	60.0	39.4953211	73.6018764	4447.0
913	43.1	43.1	43.1	193,865,5,5	59.9	39.4966102	73.6047074	4289.9
914	83.1	83.1	83.1	338,826,4,4	59.8	39.4963330	73.6040919	4299.9
915	103.1	103.1	103.1	137,672,5,4	59.8	39.4964695	73.6035870	4303.8
916	30.0	30.0	30.0	558,593,11,2	59.7	39.4965551	73.6047771	4291.8
917	114.2	114.2	114.2	489,504,8,3	59.7	39.4963410	73.6027214	4341.5
918	122.2	122.2	124.2	305,913,3,8	59.7	39.4960802	73.6022039	4371.0
919	165.2	161.2	165.2	805,659,4,4	59.6	39.4949935	73.6012155	4520.3
920	37.1	36.0	37.1	377,969,7,3	59.5	39.4965649	73.6047685	4290.9
921	125.2	125.2	125.2	1833,229,4,6	59.4	39.4959797	73.6020553	4382.3
922	78.1	78.1	79.1	1185,969,4,8	59.3	39.4963861	73.6042594	4299.3
923	125.2	125.2	125.2	1311,1038,6,5	59.3	39.4959797	73.6020553	4382.3
924	131.2	131.2	131.2	1269,919,4,5	59.3	39.4957795	73.6018206	4406.0
925	47.1	47.1	47.1	481,7,8,2	59.1	39.4966104	73.6047080	4289.8
926	99.1	99.1	99.1	508,297,6,5	59.1	39.4964331	73.6039247	4299.9
927	144.2	144.2	144.2	1348,339,5,4	59.1	39.4952103	73.6018206	4458.0
928	49.1	49.1	49.1	539,371,6,3	58.9	39.4966098	73.6047079	4289.8
929	17.0	15.0	17.0	1141,241,9,3	58.8	39.4965564	73.6047760	4291.8
930	89.1	89.1	89.1	469,242,4,8	58.8	39.4963334	73.6040932	4299.9
931	151.2	151.2	151.2	1905,109,7,4	58.7	39.4951153	73.6015476	4476.4
932	152.2	152.2	152.2	1281,877,8,3	58.7	39.4950903	73.6014507	4478.6
933	155.2	151.2	155.2	793,1009,8,2	58.7	39.4950178	73.6012535	4486.9
934	164.2	164.2	164.2	95,560,4,4	58.7	39.4950010	73.6012266	4517.2
935	133.2	133.2	133.2	1825,126,4,7	58.6	39.4957175	73.6017825	4413.8
936	81.1	81.1	82.1	1143,789,8,2	58.5	39.4963398	73.6041086	4299.9
937	97.1	97.1	97.1	729,476,5,5	58.5	39.4963887	73.6040237	4299.9
938	131.2	131.2	131.2	937,989,6,4	58.5	39.4957795	73.6018206	4406.0
939	154.2	154.2	154.2	745,699,6,4	58.4	39.4950330	73.6012859	4483.7
940	81.1	79.1	82.1	236,849,5,4	58.3	39.4963398	73.6041086	4299.9
941	115.2	115.2	115.2	825,653,4,4	58.3	39.4963134	73.6026473	4345.2
942	116.2	116.2	116.2	247,30,7,3	58.3	39.4962838	73.6025761	4348.6
943	83.1	83.1	93.1	427,500,3,6	58.2	39.4963330	73.6040919	4299.9
944	20.0	20.0	20.0	139,993,4,4	58.1	39.4965562	73.6047766	4291.8
945	59.1	58.1	67.1	1345,483,4,5	58.1	39.4966115	73.6047089	4288.7
946	100.1	100.1	100.1	631,1066,2,14	58.0	39.4964477	73.6038529	4300.0
947	50.1	50.1	50.1	1379,147,10,4	57.9	39.4966095	73.6047078	4289.5
948	126.2	126.2	126.2	897,920,5,4	57.8	39.4959447	73.6020106	4386.2
949	83.1	83.1	83.1	1025,762,5,5	57.7	39.4963330	73.6040919	4299.9
950	140.2	140.2	140.2	25,1025,4,8	57.7	39.4953654	73.6018848	4443.1
951	167.2	162.2	167.2	1125,1031,5,6	57.7	39.4949754	73.6011892	4526.4
952	118.2	118.2	119.2	1265,890,4,4	57.6	39.4962182	73.6024388	4355.8
953	138.2	138.2	138.2	0,617,9,2	57.6	39.4954658	73.6018785	4435.0
954	146.2	146.2	146.2	739,221,6,4	57.5	39.4951579	73.6017491	4464.8
955	88.1	88.1	88.1	1427,977,5,4	57.4	39.4963333	73.6040931	4299.9
956	157.2	156.2	157.2	275,1071,6,4	57.4	39.4950127	73.6012448	4494.0
957	24.0	24.0	25.0	1793,157,5,6	57.1	39.4965558	73.6047772	4291.9
958	75.1	73.1	75.1	735,799,7,3	57.1	39.4964365	73.6044178	4296.3
959	12.0	11.0	12.0	725,794,4,7	56.9	39.4965574	73.6047757	4291.8
960	52.1	51.1	52.1	145,1049,8,3	56.9	39.4966094	73.6047076	4288.7
961	145.2	145.2	145.2	977,797,4,4	56.9	39.4951814	73.6017895	4461.6
962	114.2	114.2	114.2	246,285,5,5	56.8	39.4963410	73.6027214	4341.5
963	142.2	142.2	142.2	1489,23,8,4	56.7	39.4952804	73.6018617	4450.8
964	115.2	115.2	115.2	1235,875,6,6	56.5	39.4963134	73.6026473	4345.2
965	123.2	123.2	123.2	1473,794,4,5	56.5	39.4960471	73.6021521	4374.8
966	20.0	20.0	20.0	1105,173,6,3	56.3	39.4965562	73.6047766	4291.8
967	94.1	94.1	94.1	545,69,8,4	56.3	39.4963351	73.6040928	4299.9
968	44.1	44.1	44.1	1298,420,7,4	56.2	39.4966101	73.6047078	4289.8
969	126.2	123.2	126.2	1173,575,5,4	56.2	39.4959447	73.6020106	4386.2
970	156.2	156.2	156.2	606,811,3,6	56.2	39.4950141	73.6012470	4490.5
971	135.2	135.2	135.2	294,1001,6,4	56.1	39.4956257	73.6018081	4422.4
972	139.2	139.2	139.2	1905,131,8,2	56.1	39.4954133	73.6018861	4439.1
973	166.2	166.2	166.2	1527,481,6,4	56.1	39.4949850	73.6012031	4523.4
974	101.1	101.1	101.1	403,341,3,6	56.0	39.4964578	73.6037688	4300.5
975	132.2	132.2	132.2	1907,107,8,2	56.0	39.4957517	73.6017938	4409.8
976	85.1	82.1	85.1	787,869,6,4	55.9	39.4963332	73.6040919	4299.9
977	122.2	122.2	122.2	1499,261,6,3	55.9	39.4960802	73.6022039	4371.0
978	84.1	84.1	84.1	788,457,5,4	55.8	39.4963328	73.6040916	4299.9
979	96.1	96.1	96.1	33,217,8,2	55.8	39.4963643	73.6040553	4299.9
980	119.2	118.2	120.2	281,1027,8,4	55.8	39.4961828	73.6023748	4359.5
981	134.2	134.2	134.2	429,923,4,4	55.8	39.4956768	73.6017880	4417.9
982	62.1	62.1	65.1	195,553,5,4	55.6	39.4966119	73.6047096	4288.6
983	116.2	116.2	116.2	1880,22,4,6	55.5	39.4962838	73.6025761	4348.6
984	40.1	35.0	40.1	809,857,4,5	55.4	39.4965963	73.6047263	4289.9
985	144.2	144.2	144.2	135,809,2,8	55.4	39.4952103	73.6018206	4458.0
986	12.0	7.0	12.0	318,385,5,4	55.3	39.4965574	73.6047757	4291.8
987	45.1	45.1	45.1	1333,926,6,7	55.3	39.4966103	73.6047082	4289.8
988	59.1	59.1	62.1	569,885,8,2	55.3	39.4966115	73.6047089	4288.7
989	78.1	78.1	81.1	341,257,3,8	55.3	39.4963861	73.6042594	4299.3
990	103.1	103.1	103.1	203,510,6,5	55.3	39.4964695	73.6035870	4303.8
991	126.2	126.2	126.2	827,1021,6,4	55.3	39.4959447	73.6020106	4386.2
992	152.2	152.2	152.2	1593,21,4,4	55.3	39.4950903	73.6014507	4478.6
993	163.2	159.2	163.2	777,682,4,7	55.3	39.4950072	73.6012355	4514.1
994	22.0	22.0	22.0	858,979,5,4	55.0	39.4965562	73.6047770	4291.8
995	69.1	58.1	72.1	738,474,7,3	54.9	39.4965782	73.6046656	4292.6
996	85.1	85.1	85.1	113,765,5,4	54.6	39.4963332	73.6040919	4299.9
997	151.2	151.2	151.2	1245,958,5,4	54.6	39.4951153	73.6015476	4476.4
998	137.2	134.2	137.2	981,637,4,4	54.5	39.4955268	73.6018563	4430.4
999	142.2	142.2	142.2	895,389,6,6	54.5	39.4952804	73.6018617	4450.8
1000	134.2	134.2	142.2	1108,587,5,6	54.4	39.4956768	73.6017880	4417.9
1001	106.1	106.1	106.1	79,599,10,2	54.1	39.4964698	73.6033365	4312.5
1002	119.2	119.2	119.2	1137,697,8,2	54.1	39.4961828	73.6023748	4359.5
1003	146.2	146.2	147.2	1741,212,8,4	54.1	39.4951579	73.6017491	4464.8
1004	1.0	1.0	1.0	439,1065,2,8	54.0	39.4965565	73.6047757	4292.0
1005	75.1	75.1	75.1	1385,761,8,2	54.0	39.4964365	73.6044178	4296.3
1006	108.1	106.1	108.1	1085,208,4,7	54.0	39.4964558	73.6031803	4319.2
1007	78.1	78.1	78.1	427,72,6,3	53.9	39.4963861	73.6042594	4299.3
1008	84.1	84.1	84.1	662,459,7,4	53.9	39.4963328	73.6040916	4299.9
1009	118.2	118.2	118.2	1857,153,6,3	53.9	39.4962182	73.6024388	4355.8
1010	32.0	32.0	32.0	133,1019,3,7	53.8	39.4965550	73.6047772	4291.9
1011	120.2	120.2	120.2	1859,1025,4,4	53.8	39.4961480	73.6023147	4363.3
1012	154.2	154.2	154.2	501,1023,12,2	53.8	39.4950330	73.6012859	4483.7
1013	158.2	158.2	162.2	919,831,10,4	53.8	39.4950122	73.6012441	4497.5
1014	137.2	136.2	137.2	1813,246,4,6	53.7	39.4955268	73.6018563	4430.4
1015	146.2	146.2	146.2	369,577,2,8	53.6	39.4951579	73.6017491	4464.8
1016	120.2	118.2	120.2	548,710,3,9	53.5	39.4961480	73.6023147	4363.3
1017	35.0	35.0	37.1	1441,951,4,6	53.4	39.4965554	73.6047773	4291.8
1018	135.2	135.2	137.2	641,1018,5,7	53.4	39.4956257	73.6018081	4422.4
1019	158.2	158.2	158.2	919,1033,7,4	53.3	39.4950122	73.6012441	4497.5
1020	161.2	161.2	161.2	1705,17,2,8	53.2	39.4950132	73.6012441	4507.6
1021	4.0	4.0	4.0	1465,25,8,4	53.1	39.4965565	73.6047762	4292.0
1022	76.1	73.1	76.1	677,807,5,3	53.1	39.4964157	73.6043680	4297.2
1023	165.2	165.2	165.2	505,985,4,4	53.1	39.4949935	73.6012155	4520.3
1024	126.2	126.2	126.2	1260,643,5,5	53.0	39.4959447	73.6020106	4386.2
1025	132.2	132.2	132.2	1093,1073,4,7	53.0	39.4957517	73.6017938	4409.8
1026	86.1	86.1	86.1	549,883,5,4	52.9	39.4963332	73.6040923	4299.9
1027	123.2	123.2	123.2	1411,649,4,4	52.9	39.4960471	73.6021521	4374.8
1028	104.1	104.1	104.1	729,981,8,4	52.8	39.4964721	73.6034987	4306.6
1029	121.2	121.2	121.2	1329,405,5,3	52.8	39.4961137	73.6022580	4367.2
1030	125.2	125.2	125.2	1459,807,6,4	52.8	39.4959797	73.6020553	4382.3
1031	130.2	130.2	130.2	1914,283,6,3	52.7	39.4958091	73.6018542	4402.0
1032	70.1	68.1	70.1	1315,338,6,5	52.6	39.4965598	73.6046352	4293.2
1033	98.1	98.1	99.1	138,1076,4,4	52.6	39.4964128	73.6039811	4299.9
1034	142.2	142.2	142.2	215,631,6,5	52.6	39.4952804	73.6018617	4450.8
1035	129.2	129.2	129.2	1009,900,3,6	52.4	39.4958408	73.6018899	4398.0
1036	46.1	46.1	47.1	1197,814,7,3	52.3	39.4966104	73.6047082	4289.8
1037	134.2	134.2	135.2	1107,993,4,6	52.3	39.4956768	73.6017880	4417.9
1038	151.2	151.2	152.2	798,673,3,8	52.3	39.4951153	73.6015476	4476.4
1039	165.2	161.2	165.2	1114,819,4,5	52.3	39.4949935	73.6012155	4520.3
1040	84.1	84.1	84.1	911,697,2,7	52.2	39.4963328	73.6040916	4299.9
1041	86.1	86.1	86.1	451,281,10,2	52.1	39.4963332	73.6040923	4299.9
1042	121.2	121.2	121.2	1709,98,2,8	52.1	39.4961137	73.6022580	4367.2
1043	130.2	130.2	130.2	897,43,4,4	52.1	39.4958091	73.6018542	4402.0
1044	61.1	61.1	61.1	801,1065,4,6	52.0	39.4966117	73.6047094	4288.6
1045	71.1	71.1	71.1	408,417,4,5	52.0	39.4965382	73.6045984	4293.9
1046	110.2	109.2	112.2	1863,314,5,4	52.0	39.4964292	73.6030238	4326.4
1047	146.2	146.2	146.2	1591,150,8,3	52.0	39.4951579	73.6017491	4464.8
1048	165.2	163.2	167.2	1225,430,8,3	52.0	39.4949935	73.6012155	4520.3
1049	6.0	1.0	9.0	1249,230,6,3	51.9	39.4965565	73.6047763	4291.9
1050	13.0	13.0	13.0	459,428,4,5	51.8	39.4965572	73.6047758	4291.8
1051	156.2	156.2	156.2	1223,481,3,8	51.8	39.4950141	73.6012470	4490.5
1052	136.2	136.2	136.2	785,1057,8,2	51.7	39.4955803	73.6018304	4426.1
1053	137.2	137.2	137.2	1443,929,4,5	51.7	39.4955268	73.6018563	4430.4
1054	146.2	146.2	146.2	1087,913,5,6	51.5	39.4951579	73.6017491	4464.8
1055	118.2	118.2	118.2	1706,6,5,6	51.4	39.4962182	73.6024388	4355.8
1056	141.2	141.2	141.2	793,597,8,4	51.4	39.4953211	73.6018764	4447.0
1057	33.0	33.0	33.0	505,663,3,5	51.3	39.4965551	73.6047773	4291.9
1058	148.2	148.2	148.2	1674,314,7,4	51.3	39.4951472	73.6017241	4469.7
1059	158.2	158.2	158.2	965,873,4,8	51.3	39.4950122	73.6012441	4497.5
1060	17.0	17.0	17.0	35,234,5,4	51.2	39.4965564	73.6047760	4291.8
1061	125.2	125.2	125.2	367,1025,4,7	51.2	39.4959797	73.6020553	4382.3
1062	99.1	98.1	99.1	1619,225,8,3	51.1	39.4964331	73.6039247	4299.9
1063	117.2	117.2	117.2	527,615,5,6	51.0	39.4962519	73.6025056	4352.2
1064	155.2	155.2	155.2	1252,593,5,4	51.0	39.4950178	73.6012535	4486.9
1065	12.0	12.0	12.0	682,22,5,3	50.8	39.4965574	73.6047757	4291.8
1066	126.2	126.2	126.2	1849,31,4,3	50.7	39.4959447	73.6020106	4386.2
1067	134.2	134.2	134.2	359,945,4,4	50.7	39.4956768	73.6017880	4417.9
1068	164.2	164.2	164.2	539,655,8,4	50.7	39.4950010	73.6012266	4517.2
1069	89.1	89.1	89.1	1461,159,4,4	50.6	39.4963334	73.6040932	4299.9
1070	89.1	89.1	89.1	254,738,5,5	50.6	39.4963334	73.6040932	4299.9
1071	48.1	48.1	48.1	516,119,4,4	50.5	39.4966102	73.6047079	4289.8
1072	113.2	113.2	113.2	609,889,8,2	50.5	39.4963666	73.6027960	4337.7
1073	52.1	52.1	57.1	113,751,8,2	50.4	39.4966094	73.6047076	4288.7
1074	67.1	67.1	69.1	1527,817,6,4	50.3	39.4966046	73.6047012	4291.6
1075	89.1	89.1	89.1	739,415,2,8	50.1	39.4963334	73.6040932	4299.9
1076	142.2	142.2	142.2	799,465,2,10	50.1	39.4952804	73.6018617	4450.8
1077	68.1	60.1	68.1	5,970,4,5	50.0	39.4965933	73.6046877	4292.2
1078	144.2	144.2	144.2	1185,966,7,3	50.0	39.4952103	73.6018206	4458.0
1079	88.1	88.1	88.1	1052,653,5,4	49.9	39.4963333	73.6040931	4299.9
1080	128.2	128.2	128.2	1897,69,5,3	49.9	39.4958743	73.6019274	4394.1
1081	145.2	145.2	145.2	817,855,7,2	49.9	39.4951814	73.6017895	4461.6
1082	108.1	108.1	108.1	10,453,5,3	49.8	39.4964558	73.6031803	4319.2
1083	133.2	133.2	133.2	1329,1053,7,4	49.8	39.4957175	73.6017825	4413.8
1084	84.1	84.1	84.1	223,261,6,4	49.7	39.4963328	73.6040916	4299.9
1085	120.2	120.2	120.2	199,140,3,7	49.6	39.4961480	73.6023147	4363.3
1086	38.1	38.1	38.1	1905,955,4,6	49.4	39.4965744	73.6047569	4290.4
1087	137.2	135.2	137.2	1033,972,4,4	49.4	39.4955268	73.6018563	4430.4
1088	23.0	23.0	23.0	1908,1015,6,3	49.2	39.4965558	73.6047771	4291.8
1089	65.1	62.1	66.1	801,9,8,2	49.1	39.4966124	73.6047093	4288.8
1090	146.2	146.2	146.2	778,721,8,3	49.1	39.4951579	73.6017491	4464.8
1091	23.0	23.0	23.0	617,23,2,7	48.9	39.4965558	73.6047771	4291.8
1092	46.1	46.1	48.1	536,226,5,4	48.9	39.4966104	73.6047082	4289.8
1093	144.2	144.2	144.2	1427,893,4,4	48.8	39.4952103	73.6018206	4458.0
1094	106.1	106.1	108.1	1009,849,4,4	48.7	39.4964698	73.6033365	4312.5
1095	113.2	113.2	113.2	1485,65,7,2	48.5	39.4963666	73.6027960	4337.7
1096	51.1	51.1	51.1	305,675,8,2	48.4	39.4966093	73.6047077	4289.0
1097	146.2	146.2	146.2	881,883,4,4	48.4	39.4951579	73.6017491	4464.8
1098	46.1	45.1	46.1	490,309,4,5	48.3	39.4966104	73.6047082	4289.8
1099	58.1	58.1	58.1	1540,713,5,4	48.3	39.4966112	73.6047087	4288.7
1100	69.1	69.1	71.1	1307,1073,8,4	48.3	39.4965782	73.6046656	4292.6
1101	24.0	24.0	24.0	1907,371,4,6	48.2	39.4965558	73.6047772	4291.9
1102	99.1	99.1	99.1	689,1065,4,4	48.2	39.4964331	73.6039247	4299.9
1103	123.2	123.2	123.2	213,553,4,8	48.1	39.4960471	73.6021521	4374.8
1104	144.2	144.2	144.2	782,1066,3,6	48.1	39.4952103	73.6018206	4458.0
1105	136.2	136.2	136.2	971,1064,4,4	48.0	39.4955803	73.6018304	4426.1
1106	88.1	88.1	88.1	25,233,5,6	47.9	39.4963333	73.6040931	4299.9
1107	168.2	166.2	172.2	1218,616,4,5	47.6	39.4949651	73.6011748	4529.3
1108	46.1	46.1	46.1	20,461,5,4	47.5	39.4966104	73.6047082	4289.8
1109	78.1	78.1	78.1	601,63,8,2	47.5	39.4963861	73.6042594	4299.3
1110	88.1	88.1	88.1	237,205,4,4	47.5	39.4963333	73.6040931	4299.9
1111	121.2	121.2	121.2	3,88,4,4	47.5	39.4961137	73.6022580	4367.2
1112	120.2	120.2	120.2	995,403,6,4	47.4	39.4961480	73.6023147	4363.3
1113	126.2	126.2	126.2	1058,1046,5,5	47.4	39.4959447	73.6020106	4386.2
1114	2.0	2.0	2.0	235,29,6,3	47.2	39.4965565	73.6047759	4292.0
1115	117.2	117.2	118.2	749,613,4,4	47.2	39.4962519	73.6025056	4352.2
1116	137.2	137.2	138.2	1251,899,4,4	47.1	39.4955268	73.6018563	4430.4
1117	19.0	18.0	19.0	443,348,4,4	47.0	39.4965562	73.6047764	4291.9
1118	125.2	125.2	125.2	1465,560,4,4	47.0	39.4959797	73.6020553	4382.3
1119	17.0	17.0	17.0	1855,429,6,2	46.7	39.4965564	73.6047760	4291.8
1120	137.2	137.2	137.2	1725,811,4,4	46.7	39.4955268	73.6018563	4430.4
1121	139.2	139.2	139.2	138,667,6,6	46.7	39.4954133	73.6018861	4439.1
1122	142.2	142.2	142.2	258,675,3,6	46.6	39.4952804	73.6018617	4450.8
1123	23.0	23.0	23.0	423,457,7,2	46.5	39.4965558	73.6047771	4291.8
1124	33.0	33.0	35.0	275,781,5,3	46.5	39.4965551	73.6047773	4291.9
1125	124.2	124.2	124.2	1321,433,6,3	46.5	39.4960137	73.6021021	4378.5
1126	45.1	45.1	45.1	457,941,6,6	46.4	39.4966103	73.6047082	4289.8
1127	72.1	72.1	72.1	449,38,4,5	46.4	39.4965136	73.6045557	4294.3
1128	79.1	79.1	80.1	1505,895,7,2	46.4	39.4963728	73.6042062	4299.5
1129	145.2	145.2	145.2	1385,519,8,2	46.4	39.4951814	73.6017895	4461.6
1130	33.0	33.0	33.0	0,662,5,3	46.3	39.4965551	73.6047773	4291.9
1131	66.1	64.1	66.1	318,455,3,6	46.3	39.4966100	73.6047067	4290.5
1132	126.2	126.2	126.2	869,1069,4,4	46.3	39.4959447	73.6020106	4386.2
1133	155.2	155.2	156.2	945,945,2,8	46.3	39.4950178	73.6012535	4486.9
1134	48.1	48.1	48.1	513,1007,5,3	46.2	39.4966102	73.6047079	4289.8
1135	71.1	71.1	72.1	334,407,3,5	46.2	39.4965382	73.6045984	4293.9
1136	140.2	140.2	141.2	297,745,8,2	46.2	39.4953654	73.6018848	4443.1
1137	48.1	48.1	48.1	1097,859,4,6	46.1	39.4966102	73.6047079	4289.8
1138	54.1	53.1	54.1	1161,905,8,2	46.1	39.4966096	73.6047080	4288.6
1139	144.2	144.2	144.2	211,945,6,4	46.1	39.4952103	73.6018206	4458.0
1140	38.1	34.0	42.1	707,725,4,4	46.0	39.4965744	73.6047569	4290.4
1141	115.2	115.2	115.2	1369,625,8,2	46.0	39.4963134	73.6026473	4345.2
1142	139.2	139.2	139.2	905,935,8,2	46.0	39.4954133	73.6018861	4439.1
1143	146.2	146.2	146.2	33,1067,4,6	46.0	39.4951579	73.6017491	4464.8
1144	62.1	59.1	67.1	342,674,3,7	45.9	39.4966119	73.6047096	4288.6
1145	153.2	153.2	153.2	1598,21,5,4	45.8	39.4950618	73.6013627	4480.8
1146	126.2	126.2	126.2	1457,522,4,6	45.7	39.4959447	73.6020106	4386.2
1147	130.2	130.2	130.2	689,301,4,4	45.7	39.4958091	73.6018542	4402.0
1148	4.0	4.0	4.0	413,203,4,4	45.6	39.4965565	73.6047762	4292.0
1149	151.2	151.2	151.2	619,1076,4,4	45.6	39.4951153	73.6015476	4476.4
1150	117.2	117.2	117.2	1225,839,6,2	45.5	39.4962519	73.6025056	4352.2
1151	172.2	172.2	172.2	1599,406,6,3	45.3	39.4949572	73.6011640	4532.3
1152	89.1	89.1	89.1	382,507,7,6	45.1	39.4963334	73.6040932	4299.9
1153	155.2	155.2	155.2	273,497,2,8	45.1	39.4950178	73.6012535	4486.9
1154	48.1	48.1	50.1	1345,809,8,2	45.0	39.4966102	73.6047079	4289.8
1155	138.2	138.2	138.2	1165,1005,4,3	45.0	39.4954658	73.6018785	4435.0
1156	166.2	166.2	166.2	1297,25,2,8	45.0	39.4949850	73.6012031	4523.4
1157	8.0	6.0	8.0	1881,197,8,2	44.9	39.4965564	73.6047760	4291.9
1158	56.1	52.1	57.1	191,1058,4,4	44.9	39.4966107	73.6047084	4288.6
1159	163.2	163.2	163.2	1713,57,6,3	44.9	39.4950072	73.6012355	4514.1
1160	50.1	50.1	50.1	1541,131,4,6	44.8	39.4966095	73.6047078	4289.5
1161	87.1	87.1	87.1	114,903,3,4	44.7	39.4963334	73.6040927	4299.9
1162	123.2	123.2	123.2	1825,35,4,6	44.6	39.4960471	73.6021521	4374.8
1163	125.2	125.2	125.2	867,643,4,4	44.6	39.4959797	73.6020553	4382.3
1164	120.2	120.2	120.2	529,554,4,4	44.5	39.4961480	73.6023147	4363.3
1165	165.2	165.2	165.2	177,393,4,4	44.5	39.4949935	73.6012155	4520.3
1166	62.1	62.1	62.1	697,21,8,2	44.4	39.4966119	73.6047096	4288.6
1167	138.2	138.2	138.2	1789,945,4,4	44.3	39.4954658	73.6018785	4435.0
1168	159.2	159.2	159.2	529,881,4,4	44.3	39.4950124	73.6012441	4501.0
1169	126.2	126.2	126.2	467,907,4,3	44.2	39.4959447	73.6020106	4386.2
1170	144.2	144.2	144.2	1001,849,8,2	44.2	39.4952103	73.6018206	4458.0
1171	159.2	159.2	161.2	674,922,2,10	44.2	39.4950124	73.6012441	4501.0
1172	35.0	34.0	38.1	262,817,3,4	44.1	39.4965554	73.6047773	4291.8
1173	93.1	90.1	93.1	195,774,6,3	44.0	39.4963340	73.6040943	4299.9
1174	129.2	129.2	129.2	182,19,3,4	43.9	39.4958408	73.6018899	4398.0
1175	30.0	30.0	30.0	181,964,3,5	43.8	39.4965551	73.6047771	4291.8
1176	133.2	133.2	133.2	1897,23,5,3	43.8	39.4957175	73.6017825	4413.8
1177	142.2	138.2	142.2	945,985,2,8	43.8	39.4952804	73.6018617	4450.8
1178	69.1	69.1	69.1	1041,1025,4,8	43.7	39.4965782	73.6046656	4292.6
1179	79.1	79.1	81.1	566,249,3,5	43.7	39.4963728	73.6042062	4299.5
1180	103.1	103.1	103.1	1243,790,5,3	43.7	39.4964695	73.6035870	4303.8
1181	124.2	124.2	124.2	965,1009,4,3	43.7	39.4960137	73.6021021	4378.5
1182	101.1	101.1	101.1	361,237,6,3	43.6	39.4964578	73.6037688	4300.5
1183	129.2	129.2	129.2	1303,533,5,3	43.6	39.4958408	73.6018899	4398.0
1184	130.2	130.2	130.2	1579,1011,4,3	43.6	39.4958091	73.6018542	4402.0
1185	99.1	99.1	99.1	595,393,4,4	43.4	39.4964331	73.6039247	4299.9
1186	122.2	122.2	122.2	1361,705,3,6	43.4	39.4960802	73.6022039	4371.0
1187	10.0	6.0	10.0	1513,35,8,2	43.3	39.4965566	73.6047758	4291.9
1188	137.2	137.2	137.2	963,721,3,6	43.3	39.4955268	73.6018563	4430.4
1189	140.2	140.2	140.2	1144,1057,3,8	43.3	39.4953654	73.6018848	4443.1
1190	50.1	50.1	50.1	1441,114,4,5	43.2	39.4966095	73.6047078	4289.5
1191	3.0	3.0	4.0	1769,301,8,2	43.1	39.4965565	73.6047761	4292.0
1192	23.0	23.0	23.0	1750,338,3,5	43.1	39.4965558	73.6047771	4291.8
1193	77.1	77.1	77.1	569,1011,6,5	43.1	39.4963996	73.6043143	4298.3
1194	154.2	154.2	154.2	219,1076,4,4	43.1	39.4950330	73.6012859	4483.7
1195	119.2	119.2	119.2	111,10,4,4	43.0	39.4961828	73.6023748	4359.5
1196	107.1	107.1	107.1	0,657,9,2	42.9	39.4964645	73.6032582	4315.8
1197	123.2	123.2	123.2	1917,220,3,7	42.9	39.4960471	73.6021521	4374.8
1198	126.2	126.2	126.2	1202,661,3,4	42.9	39.4959447	73.6020106	4386.2
1199	88.1	88.1	88.1	298,265,7,2	42.8	39.4963333	73.6040931	4299.9
1200	106.1	105.1	106.1	1136,750,5,4	42.8	39.4964698	73.6033365	4312.5
1201	125.2	125.2	125.2	17,865,4,4	42.8	39.4959797	73.6020553	4382.3
1202	138.2	138.2	138.2	1108,485,6,3	42.8	39.4954658	73.6018785	4435.0
1203	58.1	58.1	58.1	1275,310,4,3	42.7	39.4966112	73.6047087	4288.7
1204	142.2	142.2	142.2	1293,1045,4,4	42.7	39.4952804	73.6018617	4450.8
1205	145.2	145.2	145.2	627,999,6,2	42.7	39.4951814	73.6017895	4461.6
1206	68.1	68.1	68.1	201,825,6,2	42.6	39.4965933	73.6046877	4292.2
1207	120.2	120.2	120.2	1309,1059,4,4	42.6	39.4961480	73.6023147	4363.3
1208	145.2	145.2	145.2	919,801,3,6	42.6	39.4951814	73.6017895	4461.6
1209	58.1	54.1	58.1	1314,384,6,2	42.5	39.4966112	73.6047087	4288.7
1210	111.2	111.2	114.2	503,953,2,7	42.5	39.4964110	73.6029473	4330.2
1211	164.2	164.2	164.2	1727,1041,2,7	42.5	39.4950010	73.6012266	4517.2
1212	50.1	50.1	50.1	1253,385,2,8	42.4	39.4966095	73.6047078	4289.5
1213	50.1	50.1	50.1	1433,497,8,2	42.4	39.4966095	73.6047078	4289.5
1214	134.2	134.2	134.2	1121,819,4,3	42.4	39.4956768	73.6017880	4417.9
1215	152.2	152.2	154.2	413,960,3,4	42.4	39.4950903	73.6014507	4478.6
1216	32.0	32.0	32.0	577,665,2,8	42.3	39.4965550	73.6047772	4291.9
1217	101.1	101.1	101.1	809,1049,2,8	42.2	39.4964578	73.6037688	4300.5
1218	117.2	117.2	117.2	331,1038,5,3	42.1	39.4962519	73.6025056	4352.2
1219	118.2	118.2	118.2	1299,433,3,4	42.1	39.4962182	73.6024388	4355.8
1220	127.2	127.2	127.2	1765,577,4,3	42.1	39.4959091	73.6019677	4390.1
1221	89.1	89.1	89.1	161,858,5,3	42.0	39.4963334	73.6040932	4299.9
1222	78.1	78.1	78.1	503,0,4,4	41.9	39.4963861	73.6042594	4299.3
1223	69.1	69.1	70.1	1071,767,5,2	41.7	39.4965782	73.6046656	4292.6
1224	71.1	71.1	71.1	383,297,4,3	41.6	39.4965382	73.6045984	4293.9
1225	95.1	95.1	95.1	253,481,5,3	41.6	39.4963447	73.6040785	4299.9
1226	99.1	99.1	99.1	467,212,5,4	41.6	39.4964331	73.6039247	4299.9
1227	139.2	139.2	139.2	1000,876,6,2	41.6	39.4954133	73.6018861	4439.1
1228	145.2	145.2	145.2	1916,407,4,4	41.5	39.4951814	73.6017895	4461.6
1229	115.2	115.2	115.2	273,841,2,8	41.4	39.4963134	73.6026473	4345.2
1230	127.2	127.2	127.2	1371,959,6,2	41.4	39.4959091	73.6019677	4390.1
1231	146.2	146.2	146.2	198,1009,3,8	41.3	39.4951579	73.6017491	4464.8
1232	156.2	156.2	156.2	1697,0,3,4	41.3	39.4950141	73.6012470	4490.5
1233	163.2	163.2	163.2	777,793,2,8	41.3	39.4950072	73.6012355	4514.1
1234	39.1	39.1	39.1	86,971,3,4	41.2	39.4965852	73.6047423	4290.0
1235	109.2	109.2	109.2	425,1033,4,4	41.2	39.4964441	73.6031022	4322.8
1236	157.2	157.2	157.2	1297,953,2,8	41.2	39.4950127	73.6012448	4494.0
1237	172.2	172.2	172.2	302,529,3,8	41.2	39.4949572	73.6011640	4532.3
1238	119.2	119.2	119.2	1367,371,4,3	41.1	39.4961828	73.6023748	4359.5
1239	150.2	150.2	150.2	1041,698,4,5	41.1	39.4951335	73.6016331	4474.2
1240	50.1	50.1	50.1	1541,193,4,4	41.0	39.4966095	73.6047078	4289.5
1241	102.1	102.1	102.1	321,1055,8,2	41.0	39.4964648	73.6036778	4301.7
1242	138.2	138.2	138.2	497,785,6,3	41.0	39.4954658	73.6018785	4435.0
1243	141.2	141.2	141.2	1809,82,2,7	41.0	39.4953211	73.6018764	4447.0
1244	2.0	2.0	2.0	642,606,4,4	40.8	39.4965565	73.6047759	4292.0
1245	19.0	19.0	19.0	165,125,3,4	40.7	39.4965562	73.6047764	4291.9
1246	30.0	30.0	30.0	985,441,8,2	40.7	39.4965551	73.6047771	4291.8
1247	165.2	165.2	165.2	657,505,8,2	40.7	39.4949935	73.6012155	4520.3
1248	142.2	139.2	142.2	109,903,6,6	40.6	39.4952804	73.6018617	4450.8
1249	95.1	95.1	95.1	72,490,4,4	40.4	39.4963447	73.6040785	4299.9
1250	99.1	99.1	99.1	502,443,4,3	40.4	39.4964331	73.6039247	4299.9
1251	107.1	106.1	108.1	601,1015,8,2	40.4	39.4964645	73.6032582	4315.8
1252	135.2	135.2	135.2	1022,870,4,3	40.4	39.4956257	73.6018081	4422.4
1253	92.1	92.1	92.1	922,775,9,4	40.2	39.4963339	73.6040940	4299.9
1254	102.1	102.1	102.1	1313,776,5,3	40.2	39.4964648	73.6036778	4301.7
1255	112.2	112.2	112.2	1385,761,2,7	40.2	39.4963899	73.6028711	4333.9
1256	126.2	126.2	126.2	963,971,3,4	40.1	39.4959447	73.6020106	4386.2
1257	114.2	111.2	114.2	945,881,8,2	39.7	39.4963410	73.6027214	4341.5
1258	152.2	152.2	152.2	681,665,2,8	39.7	39.4950903	73.6014507	4478.6
1259	170.2	170.2	170.2	151,387,3,5	39.7	39.4949565	73.6011636	4532.3
1260	69.1	69.1	69.1	13,460,4,3	39.6	39.4965782	73.6046656	4292.6
1261	99.1	99.1	99.1	989,772,4,4	39.6	39.4964331	73.6039247	4299.9
1262	50.1	50.1	50.1	313,982,8,3	39.5	39.4966095	73.6047078	4289.5
1263	139.2	139.2	139.2	833,945,4,4	39.5	39.4954133	73.6018861	4439.1
1264	108.1	108.1	110.2	633,521,6,2	39.3	39.4964558	73.6031803	4319.2
1265	142.2	142.2	142.2	957,925,5,4	39.3	39.4952804	73.6018617	4450.8
1266	145.2	145.2	145.2	529,769,8,2	39.2	39.4951814	73.6017895	4461.6
1267	156.2	156.2	156.2	1827,89,4,4	39.2	39.4950141	73.6012470	4490.5
1268	8.0	5.0	8.0	34,178,5,5	39.1	39.4965564	73.6047760	4291.9
1269	19.0	19.0	19.0	94,189,5,5	39.1	39.4965562	73.6047764	4291.9
1270	120.2	120.2	120.2	878,247,3,6	39.1	39.4961480	73.6023147	4363.3
1271	120.2	120.2	120.2	1595,393,6,2	39.1	39.4961480	73.6023147	4363.3
1272	23.0	23.0	23.0	490,68,3,4	39.0	39.4965558	73.6047771	4291.8
1273	18.0	18.0	18.0	269,626,3,7	38.9	39.4965562	73.6047762	4291.9
1274	23.0	23.0	23.0	609,217,3,8	38.9	39.4965558	73.6047771	4291.8
1275	89.1	89.1	89.1	487,774,3,4	38.9	39.4963334	73.6040932	4299.9
1276	2.0	2.0	6.0	606,479,4,4	38.8	39.4965565	73.6047759	4292.0
1277	87.1	87.1	87.1	1179,192,5,3	38.8	39.4963334	73.6040927	4299.9
1278	155.2	155.2	155.2	71,456,2,9	38.8	39.4950178	73.6012535	4486.9
1279	157.2	157.2	157.2	1196,218,4,3	38.8	39.4950127	73.6012448	4494.0
1280	88.1	88.1	88.1	1159,721,2,7	38.7	39.4963333	73.6040931	4299.9
1281	53.1	52.1	56.1	51,729,6,2	38.6	39.4966094	73.6047077	4288.6
1282	98.1	98.1	98.1	855,617,4,5	38.6	39.4964128	73.6039811	4299.9
1283	145.2	145.2	145.2	1841,114,4,3	38.5	39.4951814	73.6017895	4461.6
1284	163.2	162.2	163.2	825,649,8,2	38.5	39.4950072	73.6012355	4514.1
1285	146.2	146.2	146.2	657,673,2,8	38.2	39.4951579	73.6017491	4464.8
1286	138.2	138.2	138.2	921,505,4,4	38.1	39.4954658	73.6018785	4435.0
1287	33.0	33.0	33.0	397,781,4,4	38.0	39.4965551	73.6047773	4291.9
1288	50.1	50.1	50.1	986,1047,4,3	38.0	39.4966095	73.6047078	4289.5
1289	27.0	27.0	27.0	1556,934,3,4	37.9	39.4965551	73.6047769	4291.8
1290	84.1	84.1	84.1	1225,713,8,2	37.8	39.4963328	73.6040916	4299.9
1291	156.2	156.2	156.2	1217,953,2,8	37.8	39.4950141	73.6012470	4490.5
1292	29.0	29.0	29.0	1009,938,4,4	37.7	39.4965551	73.6047770	4291.8
1293	77.1	77.1	77.1	1269,955,2,5	37.7	39.4963996	73.6043143	4298.3
1294	123.2	123.2	123.2	1522,306,3,4	37.6	39.4960471	73.6021521	4374.8
1295	4.0	4.0	4.0	1745,295,8,2	37.5	39.4965565	73.6047762	4292.0
1296	130.2	130.2	130.2	1748,909,5,2	37.4	39.4958091	73.6018542	4402.0
1297	146.2	146.2	146.2	121,529,6,4	37.4	39.4951579	73.6017491	4464.8
1298	35.0	35.0	35.0	783,973,4,4	37.3	39.4965554	73.6047773	4291.8
1299	154.2	154.2	154.2	537,423,8,2	37.3	39.4950330	73.6012859	4483.7
1300	7.0	3.0	8.0	812,938,5,4	37.1	39.4965564	73.6047762	4291.9
1301	34.0	34.0	34.0	1057,647,6,4	37.0	39.4965553	73.6047773	4291.9
1302	18.0	18.0	18.0	1431,81,4,3	36.9	39.4965562	73.6047762	4291.9
1303	42.1	42.1	43.1	195,891,4,3	36.9	39.4966098	73.6047077	4289.9
1304	127.2	127.2	127.2	1539,531,4,3	36.9	39.4959091	73.6019677	4390.1
1305	146.2	146.2	146.2	601,559,8,2	36.9	39.4951579	73.6017491	4464.8
1306	151.2	151.2	151.2	969,251,4,4	36.9	39.4951153	73.6015476	4476.4
1307	102.1	99.1	102.1	239,1042,2,10	36.8	39.4964648	73.6036778	4301.7
1308	14.0	14.0	14.0	299,775,4,3	36.7	39.4965569	73.6047758	4291.8
1309	83.1	83.1	83.1	1393,934,5,3	36.7	39.4963330	73.6040919	4299.9
1310	164.2	161.2	164.2	1237,501,4,4	36.7	39.4950010	73.6012266	4517.2
1311	19.0	19.0	19.0	1241,915,4,4	36.6	39.4965562	73.6047764	4291.9
1312	34.0	34.0	34.0	1519,1041,6,4	36.6	39.4965553	73.6047773	4291.9
1313	77.1	77.1	77.1	349,1033,4,3	36.6	39.4963996	73.6043143	4298.3
1314	141.2	141.2	141.2	537,474,2,7	36.5	39.4953211	73.6018764	4447.0
1315	153.2	153.2	153.2	1157,497,3,4	36.4	39.4950618	73.6013627	4480.8
1316	112.2	106.1	112.2	1383,293,3,4	36.3	39.4963899	73.6028711	4333.9
1317	4.0	3.0	4.0	1569,53,8,2	36.2	39.4965565	73.6047762	4292.0
1318	167.2	167.2	167.2	896,516,3,5	36.1	39.4949754	73.6011892	4526.4
1319	18.0	18.0	18.0	251,141,4,3	36.0	39.4965562	73.6047762	4291.9
1320	19.0	19.0	19.0	6,631,3,4	35.9	39.4965562	73.6047764	4291.9
1321	138.2	138.2	138.2	1033,491,3,4	35.9	39.4954658	73.6018785	4435.0
1322	139.2	139.2	139.2	729,381,4,4	35.8	39.4954133	73.6018861	4439.1
1323	9.0	9.0	9.0	418,25,4,3	35.7	39.4965564	73.6047758	4291.9
1324	70.1	70.1	70.1	12,522,5,3	35.7	39.4965598	73.6046352	4293.2
1325	53.1	52.1	53.1	898,921,7,2	35.5	39.4966094	73.6047077	4288.6
1326	163.2	163.2	163.2	622,1060,4,3	35.3	39.4950072	73.6012355	4514.1
1327	136.2	136.2	136.2	929,997,4,4	35.2	39.4955803	73.6018304	4426.1
1328	153.2	153.2	153.2	1009,649,8,2	35.0	39.4950618	73.6013627	4480.8
1329	4.0	4.0	4.0	1129,15,8,2	34.9	39.4965565	73.6047762	4292.0
1330	13.0	13.0	13.0	519,987,4,3	34.9	39.4965572	73.6047758	4291.8
1331	34.0	34.0	34.0	1844,583,5,2	34.9	39.4965553	73.6047773	4291.9
1332	110.2	110.2	111.2	29,66,4,3	34.9	39.4964292	73.6030238	4326.4
1333	167.2	167.2	167.2	1591,481,4,3	34.9	39.4949754	73.6011892	4526.4
1334	139.2	139.2	139.2	1119,939,3,4	34.8	39.4954133	73.6018861	4439.1
1335	44.1	44.1	44.1	1549,537,4,3	34.7	39.4966101	73.6047078	4289.8
1336	94.1	91.1	94.1	1257,1009,6,6	34.7	39.4963351	73.6040928	4299.9
1337	117.2	117.2	117.2	1350,805,3,4	34.7	39.4962519	73.6025056	4352.2
1338	136.2	136.2	136.2	532,202,3,5	34.7	39.4955803	73.6018304	4426.1
1339	127.2	127.2	127.2	1829,1003,3,4	34.6	39.4959091	73.6019677	4390.1
1340	138.2	135.2	138.2	683,937,4,3	34.6	39.4954658	73.6018785	4435.0
1341	83.1	83.1	83.1	961,649,5,2	34.4	39.4963330	73.6040919	4299.9
1342	5.0	4.0	5.0	1249,439,4,3	34.2	39.4965565	73.6047763	4291.9
1343	129.2	129.2	129.2	1909,433,4,5	34.1	39.4958408	73.6018899	4398.0
1344	117.2	117.2	117.2	1777,109,4,4	34.0	39.4962519	73.6025056	4352.2
1345	58.1	58.1	58.1	1755,961,3,4	33.9	39.4966112	73.6047087	4288.7
1346	104.1	104.1	104.1	128,331,3,3	33.8	39.4964721	73.6034987	4306.6
1347	90.1	90.1	93.1	649,948,5,3	33.7	39.4963335	73.6040934	4299.9
1348	127.2	127.2	127.2	1841,70,3,3	33.7	39.4959091	73.6019677	4390.1
1349	127.2	127.2	127.2	345,1021,4,4	33.7	39.4959091	73.6019677	4390.1
1350	35.0	35.0	37.1	362,657,3,3	33.6	39.4965554	73.6047773	4291.8
1351	81.1	81.1	81.1	369,121,2,7	33.6	39.4963398	73.6041086	4299.9
1352	9.0	9.0	9.0	808,395,2,5	33.4	39.4965564	73.6047758	4291.9
1353	50.1	50.1	50.1	82,1046,3,4	33.4	39.4966095	73.6047078	4289.5
1354	83.1	83.1	83.1	1334,910,2,5	33.4	39.4963330	73.6040919	4299.9
1355	129.2	129.2	129.2	1787,180,4,3	33.4	39.4958408	73.6018899	4398.0
1356	35.0	33.0	35.0	36,947,5,2	33.3	39.4965554	73.6047773	4291.8
1357	79.1	79.1	79.1	876,381,4,3	33.2	39.4963728	73.6042062	4299.5
1358	84.1	84.1	84.1	99,21,6,2	33.2	39.4963328	73.6040916	4299.9
1359	91.1	91.1	91.1	642,1039,7,2	33.2	39.4963339	73.6040937	4299.9
1360	112.2	110.2	112.2	635,821,4,4	33.1	39.4963899	73.6028711	4333.9
1361	87.1	87.1	87.1	817,317,3,4	33.0	39.4963334	73.6040927	4299.9
1362	110.2	110.2	110.2	1281,1073,4,3	33.0	39.4964292	73.6030238	4326.4
1363	117.2	117.2	117.2	299,903,5,2	32.9	39.4962519	73.6025056	4352.2
1364	10.0	10.0	11.0	0,109,3,3	32.6	39.4965566	73.6047758	4291.9
1365	109.2	109.2	113.2	22,597,3,4	32.5	39.4964441	73.6031022	4322.8
1366	129.2	129.2	129.2	223,123,2,5	32.5	39.4958408	73.6018899	4398.0
1367	23.0	23.0	23.0	924,886,5,2	32.4	39.4965558	73.6047771	4291.8
1368	127.2	127.2	127.2	1586,825,4,4	32.4	39.4959091	73.6019677	4390.1
1369	72.1	72.1	72.1	180,117,3,4	32.3	39.4965136	73.6045557	4294.3
1370	139.2	139.2	139.2	313,967,4,4	32.3	39.4954133	73.6018861	4439.1
1371	153.2	153.2	153.2	753,439,7,2	32.3	39.4950618	73.6013627	4480.8
1372	13.0	13.0	13.0	675,1044,7,3	32.2	39.4965572	73.6047758	4291.8
1373	4.0	4.0	4.0	1455,501,4,4	32.1	39.4965565	73.6047762	4292.0
1374	64.1	64.1	64.1	30,524,3,5	32.1	39.4966125	73.6047095	4288.6
1375	111.2	111.2	111.2	910,748,4,3	32.1	39.4964110	73.6029473	4330.2
1376	166.2	166.2	166.2	595,629,4,4	32.1	39.4949850	73.6012031	4523.4
1377	7.0	7.0	7.0	1029,97,4,4	32.0	39.4965564	73.6047762	4291.9
1378	57.1	57.1	58.1	1111,1058,4,3	32.0	39.4966109	73.6047086	4288.7
1379	114.2	114.2	114.2	522,993,7,2	32.0	39.4963410	73.6027214	4341.5
1380	108.1	107.1	108.1	1872,113,5,2	31.9	39.4964558	73.6031803	4319.2
1381	135.2	135.2	135.2	1870,253,3,4	31.9	39.4956257	73.6018081	4422.4
1382	153.2	153.2	153.2	41,801,7,2	31.7	39.4950618	73.6013627	4480.8
1383	19.0	19.0	19.0	329,818,3,3	31.6	39.4965562	73.6047764	4291.9
1384	79.1	79.1	79.1	1709,459,4,3	31.5	39.4963728	73.6042062	4299.5
1385	146.2	146.2	146.2	479,721,2,8	31.5	39.4951579	73.6017491	4464.8
1386	166.2	166.2	166.2	1753,311,4,2	31.4	39.4949850	73.6012031	4523.4
1387	169.2	169.2	169.2	877,705,4,2	31.4	39.4949576	73.6011648	4531.4
1388	26.0	26.0	26.0	1718,801,5,2	31.1	39.4965552	73.6047771	4291.9
1389	129.2	129.2	129.2	1841,332,3,3	31.1	39.4958408	73.6018899	4398.0
1390	39.1	39.1	39.1	1226,500,3,3	30.8	39.4965852	73.6047423	4290.0
1391	139.2	139.2	139.2	479,676,3,3	30.8	39.4954133	73.6018861	4439.1
1392	19.0	19.0	19.0	313,522,3,5	30.7	39.4965562	73.6047764	4291.9
1393	7.0	5.0	7.0	161,860,4,3	30.6	39.4965564	73.6047762	4291.9
1394	139.2	139.2	139.2	1427,1065,4,2	30.6	39.4954133	73.6018861	4439.1
1395	82.1	82.1	82.1	127,802,4,3	30.5	39.4963343	73.6040948	4299.9
1396	90.1	90.1	90.1	830,876,4,3	30.4	39.4963335	73.6040934	4299.9
1397	15.0	15.0	15.0	1768,414,4,2	30.3	39.4965566	73.6047757	4291.8
1398	44.1	38.1	44.1	9,974,3,3	30.2	39.4966101	73.6047078	4289.8
1399	114.2	112.2	114.2	205,37,4,3	30.2	39.4963410	73.6027214	4341.5
1400	4.0	4.0	4.0	168,73,3,4	29.9	39.4965565	73.6047762	4292.0
1401	54.1	53.1	54.1	1243,1019,4,2	29.9	39.4966096	73.6047080	4288.6
1402	129.2	129.2	129.2	1871,277,4,3	29.9	39.4958408	73.6018899	4398.0
1403	171.2	171.2	171.2	844,887,3,3	29.7	39.4949566	73.6011637	4532.4
1404	24.0	24.0	24.0	807,1052,3,3	29.5	39.4965558	73.6047772	4291.9
1405	79.1	79.1	79.1	911,1059,2,4	29.5	39.4963728	73.6042062	4299.5
1406	92.1	90.1	92.1	781,1068,4,3	29.5	39.4963339	73.6040940	4299.9
1407	35.0	35.0	36.0	231,593,2,5	29.2	39.4965554	73.6047773	4291.8
1408	129.2	129.2	129.2	94,116,2,4	29.1	39.4958408	73.6018899	4398.0
1409	20.0	20.0	20.0	766,1022,3,3	29.0	39.4965562	73.6047766	4291.8
1410	50.1	50.1	50.1	1339,409,4,8	29.0	39.4966095	73.6047078	4289.5
1411	111.2	111.2	111.2	667,778,3,3	29.0	39.4964110	73.6029473	4330.2
1412	135.2	135.2	135.2	702,416,3,3	28.9	39.4956257	73.6018081	4422.4
1413	69.1	69.1	69.1	244,239,5,2	28.8	39.4965782	73.6046656	4292.6
1414	81.1	81.1	81.1	849,944,3,3	28.7	39.4963398	73.6041086	4299.9
1415	29.0	29.0	29.0	173,1057,4,2	28.6	39.4965551	73.6047770	4291.8
1416	87.1	87.1	87.1	40,109,5,4	28.6	39.4963334	73.6040927	4299.9
1417	114.2	114.2	114.2	1177,1057,4,2	28.6	39.4963410	73.6027214	4341.5
1418	28.0	28.0	28.0	1685,1062,3,4	28.4	39.4965551	73.6047770	4291.8
1419	13.0	13.0	13.0	0,224,4,2	28.3	39.4965572	73.6047758	4291.8
1420	16.0	15.0	16.0	1873,361,4,3	28.3	39.4965566	73.6047758	4291.8
1421	19.0	19.0	19.0	0,256,3,3	28.3	39.4965562	73.6047764	4291.9
1422	15.0	15.0	15.0	1760,327,3,3	28.2	39.4965566	73.6047757	4291.8
1423	153.2	153.2	153.2	841,953,4,4	28.2	39.4950618	73.6013627	4480.8
1424	153.2	153.2	153.2	1274,77,4,2	28.1	39.4950618	73.6013627	4480.8
1425	129.2	129.2	129.2	884,14,3,3	28.0	39.4958408	73.6018899	4398.0
1426	50.1	50.1	50.1	445,988,3,3	27.8	39.4966095	73.6047078	4289.5
1427	135.2	135.2	135.2	721,683,3,4	27.7	39.4956257	73.6018081	4422.4
1428	18.0	18.0	18.0	46,223,3,3	27.5	39.4965562	73.6047762	4291.9
1429	81.1	81.1	81.1	737,614,3,3	27.5	39.4963398	73.6041086	4299.9
1430	113.2	113.2	113.2	686,586,3,3	27.5	39.4963666	73.6027960	4337.7
1431	33.0	33.0	33.0	79,1070,3,3	27.4	39.4965551	73.6047773	4291.9
1432	69.1	69.1	69.1	441,655,4,6	27.4	39.4965782	73.6046656	4292.6
1433	69.1	69.1	69.1	319,1031,6,4	27.4	39.4965782	73.6046656	4292.6
1434	92.1	92.1	92.1	40,587,3,4	27.4	39.4963339	73.6040940	4299.9
1435	110.2	110.2	110.2	1305,907,4,2	27.1	39.4964292	73.6030238	4326.4
1436	90.1	90.1	90.1	89,831,4,3	27.0	39.4963335	73.6040934	4299.9
1437	153.2	153.2	153.2	1885,18,3,3	27.0	39.4950618	73.6013627	4480.8
1438	10.0	10.0	10.0	120,515,3,2	26.9	39.4965566	73.6047758	4291.9
1439	25.0	24.0	25.0	1841,1072,3,4	26.7	39.4965556	73.6047772	4291.9
1440	82.1	82.1	82.1	651,1008,4,3	26.7	39.4963343	73.6040948	4299.9
1441	38.1	34.0	42.1	1241,819,4,2	26.6	39.4965744	73.6047569	4290.4
1442	71.1	71.1	71.1	1752,420,3,3	26.6	39.4965382	73.6045984	4293.9
1443	162.2	162.2	162.2	3,389,2,4	26.6	39.4950114	73.6012417	4510.8
1444	9.0	9.0	9.0	1329,135,8,2	26.3	39.4965564	73.6047758	4291.9
1445	27.0	27.0	27.0	273,976,3,3	26.1	39.4965551	73.6047769	4291.8
1446	58.1	58.1	58.1	1135,701,4,4	26.1	39.4966112	73.6047087	4288.7
1447	33.0	33.0	33.0	465,529,4,2	26.0	39.4965551	73.6047773	4291.9
1448	19.0	19.0	19.0	323,21,4,3	25.9	39.4965562	73.6047764	4291.9
1449	59.1	59.1	59.1	609,741,4,2	25.9	39.4966115	73.6047089	4288.7
1450	45.1	45.1	45.1	1413,1047,2,4	25.7	39.4966103	73.6047082	4289.8
1451	79.1	79.1	79.1	403,1057,5,2	25.7	39.4963728	73.6042062	4299.5
1452	91.1	91.1	91.1	1787,426,3,3	25.5	39.4963339	73.6040937	4299.9
1453	110.2	110.2	110.2	935,1035,3,3	25.5	39.4964292	73.6030238	4326.4
1454	161.2	161.2	161.2	764,625,5,2	25.5	39.4950132	73.6012441	4507.6
1455	26.0	26.0	26.0	1009,1022,4,3	25.4	39.4965552	73.6047771	4291.9
1456	112.2	112.2	112.2	884,807,4,3	25.4	39.4963899	73.6028711	4333.9
1457	171.2	171.2	171.2	941,977,4,2	25.2	39.4949566	73.6011637	4532.4
1458	34.0	34.0	34.0	1310,626,3,3	25.0	39.4965553	73.6047773	4291.9
1459	63.1	60.1	68.1	438,781,3,3	25.0	39.4966121	73.6047096	4288.6
1460	2.0	2.0	9.0	311,311,4,2	24.9	39.4965565	73.6047759	4292.0
1461	39.1	39.1	39.1	95,1051,2,4	24.8	39.4965852	73.6047423	4290.0
1462	11.0	11.0	11.0	1603,28,3,2	24.7	39.4965570	73.6047758	4291.9
1463	96.1	96.1	96.1	789,721,4,2	24.6	39.4963643	73.6040553	4299.9
1464	17.0	17.0	17.0	47,918,3,3	24.5	39.4965564	73.6047760	4291.8
1465	8.0	8.0	8.0	881,790,3,3	24.4	39.4965564	73.6047760	4291.9
1466	81.1	81.1	81.1	613,553,3,2	24.4	39.4963398	73.6041086	4299.9
1467	135.2	135.2	135.2	886,557,4,3	24.4	39.4956257	73.6018081	4422.4
1468	88.1	88.1	88.1	1795,1073,4,2	24.3	39.4963333	73.6040931	4299.9
1469	92.1	92.1	92.1	681,453,2,4	24.3	39.4963339	73.6040940	4299.9
1470	106.1	106.1	106.1	281,425,2,4	24.3	39.4964698	73.6033365	4312.5
1471	43.1	39.1	43.1	23,953,2,5	24.0	39.4966102	73.6047074	4289.9
1472	40.1	40.1	40.1	1770,983,3,3	23.8	39.4965963	73.6047263	4289.9
1473	58.1	58.1	58.1	1051,889,3,6	23.8	39.4966112	73.6047087	4288.7
1474	68.1	66.1	68.1	38,661,3,3	23.7	39.4965933	73.6046877	4292.2
1475	94.1	94.1	94.1	1266,924,4,3	23.7	39.4963351	73.6040928	4299.9
1476	16.0	16.0	16.0	477,700,3,3	23.5	39.4965566	73.6047758	4291.8
1477	18.0	18.0	18.0	1859,78,2,3	23.5	39.4965562	73.6047762	4291.9
1478	4.0	4.0	4.0	1886,659,3,2	23.2	39.4965565	73.6047762	4292.0
1479	62.1	62.1	62.1	525,569,4,2	23.2	39.4966119	73.6047096	4288.6
1480	70.1	70.1	70.1	1198,973,2,3	22.9	39.4965598	73.6046352	4293.2
1481	63.1	63.1	63.1	1415,293,2,3	22.8	39.4966121	73.6047096	4288.6
1482	94.1	94.1	94.1	1010,455,3,3	22.8	39.4963351	73.6040928	4299.9
1483	114.2	114.2	114.2	57,577,3,2	22.8	39.4963410	73.6027214	4341.5
1484	106.1	106.1	106.1	1587,218,3,2	22.7	39.4964698	73.6033365	4312.5
1485	162.2	162.2	162.2	46,131,3,2	22.6	39.4950114	73.6012417	4510.8
1486	67.1	67.1	67.1	231,925,2,3	22.5	39.4966046	73.6047012	4291.6
1487	114.2	114.2	114.2	1896,183,2,3	22.4	39.4963410	73.6027214	4341.5
1488	23.0	23.0	23.0	89,223,2,3	22.2	39.4965558	73.6047771	4291.8
1489	91.1	91.1	91.1	111,685,2,4	22.2	39.4963339	73.6040937	4299.9
1490	4.0	4.0	4.0	1877,353,4,2	22.1	39.4965565	73.6047762	4292.0
1491	8.0	8.0	8.0	1137,949,4,3	22.1	39.4965564	73.6047760	4291.9
1492	67.1	67.1	67.1	679,0,2,3	22.1	39.4966046	73.6047012	4291.6
1493	68.1	68.1	68.1	1633,27,4,2	22.1	39.4965933	73.6046877	4292.2
1494	113.2	113.2	113.2	135,530,3,2	22.1	39.4963666	73.6027960	4337.7
1495	50.1	50.1	50.1	474,924,2,3	22.0	39.4966095	73.6047078	4289.5
1496	82.1	82.1	82.1	29,727,4,2	22.0	39.4963343	73.6040948	4299.9
1497	2.0	2.0	2.0	1055,880,3,3	21.9	39.4965565	73.6047759	4292.0
1498	109.2	109.2	109.2	863,947,3,2	21.7	39.4964441	73.6031022	4322.8
1499	113.2	113.2	113.2	829,1003,2,3	21.7	39.4963666	73.6027960	4337.7
1500	25.0	25.0	25.0	1589,424,2,3	21.6	39.4965556	73.6047772	4291.9
1501	25.0	25.0	25.0	283,553,3,2	21.5	39.4965556	73.6047772	4291.9
1502	34.0	34.0	34.0	1241,947,3,3	21.5	39.4965553	73.6047773	4291.9
1503	108.1	108.1	108.1	1859,293,3,2	21.5	39.4964558	73.6031803	4319.2
1504	23.0	23.0	23.0	1736,401,3,2	21.4	39.4965558	73.6047771	4291.8
1505	23.0	23.0	23.0	1906,433,3,2	21.3	39.4965558	73.6047771	4291.8
1506	38.1	38.1	38.1	1770,899,3,2	21.1	39.4965744	73.6047569	4290.4
1507	88.1	88.1	88.1	1121,647,3,2	21.1	39.4963333	73.6040931	4299.9
1508	109.2	109.2	109.2	1117,915,3,2	21.1	39.4964441	73.6031022	4322.8
1509	11.0	11.0	11.0	1574,525,2,3	20.6	39.4965570	73.6047758	4291.9
1510	11.0	8.0	11.0	1187,137,4,2	20.5	39.4965570	73.6047758	4291.9
1511	87.1	87.1	87.1	1483,953,3,2	20.3	39.4963334	73.6040927	4299.9
1512	39.1	39.1	39.1	26,805,3,2	20.2	39.4965852	73.6047423	4290.0
1513	87.1	87.1	87.1	785,65,4,2	20.2	39.4963334	73.6040927	4299.9
1514	17.0	17.0	17.0	78,682,3,2	20.1	39.4965564	73.6047760	4291.8
1515	9.0	9.0	9.0	1721,482,2,3	19.9	39.4965564	73.6047758	4291.9
1516	13.0	13.0	13.0	358,1050,2,3	19.9	39.4965572	73.6047758	4291.8
1517	5.0	5.0	5.0	1339,217,4,2	19.8	39.4965565	73.6047763	4291.9
1518	26.0	26.0	26.0	345,957,3,2	19.8	39.4965552	73.6047771	4291.9
1519	34.0	34.0	34.0	724,996,3,2	19.8	39.4965553	73.6047773	4291.9
1520	113.2	113.2	113.2	1093,1070,3,2	19.7	39.4963666	73.6027960	4337.7
1521	36.0	36.0	36.0	1220,763,3,2	19.6	39.4965582	73.6047753	4291.4
1522	162.2	162.2	162.2	862,582,3,2	19.6	39.4950114	73.6012417	4510.8
1523	15.0	15.0	15.0	676,835,3,2	19.5	39.4965566	73.6047757	4291.8
1524	80.1	80.1	80.1	945,43,2,4	19.5	39.4963564	73.6041554	4299.8
1525	111.2	111.2	111.2	699,677,2,4	19.4	39.4964110	73.6029473	4330.2
1526	59.1	59.1	59.1	723,669,3,2	19.3	39.4966115	73.6047089	4288.7
1527	26.0	26.0	26.0	1805,694,3,2	19.1	39.4965552	73.6047771	4291.9
1528	5.0	5.0	5.0	1249,89,2,4	19.0	39.4965565	73.6047763	4291.9
1529	60.1	60.1	60.1	262,564,3,2	19.0	39.4966118	73.6047090	4288.6
1530	112.2	112.2	112.2	58,265,3,2	18.9	39.4963899	73.6028711	4333.9
1531	80.1	80.1	80.1	405,73,4,2	18.8	39.4963564	73.6041554	4299.8
1532	112.2	112.2	112.2	270,475,3,2	18.7	39.4963899	73.6028711	4333.9
1533	11.0	11.0	11.0	1483,553,3,2	18.6	39.4965570	73.6047758	4291.9
1534	17.0	17.0	17.0	437,541,2,3	18.6	39.4965564	73.6047760	4291.8
1535	161.2	161.2	161.2	751,477,2,4	18.6	39.4950132	73.6012441	4507.6
1536	39.1	36.0	39.1	1232,650,3,3	18.4	39.4965852	73.6047423	4290.0
1537	44.1	44.1	44.1	777,1067,4,2	18.4	39.4966101	73.6047078	4289.8
1538	109.2	109.2	109.2	254,457,3,2	18.4	39.4964441	73.6031022	4322.8
1539	58.1	58.1	58.1	843,676,2,3	18.3	39.4966112	73.6047087	4288.7
1540	80.1	80.1	80.1	431,1005,4,2	18.2	39.4963564	73.6041554	4299.8
1541	37.1	37.1	37.1	802,619,3,2	17.9	39.4965649	73.6047685	4290.9
1542	42.1	42.1	42.1	285,857,3,2	17.9	39.4966098	73.6047077	4289.9
1543	32.0	32.0	32.0	701,1065,2,3	17.8	39.4965550	73.6047772	4291.9
1544	61.1	61.1	62.1	1207,805,3,2	17.7	39.4966117	73.6047094	4288.6
1545	33.0	33.0	33.0	490,845,3,2	17.4	39.4965551	73.6047773	4291.9
1546	8.0	8.0	8.0	158,982,3,3	17.2	39.4965564	73.6047760	4291.9
1547	94.1	94.1	94.1	1671,516,3,2	17.1	39.4963351	73.6040928	4299.9
1548	111.2	111.2	111.2	1277,231,3,2	17.1	39.4964110	73.6029473	4330.2
1549	43.1	43.1	43.1	893,689,3,2	17.0	39.4966102	73.6047074	4289.9
1550	96.1	96.1	96.1	945,764,2,3	16.3	39.4963643	73.6040553	4299.9
1551	43.1	43.1	43.1	1407,639,3,2	16.1	39.4966102	73.6047074	4289.9
1552	52.1	52.1	52.1	0,945,3,2	16.0	39.4966094	73.6047076	4288.7
1553	70.1	70.1	70.1	1458,595,3,2	15.7	39.4965598	73.6046352	4293.2
1554	108.1	108.1	108.1	645,875,2,3	15.6	39.4964558	73.6031803	4319.2
1555	36.0	36.0	36.0	65,829,2,3	15.3	39.4965582	73.6047753	4291.4
1556	42.1	42.1	42.1	1917,999,3,2	14.1	39.4966098	73.6047077	4289.9
1557	70.1	70.1	70.1	481,1041,2,4	13.8	39.4965598	73.6046352	4293.2
1558	65.1	65.1	65.1	370,1076,2,4	13.2	39.4966124	73.6047093	4288.8
1559	5.0	5.0	5.0	1537,0,2,3	13.1	39.4965565	73.6047763	4291.9
1560	6.0	6.0	6.0	1917,93,3,2	12.5	39.4965565	73.6047763	4291.9
1561	70.1	70.1	70.1	151,1009,2,3	9.5	39.4965598	73.6046352	4293.2
