ранг	ранг_в_группе	расстояние	сигнатура	d_ab	d_L	ловушка	d_ловушки	L	a	b	C	цвет_измерен	кадр	блоб	bbox	площадь	rgb	score
1	1	0.057	палка-древко-контроль	0.0	1.6	снег-в-тени	1.358	40.0	-8.0	-15.0	17.0	bbox	DJI_20260813183028_0002_Z.JPG	333	1734,792,3,2	6	60,99,118	22.7
2	2	0.132	палка-древко-контроль	1.0	1.1	снег-в-тени	1.437	42.7	-9.0	-15.0	17.5	маска	DJI_20260813183028_0002_Z.JPG	12	1603,967,26,35	301	73,101,116	1266.8
3	1	0.144	палка-древко-контроль	1.1	0.9	снег-в-тени	1.400	42.5	-9.0	-14.5	17.1	маска	DJI_20260813183140_0012_Z.JPG	235	2681,993,4,3	9	64,103,122	32.2
4	3	0.169	крышка-контроль	1.0	3.2	порода-в-тени	2.733	39.2	-22.0	-8.0	23.4	маска	DJI_20260813183028_0002_Z.JPG	302	1805,2053,4,2	8	21,103,106	29.9
5	4	0.177	крышка-контроль	1.4	0.3	снег-в-тени	2.631	42.7	-21.0	-8.0	22.5	маска	DJI_20260813183028_0002_Z.JPG	0	1717,2028,212,132	9447	43,74,76	39680.0
6	2	0.179	палка-древко-контроль	1.4	0.8	снег-в-тени	1.526	40.8	-9.0	-16.0	18.4	маска	DJI_20260813183140_0012_Z.JPG	183	2639,1009,8,2	16	57,101,122	59.7
7	5	0.185	палка-древко-контроль	1.4	1.5	снег-в-тени	1.362	43.1	-9.0	-14.0	16.6	маска	DJI_20260813183028_0002_Z.JPG	3	1546,1004,58,84	855	87,102,110	3644.5
8	6	0.187	палка-древко-контроль	1.4	1.7	снег-в-тени	1.361	43.3	-9.0	-14.0	16.6	маска	DJI_20260813183028_0002_Z.JPG	13	1672,846,32,43	298	87,111,124	1208.1
9	3	0.189	палка-древко-бирюзовое	1.0	4.0	снег-в-тени	2.208	56.5	-15.0	-17.0	22.7	маска	DJI_20260813183140_0012_Z.JPG	231	2409,1071,5,2	10	77,143,162	34.2
10	4	0.202	палка-древко-бирюзовое	1.1	4.1	снег-в-тени	2.241	48.4	-15.5	-17.0	23.0	bbox	DJI_20260813183140_0012_Z.JPG	283	1455,1508,2,3	6	54,123,141	20.9
11	5	0.211	палка-древко-бирюзовое	1.0	4.8	снег-в-тени	2.213	57.3	-15.0	-17.0	22.7	маска	DJI_20260813183140_0012_Z.JPG	100	1591,1422,8,8	55	78,144,164	225.7
12	1	0.218	палка-ручка-контроль	1.4	3.6	лишайник-жёлтый-на-камне	1.189	61.2	7.0	25.0	26.0	маска	DJI_20260813183534_0014_Z_00m31s.jpg	196	427,1073,3,2	6	177,144,108	20.9
13	6	0.227	палка-древко-бирюзовое	1.4	4.0	снег-в-тени	2.103	56.5	-14.0	-17.0	22.0	маска	DJI_20260813183140_0012_Z.JPG	162	1583,1432,6,5	22	82,144,164	83.1
14	7	0.227	палка-древко-бирюзовое	1.4	4.0	снег-в-тени	2.103	56.5	-14.0	-17.0	22.0	маска	DJI_20260813183140_0012_Z.JPG	191	1575,1425,4,6	14	82,144,164	54.1
15	7	0.234	палка-древко-контроль	1.4	4.3	снег-в-тени	1.154	45.9	-7.0	-14.0	15.7	маска	DJI_20260813183028_0002_Z.JPG	42	1629,938,20,22	125	86,111,127	518.7
16	8	0.236	палка-древко-бирюзовое	1.4	4.4	снег-в-тени	2.317	56.9	-16.0	-17.0	23.3	маска	DJI_20260813183140_0012_Z.JPG	119	1601,1438,6,7	38	77,144,163	156.9
17	1	0.253	рюкзак-синий	2.0	1.2	снег-в-тени	0.842	37.6	-1.0	-14.0	14.0	маска	C0049_00m18s.png	78	1445,483,2,6	12	76,92,115	43.3
18	2	0.256	рюкзак-синий	2.0	1.6	снег-в-тени	0.805	40.4	-1.0	-14.0	14.0	маска	C0049_00m18s.png	99	1454,507,3,4	8	79,94,116	29.7
19	9	0.275	палка-древко-контроль	1.4	5.9	снег-в-тени	1.566	35.7	-9.0	-16.0	18.4	маска	DJI_20260813183140_0012_Z.JPG	60	2271,1171,23,9	104	45,87,107	415.9
20	1	0.280	стакан-марка-красная	2.0	3.5	снег-розовый	1.238	53.3	9.0	1.0	9.1	маска	DJI_20260813183101_0008_Z.JPG	44	697,1717,19,19	159	187,172,172	633.0
21	2	0.282	палка-ручка-контроль	0.0	7.9	лишайник-жёлтый-на-камне	1.231	65.5	6.0	26.0	26.7	маска	DJI_20260813183534_0014_Z_00m31s.jpg	1	46,797,23,36	537	179,151,115	2116.9
22	10	0.282	палка-древко-контроль	1.0	7.1	снег-в-тени	1.325	34.5	-7.0	-15.0	16.6	маска	DJI_20260813183140_0012_Z.JPG	9	2861,855,39,52	705	103,133,149	2942.5
23	2	0.283	рюкзак-синий	2.2	1.2	снег-в-тени	0.780	40.0	3.0	-13.0	13.3	маска	DJI_20260813183101_0008_Z.JPG	4	1842,1018,51,159	1638	138,142,148	6954.2
24	3	0.283	палка-ручка-контроль	2.2	1.2	лишайник-жёлтый-на-камне	1.273	58.8	8.0	25.0	26.2	маска	DJI_20260813183534_0014_Z_00m31s.jpg	35	129,1066,8,8	48	171,137,102	183.0
25	11	0.285	палка-древко-контроль	2.2	1.5	снег-в-тени	1.467	43.1	-10.0	-14.0	17.2	маска	DJI_20260813183140_0012_Z.JPG	113	2691,983,10,7	43	65,106,124	168.4
26	12	0.286	палка-древко-бирюзовое	2.0	3.9	снег-в-тени	2.349	48.6	-17.0	-16.0	23.3	маска	DJI_20260813183140_0012_Z.JPG	63	1475,1494,18,11	92	51,122,140	390.1
27	13	0.287	палка-древко-бирюзовое	1.4	6.3	снег-в-тени	2.117	58.8	-14.0	-17.0	22.0	маска	DJI_20260813183140_0012_Z.JPG	250	1581,1441,4,2	8	89,150,170	27.3
28	14	0.296	палка-древко-бирюзовое	2.2	2.7	снег-в-тени	2.405	49.8	-17.0	-17.0	24.0	маска	DJI_20260813183140_0012_Z.JPG	218	2359,1111,4,4	11	53,126,146	39.0
29	4	0.297	палка-ручка-контроль	2.2	2.8	лишайник-жёлтый-на-камне	0.969	60.4	5.0	24.0	24.5	маска	DJI_20260813183534_0014_Z_00m31s.jpg	201	98,986,2,3	6	168,140,104	20.2
30	15	0.298	палка-древко-бирюзовое	2.0	4.6	снег-в-тени	2.372	57.1	-17.0	-16.0	23.3	bbox	DJI_20260813183140_0012_Z.JPG	269	1761,1352,2,3	6	76,146,164	23.0
31	16	0.300	палка-древко-бирюзовое	2.2	3.1	снег-в-тени	2.405	49.4	-17.0	-17.0	24.0	маска	DJI_20260813183140_0012_Z.JPG	247	2379,1097,2,4	8	53,126,146	28.6
32	1	0.307	стакан-марка-красная	1.0	7.8	порода-охристая	1.132	42.0	11.0	2.0	11.2	маска	DJI_20260813183004_0001_Z_01m56s.jpg	33	675,956,8,8	23	136,117,117	93.1
33	5	0.318	палка-ручка-контроль	2.2	4.3	лишайник-жёлтый-на-камне	1.119	53.3	4.0	25.0	25.3	маска	DJI_20260813183534_0014_Z_00m31s.jpg	33	34,827,10,9	49	167,143,108	192.5
34	17	0.342	палка-древко-контроль	2.2	5.5	снег-в-тени	1.645	36.1	-9.0	-17.0	19.2	маска	DJI_20260813183140_0012_Z.JPG	29	1835,1351,37,17	239	45,89,109	949.8
35	8	0.355	рюкзак-синий	2.8	0.8	снег-в-тени	1.066	38.0	-1.0	-16.0	16.0	маска	DJI_20260813183028_0002_Z.JPG	49	1649,917,15,20	104	114,130,144	457.3
36	1	0.358	стакан-марка-красная	2.8	1.6	снег-розовый	1.416	48.2	9.0	-1.0	9.1	маска	DJI_20260813183004_0001_Z_03m40s.jpg	13	133,919,11,12	69	144,126,132	267.8
37	18	0.370	палка-древко-бирюзовое	2.8	3.1	снег-в-тени	2.466	49.4	-17.0	-18.0	24.8	маска	DJI_20260813183140_0012_Z.JPG	140	1716,1386,9,5	27	48,124,145	107.4
38	6	0.375	палка-ручка-контроль	2.2	7.0	лишайник-жёлтый-на-камне	1.200	50.6	7.0	24.0	25.0	маска	DJI_20260813183534_0014_Z_00m31s.jpg	96	42,850,5,5	18	165,137,102	66.6
39	19	0.377	палка-древко-бирюзовое	2.8	3.7	снег-в-тени	2.466	48.8	-17.0	-18.0	24.8	маска	DJI_20260813183140_0012_Z.JPG	168	1681,1406,6,5	19	47,123,144	73.2
40	7	0.377	стакан-марка-красная	3.0	1.2	снег-в-тени	1.567	48.6	11.0	-2.0	11.2	маска	DJI_20260813183534_0014_Z_00m31s.jpg	108	408,572,3,7	16	108,88,95	55.2
41	20	0.377	палка-ручка-пробка	3.0	1.2	лишайник-жёлтый-на-камне	1.108	74.5	8.0	23.0	24.4	маска	DJI_20260813183140_0012_Z.JPG	242	865,1761,4,2	8	212,177,141	29.9
42	8	0.378	палка-ручка-контроль	2.2	7.1	лишайник-жёлтый-на-камне	0.952	64.7	5.0	24.0	24.5	маска	DJI_20260813183534_0014_Z_00m31s.jpg	10	104,986,13,17	127	191,164,129	491.0
43	3	0.383	стакан-марка-красная	2.8	4.1	порода-охристая	1.170	53.9	9.0	3.0	9.5	маска	DJI_20260813183101_0008_Z.JPG	177	1047,289,8,4	24	138,113,113	94.2
44	21	0.385	палка-древко-бирюзовое	2.8	4.3	снег-в-тени	2.465	48.2	-17.0	-18.0	24.8	маска	DJI_20260813183140_0012_Z.JPG	174	1693,1399,4,6	17	45,122,143	65.6
45	22	0.391	палка-древко-бирюзовое	2.8	4.7	снег-в-тени	2.465	47.8	-17.0	-18.0	24.8	маска	DJI_20260813183140_0012_Z.JPG	270	1657,1421,2,3	6	46,122,143	22.8
46	23	0.397	палка-древко-бирюзовое	2.8	5.0	снег-в-тени	2.465	47.5	-17.0	-18.0	24.8	маска	DJI_20260813183140_0012_Z.JPG	203	1709,1393,4,4	12	45,122,143	45.7
47	9	0.397	рюкзак-синий	3.2	1.2	снег-в-тени	1.182	37.6	0.0	-17.0	17.0	маска	DJI_20260813183028_0002_Z.JPG	44	1665,897,12,15	101	105,123,142	476.9
48	4	0.400	стакан-марка-красная	3.2	1.8	снег-розовый	1.194	51.6	8.0	2.0	8.2	маска	DJI_20260813183101_0008_Z.JPG	284	678,1056,3,3	9	138,121,122	21.4
49	24	0.411	палка-древко-контроль	3.2	3.1	снег-в-тени	1.236	44.7	-9.0	-12.0	15.0	bbox	DJI_20260813183140_0012_Z.JPG	279	1480,1440,3,2	6	74,110,125	21.1
50	9	0.412	палка-ручка-контроль	2.8	5.9	лишайник-жёлтый-на-камне	1.155	63.5	8.0	24.0	25.3	маска	DJI_20260813183534_0014_Z_00m31s.jpg	49	432,1075,10,5	29	186,153,117	126.6
51	25	0.414	палка-древко-бирюзовое	3.2	3.5	снег-в-тени	2.427	49.0	-16.0	-19.0	24.8	bbox	DJI_20260813183140_0012_Z.JPG	282	1751,1374,2,3	6	49,125,147	20.9
52	5	0.422	стакан-марка-красная	3.2	4.1	снег-розовый	1.130	53.9	8.0	2.0	8.2	маска	DJI_20260813183101_0008_Z.JPG	294	1086,352,3,3	7	141,122,121	19.2
53	6	0.424	стакан-марка-красная	3.2	4.3	снег-розовый	1.125	54.1	8.0	2.0	8.2	маска	DJI_20260813183101_0008_Z.JPG	306	3591,1269,2,3	6	144,125,127	15.2
54	26	0.430	палка-древко-контроль	3.2	4.7	снег-в-тени	1.726	36.9	-9.0	-18.0	20.1	маска	DJI_20260813183140_0012_Z.JPG	240	2314,1154,4,3	9	43,90,113	30.8
55	3	0.433	рюкзак-синий	2.7	7.6	снег-в-тени	0.882	31.2	-1.5	-13.0	13.1	маска	C0049_00m18s.png	100	1449,501,2,4	8	60,77,98	29.5
56	10	0.437	стакан-марка-красная	3.2	4.9	снег-розовый	1.275	54.7	9.0	-1.5	9.1	маска	DJI_20260813183534_0014_Z_00m31s.jpg	61	937,1045,9,4	27	174,159,166	103.7
57	27	0.442	палка-древко-контроль	3.2	5.5	снег-в-тени	1.733	36.1	-9.0	-18.0	20.1	маска	DJI_20260813183140_0012_Z.JPG	108	1808,1370,15,5	51	39,87,111	185.1
58	28	0.442	палка-древко-контроль	3.2	5.5	снег-в-тени	1.733	36.1	-9.0	-18.0	20.1	маска	DJI_20260813183140_0012_Z.JPG	169	1881,1343,8,5	20	39,87,110	72.0
59	29	0.442	палка-древко-контроль	3.2	5.5	снег-в-тени	1.733	36.1	-9.0	-18.0	20.1	маска	DJI_20260813183140_0012_Z.JPG	202	1473,1520,6,3	13	40,87,110	46.3
60	30	0.442	палка-древко-контроль	3.2	5.5	снег-в-тени	1.733	36.1	-9.0	-18.0	20.1	маска	DJI_20260813183140_0012_Z.JPG	209	2358,1132,5,4	12	40,87,110	43.2
61	31	0.447	палка-ручка-контроль	2.2	9.8	лишайник-жёлтый-на-камне	1.208	47.8	4.0	25.0	25.3	маска	DJI_20260813183140_0012_Z.JPG	110	3322,482,11,7	44	139,115,76	171.9
62	32	0.448	палка-древко-контроль	3.2	5.9	снег-в-тени	1.736	35.7	-9.0	-18.0	20.1	маска	DJI_20260813183140_0012_Z.JPG	49	1494,1502,32,14	146	41,91,112	564.7
63	33	0.448	палка-древко-контроль	3.2	5.9	снег-в-тени	1.736	35.7	-9.0	-18.0	20.1	маска	DJI_20260813183140_0012_Z.JPG	158	2383,1122,9,6	24	38,85,109	85.3
64	11	0.451	палка-ручка-контроль	3.6	0.2	лишайник-жёлтый-на-камне	1.267	57.8	9.0	24.0	25.6	маска	DJI_20260813183534_0014_Z_00m31s.jpg	147	303,806,2,6	12	170,134,102	37.7
65	7	0.452	стакан-марка-красная	3.6	0.8	снег-в-тени	1.353	49.0	9.0	-2.0	9.2	маска	DJI_20260813183101_0008_Z.JPG	13	723,1751,38,40	440	164,154,158	1856.1
66	2	0.452	стакан-марка-красная	3.6	0.8	снег-розовый	1.278	50.6	8.0	-1.0	8.1	маска	DJI_20260813183004_0001_Z_03m40s.jpg	25	734,715,9,11	39	136,117,122	134.4
67	34	0.455	палка-древко-контроль	3.2	6.3	снег-в-тени	1.740	35.3	-9.0	-18.0	20.1	маска	DJI_20260813183140_0012_Z.JPG	263	2368,1130,3,3	7	39,86,109	23.6
68	12	0.455	палка-ручка-пробка	3.6	1.8	лишайник-жёлтый-на-камне	0.997	77.5	8.0	21.0	22.5	маска	DJI_20260813183534_0014_Z_00m31s.jpg	72	353,1061,7,8	23	205,169,137	87.2
69	35	0.455	рюкзак-синий	3.0	7.2	снег-в-тени	1.272	31.6	1.0	-17.0	17.0	маска	DJI_20260813183140_0012_Z.JPG	117	1596,1478,8,5	37	57,74,100	160.4
70	4	0.461	рюкзак-синий	3.6	2.7	снег-в-тени	1.207	36.1	-1.0	-17.0	17.0	маска	C0049_00m18s.png	19	1457,490,8,5	34	69,88,114	147.4
71	8	0.469	стакан-марка-красная	3.2	7.1	порода-охристая	1.196	42.7	8.0	2.0	8.2	маска	DJI_20260813183101_0008_Z.JPG	225	3642,371,8,3	13	118,98,99	49.3
72	1	0.469	крышка-контроль	2.2	10.5	снег-пересвеченный	2.564	52.9	-21.0	-7.0	22.1	маска	DJI_20260813183727_0015_Z_03m32s.jpg	0	17,263,52,44	1312	71,118,119	5940.4
73	5	0.476	рюкзак-синий	3.0	8.0	снег-в-тени	1.292	30.8	1.5	-17.0	17.1	маска	C0049_00m18s.png	53	1523,499,4,4	16	58,72,98	68.2
74	36	0.476	палка-древко-контроль	2.0	11.3	снег-в-тени	1.516	52.9	-8.0	-17.0	18.8	маска	DJI_20260813183140_0012_Z.JPG	150	2078,1247,7,5	21	87,129,152	95.7
75	37	0.483	палка-древко-бирюзовое	2.2	11.0	снег-в-тени	2.469	63.5	-17.0	-17.0	24.0	маска	DJI_20260813183140_0012_Z.JPG	35	1645,1401,22,11	174	89,158,178	812.8
76	13	0.485	палка-ручка-контроль	3.6	5.1	лишайник-жёлтый-на-камне	1.321	52.5	9.0	24.0	25.6	маска	DJI_20260813183534_0014_Z_00m31s.jpg	159	305,799,4,6	12	154,118,86	33.1
77	3	0.486	стакан-марка-красная	3.6	5.1	снег-розовый	1.166	54.9	8.0	-1.0	8.1	маска	DJI_20260813183004_0001_Z_03m40s.jpg	102	157,661,2,3	6	147,130,134	18.2
78	4	0.488	стакан-марка-красная	3.2	7.8	снег-в-тени	1.392	42.0	8.5	-1.0	8.6	маска	DJI_20260813183004_0001_Z_03m40s.jpg	48	370,267,9,4	20	113,94,99	65.1
79	38	0.492	палка-древко-бирюзовое	3.2	8.2	снег-в-тени	2.099	44.3	-16.0	-13.0	20.6	bbox	DJI_20260813183140_0012_Z.JPG	281	1659,1364,3,2	6	51,112,126	21.0
80	6	0.494	рюкзак-синий	2.2	11.4	снег-в-тени	0.643	50.2	-1.0	-13.0	13.0	маска	C0049_00m18s.png	1	1471,455,52,26	456	95,108,129	1778.2
81	7	0.497	рюкзак-синий	2.8	9.8	снег-в-тени	0.846	29.0	-1.0	-12.0	12.0	маска	C0049_00m18s.png	6	1467,503,14,10	91	63,77,95	355.3
82	5	0.497	стакан-марка-красная	3.6	5.9	снег-розовый	1.276	55.7	9.0	-2.0	9.2	маска	DJI_20260813183004_0001_Z_03m40s.jpg	12	0,225,7,12	66	107,89,98	271.9
83	9	0.497	стакан-марка-красная	2.8	9.8	снег-в-тени	1.452	40.0	9.0	-1.0	9.1	маска	DJI_20260813183101_0008_Z.JPG	133	733,1684,10,8	44	121,104,110	170.5
84	8	0.498	рюкзак-синий	3.6	5.9	снег-в-тени	1.137	44.7	-1.0	-17.0	17.0	маска	C0049_00m18s.png	49	1537,459,6,5	19	86,106,134	72.8
85	10	0.500	рюкзак-синий	3.6	6.1	снег-в-тени	0.755	32.7	3.0	-11.0	11.4	маска	DJI_20260813183101_0008_Z.JPG	78	1879,1744,11,12	92	94,97,113	347.6
86	11	0.501	рюкзак-синий	4.0	0.8	снег-в-тени	0.405	39.6	1.0	-10.0	10.0	маска	DJI_20260813183101_0008_Z.JPG	124	3451,1497,9,8	49	83,88,102	188.0
87	6	0.510	стакан-марка-красная	3.6	6.7	снег-розовый	1.128	56.5	8.0	-1.0	8.1	маска	DJI_20260813183004_0001_Z_03m40s.jpg	32	25,174,8,5	30	139,118,124	109.3
88	2	0.510	стакан-марка-красная	3.2	9.0	порода-охристая	1.146	58.8	10.0	4.0	10.8	маска	DJI_20260813183727_0015_Z_03m32s.jpg	19	1270,958,11,11	100	146,124,123	370.9
89	12	0.510	рюкзак-синий	3.6	6.7	снег-в-тени	0.537	45.5	3.0	-11.0	11.4	маска	DJI_20260813183101_0008_Z.JPG	110	3676,118,10,9	63	114,116,132	228.1
90	10	0.513	палка-древко-контроль	4.0	2.7	снег-в-тени	0.850	44.3	-4.5	-13.0	13.8	маска	DJI_20260813183028_0002_Z.JPG	32	1716,802,20,17	149	77,100,116	631.7
91	14	0.515	стакан-марка-красная	4.1	0.0	снег-в-тени	1.399	49.8	10.0	-3.0	10.4	маска	DJI_20260813183534_0014_Z_00m31s.jpg	157	500,270,3,5	10	135,112,117	34.0
92	9	0.516	рюкзак-синий	3.6	7.0	снег-в-тени	0.696	31.8	-1.0	-11.0	11.0	маска	C0049_00m18s.png	11	1481,483,4,14	56	62,74,91	211.2
93	11	0.516	стакан-марка-красная	4.1	0.8	снег-розовый	1.149	50.6	7.0	2.0	7.3	bbox	DJI_20260813183028_0002_Z.JPG	369	897,478,2,3	6	134,116,117	15.6
94	12	0.516	стакан-марка-красная	2.2	12.2	порода-охристая	1.153	37.6	9.0	2.0	9.2	маска	DJI_20260813183028_0002_Z.JPG	75	465,2109,16,6	64	134,114,115	258.7
95	3	0.518	рюкзак-синий	4.0	3.7	снег-в-тени	0.337	42.5	1.0	-10.0	10.0	маска	DJI_20260813183727_0015_Z_03m32s.jpg	8	629,540,20,16	174	104,110,122	812.2
96	39	0.524	палка-ручка-контроль	2.0	12.9	лишайник-жёлтый-на-камне	1.252	44.7	6.0	24.0	24.7	маска	DJI_20260813183140_0012_Z.JPG	129	3435,731,8,6	31	131,105,70	123.0
97	7	0.537	стакан-марка-красная	4.2	2.3	снег-в-тени	1.250	47.5	8.0	-2.0	8.2	маска	DJI_20260813183004_0001_Z_03m40s.jpg	37	167,947,9,8	25	126,109,115	89.4
98	4	0.537	стакан-марка-красная	4.2	2.3	порода-охристая	1.005	47.5	8.0	4.0	8.9	маска	DJI_20260813183727_0015_Z_03m32s.jpg	40	1211,917,11,5	32	124,105,103	97.5
99	13	0.540	палка-древко-контроль	3.5	8.9	снег-в-тени	1.171	32.7	-4.5	-15.0	15.7	bbox	DJI_20260813183028_0002_Z.JPG	326	1610,973,3,2	6	49,79,99	23.8
100	40	0.549	палка-древко-контроль	3.6	8.6	снег-в-тени	1.580	50.2	-7.0	-18.5	19.8	маска	DJI_20260813183140_0012_Z.JPG	193	1997,1290,3,5	12	81,123,149	52.2
101	8	0.554	стакан-марка-красная	4.0	6.7	порода-охристая	1.493	56.5	15.0	1.0	15.0	маска	DJI_20260813183004_0001_Z_03m40s.jpg	7	958,482,10,13	84	160,130,137	369.6
102	14	0.554	стакан-марка-красная	3.6	9.0	снег-в-тени	1.352	40.8	8.0	-1.0	8.1	маска	DJI_20260813183028_0002_Z.JPG	152	560,936,10,7	29	116,100,104	103.1
103	13	0.554	стакан-марка-красная	3.6	9.0	снег-в-тени	1.352	40.8	8.0	-1.0	8.1	маска	DJI_20260813183101_0008_Z.JPG	205	453,2065,4,6	20	117,101,106	67.6
104	10	0.554	рюкзак-синий	3.6	9.0	снег-в-тени	1.132	47.8	-1.0	-17.0	17.0	маска	C0049_00m18s.png	34	1467,474,4,7	27	88,109,136	106.9
105	15	0.559	палка-ручка-контроль	4.5	0.0	лишайник-жёлтый-на-камне	1.358	57.6	10.0	24.0	26.0	маска	DJI_20260813183534_0014_Z_00m31s.jpg	73	358,1073,5,7	24	176,140,108	86.5
106	9	0.559	стакан-марка-красная	4.5	0.4	снег-в-тени	1.290	50.2	9.0	-3.0	9.5	маска	DJI_20260813183004_0001_Z_03m40s.jpg	27	33,341,4,9	29	98,81,91	117.5
107	14	0.561	стакан-марка-красная	4.5	1.2	порода-охристая	0.909	51.0	9.0	5.0	10.3	маска	DJI_20260813183101_0008_Z.JPG	223	775,1361,4,4	13	137,113,111	50.4
108	15	0.561	стакан-марка-красная	4.2	5.1	снег-в-тени	1.255	44.7	8.0	-2.0	8.2	маска	DJI_20260813183028_0002_Z.JPG	2	1424,1170,78,116	967	131,125,125	3844.8
109	41	0.563	палка-ручка-контроль	2.2	13.7	лишайник-жёлтый-на-камне	1.468	43.9	8.0	25.0	26.2	маска	DJI_20260813183140_0012_Z.JPG	7	3374,520,39,47	804	150,121,83	3624.5
110	15	0.563	рюкзак-синий	4.5	1.9	снег-в-тени	0.891	36.9	5.0	-12.0	13.0	маска	DJI_20260813183101_0008_Z.JPG	63	3740,1679,12,12	109	100,99,117	415.3
111	42	0.570	стакан-марка-красная	4.2	5.9	порода-охристая	0.972	43.9	8.0	4.0	8.9	маска	DJI_20260813183140_0012_Z.JPG	81	283,1786,12,16	81	110,90,89	288.7
112	10	0.576	стакан-марка-красная	4.2	6.3	снег-розовый	1.185	56.1	8.0	-2.0	8.2	маска	DJI_20260813183004_0001_Z_03m40s.jpg	21	7,8,6,19	48	143,124,129	169.5
113	11	0.577	стакан-марка-красная	4.0	8.0	порода-охристая	1.352	41.8	7.0	1.0	7.1	bbox	DJI_20260813183004_0001_Z_03m40s.jpg	106	115,897,2,3	6	109,92,96	13.4
114	5	0.579	стакан-марка-красная	3.6	10.2	порода-охристая	1.069	39.6	8.0	3.0	8.5	маска	DJI_20260813183727_0015_Z_03m32s.jpg	45	1869,666,7,7	27	126,107,107	78.2
115	16	0.580	палка-древко-контроль	4.5	4.3	снег-в-тени	0.841	45.9	-6.0	-11.0	12.5	маска	DJI_20260813183028_0002_Z.JPG	190	1712,825,7,5	21	89,114,126	78.3
116	17	0.580	стакан-марка-красная	4.0	8.2	снег-в-тени	1.527	41.6	11.0	-3.0	11.4	маска	DJI_20260813183028_0002_Z.JPG	61	365,609,9,13	84	114,94,102	347.0
117	12	0.581	стакан-марка-красная	4.2	6.7	снег-в-тени	1.261	43.1	8.0	-2.0	8.2	маска	DJI_20260813183004_0001_Z_03m40s.jpg	44	137,1073,3,7	21	115,96,102	73.6
118	16	0.585	рюкзак-синий	4.2	6.9	снег-в-тени	0.630	45.7	4.0	-11.0	11.7	маска	DJI_20260813183101_0008_Z.JPG	74	3516,315,12,12	97	111,113,130	366.8
119	13	0.587	стакан-марка-красная	4.2	7.1	снег-в-тени	1.263	42.7	8.0	-2.0	8.2	маска	DJI_20260813183004_0001_Z_03m40s.jpg	51	405,1053,6,3	16	157,141,149	59.0
120	43	0.587	рюкзак-синий	2.0	14.9	снег-в-тени	1.143	23.9	-1.0	-14.0	14.0	маска	DJI_20260813183140_0012_Z.JPG	228	2498,1093,5,3	10	41,56,75	34.7
121	18	0.588	стакан-марка-красная	4.5	5.1	снег-в-тени	1.292	44.7	9.0	-3.0	9.5	маска	DJI_20260813183028_0002_Z.JPG	96	940,1737,8,8	42	137,122,132	176.7
122	16	0.588	стакан-марка-красная	4.5	5.1	снег-в-тени	1.312	54.9	9.0	-3.0	9.5	маска	DJI_20260813183534_0014_Z_00m31s.jpg	21	515,0,21,4	78	135,117,125	283.5
123	17	0.588	стакан-марка-красная	4.5	5.1	снег-в-тени	1.312	54.9	9.0	-3.0	9.5	маска	DJI_20260813183534_0014_Z_00m31s.jpg	162	525,867,4,3	9	143,126,132	32.8
124	14	0.588	стакан-марка-красная	3.6	10.6	снег-в-тени	1.386	39.2	9.0	-2.0	9.2	маска	DJI_20260813183004_0001_Z_03m40s.jpg	42	72,411,5,6	21	111,93,99	74.5
125	17	0.589	стакан-марка-красная	2.2	14.5	порода-охристая	1.158	35.3	9.0	2.0	9.2	маска	DJI_20260813183101_0008_Z.JPG	98	630,1400,12,9	71	100,81,83	257.1
126	44	0.592	палка-ручка-пробка	3.2	12.3	лишайник-жёлтый-на-камне	1.406	88.0	4.0	26.0	26.3	маска	DJI_20260813183140_0012_Z.JPG	232	570,1787,3,3	8	245,213,171	33.9
127	45	0.593	палка-ручка-пробка	2.8	13.3	лишайник-жёлтый-на-камне	0.985	89.0	3.0	21.0	21.2	маска	DJI_20260813183140_0012_Z.JPG	105	559,1832,9,7	52	243,217,180	200.7
128	18	0.593	рюкзак-синий	4.5	5.3	снег-в-тени	0.557	33.5	1.0	-9.5	9.6	маска	DJI_20260813183101_0008_Z.JPG	192	2405,950,5,6	23	82,86,100	77.2
129	46	0.594	рюкзак-синий	2.0	15.1	снег-в-тени	1.148	23.7	-1.0	-14.0	14.0	маска	DJI_20260813183140_0012_Z.JPG	145	2517,1082,10,3	29	41,57,76	104.6
130	18	0.595	стакан-марка-красная	4.5	5.7	снег-розовый	1.075	55.5	7.0	-1.0	7.1	bbox	DJI_20260813183534_0014_Z_00m31s.jpg	198	964,1034,3,2	6	146,128,134	20.3
131	47	0.597	палка-ручка-пробка	3.2	12.5	лишайник-жёлтый-на-камне	0.929	88.2	4.0	20.0	20.4	маска	DJI_20260813183140_0012_Z.JPG	138	1347,1482,6,8	31	240,214,181	112.6
132	19	0.599	рюкзак-синий	4.2	7.8	снег-в-тени	0.867	31.0	4.0	-11.0	11.7	маска	DJI_20260813183101_0008_Z.JPG	130	3083,566,8,7	48	73,73,90	174.1
133	19	0.600	палка-ручка-контроль	2.2	14.9	лишайник-жёлтый-на-камне	1.252	42.7	5.0	24.0	24.5	маска	DJI_20260813183534_0014_Z_00m31s.jpg	65	41,839,6,6	24	143,115,80	96.9
134	20	0.602	рюкзак-синий	4.5	6.3	снег-в-тени	0.968	32.5	5.0	-12.0	13.0	маска	DJI_20260813183101_0008_Z.JPG	19	1677,1417,27,21	300	94,95,110	1214.3
135	19	0.604	рюкзак-синий	2.8	13.7	снег-в-тени	0.961	25.1	-1.0	-12.0	12.0	маска	DJI_20260813183028_0002_Z.JPG	70	1742,778,8,18	66	56,68,79	292.7
136	11	0.605	стакан-марка-красная	3.9	10.0	снег-в-тени	1.332	39.8	8.5	-2.0	8.7	bbox	C0049_00m18s.png	129	988,949,3,2	6	107,89,97	20.0
137	2	0.607	стакан-марка-красная	3.6	11.4	порода-охристая	0.910	38.4	9.0	4.0	9.8	маска	DJI_20260813183004_0001_Z_01m56s.jpg	46	677,701,7,4	18	105,84,83	67.8
138	15	0.607	стакан-марка-красная	3.6	11.4	снег-в-тени	1.370	38.4	8.0	-1.0	8.1	маска	DJI_20260813183004_0001_Z_03m40s.jpg	53	489,458,4,6	16	121,103,108	49.4
139	48	0.607	рюкзак-синий	3.0	13.4	снег-в-тени	0.425	52.2	1.0	-11.0	11.0	маска	DJI_20260813183140_0012_Z.JPG	109	3677,1529,11,7	44	111,118,137	178.5
140	21	0.609	рюкзак-синий	4.6	5.5	снег-в-тени	0.225	44.3	0.0	-9.5	9.5	маска	DJI_20260813183101_0008_Z.JPG	269	3487,1468,2,4	8	96,105,119	26.8
141	12	0.611	стакан-марка-красная	3.6	11.6	снег-в-тени	1.372	38.2	8.0	-1.0	8.1	bbox	C0049_00m18s.png	139	0,531,3,2	6	104,87,92	16.2
142	49	0.613	рюкзак-синий	2.0	15.7	снег-в-тени	1.164	23.1	-1.0	-14.0	14.0	маска	DJI_20260813183140_0012_Z.JPG	96	1820,1381,13,7	64	40,57,76	241.0
143	22	0.614	стакан-марка-красная	1.4	16.5	порода-охристая	1.146	33.3	10.0	2.0	10.2	маска	DJI_20260813183101_0008_Z.JPG	277	2195,1598,2,3	6	90,67,69	23.0
144	50	0.616	палка-древко-контроль	4.9	0.8	снег-в-тени	1.313	40.8	-10.0	-10.5	14.5	маска	DJI_20260813183140_0012_Z.JPG	116	1807,1287,9,7	42	68,108,120	162.7
145	20	0.616	стакан-марка-красная	3.6	11.8	снег-розовый	1.015	61.6	8.0	-1.0	8.1	маска	DJI_20260813183534_0014_Z_00m31s.jpg	173	930,1042,3,3	8	182,165,170	29.3
146	23	0.619	стакан-марка-красная	4.1	9.6	снег-в-тени	1.648	40.2	12.0	-3.0	12.4	маска	DJI_20260813183101_0008_Z.JPG	3	529,2007,81,119	1673	180,172,173	7718.1
147	3	0.621	стакан-марка-красная	2.8	14.3	порода-охристая	1.036	35.5	9.0	3.0	9.5	маска	DJI_20260813183004_0001_Z_01m56s.jpg	38	316,957,9,4	24	104,85,85	78.4
148	24	0.621	стакан-марка-красная	2.8	14.3	порода-охристая	1.036	35.5	9.0	3.0	9.5	маска	DJI_20260813183101_0008_Z.JPG	195	3230,467,5,10	21	110,89,87	73.5
149	21	0.622	стакан-марка-красная	4.0	10.2	порода-в-тени	1.331	39.6	7.0	0.5	7.0	bbox	DJI_20260813183534_0014_Z_00m31s.jpg	218	691,510,2,3	6	104,88,92	16.4
150	16	0.622	рюкзак-синий	4.5	7.6	снег-в-тени	0.997	31.2	5.0	-12.0	13.0	маска	DJI_20260813183004_0001_Z_03m40s.jpg	9	416,888,8,13	81	102,103,120	347.9
151	25	0.623	рюкзак-синий	4.1	9.8	снег-в-тени	1.110	29.0	5.0	-13.0	13.9	маска	DJI_20260813183101_0008_Z.JPG	6	2206,194,37,40	630	76,78,91	2661.8
152	4	0.626	стакан-марка-красная	2.2	15.7	порода-охристая	1.163	34.1	9.0	2.0	9.2	маска	DJI_20260813183004_0001_Z_01m56s.jpg	84	697,633,2,4	8	95,77,78	21.8
153	51	0.626	палка-древко-контроль	5.0	1.1	снег-в-тени	1.591	42.7	-12.0	-12.0	17.0	маска	DJI_20260813183140_0012_Z.JPG	21	1667,1336,42,25	340	90,138,149	1362.2
154	52	0.626	рюкзак-синий	4.0	10.6	снег-в-тени	1.437	28.2	1.0	-18.0	18.0	маска	DJI_20260813183140_0012_Z.JPG	102	1663,1448,11,7	54	49,66,92	209.7
155	5	0.627	стакан-марка-красная	4.0	10.6	снег-в-тени	1.541	39.2	11.0	-3.0	11.4	маска	DJI_20260813183004_0001_Z_01m56s.jpg	27	1880,139,5,7	29	143,125,134	135.1
156	26	0.629	палка-ручка-пробка	5.0	1.9	лишайник-жёлтый-на-камне	0.587	77.6	5.0	18.0	18.7	маска	DJI_20260813183101_0008_Z.JPG	24	1717,1677,14,21	237	211,186,158	1064.0
157	22	0.629	палка-ручка-пробка	5.0	2.0	лишайник-жёлтый-на-камне	0.843	73.7	8.0	19.0	20.6	bbox	DJI_20260813183534_0014_Z_00m31s.jpg	190	369,1002,3,2	6	207,174,145	21.8
158	23	0.631	стакан-марка-красная	4.9	3.9	снег-в-тени	1.275	53.7	9.0	-3.5	9.7	маска	DJI_20260813183534_0014_Z_00m31s.jpg	172	663,371,3,3	8	144,123,130	29.6
159	27	0.633	стакан-марка-красная	5.0	2.7	снег-в-тени	1.191	52.5	8.0	-3.0	8.5	маска	DJI_20260813183101_0008_Z.JPG	26	93,1664,26,33	237	159,151,156	971.2
160	20	0.635	стакан-марка-красная	5.0	3.1	снег-в-тени	1.180	46.7	8.0	-3.0	8.5	маска	DJI_20260813183028_0002_Z.JPG	108	2216,2115,13,5	43	140,125,134	155.5
161	28	0.635	стакан-марка-красная	5.0	3.1	снег-в-тени	1.180	46.7	8.0	-3.0	8.5	маска	DJI_20260813183101_0008_Z.JPG	127	1096,1683,8,8	47	129,112,120	183.0
162	29	0.636	рюкзак-синий	5.0	3.3	снег-в-тени	0.474	35.5	1.0	-9.0	9.1	маска	DJI_20260813183101_0008_Z.JPG	234	3385,373,2,7	14	78,81,95	42.1
163	53	0.638	рюкзак-синий	2.8	14.9	снег-в-тени	0.996	23.9	-1.0	-12.0	12.0	маска	DJI_20260813183140_0012_Z.JPG	243	2260,1198,4,2	8	43,58,74	29.2
164	24	0.638	стакан-марка-красная	5.1	1.0	снег-в-тени	1.347	48.8	10.0	-4.0	10.8	маска	DJI_20260813183534_0014_Z_00m31s.jpg	146	677,427,2,5	10	120,100,109	38.3
165	30	0.639	стакан-марка-красная	2.8	14.9	порода-охристая	1.038	34.9	9.0	3.0	9.5	маска	DJI_20260813183101_0008_Z.JPG	72	3626,372,22,15	101	108,86,86	374.7
166	31	0.640	рюкзак-синий	5.1	1.5	снег-в-тени	0.469	37.3	2.0	-9.0	9.2	маска	DJI_20260813183101_0008_Z.JPG	116	3115,448,16,11	63	104,107,120	208.6
167	17	0.640	рюкзак-синий	5.0	3.9	снег-в-тени	0.493	34.9	1.0	-9.0	9.1	маска	DJI_20260813183004_0001_Z_03m40s.jpg	81	1367,22,4,2	8	84,89,102	27.9
168	54	0.644	рюкзак-синий	4.0	11.3	снег-в-тени	1.451	27.5	1.0	-18.0	18.0	маска	DJI_20260813183140_0012_Z.JPG	61	1457,1535,22,8	106	47,64,89	412.8
169	55	0.645	палка-ручка-пробка	3.6	12.9	лишайник-жёлтый-на-камне	1.401	88.6	3.0	26.0	26.2	маска	DJI_20260813183140_0012_Z.JPG	55	482,1778,19,7	97	244,216,172	442.2
170	32	0.647	рюкзак-синий	5.1	3.1	снег-в-тени	0.450	35.7	0.0	-9.0	9.0	маска	DJI_20260813183101_0008_Z.JPG	275	1911,798,4,3	8	68,76,88	23.3
171	33	0.647	стакан-марка-красная	5.0	4.7	порода-охристая	1.017	54.5	8.0	5.0	9.4	маска	DJI_20260813183101_0008_Z.JPG	41	1085,274,36,21	189	141,118,116	654.4
172	56	0.651	рюкзак-синий	2.0	16.8	снег-в-тени	1.196	22.0	-1.0	-14.0	14.0	маска	DJI_20260813183140_0012_Z.JPG	139	2620,1041,11,5	30	36,52,70	108.5
173	57	0.652	рюкзак-синий	4.5	9.0	снег-в-тени	0.198	47.8	0.5	-9.5	9.5	bbox	DJI_20260813183140_0012_Z.JPG	264	3085,813,3,2	6	107,115,130	23.5
174	58	0.652	рюкзак-синий	3.2	14.5	снег-в-тени	0.424	53.3	0.0	-11.0	11.0	маска	DJI_20260813183140_0012_Z.JPG	179	3671,1536,5,4	16	113,124,142	63.7
175	18	0.655	стакан-марка-красная	5.0	5.5	снег-в-тени	1.186	44.3	8.0	-3.0	8.5	маска	DJI_20260813183004_0001_Z_03m40s.jpg	41	435,495,4,9	20	94,78,87	78.0
176	59	0.656	рюкзак-синий	4.5	9.6	снег-в-тени	0.451	48.4	3.0	-10.0	10.4	bbox	DJI_20260813183140_0012_Z.JPG	265	3641,1561,3,2	6	110,114,130	23.5
177	19	0.657	стакан-марка-красная	3.2	14.7	снег-розовый	0.918	64.5	8.0	0.0	8.0	маска	DJI_20260813183004_0001_Z_03m40s.jpg	19	205,1005,7,12	55	165,146,150	192.8
178	20	0.659	стакан-марка-красная	4.2	11.0	снег-в-тени	1.290	38.8	8.0	-2.0	8.2	маска	DJI_20260813183004_0001_Z_03m40s.jpg	20	161,360,9,16	53	137,119,125	192.3
179	21	0.660	рюкзак-синий	5.0	5.9	снег-в-тени	0.570	44.7	4.0	-10.0	10.8	маска	DJI_20260813183028_0002_Z.JPG	119	1154,1360,7,8	39	100,99,115	137.6
180	6	0.660	палка-ручка-пробка	4.2	11.0	лишайник-жёлтый-на-камне	0.376	64.7	2.0	20.0	20.1	маска	DJI_20260813183004_0001_Z_01m56s.jpg	0	606,809,64,63	1278	143,136,121	5501.4
181	60	0.662	рюкзак-синий	2.8	15.7	снег-в-тени	1.021	23.1	-1.0	-12.0	12.0	маска	DJI_20260813183140_0012_Z.JPG	68	1473,1425,21,7	93	42,59,75	344.2
182	7	0.663	рюкзак-синий	4.0	12.2	снег-в-тени	0.302	51.0	1.0	-10.0	10.0	маска	DJI_20260813183004_0001_Z_01m56s.jpg	1	331,42,48,35	716	104,111,121	3105.6
183	61	0.664	рюкзак-синий	2.0	17.2	снег-в-тени	1.207	21.6	-1.0	-14.0	14.0	маска	DJI_20260813183140_0012_Z.JPG	210	2509,1085,4,4	12	36,52,73	42.5
184	21	0.665	стакан-марка-красная	4.7	8.6	снег-в-тени	1.255	41.2	8.5	-3.0	9.0	маска	DJI_20260813183004_0001_Z_03m40s.jpg	66	219,447,5,2	10	109,93,102	36.9
185	22	0.666	стакан-марка-красная	3.6	13.7	снег-розовый	1.040	63.5	9.0	4.0	9.8	маска	DJI_20260813183004_0001_Z_03m40s.jpg	52	17,185,5,4	18	169,147,144	53.1
186	23	0.666	стакан-марка-красная	3.6	13.7	снег-розовый	0.911	63.5	8.0	3.0	8.5	маска	DJI_20260813183004_0001_Z_03m40s.jpg	75	347,568,4,3	9	165,143,142	31.2
187	25	0.666	стакан-марка-красная	1.1	18.2	снег-розовый	1.261	68.0	11.5	0.0	11.5	маска	DJI_20260813183534_0014_Z_00m31s.jpg	50	136,1035,7,10	30	192,167,170	122.2
188	34	0.671	рюкзак-синий	5.1	5.9	снег-в-тени	0.600	32.9	2.0	-9.0	9.2	маска	DJI_20260813183101_0008_Z.JPG	214	1821,1293,5,4	18	74,78,92	60.3
189	6	0.675	стакан-марка-красная	4.5	10.6	порода-охристая	0.791	39.2	9.0	5.0	10.3	маска	DJI_20260813183727_0015_Z_03m32s.jpg	42	820,316,8,5	27	101,80,77	89.6
190	13	0.675	рюкзак-синий	2.8	16.1	снег-в-тени	1.039	54.9	-1.0	-16.0	16.0	маска	C0049_00m18s.png	0	1488,411,81,60	1567	114,129,148	6522.5
191	35	0.679	рюкзак-синий	5.0	7.4	снег-в-тени	0.936	31.4	5.0	-11.0	12.1	маска	DJI_20260813183101_0008_Z.JPG	52	3418,387,16,11	138	84,84,102	529.4
192	26	0.679	палка-ручка-пробка	5.0	7.4	лишайник-жёлтый-на-камне	1.011	83.1	8.0	19.0	20.6	маска	DJI_20260813183534_0014_Z_00m31s.jpg	163	115,1000,4,2	8	226,193,165	32.0
193	36	0.680	рюкзак-синий	5.4	2.8	снег-в-тени	0.454	41.6	3.0	-9.0	9.5	маска	DJI_20260813183101_0008_Z.JPG	122	3453,1962,10,8	54	101,102,117	190.0
194	7	0.682	палка-древко-контроль	4.5	10.9	снег-в-тени	0.856	52.5	-6.0	-11.0	12.5	маска	DJI_20260813183727_0015_Z_03m32s.jpg	23	79,0,11,10	77	125,146,157	316.4
195	37	0.683	рюкзак-синий	4.5	11.0	снег-в-тени	0.456	49.8	3.0	-10.0	10.4	маска	DJI_20260813183101_0008_Z.JPG	22	3804,585,31,17	274	137,139,154	1076.4
196	38	0.685	рюкзак-синий	5.4	3.5	снег-в-тени	0.596	35.3	3.0	-9.0	9.5	маска	DJI_20260813183101_0008_Z.JPG	295	3569,1161,3,3	7	79,79,93	19.2
197	27	0.685	палка-ручка-контроль	5.4	3.6	лишайник-жёлтый-на-камне	0.897	61.2	1.0	24.0	24.0	маска	DJI_20260813183534_0014_Z_00m31s.jpg	25	229,642,4,20	65	159,140,104	244.3
198	8	0.686	стакан-марка-красная	5.4	3.7	порода-охристая	0.863	53.5	9.0	6.0	10.8	маска	DJI_20260813183727_0015_Z_03m32s.jpg	18	1623,690,16,17	104	137,115,109	398.3
199	39	0.692	рюкзак-синий	4.1	12.9	снег-в-тени	0.859	25.9	2.0	-10.0	10.2	маска	DJI_20260813183101_0008_Z.JPG	126	3179,918,14,5	52	59,63,77	184.8
200	14	0.694	рюкзак-синий	5.4	4.7	снег-в-тени	0.520	34.1	-1.0	-9.0	9.1	маска	C0049_00m18s.png	2	1547,475,34,30	289	85,96,114	1087.5
201	28	0.694	стакан-марка-красная	5.0	8.4	снег-в-тени	1.175	41.4	7.0	-2.0	7.3	маска	DJI_20260813183534_0014_Z_00m31s.jpg	168	462,35,2,5	10	109,92,98	30.7
202	40	0.694	стакан-марка-красная	4.2	12.5	порода-охристая	0.953	37.3	8.0	4.0	8.9	маска	DJI_20260813183101_0008_Z.JPG	268	1103,903,2,4	8	106,86,84	27.3
203	62	0.697	рюкзак-синий	3.6	14.9	снег-в-тени	0.940	23.9	-1.0	-11.0	11.0	маска	DJI_20260813183140_0012_Z.JPG	115	2910,815,11,5	44	46,59,75	163.4
204	63	0.697	стакан-марка-красная	5.4	5.1	порода-охристая	0.710	44.7	9.0	6.0	10.8	маска	DJI_20260813183140_0012_Z.JPG	6	87,937,36,62	1208	110,89,88	4408.4
205	15	0.699	стакан-марка-красная	4.2	12.7	снег-в-тени	1.308	37.1	8.0	-2.0	8.2	bbox	C0049_00m18s.png	137	14,929,3,2	6	97,81,89	17.5
206	41	0.699	рюкзак-синий	4.5	11.7	снег-в-тени	0.792	27.1	-1.0	-10.0	10.0	маска	DJI_20260813183101_0008_Z.JPG	145	3119,636,7,6	32	58,68,80	143.9
207	9	0.703	стакан-марка-красная	4.2	12.9	порода-охристая	0.954	36.9	8.0	4.0	8.9	маска	DJI_20260813183727_0015_Z_03m32s.jpg	20	1505,241,15,14	112	100,82,80	366.5
208	42	0.704	рюкзак-синий	5.0	9.0	снег-в-тени	0.729	47.8	5.0	-11.0	12.1	маска	DJI_20260813183101_0008_Z.JPG	90	661,1015,9,12	78	116,114,131	292.4
209	22	0.706	стакан-марка-красная	5.4	5.7	снег-в-тени	1.155	44.1	8.0	-3.5	8.7	маска	DJI_20260813183028_0002_Z.JPG	317	1432,1989,3,3	8	128,114,123	25.2
210	8	0.706	стакан-марка-красная	5.0	9.2	порода-охристая	0.842	40.6	8.0	5.0	9.4	маска	DJI_20260813183004_0001_Z_01m56s.jpg	52	635,1056,6,5	20	110,90,86	54.9
211	23	0.708	рюкзак-синий	5.7	0.8	снег-в-тени	0.758	38.0	5.0	-10.0	11.2	маска	DJI_20260813183028_0002_Z.JPG	137	1970,525,7,6	32	99,98,114	116.4
212	24	0.708	рюкзак-синий	5.7	1.0	снег-в-тени	0.761	37.8	5.0	-10.0	11.2	маска	DJI_20260813183028_0002_Z.JPG	94	1177,1327,8,9	47	76,73,87	184.2
213	16	0.710	стакан-марка-красная	2.8	17.3	порода-в-тени	1.442	32.5	9.0	-1.0	9.1	маска	C0049_00m18s.png	123	989,1066,2,3	6	106,87,96	22.1
214	64	0.711	рюкзак-синий	4.1	13.7	снег-в-тени	1.490	25.1	0.0	-18.0	18.0	маска	DJI_20260813183140_0012_Z.JPG	103	1777,1397,11,9	53	43,62,87	206.8
215	43	0.713	стакан-марка-красная	3.6	15.5	порода-охристая	1.078	34.3	8.0	3.0	8.5	маска	DJI_20260813183101_0008_Z.JPG	291	1095,347,4,2	8	99,81,81	19.6
216	17	0.716	стакан-марка-красная	5.4	6.9	порода-охристая	1.348	56.7	16.0	3.0	16.3	маска	C0049_00m18s.png	17	743,689,7,6	36	159,120,125	150.1
217	29	0.717	стакан-марка-красная	4.5	12.6	снег-розовый	1.205	62.4	9.0	-3.0	9.5	маска	DJI_20260813183534_0014_Z_00m31s.jpg	90	422,621,3,8	17	144,123,133	70.8
218	25	0.718	рюкзак-синий	5.7	3.6	снег-в-тени	0.701	42.4	5.0	-10.0	11.2	маска	DJI_20260813183028_0002_Z.JPG	166	946,1725,6,5	25	89,86,103	93.9
219	24	0.719	стакан-марка-красная	3.6	15.7	порода-в-тени	1.343	34.1	8.0	-1.0	8.1	маска	DJI_20260813183004_0001_Z_03m40s.jpg	63	426,746,3,4	11	91,73,78	39.3
220	65	0.720	палка-древко-бирюзовое	3.6	15.7	снег-пересвеченный	2.200	68.2	-17.0	-13.0	21.4	маска	DJI_20260813183140_0012_Z.JPG	43	2423,1049,17,14	150	106,169,184	653.6
221	44	0.721	стакан-марка-красная	3.0	17.3	порода-охристая	1.322	32.5	8.0	1.0	8.1	маска	DJI_20260813183101_0008_Z.JPG	48	3605,377,19,20	156	103,85,87	591.9
222	10	0.723	палка-древко-контроль	5.0	10.2	снег-в-тени	1.040	51.8	-8.0	-10.0	12.8	маска	DJI_20260813183727_0015_Z_03m32s.jpg	10	39,23,28,29	190	141,155,160	770.4
223	26	0.727	стакан-марка-красная	5.0	10.4	снег-в-тени	1.217	39.4	8.0	-3.0	8.5	маска	DJI_20260813183028_0002_Z.JPG	311	946,1815,3,3	8	103,88,97	27.5
224	45	0.727	рюкзак-синий	5.0	10.4	снег-в-тени	0.731	49.2	5.0	-11.0	12.1	маска	DJI_20260813183101_0008_Z.JPG	96	1278,54,10,9	70	123,122,141	267.0
225	9	0.728	стакан-марка-красная	2.2	18.8	порода-охристая	1.422	31.0	9.0	0.0	9.0	маска	DJI_20260813183004_0001_Z_01m56s.jpg	61	705,1032,5,4	12	95,77,82	45.3
226	25	0.729	стакан-марка-красная	5.8	0.0	снег-в-тени	1.120	49.8	8.0	-4.0	8.9	маска	DJI_20260813183004_0001_Z_03m40s.jpg	77	159,423,2,4	8	95,81,91	29.1
227	26	0.729	рюкзак-синий	5.8	0.0	снег-в-тени	0.607	38.8	4.0	-9.0	9.8	маска	DJI_20260813183004_0001_Z_03m40s.jpg	47	1310,70,4,5	17	86,86,100	66.0
228	27	0.729	рюкзак-синий	5.8	0.4	снег-в-тени	0.903	38.4	6.0	-11.0	12.5	маска	DJI_20260813183028_0002_Z.JPG	58	1371,274,17,9	92	83,79,95	362.1
229	10	0.729	стакан-марка-красная	5.4	7.8	порода-охристая	0.962	57.6	9.0	6.0	10.8	маска	DJI_20260813183004_0001_Z_01m56s.jpg	10	1634,0,15,17	102	129,106,102	396.2
230	66	0.730	рюкзак-синий	5.8	1.3	снег-в-тени	1.402	37.5	6.0	-17.0	18.0	маска	DJI_20260813183140_0012_Z.JPG	148	2952,1465,4,6	21	83,86,115	96.9
231	46	0.731	рюкзак-синий	3.6	16.1	снег-в-тени	0.614	54.9	-2.0	-12.0	12.2	маска	DJI_20260813183101_0008_Z.JPG	33	1831,1198,17,14	165	131,147,163	811.4
232	30	0.732	палка-ручка-пробка	5.8	1.8	лишайник-жёлтый-на-камне	0.872	77.5	8.0	18.0	19.7	маска	DJI_20260813183534_0014_Z_00m31s.jpg	152	369,1017,5,2	10	213,181,153	35.9
233	47	0.732	стакан-марка-красная	5.8	1.8	снег-в-тени	1.118	48.0	8.0	-4.0	8.9	маска	DJI_20260813183101_0008_Z.JPG	255	3425,10,4,3	10	124,110,120	32.8
234	28	0.734	палка-ручка-контроль	5.4	8.2	лишайник-жёлтый-на-камне	1.069	49.4	8.0	21.0	22.5	маска	DJI_20260813183028_0002_Z.JPG	1	1733,575,157,199	6177	124,114,103	26700.6
235	29	0.735	стакан-марка-красная	5.4	8.2	снег-в-тени	1.284	58.0	9.0	-4.0	9.8	маска	DJI_20260813183028_0002_Z.JPG	238	2999,2121,4,4	14	182,167,177	50.8
236	67	0.735	рюкзак-синий	3.6	16.3	снег-в-тени	0.985	22.5	-1.0	-11.0	11.0	маска	DJI_20260813183140_0012_Z.JPG	84	2573,937,14,10	74	43,57,71	272.9
237	48	0.738	рюкзак-синий	4.5	13.5	снег-в-тени	0.922	25.3	3.0	-10.0	10.4	маска	DJI_20260813183101_0008_Z.JPG	158	2087,720,7,6	33	62,64,79	120.4
238	68	0.739	рюкзак-синий	4.5	13.6	снег-в-тени	0.479	52.4	3.0	-10.0	10.4	маска	DJI_20260813183140_0012_Z.JPG	196	2301,2111,4,4	15	119,121,138	48.6
239	49	0.742	рюкзак-синий	5.7	6.3	снег-в-тени	0.866	32.5	5.0	-10.0	11.2	маска	DJI_20260813183101_0008_Z.JPG	115	3832,223,8,8	56	81,79,96	211.8
240	50	0.743	стакан-марка-красная	4.5	13.7	снег-в-тени	1.353	36.1	9.0	-3.0	9.5	маска	DJI_20260813183101_0008_Z.JPG	297	1345,1701,3,2	6	95,80,88	19.1
241	51	0.744	стакан-марка-красная	3.2	17.6	снег-в-тени	1.561	32.2	10.0	-2.0	10.2	маска	DJI_20260813183101_0008_Z.JPG	58	53,1611,14,18	122	92,73,76	467.9
242	27	0.747	стакан-марка-красная	3.6	16.7	порода-в-тени	1.330	33.1	8.0	-1.0	8.1	маска	DJI_20260813183004_0001_Z_03m40s.jpg	80	27,567,3,3	7	103,85,91	28.4
243	30	0.747	стакан-марка-красная	3.6	16.7	снег-в-тени	1.450	33.1	9.0	-2.0	9.2	маска	DJI_20260813183028_0002_Z.JPG	171	1142,1550,7,5	27	101,86,93	92.8
244	69	0.748	рюкзак-синий	5.1	11.0	снег-в-тени	1.569	27.8	2.0	-19.0	19.1	маска	DJI_20260813183140_0012_Z.JPG	38	2182,1219,24,11	181	49,64,91	729.1
245	31	0.751	стакан-марка-красная	5.8	5.1	снег-в-тени	1.838	54.9	14.0	-4.0	14.6	маска	DJI_20260813183534_0014_Z_00m31s.jpg	87	514,733,5,4	17	146,121,132	73.5
246	52	0.751	стакан-марка-красная	5.8	5.1	порода-охристая	0.937	54.9	8.0	6.0	10.0	маска	DJI_20260813183101_0008_Z.JPG	185	2083,1737,8,5	22	142,118,114	84.2
247	53	0.752	рюкзак-синий	3.6	16.8	снег-в-тени	1.163	22.0	4.0	-12.0	12.6	маска	DJI_20260813183101_0008_Z.JPG	69	2689,1523,15,9	102	47,50,65	384.2
248	11	0.753	стакан-марка-красная	5.7	7.3	снег-розовый	1.034	57.1	7.0	5.0	8.6	bbox	DJI_20260813183727_0015_Z_03m32s.jpg	79	1303,381,2,3	6	155,134,130	14.3
249	12	0.757	рюкзак-синий	4.5	14.3	снег-в-тени	0.946	24.5	3.0	-10.0	10.4	маска	DJI_20260813183727_0015_Z_03m32s.jpg	37	18,187,6,6	31	60,62,76	122.1
250	32	0.758	стакан-марка-красная	3.2	18.0	порода-в-тени	1.435	31.8	9.0	-1.5	9.1	bbox	DJI_20260813183534_0014_Z_00m31s.jpg	197	297,227,3,2	6	84,67,74	20.6
251	11	0.761	стакан-марка-красная	5.0	12.2	снег-розовый	1.008	62.0	8.0	5.0	9.4	маска	DJI_20260813183004_0001_Z_01m56s.jpg	63	469,782,5,3	15	166,144,139	42.4
252	54	0.761	рюкзак-синий	5.0	12.2	снег-в-тени	0.570	51.0	4.0	-10.0	10.8	маска	DJI_20260813183101_0008_Z.JPG	131	3593,167,9,8	48	126,125,142	172.0
253	31	0.762	стакан-марка-красная	4.5	14.5	снег-в-тени	1.362	35.3	9.0	-3.0	9.5	маска	DJI_20260813183028_0002_Z.JPG	170	747,1982,5,6	23	108,92,101	93.1
254	70	0.763	рюкзак-синий	3.6	17.2	снег-в-тени	1.017	21.6	-1.0	-11.0	11.0	маска	DJI_20260813183140_0012_Z.JPG	95	2602,1047,11,9	64	39,52,67	243.6
255	12	0.764	палка-ручка-пробка	6.1	2.0	лишайник-жёлтый-на-камне	0.580	73.7	6.0	17.0	18.0	маска	DJI_20260813183004_0001_Z_01m56s.jpg	7	1647,791,19,7	112	200,173,148	446.6
256	33	0.771	стакан-марка-красная	5.7	8.6	снег-в-тени	1.101	41.2	7.0	-3.0	7.6	маска	DJI_20260813183534_0014_Z_00m31s.jpg	95	686,518,5,10	22	110,97,102	66.8
257	18	0.772	стакан-марка-красная	2.8	19.2	порода-охристая	1.068	30.6	9.0	3.0	9.5	маска	C0049_00m18s.png	98	756,681,3,3	8	94,70,71	29.9
258	19	0.773	палка-ручка-пробка	6.1	3.9	лишайник-жёлтый-на-камне	0.548	71.8	6.0	17.0	18.0	маска	C0049_00m18s.png	20	1779,97,8,8	36	190,164,142	145.5
259	71	0.774	палка-древко-контроль	6.1	4.1	снег-в-тени	1.134	45.7	-9.0	-9.0	12.7	bbox	DJI_20260813183140_0012_Z.JPG	271	2420,1023,3,2	6	81,112,121	22.2
260	32	0.776	палка-ручка-контроль	6.0	5.5	лишайник-жёлтый-на-камне	1.942	63.1	6.0	32.0	32.6	маска	DJI_20260813183028_0002_Z.JPG	197	1777,705,3,6	17	181,148,98	75.0
261	55	0.777	рюкзак-синий	5.7	9.0	снег-в-тени	0.673	47.8	5.0	-10.0	11.2	маска	DJI_20260813183101_0008_Z.JPG	141	949,1740,7,9	45	109,108,124	157.1
262	33	0.778	рюкзак-синий	5.0	13.0	снег-в-тени	0.742	51.8	5.0	-11.0	12.1	маска	DJI_20260813183028_0002_Z.JPG	169	1406,324,5,7	28	144,143,159	93.2
263	34	0.778	стакан-марка-красная	2.8	19.4	порода-в-тени	1.421	30.4	9.0	-1.0	9.1	маска	DJI_20260813183028_0002_Z.JPG	159	1550,1815,8,4	29	95,78,85	98.9
264	56	0.778	стакан-марка-красная	2.8	19.4	порода-в-тени	1.421	30.4	9.0	-1.0	9.1	маска	DJI_20260813183101_0008_Z.JPG	155	2119,1498,10,5	37	86,69,74	124.3
265	13	0.779	палка-ручка-пробка	6.1	4.7	лишайник-жёлтый-на-камне	0.318	71.0	4.0	17.0	17.5	маска	DJI_20260813183004_0001_Z_01m56s.jpg	17	1622,802,11,7	62	192,169,143	236.0
266	28	0.781	рюкзак-синий	5.0	13.1	снег-в-тени	1.075	25.7	5.0	-11.0	12.1	маска	DJI_20260813183004_0001_Z_03m40s.jpg	15	1047,1030,7,12	61	72,70,87	260.7
267	20	0.782	стакан-марка-красная	4.2	16.1	порода-в-тени	1.343	33.7	8.0	-2.0	8.2	маска	C0049_00m18s.png	64	559,732,8,3	19	93,80,87	53.2
268	34	0.783	рюкзак-синий	4.1	16.5	снег-в-тени	0.443	55.3	2.0	-10.0	10.2	маска	DJI_20260813183534_0014_Z_00m31s.jpg	39	230,316,6,13	37	134,139,152	158.2
269	35	0.783	палка-ручка-контроль	2.8	19.6	лишайник-жёлтый-на-камне	1.513	38.0	8.0	24.0	25.3	маска	DJI_20260813183534_0014_Z_00m31s.jpg	55	183,550,9,7	32	153,128,95	113.2
270	72	0.786	палка-древко-контроль	6.1	5.5	снег-в-тени	2.020	36.1	-9.0	-21.0	22.8	маска	DJI_20260813183140_0012_Z.JPG	135	1730,1401,9,6	32	30,88,117	117.2
271	13	0.786	стакан-марка-красная	5.8	8.2	порода-охристая	0.738	41.6	8.0	6.0	10.0	маска	DJI_20260813183727_0015_Z_03m32s.jpg	43	898,3,7,8	26	109,87,81	82.8
272	57	0.786	стакан-марка-красная	5.8	8.2	порода-охристая	1.012	58.0	8.0	6.0	10.0	маска	DJI_20260813183101_0008_Z.JPG	182	2199,1603,8,5	28	166,143,137	87.6
273	73	0.786	рюкзак-синий	5.0	13.4	снег-в-тени	0.580	52.2	4.0	-10.0	10.8	маска	DJI_20260813183140_0012_Z.JPG	188	2998,2004,3,6	16	123,123,140	54.9
274	36	0.787	палка-ручка-пробка	5.1	12.9	лишайник-жёлтый-на-камне	1.229	88.6	0.0	24.0	24.0	маска	DJI_20260813183534_0014_Z_00m31s.jpg	27	356,993,7,11	52	215,195,158	230.5
275	35	0.789	рюкзак-синий	5.7	9.8	снег-в-тени	0.674	48.6	5.0	-10.0	11.2	маска	DJI_20260813183028_0002_Z.JPG	129	1087,267,7,6	35	113,109,127	124.4
276	74	0.791	рюкзак-синий	4.5	15.7	снег-в-тени	0.924	23.1	-1.0	-10.0	10.0	маска	DJI_20260813183140_0012_Z.JPG	88	2313,1172,12,9	72	45,57,70	260.6
277	37	0.791	палка-ручка-пробка	6.3	3.1	лишайник-жёлтый-на-камне	0.890	78.8	8.0	17.5	19.2	маска	DJI_20260813183534_0014_Z_00m31s.jpg	182	346,1069,3,2	6	218,186,159	23.0
278	75	0.792	палка-древко-контроль	6.3	1.2	снег-в-тени	1.284	40.4	-10.0	-9.0	13.5	маска	DJI_20260813183140_0012_Z.JPG	156	2588,947,10,6	24	69,105,114	86.8
279	38	0.793	стакан-марка-красная	5.0	13.5	снег-розовый	1.397	63.3	10.5	-4.0	11.2	маска	DJI_20260813183534_0014_Z_00m31s.jpg	122	386,733,4,6	12	152,130,141	48.9
280	76	0.794	палка-древко-контроль	6.1	6.4	снег-в-тени	1.132	48.0	-9.0	-9.0	12.7	bbox	DJI_20260813183140_0012_Z.JPG	273	2400,1031,3,2	6	87,118,128	22.1
281	39	0.796	стакан-марка-красная	2.0	21.2	порода-охристая	1.540	28.6	11.0	-1.0	11.0	маска	DJI_20260813183534_0014_Z_00m31s.jpg	133	475,986,3,5	12	91,69,76	44.2
282	58	0.797	стакан-марка-красная	4.2	16.7	порода-охристая	0.970	33.1	8.0	4.0	8.9	маска	DJI_20260813183101_0008_Z.JPG	292	717,1657,4,2	8	98,79,77	19.5
283	77	0.797	палка-древко-контроль	6.3	2.9	снег-в-тени	1.262	44.5	-10.0	-9.0	13.5	bbox	DJI_20260813183140_0012_Z.JPG	280	2600,945,3,2	6	74,110,119	21.0
284	29	0.799	стакан-марка-красная	5.0	13.9	снег-розовый	0.974	63.7	8.0	5.0	9.4	маска	DJI_20260813183004_0001_Z_03m40s.jpg	64	9,185,3,4	11	169,146,141	37.1
285	36	0.802	стакан-марка-красная	6.4	1.6	снег-в-тени	1.008	48.2	7.0	-4.0	8.1	bbox	DJI_20260813183028_0002_Z.JPG	371	3833,1924,2,3	6	123,110,121	15.6
286	30	0.802	стакан-марка-красная	6.4	1.6	снег-в-тени	1.016	51.4	7.0	-4.0	8.1	bbox	DJI_20260813183004_0001_Z_03m40s.jpg	98	353,343,2,3	6	130,117,127	19.2
287	59	0.802	рюкзак-синий	6.4	1.6	снег-в-тени	0.834	40.4	6.0	-10.0	11.7	маска	DJI_20260813183101_0008_Z.JPG	59	769,1849,9,23	124	107,101,117	459.4
288	14	0.803	стакан-марка-красная	5.8	9.4	порода-охристая	1.041	59.2	8.0	6.0	10.0	маска	DJI_20260813183004_0001_Z_01m56s.jpg	37	471,802,4,7	26	157,135,128	82.5
289	78	0.803	палка-ручка-пробка	5.0	14.1	лишайник-жёлтый-на-камне	0.954	89.8	1.0	20.0	20.0	маска	DJI_20260813183140_0012_Z.JPG	14	3394,653,49,69	533	202,179,143	2167.7
290	31	0.803	стакан-марка-красная	5.0	14.1	снег-розовый	0.970	63.9	8.0	5.0	9.4	маска	DJI_20260813183004_0001_Z_03m40s.jpg	49	443,800,6,5	19	171,148,143	64.4
291	60	0.803	стакан-марка-красная	6.4	2.0	снег-в-тени	1.008	47.8	7.0	-4.0	8.1	bbox	DJI_20260813183101_0008_Z.JPG	303	713,149,2,3	6	124,111,122	17.3
292	61	0.803	стакан-марка-красная	3.6	18.6	порода-в-тени	1.308	31.2	8.0	-1.0	8.1	маска	DJI_20260813183101_0008_Z.JPG	88	607,2135,8,20	86	98,83,88	297.4
293	37	0.804	рюкзак-синий	6.4	2.0	снег-в-тени	0.829	40.8	6.0	-10.0	11.7	маска	DJI_20260813183028_0002_Z.JPG	30	1833,153,23,24	183	94,91,103	707.7
294	79	0.804	рюкзак-синий	5.0	14.1	снег-в-тени	0.588	52.9	4.0	-10.0	10.8	маска	DJI_20260813183140_0012_Z.JPG	205	2663,2069,4,3	11	117,115,136	44.1
295	38	0.805	рюкзак-синий	6.4	2.4	снег-в-тени	0.680	41.2	5.0	-9.0	10.3	маска	DJI_20260813183028_0002_Z.JPG	312	2163,292,4,3	9	91,85,102	27.3
296	39	0.806	рюкзак-синий	5.8	9.6	снег-в-тени	0.516	48.4	4.0	-9.0	9.8	маска	DJI_20260813183028_0002_Z.JPG	184	1167,1345,6,6	24	104,103,119	81.1
297	40	0.806	стакан-марка-красная	2.2	21.2	порода-в-тени	1.529	28.6	10.0	-1.0	10.0	маска	DJI_20260813183028_0002_Z.JPG	86	983,1206,6,15	61	79,62,66	206.8
298	41	0.807	стакан-марка-красная	4.0	17.6	порода-в-тени	1.215	32.2	7.0	0.5	7.0	bbox	DJI_20260813183028_0002_Z.JPG	373	2735,1354,2,3	6	89,73,77	13.8
299	62	0.808	стакан-марка-красная	4.2	17.1	порода-охристая	0.973	32.7	8.0	4.0	8.9	маска	DJI_20260813183101_0008_Z.JPG	266	1719,139,4,2	8	90,70,69	27.8
300	21	0.809	стакан-марка-красная	3.6	18.8	порода-в-тени	1.306	31.0	8.0	-1.0	8.1	маска	C0049_00m18s.png	106	555,645,2,4	8	84,68,74	27.2
301	63	0.809	стакан-марка-красная	3.6	18.8	снег-розовый	0.898	68.6	8.0	-1.0	8.1	маска	DJI_20260813183101_0008_Z.JPG	168	535,2040,5,7	29	181,162,168	110.2
302	40	0.814	палка-ручка-контроль	2.7	20.7	лишайник-жёлтый-на-камне	1.645	36.9	8.5	25.0	26.4	маска	DJI_20260813183534_0014_Z_00m31s.jpg	98	106,1009,3,7	19	134,104,70	64.8
303	64	0.815	рюкзак-синий	5.8	10.2	снег-в-тени	0.517	49.0	4.0	-9.0	9.8	маска	DJI_20260813183101_0008_Z.JPG	206	365,1096,6,4	20	119,118,134	67.2
304	15	0.817	стакан-марка-красная	5.4	12.9	порода-охристая	1.100	62.7	9.0	6.0	10.8	маска	DJI_20260813183004_0001_Z_01m56s.jpg	24	417,784,6,8	38	167,139,133	153.1
305	16	0.820	стакан-марка-красная	6.1	8.6	порода-охристая	0.525	41.2	10.0	7.0	12.2	маска	DJI_20260813183004_0001_Z_01m56s.jpg	3	1815,717,45,17	272	127,105,100	1029.4
306	41	0.820	палка-ручка-контроль	4.5	16.8	лишайник-жёлтый-на-камне	1.595	40.8	10.0	24.0	26.0	маска	DJI_20260813183534_0014_Z_00m31s.jpg	18	51,837,22,11	101	145,112,80	326.0
307	17	0.822	стакан-марка-красная	2.8	20.8	порода-охристая	1.084	29.0	9.0	3.0	9.5	маска	DJI_20260813183004_0001_Z_01m56s.jpg	73	1805,300,3,3	8	74,55,55	30.4
308	42	0.823	рюкзак-синий	5.7	11.8	снег-в-тени	0.680	50.6	5.0	-10.0	11.2	маска	DJI_20260813183028_0002_Z.JPG	226	129,914,4,6	18	127,127,143	56.9
309	43	0.823	стакан-марка-красная	2.0	22.0	порода-охристая	1.329	27.8	9.0	1.0	9.1	маска	DJI_20260813183028_0002_Z.JPG	11	769,135,28,30	334	86,77,75	1294.0
310	42	0.824	стакан-марка-красная	6.6	1.4	снег-в-тени	1.532	48.4	12.0	-5.5	13.2	маска	DJI_20260813183534_0014_Z_00m31s.jpg	24	161,25,7,20	67	135,111,120	264.2
311	18	0.824	стакан-марка-красная	6.3	6.5	порода-охристая	0.586	43.3	9.0	7.0	11.4	маска	DJI_20260813183004_0001_Z_01m56s.jpg	74	448,806,3,3	8	122,97,92	30.4
312	44	0.824	стакан-марка-красная	5.4	13.3	снег-в-тени	1.296	36.5	9.0	-4.0	9.8	маска	DJI_20260813183028_0002_Z.JPG	97	1152,1982,8,8	48	107,93,104	174.1
313	45	0.825	стакан-марка-красная	3.2	20.2	порода-в-тени	1.353	29.6	8.5	-1.0	8.6	маска	DJI_20260813183028_0002_Z.JPG	346	2664,120,2,3	6	84,67,72	19.5
314	22	0.828	стакан-марка-красная	3.4	20.0	порода-охристая	0.946	29.8	9.5	4.0	10.3	маска	C0049_00m18s.png	109	736,666,3,3	7	94,73,73	26.8
315	80	0.831	рюкзак-синий	5.0	15.3	снег-в-тени	0.287	54.1	1.0	-9.0	9.1	маска	DJI_20260813183140_0012_Z.JPG	142	2709,1655,10,8	27	111,116,134	106.3
316	65	0.833	рюкзак-синий	5.4	13.7	снег-в-тени	0.917	52.5	6.0	-12.0	13.4	маска	DJI_20260813183101_0008_Z.JPG	27	556,943,18,22	228	133,130,146	956.6
317	46	0.833	рюкзак-синий	6.4	6.5	снег-в-тени	0.796	45.3	6.0	-10.0	11.7	маска	DJI_20260813183028_0002_Z.JPG	54	539,1107,11,18	107	102,96,111	392.3
318	32	0.835	стакан-марка-красная	5.0	15.5	снег-розовый	0.947	65.3	8.0	5.0	9.4	маска	DJI_20260813183004_0001_Z_03m40s.jpg	78	357,241,4,3	10	180,157,153	28.8
319	43	0.838	палка-ручка-контроль	5.0	15.6	лишайник-жёлтый-на-камне	1.799	42.0	11.0	26.0	28.2	маска	DJI_20260813183534_0014_Z_00m31s.jpg	6	216,588,16,18	188	131,97,65	723.8
320	81	0.839	палка-древко-контроль	5.1	15.3	снег-в-тени	0.966	56.9	-7.0	-10.0	12.2	маска	DJI_20260813183140_0012_Z.JPG	80	1397,1509,18,16	77	116,143,154	293.6
321	44	0.839	палка-ручка-контроль	2.7	21.5	лишайник-жёлтый-на-камне	1.663	36.1	8.5	25.0	26.4	маска	DJI_20260813183534_0014_Z_00m31s.jpg	47	201,577,6,8	36	127,96,63	128.8
322	33	0.839	стакан-марка-красная	5.0	15.7	снег-розовый	0.943	65.5	8.0	5.0	9.4	маска	DJI_20260813183004_0001_Z_03m40s.jpg	69	85,253,3,4	10	173,149,145	34.0
323	23	0.841	стакан-марка-красная	5.4	14.1	снег-в-тени	1.305	35.7	9.0	-4.0	9.8	маска	C0049_00m18s.png	38	1287,1048,10,7	28	143,126,135	90.7
324	82	0.842	рюкзак-синий	4.5	17.6	снег-в-тени	0.991	21.2	-1.0	-10.0	10.0	маска	DJI_20260813183140_0012_Z.JPG	33	2485,971,28,16	236	45,60,74	873.3
325	14	0.843	стакан-марка-красная	6.7	2.4	порода-охристая	0.795	52.2	8.0	7.0	10.6	маска	DJI_20260813183727_0015_Z_03m32s.jpg	21	563,872,21,13	107	136,114,107	363.3
326	47	0.843	стакан-марка-красная	6.1	10.2	порода-охристая	0.928	60.0	10.0	7.0	12.2	маска	DJI_20260813183028_0002_Z.JPG	5	1363,1150,24,70	744	185,167,163	3421.3
327	19	0.845	стакан-марка-красная	4.2	18.4	порода-в-тени	1.316	31.4	8.0	-2.0	8.2	маска	DJI_20260813183004_0001_Z_01m56s.jpg	60	917,1021,4,3	12	153,137,144	49.1
328	15	0.846	стакан-марка-красная	6.1	10.4	порода-охристая	0.517	39.4	10.0	7.0	12.2	маска	DJI_20260813183727_0015_Z_03m32s.jpg	25	1187,577,12,9	80	106,83,78	278.6
329	45	0.848	стакан-марка-красная	4.5	17.8	порода-в-тени	1.198	32.0	7.0	-1.0	7.1	маска	DJI_20260813183534_0014_Z_00m31s.jpg	58	982,371,17,2	34	90,74,78	107.2
330	16	0.849	стакан-марка-красная	5.0	16.1	снег-розовый	0.937	65.9	8.0	5.0	9.4	маска	DJI_20260813183727_0015_Z_03m32s.jpg	76	1845,652,2,4	8	179,157,152	21.6
331	46	0.852	палка-ручка-пробка	6.7	4.3	лишайник-жёлтый-на-камне	0.911	80.0	8.0	17.0	18.8	маска	DJI_20260813183534_0014_Z_00m31s.jpg	142	125,976,4,3	11	227,198,175	40.3
332	48	0.853	стакан-марка-красная	6.7	4.3	снег-в-тени	1.071	45.5	8.0	-5.0	9.4	маска	DJI_20260813183028_0002_Z.JPG	230	3679,2106,5,6	18	136,123,134	55.9
333	66	0.853	рюкзак-синий	5.7	13.4	снег-в-тени	0.691	52.2	5.0	-10.0	11.2	маска	DJI_20260813183101_0008_Z.JPG	42	750,1950,13,32	174	153,152,167	644.5
334	49	0.853	рюкзак-синий	6.4	8.3	снег-в-тени	0.638	47.1	5.0	-9.0	10.3	маска	DJI_20260813183028_0002_Z.JPG	271	217,1266,4,4	13	90,85,101	39.2
335	20	0.853	стакан-марка-красная	3.2	21.2	снег-розовый	0.825	71.0	8.0	0.0	8.0	маска	DJI_20260813183004_0001_Z_01m56s.jpg	53	1702,130,5,4	15	164,144,148	54.8
336	47	0.854	стакан-марка-красная	2.7	22.0	снег-розовый	0.875	71.8	8.5	0.0	8.5	маска	DJI_20260813183534_0014_Z_00m31s.jpg	176	236,567,2,4	8	188,167,170	27.0
337	17	0.856	стакан-марка-красная	3.6	20.4	порода-охристая	0.965	29.4	9.0	4.0	9.8	маска	DJI_20260813183727_0015_Z_03m32s.jpg	24	1563,65,14,11	81	83,67,65	280.5
338	50	0.858	рюкзак-синий	6.4	8.7	снег-в-тени	0.637	47.5	5.0	-9.0	10.3	маска	DJI_20260813183028_0002_Z.JPG	234	149,835,3,6	17	106,102,118	52.8
339	67	0.858	стакан-марка-красная	5.4	14.9	снег-в-тени	1.314	34.9	9.0	-4.0	9.8	маска	DJI_20260813183101_0008_Z.JPG	125	663,1096,8,8	48	97,82,92	185.5
340	83	0.859	рюкзак-синий	5.0	16.5	снег-в-тени	0.321	55.3	1.0	-9.0	9.1	маска	DJI_20260813183140_0012_Z.JPG	167	229,2135,8,3	18	110,116,133	73.6
341	34	0.860	стакан-марка-красная	6.7	5.3	порода-охристая	0.864	55.1	8.0	7.0	10.6	bbox	DJI_20260813183004_0001_Z_03m40s.jpg	97	145,253,2,3	6	149,126,119	19.3
342	68	0.861	рюкзак-синий	5.7	13.7	снег-в-тени	0.694	52.5	5.0	-10.0	11.2	маска	DJI_20260813183101_0008_Z.JPG	83	735,259,11,10	84	149,145,164	324.7
343	84	0.862	палка-древко-бирюзовое	4.0	19.7	снег-пересвеченный	1.895	72.2	-15.0	-12.0	19.2	маска	DJI_20260813183140_0012_Z.JPG	79	2353,1072,11,9	73	124,180,192	297.0
344	69	0.863	стакан-марка-красная	4.5	18.4	снег-в-тени	1.414	31.4	9.0	-3.0	9.5	маска	DJI_20260813183101_0008_Z.JPG	23	3231,18,29,20	267	136,122,129	1070.7
345	51	0.865	стакан-марка-красная	6.3	9.8	снег-в-тени	1.218	40.0	9.0	-5.0	10.3	маска	DJI_20260813183028_0002_Z.JPG	307	910,1860,3,3	9	108,95,108	28.2
346	85	0.865	палка-ручка-контроль	6.1	11.4	лишайник-жёлтый-на-камне	1.756	69.0	2.5	31.0	31.1	bbox	DJI_20260813183140_0012_Z.JPG	284	530,1959,3,2	6	191,164,111	20.9
347	52	0.866	рюкзак-синий	6.4	9.2	снег-в-тени	0.637	48.0	5.0	-9.0	10.3	маска	DJI_20260813183028_0002_Z.JPG	220	1783,167,6,4	18	111,106,122	58.5
348	86	0.866	рюкзак-синий	5.4	15.3	снег-в-тени	0.885	23.5	-1.0	-9.0	9.1	маска	DJI_20260813183140_0012_Z.JPG	163	2276,1193,8,5	25	45,55,67	80.9
349	87	0.866	рюкзак-синий	5.4	15.3	снег-в-тени	0.885	23.5	-1.0	-9.0	9.1	маска	DJI_20260813183140_0012_Z.JPG	182	1518,1528,7,4	19	46,55,67	60.4
350	70	0.867	рюкзак-синий	5.1	16.4	снег-в-тени	0.951	22.4	2.0	-9.0	9.2	маска	DJI_20260813183101_0008_Z.JPG	37	1913,773,18,24	208	55,59,72	753.1
351	53	0.867	стакан-марка-красная	4.2	19.2	порода-охристая	0.992	30.6	8.0	4.0	8.9	маска	DJI_20260813183028_0002_Z.JPG	116	565,1295,10,7	39	81,63,62	139.0
352	88	0.867	палка-древко-бирюзовое	3.2	21.6	снег-пересвеченный	1.863	74.1	-14.0	-13.0	19.1	маска	DJI_20260813183140_0012_Z.JPG	83	1491,1458,6,14	68	127,181,195	279.6
353	89	0.868	рюкзак-синий	3.6	20.8	снег-в-тени	1.592	18.0	3.0	-17.0	17.3	маска	DJI_20260813183140_0012_Z.JPG	15	2923,857,37,26	507	35,47,70	2134.5
354	90	0.868	рюкзак-синий	5.1	16.5	снег-в-тени	0.295	55.3	0.0	-9.0	9.0	маска	DJI_20260813183140_0012_Z.JPG	90	3805,1895,20,6	64	114,124,138	253.6
355	35	0.868	стакан-марка-красная	5.0	16.9	снег-розовый	0.925	66.7	8.0	5.0	9.4	маска	DJI_20260813183004_0001_Z_03m40s.jpg	91	792,730,3,3	8	173,151,146	21.1
356	18	0.870	стакан-марка-красная	6.3	10.2	порода-охристая	0.561	39.6	9.0	7.0	11.4	маска	DJI_20260813183727_0015_Z_03m32s.jpg	33	1605,977,18,3	40	114,90,84	141.8
357	91	0.871	палка-ручка-контроль	6.3	10.2	лишайник-жёлтый-на-камне	1.893	67.8	4.0	32.0	32.2	маска	DJI_20260813183140_0012_Z.JPG	22	487,1919,20,27	294	187,158,106	1236.7
358	54	0.872	стакан-марка-красная	2.2	23.1	порода-охристая	1.226	26.7	9.0	2.0	9.2	маска	DJI_20260813183028_0002_Z.JPG	228	2455,344,4,5	17	75,57,59	56.4
359	71	0.873	стакан-марка-красная	4.2	19.4	порода-в-тени	1.306	30.4	8.0	-2.0	8.2	маска	DJI_20260813183101_0008_Z.JPG	232	375,1458,3,5	13	82,68,76	45.2
360	48	0.876	палка-ручка-пробка	5.7	14.5	лишайник-жёлтый-на-камне	0.925	90.2	1.0	19.0	19.0	маска	DJI_20260813183534_0014_Z_00m31s.jpg	45	203,481,6,10	38	218,195,164	135.6
361	72	0.877	стакан-марка-красная	2.5	22.9	порода-охристая	1.616	26.9	11.0	-1.5	11.1	маска	DJI_20260813183101_0008_Z.JPG	201	2294,1637,5,4	18	75,54,62	70.9
362	55	0.878	стакан-марка-красная	3.2	22.0	порода-охристая	1.244	27.8	8.0	2.0	8.2	маска	DJI_20260813183028_0002_Z.JPG	324	1616,1440,3,3	8	86,69,70	23.9
363	92	0.878	рюкзак-синий	5.0	17.3	снег-в-тени	0.344	56.1	1.0	-9.0	9.1	маска	DJI_20260813183140_0012_Z.JPG	123	3659,1545,5,10	34	117,123,140	140.1
364	73	0.880	рюкзак-синий	6.4	10.2	снег-в-тени	0.792	49.0	6.0	-10.0	11.7	маска	DJI_20260813183101_0008_Z.JPG	157	3605,1397,7,6	34	123,118,136	121.3
365	56	0.880	стакан-марка-красная	3.6	21.2	порода-в-тени	1.284	28.6	8.0	-1.0	8.1	маска	DJI_20260813183028_0002_Z.JPG	250	1195,1633,5,4	15	89,74,79	46.9
366	57	0.880	стакан-марка-красная	3.6	21.2	порода-в-тени	1.284	28.6	8.0	-1.0	8.1	маска	DJI_20260813183028_0002_Z.JPG	336	918,722,3,3	8	80,64,68	21.6
367	58	0.881	рюкзак-синий	5.7	14.7	снег-в-тени	0.704	53.5	5.0	-10.0	11.2	маска	DJI_20260813183028_0002_Z.JPG	40	877,527,24,13	143	129,127,142	527.1
368	49	0.882	стакан-марка-красная	3.5	21.4	порода-в-тени	1.722	28.4	11.5	-2.5	11.8	маска	DJI_20260813183534_0014_Z_00m31s.jpg	12	91,113,17,24	105	83,62,64	390.4
369	74	0.883	стакан-марка-красная	6.1	12.5	порода-охристая	0.517	37.3	12.0	7.0	13.9	маска	DJI_20260813183101_0008_Z.JPG	10	1056,279,39,38	513	121,94,92	2032.5
370	59	0.884	рюкзак-синий	6.5	9.6	снег-в-тени	0.670	29.2	0.5	-7.5	7.5	bbox	DJI_20260813183028_0002_Z.JPG	349	1708,854,2,3	6	62,68,79	19.1
371	93	0.884	рюкзак-синий	4.0	20.4	снег-в-тени	0.494	59.2	1.0	-10.0	10.0	маска	DJI_20260813183140_0012_Z.JPG	40	2091,2125,19,22	167	109,116,133	693.7
372	94	0.884	рюкзак-синий	5.4	16.1	снег-в-тени	0.912	22.7	-1.0	-9.0	9.1	маска	DJI_20260813183140_0012_Z.JPG	274	2636,1041,3,2	6	44,54,67	22.0
373	60	0.884	рюкзак-синий	6.7	7.9	снег-в-тени	0.953	46.7	7.0	-11.0	13.0	маска	DJI_20260813183028_0002_Z.JPG	29	1055,262,15,26	185	125,123,137	716.6
374	50	0.885	стакан-марка-красная	7.1	1.0	снег-в-тени	1.279	50.8	10.0	-6.0	11.7	маска	DJI_20260813183534_0014_Z_00m31s.jpg	165	421,609,3,5	9	110,91,101	31.5
375	24	0.885	стакан-марка-красная	2.2	23.5	порода-охристая	1.097	26.3	10.0	3.0	10.4	маска	C0049_00m18s.png	16	769,688,9,7	40	89,67,68	152.2
376	61	0.886	рюкзак-синий	7.1	1.6	снег-в-тени	0.805	40.4	6.0	-9.0	10.8	маска	DJI_20260813183028_0002_Z.JPG	34	1722,173,22,25	160	111,109,119	617.3
377	21	0.886	стакан-марка-красная	5.1	17.3	порода-охристая	0.671	32.5	10.0	6.0	11.7	маска	DJI_20260813183004_0001_Z_01m56s.jpg	6	685,666,20,28	189	131,106,99	731.1
378	95	0.886	палка-древко-бирюзовое	4.5	19.3	снег-пересвеченный	1.727	71.8	-13.0	-12.0	17.7	маска	DJI_20260813183140_0012_Z.JPG	104	1517,1442,9,7	51	130,179,193	202.6
379	51	0.887	стакан-марка-красная	7.1	2.0	снег-в-тени	1.283	51.8	10.0	-6.0	11.7	маска	DJI_20260813183534_0014_Z_00m31s.jpg	128	547,239,6,4	12	126,104,115	45.2
380	19	0.889	стакан-марка-красная	6.7	8.2	порода-охристая	0.635	41.6	8.0	7.0	10.6	маска	DJI_20260813183727_0015_Z_03m32s.jpg	30	1799,1071,15,9	55	119,98,92	172.5
381	96	0.889	рюкзак-синий	3.9	20.8	снег-в-тени	0.714	59.6	3.5	-11.0	11.5	маска	DJI_20260813183140_0012_Z.JPG	75	2531,695,18,6	72	129,131,150	309.7
382	62	0.892	стакан-марка-красная	2.8	22.9	порода-охристая	1.110	26.9	9.0	3.0	9.5	маска	DJI_20260813183028_0002_Z.JPG	145	1434,1811,8,6	33	82,64,65	107.6
383	63	0.894	стакан-марка-красная	3.9	21.0	порода-в-тени	1.352	28.8	8.5	-2.0	8.7	маска	DJI_20260813183028_0002_Z.JPG	269	1576,1715,6,4	12	88,72,79	39.6
384	64	0.899	стакан-марка-красная	2.2	23.9	порода-в-тени	1.394	25.9	9.0	0.0	9.0	маска	DJI_20260813183028_0002_Z.JPG	48	482,119,24,12	125	72,59,61	466.4
385	25	0.900	стакан-марка-красная	5.9	14.7	снег-в-тени	1.290	35.1	9.0	-4.5	10.1	маска	C0049_00m18s.png	57	1564,545,9,2	18	102,84,95	62.5
386	36	0.902	стакан-марка-красная	6.0	13.9	снег-розовый	0.910	63.7	7.0	5.5	8.9	bbox	DJI_20260813183004_0001_Z_03m40s.jpg	105	361,222,2,3	6	171,149,144	13.5
387	26	0.903	стакан-марка-красная	3.2	22.7	порода-в-тени	1.279	27.1	8.0	0.0	8.0	маска	C0049_00m18s.png	83	724,658,3,5	14	78,63,67	41.2
388	65	0.904	рюкзак-синий	7.2	1.7	снег-в-тени	0.988	37.1	7.0	-10.0	12.2	маска	DJI_20260813183028_0002_Z.JPG	26	1856,19,33,24	194	105,102,111	764.2
389	52	0.904	стакан-марка-красная	6.5	11.0	снег-в-тени	1.024	38.8	5.5	-2.5	6.0	маска	DJI_20260813183534_0014_Z_00m31s.jpg	169	473,13,5,2	10	113,103,107	30.4
390	75	0.908	стакан-марка-красная	5.0	18.4	порода-охристая	0.875	31.4	8.0	5.0	9.4	bbox	DJI_20260813183101_0008_Z.JPG	301	1695,135,2,3	6	88,68,64	17.3
391	76	0.908	рюкзак-синий	6.4	12.0	снег-в-тени	0.409	50.8	-3.0	-9.0	9.5	маска	DJI_20260813183101_0008_Z.JPG	161	3543,1181,6,8	28	107,121,133	118.2
392	77	0.908	рюкзак-синий	6.7	9.8	снег-в-тени	1.165	29.0	7.0	-11.0	13.0	маска	DJI_20260813183101_0008_Z.JPG	111	829,96,8,9	56	81,75,93	224.4
393	37	0.910	стакан-марка-красная	7.3	0.0	порода-охристая	0.607	49.8	9.0	8.0	12.0	маска	DJI_20260813183004_0001_Z_03m40s.jpg	35	353,897,6,6	28	139,115,108	95.0
394	66	0.910	стакан-марка-красная	7.3	0.4	снег-в-тени	1.156	50.2	9.0	-6.0	10.8	маска	DJI_20260813183028_0002_Z.JPG	168	2986,1518,6,5	26	152,138,151	93.8
395	67	0.910	стакан-марка-красная	7.3	0.8	снег-в-тени	1.153	49.0	9.0	-6.0	10.8	маска	DJI_20260813183028_0002_Z.JPG	289	1025,0,4,3	10	116,103,114	32.5
396	68	0.911	стакан-марка-красная	5.8	15.3	снег-в-тени	1.215	34.5	8.0	-4.0	8.9	маска	DJI_20260813183028_0002_Z.JPG	334	55,2111,3,4	8	103,90,100	22.3
397	97	0.912	стакан-марка-красная	6.1	14.1	порода-охристая	0.524	35.7	10.0	7.0	12.2	маска	DJI_20260813183140_0012_Z.JPG	3	287,1715,54,80	1767	113,89,83	6797.3
398	98	0.915	палка-древко-контроль	7.1	6.6	снег-в-тени	1.125	48.2	-9.0	-8.0	12.0	маска	DJI_20260813183140_0012_Z.JPG	258	2622,936,3,2	6	91,122,130	25.4
399	78	0.916	стакан-марка-красная	6.3	12.9	снег-в-тени	1.249	36.9	9.0	-5.0	10.3	маска	DJI_20260813183101_0008_Z.JPG	167	1030,1817,5,9	30	97,84,96	111.1
400	69	0.916	стакан-марка-красная	3.2	23.1	порода-охристая	1.258	26.7	8.0	2.0	8.2	маска	DJI_20260813183028_0002_Z.JPG	229	1405,1214,6,6	17	79,62,63	56.4
401	99	0.917	рюкзак-синий	5.4	17.4	снег-в-тени	0.960	21.4	-1.0	-9.0	9.1	маска	DJI_20260813183140_0012_Z.JPG	125	2334,1165,9,7	39	40,51,63	135.4
402	70	0.917	рюкзак-синий	7.2	4.7	снег-в-тени	0.923	43.5	7.0	-10.0	12.2	маска	DJI_20260813183028_0002_Z.JPG	55	749,678,15,13	100	114,111,125	376.8
403	38	0.917	рюкзак-синий	6.0	14.7	снег-в-тени	1.118	24.1	5.5	-10.0	11.4	маска	DJI_20260813183004_0001_Z_03m40s.jpg	38	796,406,4,6	21	59,55,71	84.5
404	27	0.922	стакан-марка-красная	5.4	17.6	снег-в-тени	1.352	32.2	9.0	-4.0	9.8	маска	C0049_00m18s.png	10	1523,529,5,24	77	97,83,92	265.5
405	100	0.923	палка-древко-контроль	7.1	7.4	снег-в-тени	1.126	49.0	-9.0	-8.0	12.0	маска	DJI_20260813183140_0012_Z.JPG	249	2746,882,3,3	8	90,123,132	28.2
406	28	0.923	стакан-марка-красная	5.0	19.0	порода-охристая	0.882	30.8	8.0	5.0	9.4	маска	C0049_00m18s.png	95	747,680,4,2	8	88,67,66	30.6
407	22	0.924	стакан-марка-красная	4.2	21.2	снег-розовый	0.825	71.0	8.0	4.0	8.9	маска	DJI_20260813183004_0001_Z_01m56s.jpg	15	1830,312,9,13	68	193,170,167	259.4
408	71	0.927	рюкзак-синий	5.8	16.1	снег-в-тени	1.226	22.7	6.0	-11.0	12.5	маска	DJI_20260813183028_0002_Z.JPG	36	1984,474,20,11	139	59,56,70	586.7
409	101	0.927	палка-древко-контроль	6.1	14.9	снег-в-тени	0.937	56.5	-7.0	-9.0	11.4	маска	DJI_20260813183140_0012_Z.JPG	272	2321,1065,2,3	6	111,139,150	22.2
410	72	0.927	рюкзак-синий	7.1	7.9	снег-в-тени	0.761	46.7	6.0	-9.0	10.8	маска	DJI_20260813183028_0002_Z.JPG	125	1357,649,6,15	40	104,98,113	127.4
411	102	0.928	палка-древко-контроль	7.3	5.1	снег-в-тени	1.251	46.7	-10.0	-8.0	12.8	маска	DJI_20260813183140_0012_Z.JPG	133	2607,938,10,6	29	87,122,130	117.9
412	39	0.929	стакан-марка-красная	3.2	23.5	снег-розовый	0.765	73.3	8.0	2.0	8.2	маска	DJI_20260813183004_0001_Z_03m40s.jpg	99	1037,679,3,2	6	193,172,173	19.0
413	40	0.931	стакан-марка-красная	7.3	5.5	порода-охристая	0.498	44.3	9.0	8.0	12.0	маска	DJI_20260813183004_0001_Z_03m40s.jpg	14	487,503,10,10	71	116,92,85	264.1
414	73	0.931	стакан-марка-красная	6.5	12.7	снег-в-тени	1.190	37.1	8.5	-5.0	9.9	маска	DJI_20260813183028_0002_Z.JPG	277	2985,1392,4,4	12	125,113,124	36.5
415	79	0.935	стакан-марка-красная	3.6	22.9	порода-в-тени	1.400	26.9	9.0	-2.0	9.2	маска	DJI_20260813183101_0008_Z.JPG	136	1293,1341,10,8	44	77,60,69	162.8
416	74	0.935	стакан-марка-красная	4.2	21.6	порода-в-тени	1.287	28.2	8.0	-2.0	8.2	маска	DJI_20260813183028_0002_Z.JPG	280	1123,1540,3,4	11	83,68,75	35.4
417	103	0.935	палка-древко-контроль	6.0	15.7	снег-в-тени	1.063	57.3	-8.0	-9.0	12.0	маска	DJI_20260813183140_0012_Z.JPG	184	1410,1467,7,6	18	110,142,151	59.4
418	75	0.936	рюкзак-синий	7.1	8.7	снег-в-тени	0.760	47.5	6.0	-9.0	10.8	маска	DJI_20260813183028_0002_Z.JPG	99	287,778,8,10	49	112,106,123	171.7
419	104	0.936	палка-ручка-контроль	7.2	7.1	лишайник-жёлтый-на-камне	1.875	64.7	2.0	32.0	32.1	маска	DJI_20260813183140_0012_Z.JPG	212	3353,489,4,4	12	177,151,99	42.3
420	53	0.938	стакан-марка-красная	6.3	14.1	порода-в-тени	1.031	35.7	5.0	-1.0	5.1	маска	DJI_20260813183534_0014_Z_00m31s.jpg	116	512,796,2,8	16	91,79,81	50.4
421	20	0.938	палка-ручка-пробка	6.3	14.1	лишайник-жёлтый-на-камне	0.188	61.6	3.0	17.0	17.3	маска	DJI_20260813183727_0015_Z_03m32s.jpg	26	1390,636,11,12	63	155,139,119	262.9
422	76	0.939	стакан-марка-красная	5.0	19.6	порода-в-тени	1.322	30.2	8.0	-3.0	8.5	маска	DJI_20260813183028_0002_Z.JPG	267	935,1802,4,5	13	82,69,76	39.8
423	80	0.939	стакан-марка-красная	5.4	18.2	порода-охристая	0.820	31.6	8.0	5.5	9.7	bbox	DJI_20260813183101_0008_Z.JPG	302	1705,135,2,3	6	89,69,65	17.3
424	105	0.941	рюкзак-синий	6.7	11.9	снег-в-тени	1.609	26.9	7.0	-17.0	18.4	маска	DJI_20260813183140_0012_Z.JPG	143	3675,1544,8,7	28	62,64,90	105.8
425	77	0.941	стакан-марка-красная	5.4	18.4	снег-в-тени	1.364	31.4	9.0	-4.0	9.8	маска	DJI_20260813183028_0002_Z.JPG	95	1073,1871,15,11	48	102,91,100	178.1
426	78	0.946	стакан-марка-красная	3.0	24.3	порода-в-тени	1.288	25.5	8.0	1.0	8.1	маска	DJI_20260813183028_0002_Z.JPG	213	1120,503,7,6	19	71,55,57	61.5
427	79	0.947	рюкзак-синий	5.7	17.6	снег-в-тени	1.165	21.2	5.0	-10.0	11.2	маска	DJI_20260813183028_0002_Z.JPG	98	1985,537,10,11	45	62,61,72	173.9
428	106	0.948	палка-древко-контроль	7.3	7.4	снег-в-тени	1.251	49.0	-10.0	-8.0	12.8	маска	DJI_20260813183140_0012_Z.JPG	221	2388,1035,5,2	10	88,122,130	37.6
429	80	0.951	рюкзак-синий	7.1	9.8	снег-в-тени	0.761	48.6	6.0	-9.0	10.8	маска	DJI_20260813183028_0002_Z.JPG	45	47,1154,17,14	124	111,105,119	474.1
430	81	0.952	стакан-марка-красная	4.5	21.6	порода-в-тени	1.425	28.2	9.0	-3.0	9.5	маска	DJI_20260813183101_0008_Z.JPG	165	1875,1717,8,6	30	82,64,73	113.1
431	107	0.952	палка-древко-контроль	6.1	16.0	снег-в-тени	0.951	57.6	-7.0	-9.0	11.4	маска	DJI_20260813183140_0012_Z.JPG	65	1968,1219,17,10	102	119,144,155	364.3
432	108	0.952	палка-древко-контроль	6.1	16.0	снег-в-тени	0.951	57.6	-7.0	-9.0	11.4	маска	DJI_20260813183140_0012_Z.JPG	244	2205,1117,3,3	8	109,139,150	29.1
433	82	0.952	рюкзак-синий	6.1	16.1	снег-в-тени	1.399	22.7	7.0	-13.0	14.8	маска	DJI_20260813183101_0008_Z.JPG	9	931,1152,56,49	583	120,117,123	2416.7
434	109	0.952	палка-древко-контроль	6.0	16.4	снег-в-тени	1.072	58.0	-8.0	-9.0	12.0	маска	DJI_20260813183140_0012_Z.JPG	73	2155,1131,22,18	91	115,145,155	319.0
435	110	0.952	палка-древко-контроль	6.0	16.4	снег-в-тени	1.072	58.0	-8.0	-9.0	12.0	маска	DJI_20260813183140_0012_Z.JPG	164	1842,1269,10,8	25	108,139,150	78.2
436	111	0.953	палка-древко-бирюзовое	4.5	21.6	снег-пересвеченный	1.696	74.1	-13.0	-12.0	17.7	маска	DJI_20260813183140_0012_Z.JPG	42	2232,1150,11,20	158	124,176,192	656.8
437	81	0.954	рюкзак-синий	7.2	9.2	снег-в-тени	0.504	48.0	4.0	-7.5	8.5	bbox	DJI_20260813183028_0002_Z.JPG	372	551,1103,2,3	6	112,110,124	15.3
438	83	0.954	стакан-марка-красная	7.6	1.8	порода-охристая	0.632	48.0	8.0	8.0	11.3	маска	DJI_20260813183101_0008_Z.JPG	180	2071,1643,10,4	24	138,116,107	91.8
439	112	0.954	палка-древко-контроль	6.2	15.7	снег-в-тени	0.889	57.3	-6.5	-9.0	11.1	маска	DJI_20260813183140_0012_Z.JPG	207	1853,1266,6,3	12	111,139,151	43.5
440	29	0.956	стакан-марка-красная	7.6	2.4	порода-охристая	0.723	52.2	8.0	8.0	11.3	маска	C0049_00m18s.png	22	1179,875,12,4	36	143,119,111	142.7
441	113	0.956	палка-древко-бирюзовое	5.0	20.2	снег-пересвеченный	1.635	72.7	-12.0	-12.0	17.0	маска	DJI_20260813183140_0012_Z.JPG	59	1416,1490,13,11	102	131,180,194	416.3
442	82	0.958	стакан-марка-красная	4.2	22.3	порода-в-тени	1.281	27.5	8.0	-2.0	8.2	маска	DJI_20260813183028_0002_Z.JPG	338	1052,2110,4,2	8	95,82,89	21.5
443	114	0.958	рюкзак-синий	5.8	17.4	снег-в-тени	0.984	21.4	-2.0	-9.0	9.2	маска	DJI_20260813183140_0012_Z.JPG	187	3237,667,4,6	15	40,52,63	55.2
444	41	0.959	стакан-марка-красная	7.6	3.1	порода-охристая	0.607	46.7	8.0	8.0	11.3	маска	DJI_20260813183004_0001_Z_03m40s.jpg	92	765,651,3,2	6	127,106,96	20.9
445	115	0.959	палка-древко-бирюзовое	5.1	20.0	снег-пересвеченный	1.726	72.5	-14.0	-11.0	17.8	маска	DJI_20260813183140_0012_Z.JPG	86	2656,958,7,11	67	131,181,193	270.8
446	116	0.961	палка-древко-контроль	6.1	16.4	снег-в-тени	0.957	58.0	-7.0	-9.0	11.4	маска	DJI_20260813183140_0012_Z.JPG	248	2854,902,3,4	8	118,146,157	28.4
447	83	0.961	стакан-марка-красная	5.4	19.2	снег-в-тени	1.376	30.6	9.0	-4.0	9.8	маска	DJI_20260813183028_0002_Z.JPG	162	1485,1850,5,11	32	81,67,76	97.4
448	84	0.962	рюкзак-синий	7.1	10.6	снег-в-тени	0.763	49.4	6.0	-9.0	10.8	маска	DJI_20260813183028_0002_Z.JPG	179	490,881,6,7	27	113,107,124	88.0
449	54	0.962	стакан-марка-красная	4.6	21.6	снег-розовый	0.842	71.4	8.0	4.5	9.2	маска	DJI_20260813183534_0014_Z_00m31s.jpg	102	261,834,3,7	18	204,180,175	60.1
450	85	0.964	стакан-марка-красная	7.0	11.6	снег-в-тени	1.159	38.2	8.5	-5.5	10.1	маска	DJI_20260813183028_0002_Z.JPG	294	958,1750,3,3	9	101,88,101	31.2
451	86	0.964	рюкзак-синий	7.6	4.3	снег-в-тени	1.081	43.1	8.0	-11.0	13.6	маска	DJI_20260813183028_0002_Z.JPG	33	806,643,11,24	160	88,82,96	626.7
452	87	0.965	рюкзак-синий	7.2	9.6	снег-в-тени	0.625	48.4	5.0	-8.0	9.4	bbox	DJI_20260813183028_0002_Z.JPG	370	735,697,2,3	6	113,110,125	15.6
453	42	0.965	рюкзак-синий	4.0	23.1	снег-в-тени	1.180	15.7	1.0	-10.0	10.0	маска	DJI_20260813183004_0001_Z_03m40s.jpg	28	1003,528,11,7	32	65,72,82	115.4
454	117	0.966	стакан-марка-красная	3.6	23.9	порода-охристая	1.158	25.9	8.0	3.0	8.5	маска	DJI_20260813183140_0012_Z.JPG	32	443,1749,23,25	249	83,65,60	886.5
455	43	0.967	стакан-марка-красная	7.6	4.7	порода-охристая	0.582	45.1	8.0	8.0	11.3	маска	DJI_20260813183004_0001_Z_03m40s.jpg	10	735,653,18,8	94	117,94,86	347.5
456	88	0.968	стакан-марка-красная	6.7	13.5	снег-в-тени	1.145	36.3	8.0	-5.0	9.4	маска	DJI_20260813183028_0002_Z.JPG	268	697,809,4,3	11	95,82,94	39.6
457	89	0.969	стакан-марка-красная	4.5	22.2	порода-в-тени	1.421	27.6	9.0	-3.0	9.5	маска	DJI_20260813183028_0002_Z.JPG	248	1158,1950,5,4	15	86,71,80	48.1
458	90	0.969	рюкзак-синий	6.4	15.3	снег-в-тени	0.676	54.1	5.0	-9.0	10.3	маска	DJI_20260813183028_0002_Z.JPG	73	271,625,13,23	86	134,132,145	260.7
459	91	0.969	рюкзак-синий	6.4	15.3	снег-в-тени	0.676	54.1	5.0	-9.0	10.3	маска	DJI_20260813183028_0002_Z.JPG	304	741,693,4,4	11	119,114,130	29.2
460	118	0.970	рюкзак-синий	7.3	9.4	снег-в-тени	1.297	29.4	8.0	-12.0	14.4	маска	DJI_20260813183140_0012_Z.JPG	199	1209,1869,3,5	11	71,65,88	48.2
461	30	0.970	рюкзак-синий	7.3	9.4	снег-в-тени	0.680	29.4	-1.0	-7.0	7.1	маска	C0049_00m18s.png	26	1443,463,4,10	35	63,71,83	138.0
462	23	0.970	стакан-марка-красная	4.2	22.7	порода-в-тени	1.279	27.1	8.0	-2.0	8.2	маска	DJI_20260813183004_0001_Z_01m56s.jpg	72	683,968,3,3	7	84,68,74	30.7
463	92	0.970	стакан-марка-красная	7.3	9.4	снег-в-тени	1.182	40.4	9.0	-6.0	10.8	маска	DJI_20260813183028_0002_Z.JPG	245	958,1887,4,4	14	125,111,125	49.0
464	44	0.972	стакан-марка-красная	7.6	5.5	порода-охристая	0.571	44.3	8.0	8.0	11.3	маска	DJI_20260813183004_0001_Z_03m40s.jpg	33	4,279,10,4	30	122,100,92	101.4
465	24	0.973	стакан-марка-красная	2.2	26.1	снег-розовый	1.070	75.9	10.0	-1.0	10.0	маска	DJI_20260813183004_0001_Z_01m56s.jpg	35	1845,252,5,5	22	213,193,198	90.7
466	93	0.973	рюкзак-синий	7.1	11.4	снег-в-тени	0.765	50.2	6.0	-9.0	10.8	маска	DJI_20260813183028_0002_Z.JPG	128	61,1144,5,9	38	117,112,129	126.6
467	119	0.976	палка-древко-контроль	6.3	16.0	снег-в-тени	0.838	57.6	-6.0	-9.0	10.8	маска	DJI_20260813183140_0012_Z.JPG	251	2871,845,4,2	8	113,137,148	27.2
468	94	0.977	рюкзак-синий	7.8	0.8	снег-в-тени	0.950	38.0	7.0	-9.0	11.4	маска	DJI_20260813183028_0002_Z.JPG	347	501,1303,3,2	6	91,86,103	19.4
469	45	0.978	стакан-марка-красная	7.6	6.3	порода-охристая	0.825	56.1	8.0	8.0	11.3	маска	DJI_20260813183004_0001_Z_03m40s.jpg	34	591,579,6,8	30	155,131,125	96.0
470	31	0.979	стакан-марка-красная	7.8	2.0	порода-охристая	0.869	47.8	16.0	7.0	17.5	маска	C0049_00m18s.png	8	779,709,16,10	71	138,102,101	296.9
471	84	0.982	рюкзак-синий	7.8	2.9	снег-в-тени	0.981	35.9	7.0	-9.0	11.4	маска	DJI_20260813183101_0008_Z.JPG	237	167,437,4,4	13	89,82,99	41.8
472	95	0.982	рюкзак-синий	7.8	3.0	снег-в-тени	0.910	41.8	7.0	-9.0	11.4	маска	DJI_20260813183028_0002_Z.JPG	207	529,1139,4,8	21	96,88,105	66.0
473	25	0.983	стакан-марка-красная	5.4	20.0	порода-охристая	0.841	29.8	8.0	5.5	9.7	маска	DJI_20260813183004_0001_Z_01m56s.jpg	68	1349,891,3,4	10	87,68,64	33.7
474	96	0.983	рюкзак-синий	7.8	3.3	снег-в-тени	0.987	35.5	7.0	-9.0	11.4	маска	DJI_20260813183028_0002_Z.JPG	157	1357,615,4,10	29	82,75,89	99.7
475	97	0.984	рюкзак-синий	7.8	3.5	снег-в-тени	0.990	35.3	7.0	-9.0	11.4	маска	DJI_20260813183028_0002_Z.JPG	132	149,991,4,9	33	90,82,99	122.5
476	98	0.984	рюкзак-синий	7.8	3.6	снег-в-тени	0.905	42.4	7.0	-9.0	11.4	маска	DJI_20260813183028_0002_Z.JPG	158	101,1090,4,8	29	103,96,113	99.4
477	32	0.985	стакан-марка-красная	7.6	7.1	порода-охристая	0.553	42.7	8.0	8.0	11.3	маска	C0049_00m18s.png	94	1387,946,4,2	8	123,101,92	31.0
478	85	0.986	стакан-марка-красная	6.7	14.5	снег-в-тени	1.158	35.3	8.0	-5.0	9.4	маска	DJI_20260813183101_0008_Z.JPG	152	3433,21,8,6	35	100,87,100	128.1
479	26	0.987	стакан-марка-красная	5.8	18.6	снег-розовый	0.959	68.4	8.0	6.0	10.0	маска	DJI_20260813183004_0001_Z_01m56s.jpg	56	408,675,4,4	13	175,149,143	50.7
480	120	0.987	рюкзак-синий	5.8	18.7	снег-в-тени	0.620	57.5	4.0	-9.0	9.8	маска	DJI_20260813183140_0012_Z.JPG	137	2656,2079,7,9	27	127,126,145	113.0
481	55	0.989	стакан-марка-красная	5.1	21.2	снег-в-тени	1.510	28.6	10.0	-4.0	10.8	маска	DJI_20260813183534_0014_Z_00m31s.jpg	48	380,659,4,14	37	89,71,81	126.7
482	33	0.989	рюкзак-синий	7.2	11.4	снег-в-тени	0.914	50.2	7.0	-10.0	12.2	маска	C0049_00m18s.png	88	1587,883,4,6	13	123,114,131	38.4
483	121	0.995	палка-древко-бирюзовое	6.3	16.9	снег-пересвеченный	1.614	69.4	-13.0	-10.0	16.4	маска	DJI_20260813183140_0012_Z.JPG	211	2667,947,3,4	11	130,176,185	42.4
484	86	0.996	рюкзак-синий	5.7	19.6	снег-в-тени	0.773	58.4	5.0	-10.0	11.2	маска	DJI_20260813183101_0008_Z.JPG	70	381,1055,12,11	97	138,137,154	379.2
485	46	0.996	стакан-марка-красная	7.6	8.2	порода-охристая	0.542	41.6	8.0	8.0	11.3	маска	DJI_20260813183004_0001_Z_03m40s.jpg	70	189,338,4,3	11	118,96,88	34.0
486	122	0.996	палка-ручка-пробка	7.3	11.4	лишайник-жёлтый-на-камне	0.790	87.1	3.0	16.0	16.3	bbox	DJI_20260813183140_0012_Z.JPG	287	1357,1504,2,3	6	237,215,188	20.6
487	123	0.997	палка-древко-контроль	6.0	18.4	снег-в-тени	1.098	60.0	-8.0	-9.0	12.0	маска	DJI_20260813183140_0012_Z.JPG	87	1389,1483,7,22	74	120,150,161	265.9
488	99	1.000	рюкзак-синий	7.6	8.6	снег-в-тени	1.239	30.2	8.0	-11.0	13.6	маска	DJI_20260813183028_0002_Z.JPG	83	749,513,9,10	57	92,85,100	214.6
489	47	1.001	стакан-марка-красная	7.6	8.6	порода-охристая	0.540	41.2	8.0	8.0	11.3	маска	DJI_20260813183004_0001_Z_03m40s.jpg	1	119,258,23,13	143	118,95,87	551.2
490	100	1.001	рюкзак-синий	7.2	12.2	снег-в-тени	0.917	51.0	7.0	-10.0	12.2	маска	DJI_20260813183028_0002_Z.JPG	17	577,1057,18,32	260	121,118,130	1000.0
491	101	1.002	рюкзак-синий	6.4	16.9	снег-в-тени	0.697	55.7	5.0	-9.0	10.3	маска	DJI_20260813183028_0002_Z.JPG	278	1711,199,5,5	14	112,108,123	36.0
492	27	1.002	стакан-марка-красная	6.3	17.3	порода-охристая	0.597	32.5	9.0	7.0	11.4	маска	DJI_20260813183004_0001_Z_01m56s.jpg	13	465,817,13,10	76	90,69,65	276.3
493	56	1.003	палка-ручка-пробка	6.3	17.3	лишайник-жёлтый-на-камне	0.674	58.4	-1.0	21.0	21.0	маска	DJI_20260813183534_0014_Z_00m31s.jpg	121	212,726,4,4	14	146,132,98	49.1
494	102	1.003	рюкзак-синий	7.8	6.5	снег-в-тени	0.888	45.3	7.0	-9.0	11.4	маска	DJI_20260813183028_0002_Z.JPG	281	225,872,3,4	11	108,101,118	35.3
495	87	1.004	рюкзак-синий	5.7	20.0	снег-в-тени	1.235	18.8	5.0	-10.0	11.2	маска	DJI_20260813183101_0008_Z.JPG	134	2073,740,9,8	48	60,59,73	166.7
496	34	1.005	стакан-марка-красная	3.2	25.9	порода-в-тени	1.263	23.9	8.0	0.0	8.0	маска	C0049_00m18s.png	101	468,213,3,4	10	69,55,58	29.4
497	57	1.006	палка-ручка-пробка	7.2	12.5	лишайник-жёлтый-на-камне	0.929	88.2	-1.0	19.0	19.0	маска	DJI_20260813183534_0014_Z_00m31s.jpg	149	377,1030,3,4	10	228,218,185	37.2
498	103	1.008	рюкзак-синий	8.1	0.8	снег-в-тени	1.071	39.6	8.0	-10.0	12.8	маска	DJI_20260813183028_0002_Z.JPG	18	1119,105,20,45	240	122,118,128	992.2
499	58	1.009	палка-ручка-пробка	8.1	1.6	лишайник-жёлтый-на-камне	0.638	74.1	-2.0	19.0	19.1	маска	DJI_20260813183534_0014_Z_00m31s.jpg	76	145,692,5,6	25	187,177,147	86.1
500	104	1.010	рюкзак-синий	8.1	1.9	снег-в-тени	1.102	36.9	8.0	-10.0	12.8	маска	DJI_20260813183028_0002_Z.JPG	91	2047,63,9,7	51	96,89,107	192.4
501	59	1.011	стакан-марка-красная	7.1	13.7	снег-в-тени	0.994	36.1	6.0	-4.0	7.2	маска	DJI_20260813183534_0014_Z_00m31s.jpg	123	538,770,6,7	17	95,83,86	48.9
502	60	1.011	палка-ручка-пробка	8.1	2.3	лишайник-жёлтый-на-камне	0.716	78.0	-2.0	19.0	19.1	маска	DJI_20260813183534_0014_Z_00m31s.jpg	5	42,863,22,33	193	179,167,141	727.8
503	48	1.013	стакан-марка-красная	8.1	2.7	порода-охристая	0.697	47.1	7.0	8.0	10.6	bbox	DJI_20260813183004_0001_Z_03m40s.jpg	94	61,155,3,2	6	128,107,98	19.9
504	124	1.014	рюкзак-синий	7.3	12.5	снег-в-тени	1.357	26.3	8.0	-12.0	14.4	маска	DJI_20260813183140_0012_Z.JPG	165	2441,1513,3,8	20	65,59,79	76.0
505	105	1.016	стакан-марка-красная	6.7	16.1	снег-в-тени	1.180	33.7	8.0	-5.0	9.4	маска	DJI_20260813183028_0002_Z.JPG	329	1670,1924,4,3	9	107,94,107	23.5
506	125	1.016	стакан-марка-красная	6.7	16.1	порода-охристая	0.647	33.7	8.0	7.0	10.6	маска	DJI_20260813183140_0012_Z.JPG	77	314,1722,15,13	91	99,77,71	306.5
507	88	1.018	стакан-марка-красная	7.1	14.1	снег-в-тени	1.346	35.7	10.0	-6.0	11.7	маска	DJI_20260813183101_0008_Z.JPG	64	3776,401,13,14	105	111,98,110	414.9
508	61	1.019	стакан-марка-красная	6.4	17.6	снег-в-тени	1.152	32.2	7.0	-4.0	8.1	маска	DJI_20260813183534_0014_Z_00m31s.jpg	158	542,759,3,4	10	87,74,82	33.5
509	28	1.020	палка-ручка-пробка	7.2	13.3	лишайник-жёлтый-на-камне	0.882	62.4	9.0	17.0	19.2	маска	DJI_20260813183004_0001_Z_01m56s.jpg	30	417,714,7,5	27	185,153,131	119.0
510	106	1.020	рюкзак-синий	7.8	8.3	снег-в-тени	0.884	47.1	7.0	-9.0	11.4	маска	DJI_20260813183028_0002_Z.JPG	135	681,723,7,9	36	113,108,124	119.0
511	89	1.020	рюкзак-синий	7.8	8.3	снег-в-тени	0.884	47.1	7.0	-9.0	11.4	маска	DJI_20260813183101_0008_Z.JPG	128	1133,177,6,8	44	124,116,135	175.7
512	126	1.020	палка-ручка-пробка	7.3	12.9	лишайник-жёлтый-на-камне	0.845	88.6	3.0	16.0	16.3	маска	DJI_20260813183140_0012_Z.JPG	131	1352,1493,6,6	30	240,217,190	119.9
513	90	1.021	стакан-марка-красная	4.5	23.9	порода-в-тени	1.411	25.9	9.0	-3.0	9.5	маска	DJI_20260813183101_0008_Z.JPG	140	511,1093,8,7	43	80,63,70	158.0
514	107	1.021	рюкзак-синий	7.8	8.4	снег-в-тени	1.081	30.4	7.0	-9.0	11.4	маска	DJI_20260813183028_0002_Z.JPG	143	16,698,6,6	29	80,73,89	110.8
515	127	1.022	рюкзак-синий	5.1	22.4	снег-в-тени	0.494	61.2	0.0	-9.0	9.0	маска	DJI_20260813183140_0012_Z.JPG	98	2419,1975,13,9	55	116,125,142	233.6
516	62	1.024	стакан-марка-красная	7.8	8.4	снег-в-тени	0.881	41.4	4.0	-2.5	4.7	маска	DJI_20260813183534_0014_Z_00m31s.jpg	185	270,498,2,3	6	106,99,104	22.7
517	108	1.028	рюкзак-синий	7.8	9.0	снег-в-тени	0.884	47.8	7.0	-9.0	11.4	маска	DJI_20260813183028_0002_Z.JPG	258	622,698,5,5	15	120,113,129	43.6
518	91	1.029	стакан-марка-красная	6.3	18.4	снег-в-тени	1.323	31.4	9.0	-5.0	10.3	маска	DJI_20260813183101_0008_Z.JPG	105	805,92,7,12	63	86,71,83	237.1
519	109	1.029	рюкзак-синий	8.1	5.9	снег-в-тени	1.159	32.9	8.0	-10.0	12.8	маска	DJI_20260813183028_0002_Z.JPG	264	1760,558,4,4	13	88,80,96	42.2
520	49	1.031	стакан-марка-красная	8.2	1.0	порода-охристая	0.566	50.8	9.0	9.0	12.7	маска	DJI_20260813183004_0001_Z_03m40s.jpg	3	765,707,24,13	127	154,130,120	488.9
521	92	1.035	стакан-марка-красная	8.2	2.7	порода-охристая	0.470	47.1	9.0	9.0	12.7	маска	DJI_20260813183101_0008_Z.JPG	35	3206,1506,18,16	190	129,105,96	766.4
522	93	1.036	стакан-марка-красная	5.0	23.1	порода-в-тени	1.294	26.7	8.0	-3.0	8.5	маска	DJI_20260813183101_0008_Z.JPG	248	2607,558,5,3	11	73,61,70	36.8
523	110	1.036	стакан-марка-красная	6.4	18.4	снег-в-тени	1.166	31.4	7.0	-4.0	8.1	bbox	DJI_20260813183028_0002_Z.JPG	367	1391,392,2,3	6	83,72,82	16.1
524	21	1.036	стакан-марка-красная	3.0	27.1	порода-в-тени	1.278	22.7	8.0	1.0	8.1	маска	DJI_20260813183727_0015_Z_03m32s.jpg	7	166,1062,25,18	216	121,107,108	862.4
525	94	1.038	рюкзак-синий	8.2	4.5	снег-в-тени	1.061	34.3	7.5	-9.0	11.7	маска	DJI_20260813183101_0008_Z.JPG	259	207,760,2,5	10	86,78,94	31.6
526	111	1.039	рюкзак-синий	7.1	15.3	снег-в-тени	0.793	54.1	6.0	-9.0	10.8	маска	DJI_20260813183028_0002_Z.JPG	211	1116,189,5,6	21	119,112,129	62.3
527	112	1.039	рюкзак-синий	7.1	15.3	снег-в-тени	0.793	54.1	6.0	-9.0	10.8	маска	DJI_20260813183028_0002_Z.JPG	298	143,1400,4,3	10	130,124,141	30.6
528	63	1.040	стакан-марка-красная	6.1	19.8	снег-в-тени	1.238	30.0	7.5	-4.0	8.5	маска	DJI_20260813183534_0014_Z_00m31s.jpg	85	932,234,6,5	21	85,71,77	74.0
529	64	1.040	палка-ручка-пробка	6.4	18.6	лишайник-жёлтый-на-камне	1.088	94.3	0.0	19.0	19.0	маска	DJI_20260813183534_0014_Z_00m31s.jpg	125	61,735,4,4	12	241,223,192	47.1
530	128	1.041	стакан-марка-красная	3.6	26.3	порода-в-тени	1.255	23.5	8.0	-1.0	8.1	маска	DJI_20260813183140_0012_Z.JPG	31	2967,2100,24,19	252	71,56,60	888.5
531	113	1.041	рюкзак-синий	7.6	11.8	снег-в-тени	1.073	50.6	8.0	-11.0	13.6	маска	DJI_20260813183028_0002_Z.JPG	88	701,647,8,11	54	125,118,136	201.7
532	35	1.041	рюкзак-синий	7.6	11.8	снег-в-тени	1.073	50.6	8.0	-11.0	13.6	маска	C0049_00m18s.png	30	609,971,6,8	36	148,139,158	127.5
533	129	1.041	стакан-марка-красная	4.2	25.1	порода-охристая	1.070	24.7	8.0	4.0	8.9	маска	DJI_20260813183140_0012_Z.JPG	246	3335,664,3,3	9	73,55,51	28.7
534	114	1.042	рюкзак-синий	8.1	7.4	снег-в-тени	1.186	31.4	8.0	-10.0	12.8	маска	DJI_20260813183028_0002_Z.JPG	46	421,501,11,19	115	87,80,95	470.7
535	130	1.045	палка-древко-контроль	6.0	20.4	снег-в-тени	1.128	62.0	-8.0	-9.0	12.0	маска	DJI_20260813183140_0012_Z.JPG	201	2179,1128,7,3	15	110,143,153	46.7
536	115	1.046	рюкзак-синий	8.3	3.1	снег-в-тени	1.106	35.7	8.0	-9.5	12.4	маска	DJI_20260813183028_0002_Z.JPG	315	337,577,3,3	8	86,77,94	25.9
537	131	1.047	палка-древко-бирюзовое	8.2	5.1	снег-в-тени	1.663	57.6	-13.0	-8.0	15.3	маска	DJI_20260813183140_0012_Z.JPG	208	2653,935,4,4	13	105,145,153	43.4
538	65	1.047	стакан-марка-красная	5.0	23.5	порода-в-тени	1.151	26.3	7.0	-2.0	7.3	маска	DJI_20260813183534_0014_Z_00m31s.jpg	129	993,261,5,3	13	68,54,58	45.1
539	36	1.047	рюкзак-синий	7.2	14.9	снег-в-тени	0.934	53.7	7.0	-10.0	12.2	маска	C0049_00m18s.png	82	593,922,6,5	14	148,139,155	41.3
540	116	1.049	рюкзак-синий	7.8	10.8	снег-в-тени	1.131	28.0	7.0	-9.0	11.4	маска	DJI_20260813183028_0002_Z.JPG	240	872,756,5,5	15	74,67,80	50.2
541	95	1.050	стакан-марка-красная	8.1	8.2	порода-охристая	0.635	41.6	7.0	8.0	10.6	маска	DJI_20260813183101_0008_Z.JPG	233	1893,1321,4,4	16	113,93,85	43.0
542	117	1.050	рюкзак-синий	6.4	19.0	снег-в-тени	0.731	57.8	5.0	-9.0	10.3	маска	DJI_20260813183028_0002_Z.JPG	198	1044,286,6,6	23	145,142,158	74.8
543	29	1.052	стакан-марка-красная	3.2	27.3	порода-в-тени	1.379	22.5	9.0	-1.5	9.1	маска	DJI_20260813183004_0001_Z_01m56s.jpg	50	775,946,3,5	13	67,50,56	60.0
544	132	1.054	палка-древко-контроль	6.0	20.8	снег-в-тени	1.134	62.4	-8.0	-9.0	12.0	маска	DJI_20260813183140_0012_Z.JPG	206	2192,1123,6,3	13	115,149,159	43.9
545	96	1.055	стакан-марка-красная	2.8	27.8	порода-в-тени	1.376	22.0	9.0	-1.0	9.1	маска	DJI_20260813183101_0008_Z.JPG	283	2149,683,2,3	6	66,49,55	21.5
546	133	1.058	рюкзак-синий	7.6	12.9	снег-в-тени	1.697	25.9	8.0	-17.0	18.8	маска	DJI_20260813183140_0012_Z.JPG	26	1563,615,24,21	253	93,92,115	1123.2
547	22	1.058	стакан-марка-красная	8.2	6.7	порода-охристая	0.736	56.5	9.0	9.0	12.7	маска	DJI_20260813183727_0015_Z_03m32s.jpg	3	673,817,26,28	302	155,136,127	1132.8
548	66	1.059	палка-ручка-контроль	8.0	9.8	порода-охристая	1.942	47.8	14.0	26.0	29.5	маска	DJI_20260813183534_0014_Z_00m31s.jpg	0	114,1000,24,54	751	166,133,105	3040.4
549	97	1.060	рюкзак-синий	5.8	21.5	снег-в-тени	1.376	17.3	6.0	-11.0	12.5	маска	DJI_20260813183101_0008_Z.JPG	30	2095,574,25,13	202	60,57,73	817.9
550	134	1.061	палка-древко-контроль	7.3	15.3	снег-в-тени	1.291	56.9	-10.0	-8.0	12.8	маска	DJI_20260813183140_0012_Z.JPG	178	2560,960,5,4	18	107,141,148	63.8
551	98	1.065	рюкзак-синий	5.8	21.7	снег-в-тени	1.213	17.1	4.0	-9.0	9.8	маска	DJI_20260813183101_0008_Z.JPG	51	1827,602,21,18	141	57,57,69	538.7
552	99	1.065	рюкзак-синий	5.4	23.1	порода-в-тени	1.191	15.7	3.0	-9.0	9.5	маска	DJI_20260813183101_0008_Z.JPG	228	1911,430,2,7	14	36,38,50	45.9
553	100	1.065	рюкзак-синий	5.4	23.1	порода-в-тени	1.191	15.7	3.0	-9.0	9.5	маска	DJI_20260813183101_0008_Z.JPG	236	1905,438,5,7	15	37,40,51	41.9
554	118	1.065	стакан-марка-красная	6.3	20.0	снег-в-тени	1.349	29.8	9.0	-5.0	10.3	маска	DJI_20260813183028_0002_Z.JPG	59	1109,1983,15,9	94	94,80,91	356.5
555	101	1.065	стакан-марка-красная	6.3	20.0	снег-в-тени	1.349	29.8	9.0	-5.0	10.3	маска	DJI_20260813183101_0008_Z.JPG	176	2453,1246,6,5	26	83,69,80	94.6
556	37	1.065	стакан-марка-красная	6.3	20.0	порода-охристая	0.638	29.8	9.0	7.0	11.4	маска	C0049_00m18s.png	33	798,723,5,6	29	88,67,63	108.2
557	119	1.069	рюкзак-синий	7.8	12.2	снег-в-тени	0.891	51.0	7.0	-9.0	11.4	маска	DJI_20260813183028_0002_Z.JPG	93	1120,155,7,11	52	122,115,131	184.7
558	102	1.069	стакан-марка-красная	3.5	27.3	порода-в-тени	1.316	22.5	8.5	-1.5	8.6	маска	DJI_20260813183101_0008_Z.JPG	299	903,1553,3,2	6	65,50,56	18.8
559	50	1.072	палка-ручка-пробка	8.5	4.3	лишайник-жёлтый-на-камне	0.430	71.4	-1.0	17.0	17.0	маска	DJI_20260813183004_0001_Z_03m40s.jpg	18	652,151,9,9	54	186,174,146	209.6
560	120	1.073	стакан-марка-красная	8.4	6.5	снег-в-тени	1.112	56.3	8.5	-7.0	11.0	маска	DJI_20260813183028_0002_Z.JPG	261	903,360,4,4	13	135,124,138	42.7
561	135	1.074	палка-древко-контроль	6.0	21.5	снег-в-тени	1.147	63.1	-8.0	-9.0	12.0	маска	DJI_20260813183140_0012_Z.JPG	147	2173,1195,9,6	28	120,151,164	100.2
562	67	1.077	палка-ручка-пробка	8.5	3.9	лишайник-жёлтый-на-камне	0.886	79.6	-3.0	20.0	20.2	маска	DJI_20260813183534_0014_Z_00m31s.jpg	32	65,899,8,14	51	213,205,174	197.2
563	121	1.079	рюкзак-синий	8.6	2.3	снег-в-тени	1.086	36.5	8.0	-9.0	12.0	маска	DJI_20260813183028_0002_Z.JPG	90	327,589,9,13	53	105,98,112	195.9
564	68	1.079	палка-ручка-пробка	8.6	2.4	лишайник-жёлтый-на-камне	0.586	73.3	-2.0	18.0	18.1	маска	DJI_20260813183534_0014_Z_00m31s.jpg	100	29,800,3,9	18	199,192,161	62.6
565	122	1.079	рюкзак-синий	8.6	2.4	снег-в-тени	1.035	41.2	8.0	-9.0	12.0	маска	DJI_20260813183028_0002_Z.JPG	87	1121,174,8,13	57	108,102,112	206.5
566	103	1.080	стакан-марка-красная	4.5	25.9	порода-в-тени	1.403	23.9	9.0	-3.0	9.5	маска	DJI_20260813183101_0008_Z.JPG	86	3737,710,11,13	79	93,79,87	299.6
567	38	1.080	рюкзак-синий	8.2	9.0	снег-в-тени	1.231	47.8	9.0	-12.0	15.0	маска	C0049_00m18s.png	42	457,957,8,4	24	129,121,138	85.1
568	136	1.082	палка-древко-контроль	6.1	21.5	снег-в-тени	1.040	63.1	-7.0	-9.0	11.4	маска	DJI_20260813183140_0012_Z.JPG	58	1526,1409,23,11	109	120,152,165	424.4
569	69	1.083	стакан-марка-красная	5.1	24.5	порода-в-тени	1.556	25.3	10.0	-4.0	10.8	маска	DJI_20260813183534_0014_Z_00m31s.jpg	16	49,25,17,22	105	147,142,145	374.9
570	123	1.083	рюкзак-синий	5.7	23.0	снег-в-тени	0.838	61.8	5.0	-10.0	11.2	маска	DJI_20260813183028_0002_Z.JPG	231	1099,222,6,4	18	145,145,161	55.8
571	137	1.083	палка-ручка-контроль	6.3	20.7	порода-охристая	1.187	36.9	8.0	20.0	21.5	маска	DJI_20260813183140_0012_Z.JPG	39	1288,1478,21,17	168	130,102,75	699.4
572	104	1.084	стакан-марка-красная	7.6	14.5	порода-охристая	0.542	35.3	8.0	8.0	11.3	маска	DJI_20260813183101_0008_Z.JPG	97	2079,1745,16,20	68	103,84,75	265.3
573	124	1.085	рюкзак-синий	8.6	4.1	снег-в-тени	1.023	42.9	8.0	-9.0	12.0	маска	DJI_20260813183028_0002_Z.JPG	181	926,646,5,9	27	97,88,103	84.7
574	39	1.087	рюкзак-синий	8.3	8.8	снег-в-тени	1.017	47.6	8.0	-9.5	12.4	маска	C0049_00m18s.png	37	227,947,5,10	26	126,115,132	97.0
575	70	1.087	палка-ручка-пробка	8.6	4.5	лишайник-жёлтый-на-камне	0.595	80.2	0.0	16.0	16.0	bbox	DJI_20260813183534_0014_Z_00m31s.jpg	210	170,503,2,3	6	212,198,169	18.7
576	138	1.090	палка-древко-контроль	7.6	14.9	снег-в-тени	1.409	56.5	-11.0	-8.0	13.6	маска	DJI_20260813183140_0012_Z.JPG	176	2704,905,11,4	20	105,141,149	65.0
577	125	1.091	рюкзак-синий	8.6	5.1	снег-в-тени	1.017	43.9	8.0	-9.0	12.0	маска	DJI_20260813183028_0002_Z.JPG	193	169,1441,5,7	23	94,86,102	77.4
578	30	1.094	палка-ручка-пробка	7.1	18.1	лишайник-жёлтый-на-камне	0.396	57.6	4.0	16.0	16.5	маска	DJI_20260813183004_0001_Z_01m56s.jpg	65	695,1029,4,3	11	153,133,110	39.5
579	105	1.095	стакан-марка-красная	2.8	29.0	порода-в-тени	1.375	20.8	9.0	-1.0	9.1	маска	DJI_20260813183101_0008_Z.JPG	208	2142,686,5,5	18	60,45,51	64.4
580	106	1.097	стакан-марка-красная	7.6	15.3	снег-в-тени	1.135	34.5	8.0	-6.0	10.0	маска	DJI_20260813183101_0008_Z.JPG	160	3577,1309,7,6	33	93,81,94	118.5
581	139	1.098	стакан-марка-красная	7.1	18.2	порода-охристая	0.465	31.6	12.0	8.0	14.4	маска	DJI_20260813183140_0012_Z.JPG	4	235,1725,42,68	1401	118,91,85	5685.5
582	71	1.099	стакан-марка-красная	8.5	7.3	снег-в-тени	1.025	42.5	8.0	-7.0	10.6	маска	DJI_20260813183534_0014_Z_00m31s.jpg	43	458,15,13,8	38	129,119,128	139.2
583	107	1.099	стакан-марка-красная	7.3	17.3	порода-охристая	0.497	32.5	13.0	8.0	15.3	маска	DJI_20260813183101_0008_Z.JPG	14	775,1362,32,25	455	99,70,67	1843.1
584	126	1.101	стакан-марка-красная	8.5	7.4	снег-в-тени	1.026	42.4	8.0	-7.0	10.6	маска	DJI_20260813183028_0002_Z.JPG	257	719,631,5,3	13	106,95,110	44.1
585	108	1.104	рюкзак-синий	5.0	25.5	порода-в-тени	1.097	13.3	1.0	-9.0	9.1	маска	DJI_20260813183101_0008_Z.JPG	273	2091,1832,4,3	9	32,34,46	25.1
586	40	1.104	стакан-марка-красная	4.5	26.7	порода-в-тени	1.401	23.1	9.0	-3.0	9.5	маска	C0049_00m18s.png	24	1543,509,8,10	38	60,50,58	139.5
587	127	1.104	рюкзак-синий	8.6	7.0	снег-в-тени	1.159	31.8	8.0	-9.0	12.0	маска	DJI_20260813183028_0002_Z.JPG	118	72,891,7,8	39	84,76,92	138.1
588	128	1.105	стакан-марка-красная	7.6	15.7	снег-в-тени	1.141	34.1	8.0	-6.0	10.0	маска	DJI_20260813183028_0002_Z.JPG	283	571,452,3,4	11	88,77,89	34.9
589	140	1.106	рюкзак-синий	7.3	17.6	снег-в-тени	1.468	21.2	8.0	-12.0	14.4	маска	DJI_20260813183140_0012_Z.JPG	262	2071,1393,3,2	6	52,47,68	23.9
590	31	1.111	стакан-марка-красная	6.7	20.4	порода-охристая	0.703	29.4	8.0	7.0	10.6	маска	DJI_20260813183004_0001_Z_01m56s.jpg	39	484,797,6,4	23	87,67,61	77.3
591	41	1.111	рюкзак-синий	8.8	3.0	снег-в-тени	0.903	41.8	7.0	-7.5	10.3	bbox	C0049_00m18s.png	140	661,1019,2,3	6	106,96,112	16.1
592	129	1.111	рюкзак-синий	8.6	7.9	снег-в-тени	1.009	46.7	8.0	-9.0	12.0	маска	DJI_20260813183028_0002_Z.JPG	23	123,1412,15,32	221	126,120,134	853.5
593	130	1.112	стакан-марка-красная	7.6	16.1	снег-в-тени	1.147	33.7	8.0	-6.0	10.0	маска	DJI_20260813183028_0002_Z.JPG	246	2457,2125,4,4	15	113,100,113	48.2
594	131	1.113	стакан-марка-красная	6.1	22.7	порода-охристая	0.656	27.1	10.0	7.0	12.2	маска	DJI_20260813183028_0002_Z.JPG	7	1410,1783,31,33	492	94,78,77	1977.1
595	72	1.114	палка-ручка-контроль	7.3	18.0	порода-охристая	1.645	39.6	13.0	24.0	27.3	маска	DJI_20260813183534_0014_Z_00m31s.jpg	15	362,1067,21,13	104	156,119,87	377.0
596	141	1.117	рюкзак-синий	5.0	25.9	снег-в-тени	0.700	64.7	-2.0	-10.0	10.2	маска	DJI_20260813183140_0012_Z.JPG	106	2929,847,10,6	50	127,144,160	198.8
597	132	1.118	стакан-марка-красная	8.5	9.2	снег-в-тени	1.040	40.6	8.0	-7.0	10.6	маска	DJI_20260813183028_0002_Z.JPG	71	487,893,11,15	73	114,105,118	284.7
598	109	1.118	рюкзак-синий	8.9	0.4	снег-в-тени	1.193	39.2	9.0	-10.0	13.5	маска	DJI_20260813183101_0008_Z.JPG	28	761,1812,15,21	190	128,117,133	885.8
599	133	1.118	рюкзак-синий	8.6	8.6	снег-в-тени	1.188	30.2	8.0	-9.0	12.0	маска	DJI_20260813183028_0002_Z.JPG	322	2018,177,3,3	8	69,60,76	24.0
600	134	1.119	рюкзак-синий	8.9	1.2	снег-в-тени	1.186	40.0	9.0	-10.0	13.5	маска	DJI_20260813183028_0002_Z.JPG	210	561,707,4,5	19	109,99,116	64.0
601	135	1.121	рюкзак-синий	8.9	2.3	снег-в-тени	1.221	36.5	9.0	-10.0	13.5	маска	DJI_20260813183028_0002_Z.JPG	84	674,748,8,9	56	104,93,111	211.9
602	73	1.121	палка-ручка-пробка	8.9	2.4	лишайник-жёлтый-на-камне	0.729	73.3	-3.0	19.0	19.2	маска	DJI_20260813183534_0014_Z_00m31s.jpg	127	324,881,3,5	13	190,182,150	45.8
603	142	1.121	рюкзак-синий	7.5	17.2	снег-в-тени	1.296	21.6	7.0	-9.5	11.8	bbox	DJI_20260813183140_0012_Z.JPG	276	1245,295,3,2	6	56,49,66	21.5
604	23	1.122	стакан-марка-красная	5.0	26.1	порода-охристая	0.989	23.7	8.0	5.0	9.4	маска	DJI_20260813183727_0015_Z_03m32s.jpg	58	1906,487,6,4	16	76,57,54	47.3
605	143	1.122	стакан-марка-красная	5.0	26.1	порода-охристая	0.989	23.7	8.0	5.0	9.4	маска	DJI_20260813183140_0012_Z.JPG	234	3441,789,3,4	11	66,49,46	32.3
606	42	1.122	стакан-марка-красная	8.5	9.6	снег-в-тени	1.090	59.4	8.0	-7.0	10.6	bbox	C0049_00m18s.png	126	940,1039,3,2	6	155,142,159	21.1
607	136	1.122	рюкзак-синий	8.9	2.7	снег-в-тени	1.226	36.1	9.0	-10.0	13.5	маска	DJI_20260813183028_0002_Z.JPG	37	1109,199,13,16	141	112,103,117	554.6
608	137	1.122	рюкзак-синий	8.6	9.0	снег-в-тени	1.195	29.8	8.0	-9.0	12.0	маска	DJI_20260813183028_0002_Z.JPG	124	229,662,7,7	35	70,62,77	131.9
609	144	1.123	палка-древко-контроль	7.1	19.4	снег-в-тени	1.220	61.0	-9.0	-8.0	12.0	маска	DJI_20260813183140_0012_Z.JPG	195	2337,1063,8,3	14	118,150,159	49.6
610	138	1.124	стакан-марка-красная	8.2	12.5	снег-в-тени	1.193	37.3	9.0	-7.0	11.4	маска	DJI_20260813183028_0002_Z.JPG	266	774,470,4,5	14	98,86,98	40.8
611	43	1.126	стакан-марка-красная	8.9	3.7	порода-охристая	1.362	53.5	19.0	5.0	19.6	маска	C0049_00m18s.png	7	1575,549,10,12	78	155,118,123	318.9
612	145	1.126	палка-ручка-контроль	8.2	12.7	порода-охристая	0.980	44.9	8.0	18.0	19.7	маска	DJI_20260813183140_0012_Z.JPG	112	1275,1492,9,7	42	135,107,81	169.6
613	139	1.126	стакан-марка-красная	7.6	16.9	снег-в-тени	1.159	32.9	8.0	-6.0	10.0	маска	DJI_20260813183028_0002_Z.JPG	290	1118,2004,4,4	11	97,86,99	32.4
614	146	1.128	палка-древко-бирюзовое	8.2	12.8	снег-пересвеченный	1.573	65.3	-13.0	-8.0	15.3	маска	DJI_20260813183140_0012_Z.JPG	200	2657,941,4,4	12	124,166,174	47.4
615	147	1.131	палка-древко-контроль	7.0	20.0	снег-в-тени	1.059	61.6	-7.5	-8.0	11.0	bbox	DJI_20260813183140_0012_Z.JPG	291	1939,1245,2,3	6	125,153,162	17.7
616	148	1.133	рюкзак-синий	8.1	14.5	снег-в-тени	1.329	24.3	8.0	-10.0	12.8	маска	DJI_20260813183140_0012_Z.JPG	44	2493,1543,18,20	161	69,62,78	634.6
617	140	1.133	рюкзак-синий	7.8	16.1	снег-в-тени	0.920	54.9	7.0	-9.0	11.4	маска	DJI_20260813183028_0002_Z.JPG	249	840,438,5,4	15	131,121,139	47.8
618	44	1.136	рюкзак-синий	8.6	10.2	снег-в-тени	1.009	49.0	8.0	-9.0	12.0	маска	C0049_00m18s.png	54	55,651,6,4	17	128,117,135	65.0
619	74	1.136	палка-ручка-пробка	8.1	14.7	лишайник-жёлтый-на-камне	1.050	90.4	-2.0	19.0	19.1	маска	DJI_20260813183534_0014_Z_00m31s.jpg	97	269,864,4,6	17	226,216,183	65.1
620	75	1.136	стакан-марка-красная	7.1	20.0	порода-охристая	1.658	29.8	18.0	0.0	18.0	маска	DJI_20260813183534_0014_Z_00m31s.jpg	170	449,881,4,2	8	119,88,95	30.3
621	76	1.138	рюкзак-синий	9.1	3.4	снег-в-тени	0.494	42.2	2.0	-5.0	5.4	маска	DJI_20260813183534_0014_Z_00m31s.jpg	8	227,344,18,43	159	143,148,150	616.9
622	141	1.139	стакан-марка-красная	6.7	21.6	снег-в-тени	1.276	28.2	8.0	-5.0	9.4	маска	DJI_20260813183028_0002_Z.JPG	328	1073,1785,2,3	6	69,55,66	23.5
623	149	1.139	рюкзак-синий	8.1	14.9	снег-в-тени	1.338	23.9	8.0	-10.0	12.8	маска	DJI_20260813183140_0012_Z.JPG	155	98,1891,6,8	24	60,53,70	88.9
624	142	1.140	рюкзак-синий	7.8	16.5	снег-в-тени	0.924	55.3	7.0	-9.0	11.4	маска	DJI_20260813183028_0002_Z.JPG	130	990,230,8,6	33	133,124,142	124.2
625	45	1.140	рюкзак-синий	8.9	6.3	снег-в-тени	1.156	45.1	9.0	-10.0	13.5	маска	C0049_00m18s.png	56	283,987,4,4	16	116,105,125	63.6
626	77	1.141	стакан-марка-красная	9.1	3.9	снег-в-тени	1.502	45.9	12.0	-8.0	14.4	маска	DJI_20260813183534_0014_Z_00m31s.jpg	66	438,161,10,6	25	139,119,133	94.9
627	150	1.141	стакан-марка-красная	9.1	3.9	порода-охристая	0.320	45.9	12.0	10.0	15.6	маска	DJI_20260813183140_0012_Z.JPG	27	273,1748,18,23	271	130,97,89	1088.4
628	78	1.145	стакан-марка-красная	3.9	29.0	порода-охристая	1.770	20.8	13.5	-2.0	13.6	маска	DJI_20260813183534_0014_Z_00m31s.jpg	189	420,914,2,3	6	68,43,52	21.8
629	151	1.146	рюкзак-синий	4.1	28.7	снег-в-тени	0.786	67.5	2.0	-10.0	10.2	маска	DJI_20260813183140_0012_Z.JPG	67	925,1957,10,11	75	140,145,163	346.6
630	79	1.149	палка-ручка-пробка	8.9	7.4	лишайник-жёлтый-на-камне	0.922	83.1	-3.0	19.0	19.2	маска	DJI_20260813183534_0014_Z_00m31s.jpg	105	33,814,4,4	16	212,201,168	57.6
631	152	1.151	палка-древко-бирюзовое	7.2	20.0	снег-пересвеченный	1.395	72.5	-11.0	-10.0	14.9	маска	DJI_20260813183140_0012_Z.JPG	37	1561,1395,32,18	185	120,163,176	759.3
632	46	1.153	рюкзак-синий	8.9	7.9	снег-в-тени	1.153	46.7	9.0	-10.0	13.5	маска	C0049_00m18s.png	47	1009,1075,6,5	24	140,130,145	77.0
633	110	1.153	палка-ручка-пробка	9.2	0.8	лишайник-жёлтый-на-камне	0.519	74.9	-1.0	16.0	16.0	маска	DJI_20260813183101_0008_Z.JPG	36	1677,63,20,20	198	195,184,157	759.9
634	111	1.153	палка-ручка-пробка	9.2	0.8	лишайник-жёлтый-на-камне	0.519	74.9	-1.0	16.0	16.0	маска	DJI_20260813183101_0008_Z.JPG	101	1703,69,10,8	64	193,181,154	244.3
635	153	1.153	палка-древко-бирюзовое	8.9	7.9	снег-в-тени	1.447	60.4	-11.0	-8.0	13.6	маска	DJI_20260813183140_0012_Z.JPG	97	2350,1057,11,10	67	113,150,158	236.9
636	143	1.153	рюкзак-синий	9.2	1.2	снег-в-тени	1.064	37.6	8.0	-8.0	11.3	маска	DJI_20260813183028_0002_Z.JPG	79	927,375,12,9	66	96,86,98	236.3
637	112	1.153	палка-ручка-пробка	9.2	1.2	лишайник-жёлтый-на-камне	0.510	74.5	-1.0	16.0	16.0	маска	DJI_20260813183101_0008_Z.JPG	203	1665,73,4,7	19	192,181,154	68.7
638	32	1.154	стакан-марка-красная	6.3	23.7	порода-охристая	0.807	26.1	8.0	6.5	10.3	маска	DJI_20260813183004_0001_Z_01m56s.jpg	75	503,816,4,3	8	74,54,50	30.2
639	113	1.154	палка-ручка-пробка	9.2	1.6	лишайник-жёлтый-на-камне	0.653	77.3	-2.0	17.0	17.1	маска	DJI_20260813183101_0008_Z.JPG	5	1611,65,50,23	805	198,189,159	3229.7
640	144	1.155	рюкзак-синий	9.2	1.9	снег-в-тени	1.074	36.9	8.0	-8.0	11.3	маска	DJI_20260813183028_0002_Z.JPG	65	754,598,15,10	88	105,96,108	321.7
641	114	1.155	рюкзак-синий	7.1	20.8	снег-в-тени	0.869	59.6	6.0	-9.0	10.8	маска	DJI_20260813183101_0008_Z.JPG	226	543,905,5,3	14	147,140,157	48.8
642	145	1.157	стакан-марка-красная	1.5	32.0	порода-охристая	1.462	17.8	9.5	1.0	9.6	маска	DJI_20260813183028_0002_Z.JPG	293	2624,1300,4,2	8	60,42,46	31.7
643	115	1.158	стакан-марка-красная	8.5	12.6	порода-охристая	0.967	62.4	8.0	9.0	12.0	маска	DJI_20260813183101_0008_Z.JPG	129	2063,1649,8,12	49	169,145,134	175.7
644	47	1.159	рюкзак-синий	9.2	3.5	снег-в-тени	1.095	35.3	8.0	-8.0	11.3	маска	C0049_00m18s.png	92	155,899,4,3	10	95,84,99	31.8
645	80	1.160	стакан-марка-красная	8.2	14.9	порода-в-тени	0.812	34.9	3.0	-1.0	3.2	маска	DJI_20260813183534_0014_Z_00m31s.jpg	118	962,379,7,2	14	96,87,91	49.3
646	146	1.161	рюкзак-синий	9.2	3.9	снег-в-тени	1.101	34.9	8.0	-8.0	11.3	маска	DJI_20260813183028_0002_Z.JPG	78	721,393,14,10	69	98,90,104	237.6
647	147	1.161	рюкзак-синий	9.2	3.9	снег-в-тени	1.101	34.9	8.0	-8.0	11.3	маска	DJI_20260813183028_0002_Z.JPG	147	214,1275,6,8	28	93,81,96	106.3
648	48	1.161	рюкзак-синий	9.2	3.9	снег-в-тени	1.101	34.9	8.0	-8.0	11.3	маска	C0049_00m18s.png	41	331,964,4,10	31	82,73,78	86.0
649	51	1.161	палка-ручка-пробка	9.2	3.9	лишайник-жёлтый-на-камне	0.548	71.8	-2.0	17.0	17.1	маска	DJI_20260813183004_0001_Z_03m40s.jpg	0	605,192,16,17	187	187,179,149	734.1
650	154	1.163	палка-древко-контроль	7.1	21.1	снег-в-тени	1.245	62.7	-9.0	-8.0	12.0	маска	DJI_20260813183140_0012_Z.JPG	89	2166,1149,20,6	71	134,163,171	257.1
651	148	1.164	рюкзак-синий	9.2	4.5	снег-в-тени	1.013	43.3	8.0	-8.0	11.3	маска	DJI_20260813183028_0002_Z.JPG	314	993,1934,3,3	9	123,114,128	26.4
652	149	1.165	рюкзак-синий	9.2	4.7	снег-в-тени	1.113	34.1	8.0	-8.0	11.3	маска	DJI_20260813183028_0002_Z.JPG	236	703,423,4,9	18	89,81,93	52.7
653	33	1.165	стакан-марка-красная	8.1	16.3	порода-охристая	0.518	33.5	8.0	8.5	11.7	маска	DJI_20260813183004_0001_Z_01m56s.jpg	77	461,828,4,2	8	93,72,64	26.7
654	150	1.166	рюкзак-синий	9.2	4.9	снег-в-тени	1.116	33.9	8.0	-8.0	11.3	маска	DJI_20260813183028_0002_Z.JPG	114	521,929,5,10	42	91,82,97	144.3
655	49	1.166	рюкзак-синий	9.2	4.9	снег-в-тени	1.116	33.9	8.0	-8.0	11.3	маска	C0049_00m18s.png	86	101,841,4,5	12	89,78,93	39.3
656	81	1.166	стакан-марка-красная	8.4	14.3	порода-охристая	1.002	64.1	8.5	9.0	12.4	bbox	DJI_20260813183534_0014_Z_00m31s.jpg	211	127,956,2,3	6	177,149,140	18.6
657	116	1.166	стакан-марка-красная	9.1	7.8	порода-охристая	0.218	42.0	10.0	10.0	14.1	маска	DJI_20260813183101_0008_Z.JPG	1	2359,731,64,98	3394	115,93,86	13736.4
658	151	1.173	стакан-марка-красная	8.2	15.7	снег-в-тени	1.233	34.1	9.0	-7.0	11.4	маска	DJI_20260813183028_0002_Z.JPG	131	757,625,7,7	35	92,79,92	123.2
659	82	1.173	стакан-марка-красная	7.6	19.2	снег-в-тени	1.872	30.6	14.0	-6.0	15.2	маска	DJI_20260813183534_0014_Z_00m31s.jpg	99	377,717,3,7	16	101,77,88	63.0
660	24	1.175	стакан-марка-красная	8.5	13.7	порода-охристая	1.004	63.5	8.0	9.0	12.0	маска	DJI_20260813183727_0015_Z_03m32s.jpg	41	1017,884,8,7	24	168,145,134	93.6
661	152	1.176	рюкзак-синий	8.6	13.4	снег-в-тени	1.020	52.2	8.0	-9.0	12.0	маска	DJI_20260813183028_0002_Z.JPG	358	825,577,3,3	7	131,123,139	17.1
662	83	1.178	стакан-марка-красная	8.1	17.1	снег-в-тени	1.057	32.7	7.0	-6.0	9.2	маска	DJI_20260813183534_0014_Z_00m31s.jpg	106	691,487,4,8	15	103,90,99	55.7
663	84	1.178	стакан-марка-красная	5.4	27.1	снег-розовый	1.008	76.9	9.0	6.0	10.8	маска	DJI_20260813183534_0014_Z_00m31s.jpg	46	11,173,9,8	35	182,158,147	134.8
664	155	1.179	палка-древко-контроль	8.2	16.0	снег-в-тени	1.305	57.6	-10.0	-7.0	12.2	маска	DJI_20260813183140_0012_Z.JPG	121	2548,964,9,7	40	110,143,150	147.3
665	153	1.180	рюкзак-синий	9.4	1.2	снег-в-тени	1.189	37.6	9.0	-9.0	12.7	маска	DJI_20260813183028_0002_Z.JPG	134	691,680,6,7	32	101,90,106	119.7
666	154	1.180	рюкзак-синий	9.4	1.4	снег-в-тени	1.164	40.2	9.0	-9.0	12.7	маска	DJI_20260813183028_0002_Z.JPG	173	1071,257,6,5	24	97,84,101	91.9
667	155	1.181	стакан-марка-красная	3.2	31.2	порода-в-тени	1.258	18.6	8.0	0.0	8.0	bbox	DJI_20260813183028_0002_Z.JPG	341	1345,1598,3,2	6	55,40,45	21.1
668	156	1.181	стакан-марка-красная	3.0	31.4	порода-в-тени	1.277	18.4	8.0	1.0	8.1	маска	DJI_20260813183028_0002_Z.JPG	366	2301,1415,3,2	6	55,42,45	16.2
669	117	1.182	рюкзак-синий	8.1	17.3	снег-в-тени	1.072	56.1	8.0	-10.0	12.8	маска	DJI_20260813183101_0008_Z.JPG	151	502,996,6,7	32	143,134,153	128.8
670	157	1.182	стакан-марка-красная	9.4	2.4	порода-охристая	0.833	52.2	6.0	9.0	10.8	маска	DJI_20260813183028_0002_Z.JPG	10	894,1624,32,21	350	126,108,99	1347.8
671	158	1.184	стакан-марка-красная	4.5	29.2	порода-в-тени	1.398	20.6	9.0	-3.0	9.5	bbox	DJI_20260813183028_0002_Z.JPG	331	2702,1977,3,2	6	59,43,52	23.0
672	156	1.186	палка-древко-контроль	8.2	16.4	снег-в-тени	1.308	58.0	-10.0	-7.0	12.2	маска	DJI_20260813183140_0012_Z.JPG	134	1778,1298,9,4	31	110,143,149	117.2
673	118	1.187	рюкзак-синий	8.6	14.1	снег-в-тени	1.302	24.7	8.0	-9.0	12.0	маска	DJI_20260813183101_0008_Z.JPG	62	833,73,11,14	107	73,65,80	425.0
674	159	1.188	стакан-марка-красная	9.5	2.0	снег-в-тени	1.000	47.8	8.0	-8.0	11.3	маска	DJI_20260813183028_0002_Z.JPG	291	95,1450,2,7	14	122,113,129	32.0
675	85	1.190	палка-ручка-пробка	8.5	14.9	лишайник-жёлтый-на-камне	0.951	90.6	-0.5	16.5	16.5	маска	DJI_20260813183534_0014_Z_00m31s.jpg	177	268,787,3,4	8	221,206,177	26.7
676	157	1.191	стакан-марка-красная	9.5	3.1	порода-охристая	0.493	46.7	8.0	10.0	12.8	маска	DJI_20260813183140_0012_Z.JPG	160	3477,668,4,12	23	134,111,98	84.7
677	50	1.191	рюкзак-синий	9.4	4.7	снег-в-тени	1.142	43.5	9.0	-9.0	12.7	маска	C0049_00m18s.png	74	107,869,4,4	12	121,108,126	45.6
678	160	1.194	стакан-марка-красная	8.9	11.8	порода-охристая	0.559	38.0	7.0	9.0	11.4	маска	DJI_20260813183028_0002_Z.JPG	6	849,1549,59,32	866	111,94,84	3367.2
679	158	1.195	рюкзак-синий	9.2	8.8	снег-в-тени	1.185	30.0	8.0	-8.0	11.3	маска	DJI_20260813183140_0012_Z.JPG	153	3432,2153,9,7	29	77,68,83	90.5
680	161	1.197	стакан-марка-красная	6.7	23.9	порода-охристая	0.768	25.9	8.0	7.0	10.6	маска	DJI_20260813183028_0002_Z.JPG	9	1019,2034,37,21	394	75,57,52	1425.4
681	162	1.200	рюкзак-синий	7.1	22.7	снег-в-тени	1.364	16.1	6.0	-9.0	10.8	маска	DJI_20260813183028_0002_Z.JPG	180	2054,539,5,5	21	48,43,58	86.8
682	163	1.200	стакан-марка-красная	9.2	9.4	снег-в-тени	1.156	40.4	9.0	-8.0	12.0	маска	DJI_20260813183028_0002_Z.JPG	126	693,659,7,6	37	105,94,109	127.4
683	164	1.200	стакан-марка-красная	9.2	9.4	снег-в-тени	1.156	40.4	9.0	-8.0	12.0	маска	DJI_20260813183028_0002_Z.JPG	189	1160,26,5,6	23	102,91,106	78.6
684	165	1.200	стакан-марка-красная	9.2	9.4	порода-охристая	0.842	40.4	5.0	8.0	9.4	маска	DJI_20260813183028_0002_Z.JPG	348	902,1581,4,2	8	110,93,85	19.4
685	166	1.201	рюкзак-синий	9.6	1.0	снег-в-тени	1.120	37.8	8.5	-8.0	11.7	маска	DJI_20260813183028_0002_Z.JPG	272	645,745,4,3	11	103,91,107	38.0
686	25	1.203	стакан-марка-красная	7.0	23.1	порода-охристая	0.562	26.7	11.0	8.0	13.6	маска	DJI_20260813183727_0015_Z_03m32s.jpg	1	637,203,41,47	727	111,87,81	2830.0
687	119	1.204	рюкзак-синий	5.8	26.8	снег-в-тени	1.530	12.0	6.0	-11.0	12.5	маска	DJI_20260813183101_0008_Z.JPG	40	2139,551,21,18	176	57,54,67	674.3
688	86	1.204	палка-ручка-пробка	9.2	9.8	лишайник-жёлтый-на-камне	0.872	85.5	-2.0	17.0	17.1	маска	DJI_20260813183534_0014_Z_00m31s.jpg	179	374,960,3,3	7	216,208,176	25.9
689	167	1.206	стакан-марка-красная	9.5	6.1	снег-в-тени	1.041	55.9	8.0	-8.0	11.3	маска	DJI_20260813183028_0002_Z.JPG	150	152,1542,5,7	25	137,125,142	105.2
690	159	1.206	рюкзак-синий	8.5	15.7	снег-в-тени	1.477	23.1	9.0	-11.0	14.2	маска	DJI_20260813183140_0012_Z.JPG	45	3295,2097,18,12	144	61,53,72	609.6
691	168	1.207	рюкзак-синий	9.4	7.2	снег-в-тени	1.272	31.6	9.0	-9.0	12.7	маска	DJI_20260813183028_0002_Z.JPG	188	2149,110,5,5	22	88,76,92	78.9
692	160	1.208	стакан-марка-красная	3.6	31.4	порода-в-тени	1.252	18.4	8.0	-1.0	8.1	маска	DJI_20260813183140_0012_Z.JPG	114	983,1823,8,10	53	54,41,46	166.2
693	87	1.210	стакан-марка-красная	7.3	22.3	снег-в-тени	1.798	27.5	13.0	-6.0	14.3	маска	DJI_20260813183534_0014_Z_00m31s.jpg	37	215,35,7,13	45	99,75,82	170.7
694	120	1.212	рюкзак-синий	6.4	25.5	снег-в-тени	1.463	13.3	6.0	-10.0	11.7	маска	DJI_20260813183101_0008_Z.JPG	135	2567,1323,7,9	45	42,37,53	166.7
695	169	1.212	рюкзак-синий	9.7	3.1	снег-в-тени	1.359	35.7	10.0	-10.5	14.5	маска	DJI_20260813183028_0002_Z.JPG	139	1743,142,7,6	32	101,91,108	115.3
696	88	1.215	палка-ручка-пробка	9.7	1.6	лишайник-жёлтый-на-камне	0.755	77.3	-3.0	17.5	17.8	маска	DJI_20260813183534_0014_Z_00m31s.jpg	79	27,737,5,6	23	191,184,153	82.8
697	161	1.215	стакан-марка-красная	6.8	24.3	порода-охристая	0.883	25.5	7.0	6.5	9.6	bbox	DJI_20260813183140_0012_Z.JPG	298	471,1749,3,2	6	73,56,50	13.4
698	51	1.216	рюкзак-синий	8.1	19.0	снег-в-тени	1.786	57.8	0.0	-22.0	22.0	маска	C0049_00m18s.png	67	1531,452,5,3	13	110,134,169	49.6
699	170	1.219	стакан-марка-красная	8.5	16.5	снег-в-тени	1.205	66.3	8.0	-7.0	10.6	маска	DJI_20260813183028_0002_Z.JPG	337	151,1463,2,3	6	150,138,153	21.5
700	171	1.221	стакан-марка-красная	3.6	31.8	порода-в-тени	1.253	18.0	8.0	-1.0	8.1	маска	DJI_20260813183028_0002_Z.JPG	182	487,2116,8,5	24	79,64,69	82.8
701	172	1.222	рюкзак-синий	9.2	11.3	снег-в-тени	1.236	27.5	8.0	-8.0	11.3	маска	DJI_20260813183028_0002_Z.JPG	239	1029,1599,3,5	14	76,65,80	50.4
702	173	1.223	стакан-марка-красная	8.2	18.4	снег-в-тени	1.275	31.4	9.0	-7.0	11.4	маска	DJI_20260813183028_0002_Z.JPG	153	1110,248,6,6	29	85,72,86	102.1
703	121	1.223	рюкзак-синий	5.4	28.6	порода-в-тени	1.234	10.2	3.0	-9.0	9.5	маска	DJI_20260813183101_0008_Z.JPG	154	2345,1605,10,6	36	30,29,40	126.4
704	174	1.224	стакан-марка-красная	2.7	32.9	порода-в-тени	1.324	16.9	8.5	0.0	8.5	маска	DJI_20260813183028_0002_Z.JPG	279	1806,1633,3,3	9	53,38,43	35.6
705	122	1.226	рюкзак-синий	9.2	11.7	снег-в-тени	1.244	27.1	8.0	-8.0	11.3	маска	DJI_20260813183101_0008_Z.JPG	121	3753,247,8,9	52	74,64,78	191.7
706	52	1.228	стакан-марка-красная	9.6	8.0	порода-охристая	0.903	41.8	4.5	8.0	9.2	маска	C0049_00m18s.png	133	1393,957,4,2	8	107,92,83	19.0
707	89	1.229	стакан-марка-красная	7.6	22.0	снег-в-тени	1.671	27.8	12.0	-6.5	13.6	маска	DJI_20260813183534_0014_Z_00m31s.jpg	40	315,214,4,14	39	86,65,77	148.2
708	162	1.229	рюкзак-синий	7.3	23.1	порода-в-тени	0.779	15.7	-1.0	-7.0	7.1	маска	DJI_20260813183140_0012_Z.JPG	254	3269,730,2,4	8	32,39,50	26.8
709	163	1.229	рюкзак-синий	7.3	23.1	порода-в-тени	0.779	15.7	-1.0	-7.0	7.1	маска	DJI_20260813183140_0012_Z.JPG	260	387,2158,4,2	7	30,39,49	25.0
710	90	1.230	стакан-марка-красная	6.1	27.1	снег-в-тени	1.786	22.7	12.0	-5.0	13.0	маска	DJI_20260813183534_0014_Z_00m31s.jpg	117	96,144,5,3	13	85,62,75	49.9
711	26	1.233	рюкзак-синий	7.6	21.9	снег-в-тени	1.537	16.9	8.0	-11.0	13.6	маска	DJI_20260813183727_0015_Z_03m32s.jpg	65	22,73,3,4	10	57,50,65	38.7
712	175	1.234	стакан-марка-красная	3.6	32.2	порода-охристая	1.300	17.6	8.0	3.0	8.5	маска	DJI_20260813183028_0002_Z.JPG	15	1429,1198,35,23	298	88,75,72	1095.5
713	52	1.237	рюкзак-синий	6.7	25.5	снег-в-тени	1.556	13.3	7.0	-11.0	13.0	маска	DJI_20260813183004_0001_Z_03m40s.jpg	8	1300,76,8,13	85	44,39,56	349.3
714	123	1.237	стакан-марка-красная	7.2	23.7	снег-розовый	0.896	73.5	7.0	7.0	9.9	bbox	DJI_20260813183101_0008_Z.JPG	298	2114,1721,3,2	6	198,175,166	18.9
715	124	1.237	палка-ручка-пробка	9.9	0.0	лишайник-жёлтый-на-камне	0.631	75.7	-2.0	16.0	16.1	маска	DJI_20260813183101_0008_Z.JPG	34	1661,81,18,26	207	194,184,157	784.5
716	176	1.237	рюкзак-синий	9.8	3.5	снег-в-тени	1.351	35.3	10.0	-10.0	14.1	маска	DJI_20260813183028_0002_Z.JPG	47	351,1239,10,17	109	109,98,115	469.8
717	125	1.238	палка-ручка-пробка	9.9	1.2	лишайник-жёлтый-на-камне	0.656	76.9	-2.0	16.0	16.1	маска	DJI_20260813183101_0008_Z.JPG	103	1679,93,6,14	68	197,187,160	241.0
718	53	1.239	рюкзак-синий	7.3	23.6	снег-в-тени	1.233	62.4	8.0	-12.0	14.4	маска	C0049_00m18s.png	25	463,909,10,4	36	173,165,185	138.1
719	164	1.239	палка-ручка-контроль	7.5	22.7	корка-жёлтая-на-скале	0.983	34.9	6.0	18.5	19.4	маска	DJI_20260813183140_0012_Z.JPG	141	901,1653,6,6	27	105,82,55	106.8
720	126	1.239	палка-ручка-пробка	9.9	2.0	лишайник-жёлтый-на-камне	0.593	73.7	-2.0	16.0	16.1	маска	DJI_20260813183101_0008_Z.JPG	249	1697,86,2,5	10	189,179,151	36.2
721	177	1.240	рюкзак-синий	9.4	10.8	снег-в-тени	1.334	28.0	9.0	-9.0	12.7	маска	DJI_20260813183028_0002_Z.JPG	104	1850,63,9,7	40	77,65,78	162.6
722	178	1.244	стакан-марка-красная	2.5	33.7	порода-охристая	1.352	16.1	9.0	2.5	9.3	маска	DJI_20260813183028_0002_Z.JPG	194	1453,1183,6,6	21	57,40,41	77.2
723	127	1.246	рюкзак-синий	7.2	24.3	порода-в-тени	1.126	14.5	4.0	-7.5	8.5	bbox	DJI_20260813183101_0008_Z.JPG	305	3202,265,3,2	6	37,35,47	16.7
724	179	1.247	стакан-марка-красная	3.6	32.5	порода-охристая	1.308	17.3	8.0	3.0	8.5	маска	DJI_20260813183028_0002_Z.JPG	151	1478,1226,10,6	32	57,40,40	103.3
725	180	1.248	стакан-марка-красная	3.0	33.3	порода-в-тени	1.282	16.5	8.0	1.0	8.1	маска	DJI_20260813183028_0002_Z.JPG	345	1333,545,2,3	6	51,36,40	20.1
726	181	1.248	рюкзак-синий	9.6	9.6	снег-в-тени	1.253	29.2	8.5	-8.0	11.7	маска	DJI_20260813183028_0002_Z.JPG	199	711,414,6,6	24	79,69,80	74.7
727	165	1.250	палка-древко-контроль	9.1	14.9	снег-в-тени	1.193	56.5	-9.0	-6.0	10.8	маска	DJI_20260813183140_0012_Z.JPG	128	2688,909,9,5	34	109,140,146	125.9
728	182	1.252	стакан-марка-красная	9.4	11.8	порода-охристая	0.673	38.0	6.0	9.0	10.8	маска	DJI_20260813183028_0002_Z.JPG	21	594,1828,31,22	252	93,76,68	878.2
729	53	1.253	стакан-марка-красная	7.0	25.1	порода-охристая	0.616	24.7	11.0	8.0	13.6	маска	DJI_20260813183004_0001_Z_03m40s.jpg	5	830,163,13,14	109	84,58,53	415.3
730	183	1.254	стакан-марка-красная	3.2	33.3	порода-в-тени	1.264	16.5	8.0	0.0	8.0	маска	DJI_20260813183028_0002_Z.JPG	270	1663,1901,4,4	12	50,36,41	39.4
731	184	1.255	стакан-марка-красная	3.0	33.5	порода-в-тени	1.283	16.3	8.0	1.0	8.1	маска	DJI_20260813183028_0002_Z.JPG	218	2002,1348,6,4	17	56,40,42	58.7
732	54	1.255	стакан-марка-красная	9.9	6.7	корка-жёлтая-на-скале	1.179	43.1	2.5	6.0	6.5	bbox	C0049_00m18s.png	144	0,1065,3,2	6	109,100,92	13.5
733	27	1.256	стакан-марка-красная	5.8	28.6	порода-охристая	0.954	21.2	8.0	6.0	10.0	маска	DJI_20260813183727_0015_Z_03m32s.jpg	44	203,1063,12,4	28	75,56,52	78.7
734	166	1.256	рюкзак-синий	10.0	3.5	снег-в-тени	1.210	35.3	9.0	-8.0	12.0	маска	DJI_20260813183140_0012_Z.JPG	34	1253,1907,14,18	182	97,85,101	855.9
735	167	1.258	палка-древко-контроль	7.1	25.1	снег-пересвеченный	1.230	66.7	-9.0	-8.0	12.0	маска	DJI_20260813183140_0012_Z.JPG	217	1834,1276,7,3	12	132,163,173	39.4
736	54	1.259	стакан-марка-красная	7.1	25.1	порода-охристая	0.629	24.7	10.0	8.0	12.8	маска	DJI_20260813183004_0001_Z_03m40s.jpg	26	820,137,10,6	33	78,54,49	122.2
737	91	1.259	палка-ручка-пробка	9.6	11.2	лишайник-жёлтый-на-камне	0.914	86.9	-2.0	16.5	16.6	маска	DJI_20260813183534_0014_Z_00m31s.jpg	84	22,131,5,7	21	233,227,197	76.9
738	55	1.259	рюкзак-синий	9.7	9.4	порода-в-тени	0.557	29.4	-1.0	-4.5	4.6	bbox	DJI_20260813183004_0001_Z_03m40s.jpg	90	1017,525,2,3	6	64,70,76	21.3
739	55	1.260	стакан-марка-красная	3.6	32.9	снег-розовый	0.858	82.7	8.0	-1.0	8.1	маска	C0049_00m18s.png	135	843,799,3,2	6	221,203,208	18.2
740	168	1.261	палка-ручка-контроль	8.0	21.5	корка-жёлтая-на-скале	0.937	36.1	6.0	18.0	19.0	маска	DJI_20260813183140_0012_Z.JPG	214	1032,1563,5,4	11	109,87,61	41.8
741	169	1.262	палка-древко-контроль	9.1	15.7	снег-в-тени	1.201	57.3	-9.0	-6.0	10.8	маска	DJI_20260813183140_0012_Z.JPG	72	2238,1090,25,19	87	111,143,149	319.6
742	170	1.263	палка-ручка-контроль	8.0	21.5	корка-жёлтая-на-скале	0.988	36.1	6.5	18.0	19.1	маска	DJI_20260813183140_0012_Z.JPG	227	1002,1589,3,3	9	108,83,57	34.8
743	128	1.264	стакан-марка-красная	6.7	26.5	порода-в-тени	1.350	23.3	8.0	-5.0	9.4	маска	DJI_20260813183101_0008_Z.JPG	147	2991,731,8,8	38	78,66,77	138.1
744	185	1.265	стакан-марка-красная	4.2	32.2	порода-в-тени	1.260	17.6	8.0	-2.0	8.2	маска	DJI_20260813183028_0002_Z.JPG	297	2898,2002,3,3	8	58,43,50	30.7
745	129	1.270	рюкзак-синий	5.0	31.0	порода-в-тени	1.425	7.8	4.0	-10.0	10.8	маска	DJI_20260813183101_0008_Z.JPG	25	1871,348,35,28	265	103,105,111	1032.8
746	186	1.271	стакан-марка-красная	4.2	32.3	порода-в-тени	1.261	17.5	8.0	-2.0	8.2	маска	DJI_20260813183028_0002_Z.JPG	318	2307,2129,3,3	7	62,48,55	25.2
747	130	1.278	рюкзак-синий	7.1	25.9	порода-в-тени	1.439	12.9	6.0	-9.0	10.8	маска	DJI_20260813183101_0008_Z.JPG	253	2294,13,5,4	12	37,32,45	33.6
748	131	1.278	стакан-марка-красная	5.8	29.4	порода-в-тени	1.305	20.4	8.0	-4.0	8.9	маска	DJI_20260813183101_0008_Z.JPG	91	285,249,12,14	80	57,46,55	282.1
749	171	1.279	палка-ручка-контроль	8.0	22.3	корка-жёлтая-на-скале	0.950	35.3	6.0	18.0	19.0	маска	DJI_20260813183140_0012_Z.JPG	82	595,1749,20,13	73	114,92,66	287.3
750	132	1.281	рюкзак-синий	7.2	25.5	снег-в-тени	1.531	13.3	7.0	-10.0	12.2	маска	DJI_20260813183101_0008_Z.JPG	60	830,699,14,17	117	60,56,70	450.1
751	187	1.282	стакан-марка-красная	3.8	33.3	порода-в-тени	1.456	16.5	9.5	-2.5	9.8	маска	DJI_20260813183028_0002_Z.JPG	247	2168,65,5,4	13	54,39,48	48.1
752	28	1.284	стакан-марка-красная	7.9	22.9	снег-в-тени	1.313	26.9	8.5	-6.5	10.7	маска	DJI_20260813183727_0015_Z_03m32s.jpg	60	17,80,4,4	12	77,65,75	43.9
753	133	1.287	рюкзак-синий	6.4	28.2	порода-в-тени	1.545	10.6	6.0	-10.0	11.7	маска	DJI_20260813183101_0008_Z.JPG	137	1015,1368,11,6	44	34,30,44	161.4
754	134	1.287	стакан-марка-красная	8.9	17.8	порода-охристая	0.604	32.0	7.0	9.0	11.4	маска	DJI_20260813183101_0008_Z.JPG	118	1806,1509,9,7	52	94,74,65	204.2
755	135	1.287	рюкзак-синий	9.2	16.1	снег-в-тени	1.342	22.7	8.0	-8.0	11.3	маска	DJI_20260813183101_0008_Z.JPG	113	25,557,10,8	59	64,54,68	220.2
756	188	1.288	стакан-марка-красная	3.2	34.3	порода-в-тени	1.268	15.5	8.0	0.0	8.0	маска	DJI_20260813183028_0002_Z.JPG	216	338,1991,5,4	17	60,45,50	59.9
757	172	1.288	палка-древко-контроль	7.1	26.2	снег-пересвеченный	1.201	67.8	-9.0	-8.0	12.0	маска	DJI_20260813183140_0012_Z.JPG	132	1816,1282,11,4	33	126,159,168	119.1
758	92	1.289	палка-ручка-пробка	10.3	2.0	лишайник-жёлтый-на-камне	0.815	73.7	-4.0	18.0	18.4	маска	DJI_20260813183534_0014_Z_00m31s.jpg	13	18,689,7,26	104	195,189,159	381.8
759	136	1.290	стакан-марка-красная	6.7	27.4	порода-в-тени	1.348	22.4	8.0	-5.0	9.4	маска	DJI_20260813183101_0008_Z.JPG	239	110,153,4,4	12	61,49,60	40.5
760	93	1.290	стакан-марка-красная	6.7	27.5	снег-розовый	0.976	77.3	8.0	7.0	10.6	маска	DJI_20260813183534_0014_Z_00m31s.jpg	131	817,525,4,4	12	167,143,135	44.4
761	137	1.294	стакан-марка-красная	9.5	14.5	порода-охристая	1.006	64.3	8.0	10.0	12.8	маска	DJI_20260813183101_0008_Z.JPG	150	2141,1693,7,8	35	180,153,140	129.9
762	189	1.296	стакан-марка-красная	8.1	22.7	снег-в-тени	1.259	27.1	8.0	-6.5	10.3	маска	DJI_20260813183028_0002_Z.JPG	288	665,868,3,4	11	72,60,72	34.0
763	173	1.296	палка-древко-контроль	8.7	19.6	снег-в-тени	1.351	61.2	-10.0	-6.5	11.9	маска	DJI_20260813183140_0012_Z.JPG	266	1668,1347,3,2	6	115,146,152	23.4
764	190	1.297	стакан-марка-красная	4.1	33.3	порода-в-тени	1.527	16.5	10.0	-3.0	10.4	маска	DJI_20260813183028_0002_Z.JPG	221	3083,821,5,4	18	60,46,54	58.5
765	138	1.298	рюкзак-синий	6.4	28.6	порода-в-тени	1.378	10.2	5.0	-9.0	10.3	маска	DJI_20260813183101_0008_Z.JPG	245	2255,62,4,3	11	29,28,41	37.9
766	191	1.302	стакан-марка-красная	2.8	35.1	порода-в-тени	1.390	14.7	9.0	-1.0	9.1	маска	DJI_20260813183028_0002_Z.JPG	121	876,2104,11,5	39	73,56,62	137.0
767	56	1.307	рюкзак-синий	5.0	32.1	порода-в-тени	1.438	6.7	4.0	-10.0	10.8	маска	DJI_20260813183004_0001_Z_03m40s.jpg	24	1899,245,10,6	37	24,22,35	138.8
768	174	1.307	рюкзак-синий	7.6	25.1	снег-в-тени	1.619	13.7	8.0	-11.0	13.6	маска	DJI_20260813183140_0012_Z.JPG	107	1246,283,9,11	48	42,36,54	193.1
769	57	1.308	стакан-марка-красная	8.1	23.3	порода-охристая	0.510	26.5	10.0	9.0	13.5	bbox	DJI_20260813183004_0001_Z_03m40s.jpg	89	846,153,3,2	6	81,55,49	21.9
770	139	1.310	стакан-марка-красная	7.1	27.1	порода-охристая	0.685	22.7	12.0	8.0	14.4	маска	DJI_20260813183101_0008_Z.JPG	39	2257,1615,26,16	172	131,112,107	727.4
771	175	1.313	палка-древко-контроль	9.2	17.6	снег-в-тени	1.338	59.2	-10.0	-6.0	11.7	маска	DJI_20260813183140_0012_Z.JPG	70	1638,1350,22,12	89	112,144,150	328.3
772	34	1.314	палка-ручка-пробка	9.2	17.7	корка-жёлтая-на-скале	0.406	58.0	-1.0	16.0	16.0	маска	DJI_20260813183004_0001_Z_01m56s.jpg	2	683,937,26,30	389	148,139,118	1501.7
773	192	1.314	рюкзак-синий	10.0	11.3	снег-в-тени	1.339	27.5	9.0	-8.0	12.0	маска	DJI_20260813183028_0002_Z.JPG	214	620,797,5,5	19	84,73,85	61.2
774	56	1.315	стакан-марка-красная	5.3	31.8	снег-розовый	0.940	81.6	7.5	-3.0	8.1	bbox	C0049_00m18s.png	136	523,733,3,2	6	213,197,207	17.9
775	193	1.315	стакан-марка-красная	4.5	33.3	порода-в-тени	1.405	16.5	9.0	-3.0	9.5	маска	DJI_20260813183028_0002_Z.JPG	164	287,2007,6,6	29	51,37,44	95.0
776	94	1.316	палка-ручка-контроль	7.3	26.6	порода-охристая	1.665	31.0	13.0	24.0	27.3	маска	DJI_20260813183534_0014_Z_00m31s.jpg	80	189,558,4,13	25	110,74,45	79.6
777	57	1.316	стакан-марка-красная	4.2	33.7	снег-розовый	0.926	83.5	8.0	-2.0	8.2	маска	C0049_00m18s.png	35	1116,996,8,7	28	222,202,210	104.5
778	194	1.317	стакан-марка-красная	4.3	33.7	порода-в-тени	1.467	16.1	9.5	-3.0	10.0	маска	DJI_20260813183028_0002_Z.JPG	142	2371,352,9,6	34	56,41,49	112.9
779	95	1.318	стакан-марка-красная	9.4	16.5	порода-охристая	0.697	33.3	16.0	9.0	18.4	маска	DJI_20260813183534_0014_Z_00m31s.jpg	104	284,725,5,10	23	120,89,80	57.6
780	195	1.318	стакан-марка-красная	4.0	34.1	порода-в-тени	1.398	15.7	9.0	-2.5	9.3	маска	DJI_20260813183028_0002_Z.JPG	256	2360,2052,4,3	12	53,38,46	44.3
781	96	1.320	палка-ручка-пробка	10.3	8.2	лишайник-жёлтый-на-камне	1.005	83.9	-4.0	18.0	18.4	маска	DJI_20260813183534_0014_Z_00m31s.jpg	194	259,676,2,3	6	224,221,188	20.9
782	140	1.321	стакан-марка-красная	8.5	21.8	снег-розовый	1.172	71.6	8.0	9.0	12.0	маска	DJI_20260813183101_0008_Z.JPG	224	2127,1675,5,6	14	199,173,160	50.4
783	196	1.322	стакан-марка-красная	4.2	33.9	порода-в-тени	1.267	15.9	8.0	-2.0	8.2	маска	DJI_20260813183028_0002_Z.JPG	275	2801,1174,3,5	12	62,49,55	37.2
784	176	1.323	палка-ручка-пробка	10.0	12.5	лишайник-жёлтый-на-камне	0.922	88.2	2.0	13.5	13.6	маска	DJI_20260813183140_0012_Z.JPG	111	1377,1523,10,6	39	233,216,194	171.5
785	177	1.324	палка-древко-контроль	6.0	30.6	снег-пересвеченный	1.116	72.2	-8.0	-9.0	12.0	маска	DJI_20260813183140_0012_Z.JPG	54	2891,857,26,12	115	147,177,189	459.8
786	178	1.325	палка-древко-контроль	5.1	32.5	снег-пересвеченный	1.119	74.1	-7.0	-10.0	12.2	маска	DJI_20260813183140_0012_Z.JPG	0	1898,1207,274,104	2390	137,155,164	9868.9
787	29	1.325	стакан-марка-красная	8.5	22.0	снег-розовый	1.171	71.8	8.0	9.0	12.0	маска	DJI_20260813183727_0015_Z_03m32s.jpg	49	578,819,3,6	16	193,167,156	65.8
788	179	1.326	рюкзак-синий	9.9	13.3	снег-в-тени	1.285	25.5	8.0	-7.0	10.6	маска	DJI_20260813183140_0012_Z.JPG	268	277,1993,4,2	8	67,57,70	23.1
789	180	1.331	рюкзак-синий	5.0	32.9	порода-в-тени	1.612	5.9	5.0	-11.0	12.1	маска	DJI_20260813183140_0012_Z.JPG	92	750,503,21,8	61	19,19,35	249.6
790	197	1.332	стакан-марка-красная	3.9	34.7	порода-в-тени	1.332	15.1	8.5	-2.0	8.7	маска	DJI_20260813183028_0002_Z.JPG	287	2370,2045,3,4	10	63,48,53	34.1
791	181	1.332	стакан-марка-красная	5.0	32.9	порода-в-тени	1.281	16.9	8.0	-3.0	8.5	маска	DJI_20260813183140_0012_Z.JPG	223	1137,1768,5,3	12	49,39,47	35.9
792	58	1.332	стакан-марка-красная	3.6	35.1	снег-розовый	0.878	84.9	8.0	-1.0	8.1	маска	C0049_00m18s.png	46	851,809,6,8	22	212,194,200	77.1
793	35	1.332	стакан-марка-красная	7.2	27.6	порода-охристая	0.818	22.2	8.0	7.5	11.0	маска	DJI_20260813183004_0001_Z_01m56s.jpg	86	444,827,3,3	7	85,66,60	21.1
794	36	1.333	стакан-марка-красная	6.7	29.0	снег-розовый	0.977	78.8	8.0	7.0	10.6	маска	DJI_20260813183004_0001_Z_01m56s.jpg	8	1796,793,13,20	109	195,172,165	428.4
795	97	1.334	стакан-марка-красная	3.2	35.7	порода-в-тени	1.522	14.1	10.0	-2.0	10.2	маска	DJI_20260813183534_0014_Z_00m31s.jpg	9	687,1057,31,19	146	127,118,120	605.2
796	182	1.337	стакан-марка-красная	5.8	31.4	порода-в-тени	1.010	18.4	6.0	-2.0	6.3	bbox	DJI_20260813183140_0012_Z.JPG	297	993,1830,2,3	6	53,42,47	15.1
797	98	1.337	стакан-марка-красная	5.4	32.3	порода-в-тени	1.915	17.5	13.0	-4.0	13.6	маска	DJI_20260813183534_0014_Z_00m31s.jpg	153	62,85,3,5	10	68,46,54	35.7
798	198	1.339	рюкзак-синий	7.8	25.7	снег-в-тени	1.521	13.1	7.0	-9.0	11.4	маска	DJI_20260813183028_0002_Z.JPG	320	3181,9,3,2	6	39,32,47	25.0
799	199	1.340	стакан-марка-красная	4.5	34.1	порода-в-тени	1.408	15.7	9.0	-3.0	9.5	маска	DJI_20260813183028_0002_Z.JPG	175	1276,1166,6,6	27	51,36,43	91.5
800	183	1.341	палка-древко-контроль	9.2	19.2	снег-пересвеченный	1.355	60.8	-10.0	-6.0	11.7	маска	DJI_20260813183140_0012_Z.JPG	28	2822,855,25,27	245	123,158,164	963.4
801	99	1.341	палка-ручка-пробка	10.6	5.1	лишайник-жёлтый-на-камне	0.663	70.6	-3.0	16.0	16.3	маска	DJI_20260813183534_0014_Z_00m31s.jpg	71	217,1011,2,13	26	186,178,150	88.7
802	30	1.342	стакан-марка-красная	8.5	22.7	порода-охристая	0.606	27.1	8.0	9.0	12.0	маска	DJI_20260813183727_0015_Z_03m32s.jpg	14	1585,910,15,14	121	107,87,78	460.3
803	141	1.343	стакан-марка-красная	9.5	17.7	порода-охристая	1.110	67.5	8.0	10.0	12.8	маска	DJI_20260813183101_0008_Z.JPG	29	2113,1701,20,15	220	188,161,148	825.5
804	184	1.344	палка-ручка-контроль	9.2	19.4	порода-охристая	0.839	38.2	8.0	17.0	18.8	маска	DJI_20260813183140_0012_Z.JPG	17	3439,760,55,29	455	120,94,74	1884.4
805	37	1.345	палка-ручка-пробка	10.6	5.9	лишайник-жёлтый-на-камне	0.801	81.6	-2.0	15.0	15.1	bbox	DJI_20260813183004_0001_Z_01m56s.jpg	80	681,817,2,3	6	210,202,174	24.1
806	200	1.347	рюкзак-синий	8.6	22.7	снег-в-тени	1.516	16.1	8.0	-9.0	12.0	маска	DJI_20260813183028_0002_Z.JPG	67	1953,41,17,11	85	81,76,88	307.4
807	185	1.349	палка-ручка-контроль	9.1	20.5	порода-охристая	0.903	37.1	7.0	17.0	18.4	маска	DJI_20260813183140_0012_Z.JPG	192	570,1766,7,2	14	108,84,60	54.1
808	100	1.351	палка-ручка-пробка	9.4	18.4	корка-жёлтая-на-скале	0.629	57.3	-3.0	18.0	18.2	маска	DJI_20260813183534_0014_Z_00m31s.jpg	4	3,241,11,36	189	155,146,118	738.6
809	59	1.351	стакан-марка-красная	4.3	34.7	снег-розовый	0.851	84.5	7.5	-1.5	7.6	bbox	C0049_00m18s.png	134	950,997,3,2	6	223,204,212	18.6
810	201	1.353	стакан-марка-красная	5.1	33.3	порода-в-тени	1.356	16.5	8.5	-3.5	9.2	маска	DJI_20260813183028_0002_Z.JPG	343	2197,346,4,3	8	54,42,50	20.4
811	202	1.354	стакан-марка-красная	6.1	31.4	порода-в-тени	1.583	18.4	10.0	-5.0	11.2	маска	DJI_20260813183028_0002_Z.JPG	204	1433,1865,7,6	18	71,55,66	69.9
812	101	1.355	стакан-марка-красная	6.7	29.8	снег-в-тени	2.047	20.0	14.0	-5.0	14.9	маска	DJI_20260813183534_0014_Z_00m31s.jpg	56	50,61,6,9	30	81,56,63	110.3
813	186	1.356	палка-ручка-пробка	9.2	20.0	корка-жёлтая-на-скале	0.452	55.7	-2.0	17.0	17.1	маска	DJI_20260813183140_0012_Z.JPG	2	813,121,48,42	1583	133,125,99	7139.2
814	187	1.358	палка-ручка-пробка	10.8	3.5	лишайник-жёлтый-на-камне	0.722	79.2	-1.0	14.0	14.0	маска	DJI_20260813183140_0012_Z.JPG	245	3082,622,3,3	8	207,196,172	28.8
815	102	1.358	палка-ручка-пробка	10.8	5.1	лишайник-жёлтый-на-камне	1.061	80.8	-5.0	19.0	19.6	маска	DJI_20260813183534_0014_Z_00m31s.jpg	19	85,958,9,23	82	193,185,157	316.0
816	103	1.359	палка-ручка-пробка	9.9	15.7	корка-жёлтая-на-скале	0.518	60.0	-2.0	16.0	16.1	маска	DJI_20260813183534_0014_Z_00m31s.jpg	199	83,159,2,3	6	152,145,118	20.2
817	203	1.360	стакан-марка-красная	4.5	34.7	порода-в-тени	1.410	15.1	9.0	-3.0	9.5	маска	DJI_20260813183028_0002_Z.JPG	223	3061,269,5,5	18	53,39,47	58.1
818	60	1.360	стакан-марка-красная	2.2	37.3	снег-розовый	1.120	87.1	10.0	-1.0	10.0	маска	C0049_00m18s.png	63	973,1001,4,4	15	224,199,206	56.8
819	188	1.361	палка-древко-контроль	9.1	21.1	снег-пересвеченный	1.233	62.7	-9.0	-6.0	10.8	маска	DJI_20260813183140_0012_Z.JPG	78	1608,1361,27,18	83	117,149,156	297.9
820	189	1.364	палка-ручка-контроль	9.1	21.3	корка-жёлтая-на-скале	0.789	36.3	5.0	17.0	17.7	маска	DJI_20260813183140_0012_Z.JPG	181	3786,447,8,2	16	104,84,61	62.3
821	142	1.365	рюкзак-синий	6.4	31.0	порода-в-тени	1.402	7.8	5.0	-9.0	10.3	маска	DJI_20260813183101_0008_Z.JPG	159	1247,1407,10,6	34	33,30,42	120.2
822	190	1.365	палка-древко-контроль	8.2	25.1	снег-пересвеченный	1.242	66.7	-10.0	-7.0	12.2	маска	DJI_20260813183140_0012_Z.JPG	190	1829,1278,4,4	14	133,165,173	54.1
823	204	1.367	стакан-марка-красная	5.4	33.3	порода-в-тени	1.432	16.5	9.0	-4.0	9.8	маска	DJI_20260813183028_0002_Z.JPG	232	3150,1267,5,3	14	57,42,52	53.9
824	205	1.369	стакан-марка-красная	3.0	36.9	порода-в-тени	1.302	12.9	8.0	1.0	8.1	маска	DJI_20260813183028_0002_Z.JPG	77	2680,1133,12,10	73	50,35,38	251.2
825	206	1.369	стакан-марка-красная	3.0	36.9	порода-в-тени	1.302	12.9	8.0	1.0	8.1	маска	DJI_20260813183028_0002_Z.JPG	344	2469,567,4,2	8	43,29,30	20.4
826	191	1.370	палка-ручка-контроль	10.2	14.1	порода-охристая	0.752	43.5	8.0	16.0	17.9	маска	DJI_20260813183140_0012_Z.JPG	16	3486,708,32,34	497	127,100,77	1996.7
827	192	1.374	палка-ручка-контроль	9.0	22.1	корка-жёлтая-на-скале	0.905	35.5	6.0	17.0	18.0	маска	DJI_20260813183140_0012_Z.JPG	71	976,1593,24,19	83	117,96,72	323.2
828	207	1.375	стакан-марка-красная	4.1	35.7	порода-в-тени	1.537	14.1	10.0	-3.0	10.4	маска	DJI_20260813183028_0002_Z.JPG	208	1013,2036,5,4	17	58,40,46	65.0
829	143	1.376	рюкзак-синий	8.1	26.3	снег-в-тени	1.627	12.5	8.0	-10.0	12.8	маска	DJI_20260813183101_0008_Z.JPG	143	1020,981,7,7	38	38,31,47	153.1
830	144	1.378	стакан-марка-красная	8.3	25.3	порода-охристая	0.839	24.5	6.5	8.0	10.3	маска	DJI_20260813183101_0008_Z.JPG	251	1638,136,3,4	9	72,55,47	34.6
831	61	1.380	рюкзак-синий	11.0	3.3	порода-в-тени	0.703	35.5	1.0	-3.0	3.2	bbox	C0049_00m18s.png	138	1465,404,2,3	6	83,84,89	16.5
832	208	1.380	стакан-марка-красная	4.2	35.7	порода-в-тени	1.276	14.1	8.0	-2.0	8.2	маска	DJI_20260813183028_0002_Z.JPG	233	1878,351,5,4	17	47,33,39	53.4
833	58	1.383	рюкзак-синий	7.1	29.8	порода-в-тени	1.471	9.0	6.0	-9.0	10.8	маска	DJI_20260813183004_0001_Z_03m40s.jpg	29	1359,49,8,7	32	26,21,34	114.7
834	104	1.384	стакан-марка-красная	10.4	12.9	порода-в-тени	0.708	36.9	1.0	-2.0	2.2	маска	DJI_20260813183534_0014_Z_00m31s.jpg	36	268,477,4,13	49	87,86,89	174.9
835	145	1.385	стакан-марка-красная	10.4	12.9	порода-охристая	0.947	62.7	8.0	11.0	13.6	маска	DJI_20260813183101_0008_Z.JPG	16	2087,1675,30,26	341	177,151,136	1288.2
836	193	1.385	палка-ручка-контроль	9.2	21.5	корка-жёлтая-на-скале	0.698	36.1	4.0	17.0	17.5	маска	DJI_20260813183140_0012_Z.JPG	159	3320,474,8,6	22	101,83,59	84.8
837	146	1.387	стакан-марка-красная	10.0	16.9	порода-охристая	0.814	32.9	5.0	9.0	10.3	маска	DJI_20260813183101_0008_Z.JPG	38	1562,135,35,19	193	108,97,86	727.7
838	147	1.388	рюкзак-синий	9.9	17.6	снег-в-тени	1.386	21.2	8.0	-7.0	10.6	маска	DJI_20260813183101_0008_Z.JPG	231	741,1713,4,8	16	63,52,65	45.3
839	148	1.389	стакан-марка-красная	10.4	13.3	порода-охристая	0.960	63.1	8.0	11.0	13.6	маска	DJI_20260813183101_0008_Z.JPG	49	2077,1655,16,24	156	174,149,135	580.4
840	62	1.390	стакан-марка-красная	2.8	37.7	снег-розовый	1.015	87.5	9.0	-1.0	9.1	маска	C0049_00m18s.png	13	1347,1063,10,10	46	205,185,194	179.8
841	63	1.391	рюкзак-синий	7.0	30.2	снег-в-тени	1.495	69.0	8.0	-14.5	16.6	маска	C0049_00m18s.png	4	1907,609,8,22	136	177,172,197	606.5
842	194	1.391	рюкзак-синий	9.5	20.4	порода-в-тени	0.505	18.4	-2.0	-5.0	5.4	маска	DJI_20260813183140_0012_Z.JPG	275	3121,717,3,2	6	39,46,53	21.8
843	64	1.394	стакан-марка-красная	3.5	37.1	снег-розовый	0.773	86.9	7.5	1.0	7.6	bbox	C0049_00m18s.png	132	711,841,3,2	6	233,213,216	19.2
844	149	1.394	стакан-марка-красная	8.5	25.1	порода-охристая	0.665	24.7	8.0	9.0	12.0	маска	DJI_20260813183101_0008_Z.JPG	15	1893,1832,25,21	391	74,54,46	1546.3
845	195	1.394	стакан-марка-красная	5.0	34.9	порода-в-тени	1.290	14.9	8.0	-3.0	8.5	маска	DJI_20260813183140_0012_Z.JPG	213	3454,526,5,6	14	44,34,42	41.9
846	196	1.394	стакан-марка-красная	5.0	34.9	порода-в-тени	1.290	14.9	8.0	-3.0	8.5	маска	DJI_20260813183140_0012_Z.JPG	238	1244,1686,5,2	10	45,34,42	32.0
847	197	1.394	стакан-марка-красная	5.0	34.9	порода-в-тени	1.290	14.9	8.0	-3.0	8.5	маска	DJI_20260813183140_0012_Z.JPG	256	1260,1685,2,5	10	45,35,43	25.8
848	59	1.396	рюкзак-синий	8.3	26.1	снег-в-тени	1.613	12.7	8.0	-9.5	12.4	маска	DJI_20260813183004_0001_Z_03m40s.jpg	43	551,327,4,5	19	48,41,56	74.1
849	105	1.398	палка-ручка-пробка	10.6	12.2	лишайник-жёлтый-на-камне	0.641	63.5	-3.0	16.0	16.3	маска	DJI_20260813183534_0014_Z_00m31s.jpg	180	234,490,3,3	7	184,179,151	25.8
850	60	1.398	рюкзак-синий	11.2	1.2	порода-в-тени	0.676	37.6	-1.0	-3.0	3.2	bbox	DJI_20260813183004_0001_Z_03m40s.jpg	88	1241,229,2,3	6	84,89,93	22.5
851	65	1.399	стакан-марка-красная	11.2	1.6	снег-в-тени	1.649	51.4	13.0	-10.0	16.4	маска	C0049_00m18s.png	69	930,915,5,4	12	147,127,144	47.8
852	150	1.399	рюкзак-синий	8.6	25.1	снег-в-тени	1.580	13.7	8.0	-9.0	12.0	маска	DJI_20260813183101_0008_Z.JPG	153	1053,1227,6,8	32	38,29,44	127.0
853	151	1.400	стакан-марка-красная	8.6	25.1	порода-охристая	0.878	24.7	6.0	8.0	10.0	маска	DJI_20260813183101_0008_Z.JPG	184	1646,138,8,4	22	72,55,46	84.8
854	106	1.401	палка-ручка-пробка	11.2	2.8	лишайник-жёлтый-на-камне	0.923	72.9	-5.0	18.0	18.7	маска	DJI_20260813183534_0014_Z_00m31s.jpg	54	23,779,4,13	32	202,202,172	115.2
855	209	1.404	стакан-марка-красная	2.8	38.0	порода-охристая	1.403	11.8	9.0	3.0	9.5	маска	DJI_20260813183028_0002_Z.JPG	303	1051,2064,3,3	9	42,26,27	29.9
856	107	1.404	палка-ручка-контроль	7.1	30.5	порода-охристая	1.189	27.1	7.0	19.0	20.2	маска	DJI_20260813183534_0014_Z_00m31s.jpg	150	149,747,3,7	11	81,58,35	36.5
857	198	1.404	стакан-марка-красная	5.4	34.5	порода-в-тени	1.437	15.3	9.0	-4.0	9.8	маска	DJI_20260813183140_0012_Z.JPG	11	183,1741,30,36	679	61,48,55	2686.3
858	152	1.405	рюкзак-синий	7.1	30.6	порода-в-тени	1.479	8.2	6.0	-9.0	10.8	маска	DJI_20260813183101_0008_Z.JPG	173	2233,78,7,7	28	31,27,40	97.3
859	66	1.405	стакан-марка-красная	3.6	37.3	снег-розовый	0.904	87.1	8.0	-1.0	8.1	маска	C0049_00m18s.png	39	485,724,10,5	26	231,213,220	87.8
860	108	1.406	палка-ручка-пробка	10.5	13.7	лишайник-жёлтый-на-камне	1.138	89.4	-4.0	17.5	18.0	маска	DJI_20260813183534_0014_Z_00m31s.jpg	143	261,667,3,6	11	241,242,214	38.8
861	109	1.409	палка-ручка-контроль	8.0	27.8	корка-жёлтая-на-скале	1.057	29.8	6.0	18.0	19.0	маска	DJI_20260813183534_0014_Z_00m31s.jpg	88	39,878,4,8	20	90,68,44	71.1
862	153	1.415	рюкзак-синий	7.1	31.0	порода-в-тени	1.484	7.8	6.0	-9.0	10.8	маска	DJI_20260813183101_0008_Z.JPG	146	371,453,6,11	40	30,25,39	143.1
863	31	1.417	стакан-марка-красная	5.4	34.9	порода-охристая	1.076	14.9	9.0	6.0	10.8	маска	DJI_20260813183727_0015_Z_03m32s.jpg	69	589,884,3,4	10	42,25,21	31.5
864	210	1.417	стакан-марка-красная	5.4	34.9	порода-в-тени	1.439	14.9	9.0	-4.0	9.8	маска	DJI_20260813183028_0002_Z.JPG	138	3143,1018,7,8	31	79,65,75	115.8
865	199	1.417	палка-ручка-контроль	9.2	23.1	корка-жёлтая-на-скале	0.733	34.5	4.0	17.0	17.5	маска	DJI_20260813183140_0012_Z.JPG	180	466,1920,6,7	16	98,81,57	63.5
866	154	1.418	стакан-марка-красная	11.0	10.2	корка-жёлтая-на-скале	0.941	39.6	3.0	8.5	9.0	маска	DJI_20260813183101_0008_Z.JPG	250	2528,277,3,5	12	106,94,83	35.9
867	67	1.420	стакан-марка-красная	5.0	35.7	снег-розовый	1.381	85.5	11.0	-4.0	11.7	маска	C0049_00m18s.png	21	976,951,11,8	39	176,151,160	145.1
868	155	1.420	стакан-марка-красная	10.4	15.7	порода-охристая	1.038	65.5	8.0	11.0	13.6	маска	DJI_20260813183101_0008_Z.JPG	20	2141,1674,32,17	322	182,155,141	1202.5
869	200	1.421	палка-ручка-контроль	9.5	21.9	корка-жёлтая-на-скале	0.625	35.7	3.0	17.0	17.3	маска	DJI_20260813183140_0012_Z.JPG	127	3292,503,6,14	34	108,89,62	131.6
870	38	1.422	стакан-марка-красная	6.7	32.2	снег-розовый	0.989	82.0	8.0	7.0	10.6	маска	DJI_20260813183004_0001_Z_01m56s.jpg	28	1819,796,11,5	31	223,198,190	128.1
871	201	1.422	рюкзак-синий	6.4	32.9	порода-в-тени	1.592	5.9	6.0	-10.0	11.7	маска	DJI_20260813183140_0012_Z.JPG	94	17,2141,6,15	59	21,17,32	245.8
872	68	1.424	стакан-марка-красная	3.0	38.4	снег-розовый	0.861	88.2	8.0	0.5	8.0	маска	C0049_00m18s.png	70	849,802,2,6	12	230,207,212	47.4
873	110	1.426	палка-ручка-пробка	11.4	1.6	лишайник-жёлтый-на-камне	0.820	74.1	-4.0	16.0	16.5	маска	DJI_20260813183534_0014_Z_00m31s.jpg	63	249,818,2,15	30	199,195,166	102.2
874	111	1.427	рюкзак-синий	11.0	11.2	снег-в-тени	1.563	27.6	11.0	-9.5	14.5	маска	DJI_20260813183534_0014_Z_00m31s.jpg	59	292,230,5,6	26	92,75,88	107.1
875	211	1.428	стакан-марка-красная	11.4	2.3	корка-жёлтая-на-скале	0.910	47.5	2.0	8.0	8.2	маска	DJI_20260813183028_0002_Z.JPG	174	885,1617,4,8	29	124,114,102	91.8
876	212	1.428	стакан-марка-красная	11.4	2.4	корка-жёлтая-на-скале	0.923	52.2	2.0	8.0	8.2	маска	DJI_20260813183028_0002_Z.JPG	178	463,109,6,12	29	126,115,105	88.5
877	61	1.428	стакан-марка-красная	7.6	29.8	порода-охристая	0.844	20.0	8.0	8.0	11.3	маска	DJI_20260813183004_0001_Z_03m40s.jpg	46	621,888,4,6	18	76,56,49	66.1
878	156	1.428	стакан-марка-красная	7.6	29.8	порода-в-тени	1.398	20.0	8.0	-6.0	10.0	маска	DJI_20260813183101_0008_Z.JPG	148	2550,1347,6,9	39	61,50,60	135.0
879	32	1.429	палка-ручка-пробка	11.4	2.8	лишайник-жёлтый-на-камне	1.012	72.9	8.0	12.0	14.4	маска	DJI_20260813183727_0015_Z_03m32s.jpg	32	1022,893,7,6	32	201,173,157	143.7
880	157	1.429	палка-ручка-пробка	9.9	20.0	корка-жёлтая-на-скале	0.397	55.7	-2.0	16.0	16.1	маска	DJI_20260813183101_0008_Z.JPG	7	2897,372,36,32	605	132,125,105	2579.8
881	213	1.432	стакан-марка-красная	5.8	34.5	порода-в-тени	1.318	15.3	8.0	-4.0	8.9	маска	DJI_20260813183028_0002_Z.JPG	244	2760,66,5,5	14	49,37,46	49.0
882	62	1.438	стакан-марка-красная	7.6	30.2	порода-охристая	0.855	19.6	8.0	8.0	11.3	маска	DJI_20260813183004_0001_Z_03m40s.jpg	93	766,274,3,2	6	63,43,38	20.2
883	33	1.438	стакан-марка-красная	7.6	30.2	порода-охристая	0.855	19.6	8.0	8.0	11.3	маска	DJI_20260813183727_0015_Z_03m32s.jpg	35	607,879,8,8	39	89,70,62	130.3
884	214	1.441	стакан-марка-красная	5.4	35.7	порода-в-тени	1.443	14.1	9.0	-4.0	9.8	маска	DJI_20260813183028_0002_Z.JPG	252	2569,1241,4,4	14	51,38,46	45.5
885	112	1.443	палка-ручка-пробка	11.0	12.1	лишайник-жёлтый-на-камне	0.992	87.8	-2.0	14.5	14.6	bbox	DJI_20260813183534_0014_Z_00m31s.jpg	200	269,797,2,3	6	228,219,191	20.2
886	158	1.446	стакан-марка-красная	8.1	29.0	порода-охристая	0.887	20.8	7.0	8.0	10.6	маска	DJI_20260813183101_0008_Z.JPG	45	1659,142,25,11	167	61,43,37	629.1
887	159	1.450	стакан-марка-красная	11.3	9.0	корка-жёлтая-на-скале	0.875	40.8	3.0	9.0	9.5	маска	DJI_20260813183101_0008_Z.JPG	304	3397,901,2,4	8	108,95,85	17.2
888	69	1.454	стакан-марка-красная	11.4	8.0	корка-жёлтая-на-скале	0.935	41.8	2.0	8.0	8.2	маска	C0049_00m18s.png	103	1457,1047,4,4	10	106,96,87	29.1
889	113	1.456	палка-ручка-пробка	11.4	8.2	лишайник-жёлтый-на-камне	1.097	83.9	-5.0	17.5	18.2	маска	DJI_20260813183534_0014_Z_00m31s.jpg	137	257,797,3,4	12	222,218,187	42.8
890	215	1.457	стакан-марка-красная	5.0	36.9	порода-в-тени	1.302	12.9	8.0	-3.0	8.5	маска	DJI_20260813183028_0002_Z.JPG	146	374,1627,5,10	31	50,38,45	107.1
891	70	1.458	стакан-марка-красная	3.6	38.8	снег-розовый	0.926	88.6	8.0	-1.0	8.1	маска	C0049_00m18s.png	110	1100,1044,3,3	8	233,214,219	26.2
892	114	1.461	стакан-марка-красная	10.8	15.9	снег-в-тени	1.943	33.9	15.0	-9.0	17.5	маска	DJI_20260813183534_0014_Z_00m31s.jpg	82	168,51,4,6	19	96,70,86	77.5
893	39	1.463	палка-ручка-пробка	11.4	9.2	лишайник-жёлтый-на-камне	0.626	66.5	-2.0	14.0	14.1	bbox	DJI_20260813183004_0001_Z_01m56s.jpg	82	678,921,3,2	6	168,162,135	23.7
894	115	1.463	палка-ручка-пробка	11.7	3.5	лишайник-жёлтый-на-камне	0.907	72.2	-5.0	17.0	17.7	маска	DJI_20260813183534_0014_Z_00m31s.jpg	52	156,705,4,12	33	210,207,178	118.3
895	40	1.464	палка-ручка-пробка	11.7	1.2	лишайник-жёлтый-на-камне	1.149	76.9	9.0	12.0	15.0	маска	DJI_20260813183004_0001_Z_01m56s.jpg	78	434,692,3,3	7	197,166,151	26.3
896	216	1.465	рюкзак-синий	9.9	21.9	порода-в-тени	1.463	16.9	8.0	-7.0	10.6	маска	DJI_20260813183028_0002_Z.JPG	52	2023,84,30,7	110	56,46,59	407.0
897	34	1.465	стакан-марка-красная	9.9	22.0	порода-охристая	1.024	27.8	4.0	8.0	8.9	маска	DJI_20260813183727_0015_Z_03m32s.jpg	31	1832,855,15,8	46	87,74,65	144.2
898	217	1.465	стакан-марка-красная	7.3	32.2	порода-в-тени	1.514	17.6	9.0	-6.0	10.8	маска	DJI_20260813183028_0002_Z.JPG	284	2164,0,2,5	10	57,43,56	34.6
899	160	1.465	рюкзак-синий	8.1	29.8	снег-в-тени	1.726	9.0	8.0	-10.0	12.8	маска	DJI_20260813183101_0008_Z.JPG	32	323,508,24,33	206	91,87,95	811.4
900	202	1.467	палка-ручка-контроль	10.2	20.3	порода-охристая	0.730	37.3	8.0	16.0	17.9	маска	DJI_20260813183140_0012_Z.JPG	152	3464,685,6,7	22	114,87,67	94.6
901	203	1.469	стакан-марка-красная	8.9	26.9	порода-охристая	0.958	22.9	5.5	8.0	9.7	маска	DJI_20260813183140_0012_Z.JPG	189	3413,491,4,6	16	66,51,42	54.5
902	116	1.470	палка-ручка-пробка	11.7	4.9	лишайник-жёлтый-на-камне	0.724	70.8	-3.0	14.5	14.8	bbox	DJI_20260813183534_0014_Z_00m31s.jpg	206	0,629,3,2	6	182,177,150	19.9
903	41	1.470	стакан-марка-красная	7.6	31.4	порода-охристая	0.889	18.4	8.0	8.0	11.3	маска	DJI_20260813183004_0001_Z_01m56s.jpg	14	494,796,9,20	72	67,49,42	272.7
904	71	1.470	рюкзак-синий	6.4	34.5	снег-в-тени	1.113	73.3	5.0	-9.0	10.3	маска	C0049_00m18s.png	58	1867,563,4,4	16	205,200,218	58.8
905	204	1.471	рюкзак-синий	7.1	32.9	порода-в-тени	1.506	5.9	6.0	-9.0	10.8	маска	DJI_20260813183140_0012_Z.JPG	253	137,2145,2,4	8	20,17,30	26.9
906	42	1.474	стакан-марка-красная	9.5	24.5	лишайник-жёлтый-на-камне	1.195	74.3	8.0	10.0	12.8	bbox	DJI_20260813183004_0001_Z_01m56s.jpg	83	427,697,3,2	6	207,178,166	23.3
907	218	1.479	стакан-марка-красная	5.4	36.9	порода-в-тени	1.450	12.9	9.0	-4.0	9.8	маска	DJI_20260813183028_0002_Z.JPG	122	2126,307,8,7	40	48,36,43	134.9
908	72	1.481	стакан-марка-красная	5.8	36.1	снег-розовый	1.101	85.9	8.0	-4.0	8.9	маска	C0049_00m18s.png	91	1015,1012,4,3	10	230,214,225	33.6
909	205	1.481	стакан-марка-красная	6.4	34.9	порода-в-тени	1.202	14.9	7.0	-4.0	8.1	bbox	DJI_20260813183140_0012_Z.JPG	293	1256,1682,2,3	6	44,34,43	15.9
910	73	1.481	стакан-марка-красная	11.3	12.3	корка-жёлтая-на-скале	0.916	37.5	3.0	9.0	9.5	маска	C0049_00m18s.png	12	1681,81,6,20	56	103,91,81	180.0
911	161	1.482	стакан-марка-красная	11.4	11.4	корка-жёлтая-на-скале	0.868	38.4	4.0	10.0	10.8	маска	DJI_20260813183101_0008_Z.JPG	170	2169,1008,9,5	28	121,105,91	107.6
912	162	1.482	стакан-марка-красная	11.4	11.4	корка-жёлтая-на-скале	0.970	38.4	2.0	8.0	8.2	маска	DJI_20260813183101_0008_Z.JPG	199	2043,2005,7,4	24	99,89,78	71.7
913	163	1.482	рюкзак-синий	7.1	33.3	порода-в-тени	1.511	5.5	6.0	-9.0	10.8	маска	DJI_20260813183101_0008_Z.JPG	238	2318,1697,5,3	11	20,16,30	41.3
914	206	1.484	рюкзак-синий	10.0	22.3	порода-в-тени	0.508	16.5	0.5	-4.0	4.0	bbox	DJI_20260813183140_0012_Z.JPG	295	3715,540,2,3	6	39,41,46	15.5
915	43	1.484	стакан-марка-красная	3.6	39.6	порода-охристая	1.357	10.2	9.0	4.0	9.8	маска	DJI_20260813183004_0001_Z_01m56s.jpg	29	640,736,8,9	34	63,45,45	125.0
916	219	1.487	рюкзак-синий	8.7	28.2	снег-в-тени	1.712	10.6	8.5	-9.5	12.7	маска	DJI_20260813183028_0002_Z.JPG	202	1136,1032,5,5	18	34,26,40	71.6
917	164	1.487	палка-ручка-пробка	11.7	8.2	порода-охристая	1.374	67.5	15.0	17.0	22.7	маска	DJI_20260813183101_0008_Z.JPG	0	1733,1328,104,58	4336	176,137,124	19804.2
918	165	1.490	стакан-марка-красная	11.4	12.2	корка-жёлтая-на-скале	0.879	37.6	4.0	10.0	10.8	маска	DJI_20260813183101_0008_Z.JPG	204	2038,1682,3,9	18	113,97,83	68.5
919	207	1.491	палка-древко-бирюзовое	9.4	25.5	снег-пересвеченный	1.074	78.0	-10.0	-8.0	12.8	маска	DJI_20260813183140_0012_Z.JPG	20	2188,1153,19,47	368	141,179,189	1587.0
920	44	1.495	стакан-марка-красная	4.5	38.8	порода-в-тени	1.437	11.0	9.0	-3.0	9.5	маска	DJI_20260813183004_0001_Z_01m56s.jpg	58	1885,294,4,5	13	48,35,41	50.6
921	35	1.497	стакан-марка-красная	8.1	31.0	порода-охристая	0.938	18.8	7.0	8.0	10.6	маска	DJI_20260813183727_0015_Z_03m32s.jpg	72	598,876,4,3	10	61,44,37	29.8
922	220	1.498	стакан-марка-красная	3.6	40.0	порода-в-тени	1.432	9.8	9.0	-2.0	9.2	маска	DJI_20260813183028_0002_Z.JPG	148	432,72,9,6	31	43,29,36	106.0
923	36	1.498	стакан-марка-красная	10.0	23.1	порода-охристая	0.895	26.7	5.0	9.0	10.3	маска	DJI_20260813183727_0015_Z_03m32s.jpg	22	280,1066,9,14	94	77,61,53	330.0
924	74	1.499	стакан-марка-красная	2.8	40.8	снег-розовый	1.059	90.6	9.0	-1.0	9.1	маска	C0049_00m18s.png	32	959,993,8,6	29	235,214,220	109.5
925	221	1.507	стакан-марка-красная	4.0	39.8	порода-в-тени	1.211	10.0	7.0	1.0	7.1	bbox	DJI_20260813183028_0002_Z.JPG	359	1764,854,3,2	6	35,23,25	17.0
926	208	1.508	палка-ручка-контроль	10.4	21.1	корка-жёлтая-на-скале	0.566	36.5	3.0	16.0	16.3	маска	DJI_20260813183140_0012_Z.JPG	241	3312,482,4,4	8	101,85,60	30.4
927	209	1.508	стакан-марка-красная	9.5	26.1	порода-охристая	0.656	23.7	8.0	10.0	12.8	маска	DJI_20260813183140_0012_Z.JPG	66	3320,634,17,17	95	99,77,63	360.6
928	75	1.508	стакан-марка-красная	11.9	7.8	корка-жёлтая-на-скале	1.085	42.0	0.5	6.5	6.5	bbox	C0049_00m18s.png	143	1380,1049,3,2	6	104,98,88	13.8
929	76	1.509	стакан-марка-красная	3.2	40.8	снег-розовый	0.917	90.6	8.0	0.0	8.0	маска	C0049_00m18s.png	108	915,939,2,4	8	246,228,231	26.9
930	77	1.511	стакан-марка-красная	3.6	40.4	снег-розовый	0.952	90.2	8.0	-1.0	8.1	маска	C0049_00m18s.png	112	1115,1027,4,2	8	242,225,230	25.7
931	117	1.513	стакан-марка-красная	8.6	29.8	порода-охристая	0.981	20.0	16.0	8.0	17.9	маска	DJI_20260813183534_0014_Z_00m31s.jpg	188	10,329,3,3	7	73,39,36	21.9
932	222	1.515	стакан-марка-красная	10.3	22.4	снег-розовый	0.536	72.2	2.0	6.0	6.3	bbox	DJI_20260813183028_0002_Z.JPG	355	3487,210,2,3	6	184,175,164	17.7
933	210	1.517	рюкзак-синий	8.1	31.7	порода-в-тени	1.748	7.1	8.0	-10.0	12.8	маска	DJI_20260813183140_0012_Z.JPG	185	170,2141,8,4	15	23,19,33	59.2
934	211	1.517	рюкзак-синий	8.1	31.7	порода-в-тени	1.748	7.1	8.0	-10.0	12.8	маска	DJI_20260813183140_0012_Z.JPG	216	3539,957,3,4	10	23,20,33	39.9
935	45	1.517	стакан-марка-красная	4.9	38.8	порода-охристая	1.222	11.0	9.0	5.5	10.5	маска	DJI_20260813183004_0001_Z_01m56s.jpg	40	741,509,7,4	20	45,26,24	76.0
936	166	1.517	стакан-марка-красная	11.7	11.8	порода-охристая	0.750	38.0	17.0	11.0	20.2	маска	DJI_20260813183101_0008_Z.JPG	2	1758,1432,53,74	2416	133,103,100	11284.9
937	78	1.518	стакан-марка-красная	12.0	5.5	корка-жёлтая-на-скале	0.800	44.3	2.0	9.0	9.2	bbox	C0049_00m18s.png	127	906,596,3,2	6	113,103,90	21.0
938	63	1.518	рюкзак-синий	7.6	33.1	порода-в-тени	1.844	5.7	8.0	-11.0	13.6	маска	DJI_20260813183004_0001_Z_03m40s.jpg	22	901,218,7,7	37	30,23,38	151.2
939	118	1.520	палка-ручка-пробка	12.1	4.7	лишайник-жёлтый-на-камне	1.027	71.0	-6.0	18.0	19.0	маска	DJI_20260813183534_0014_Z_00m31s.jpg	29	186,383,4,19	58	201,203,173	218.8
940	37	1.521	стакан-марка-красная	12.2	0.4	порода-охристая	0.550	50.2	9.0	13.0	15.8	маска	DJI_20260813183727_0015_Z_03m32s.jpg	4	1045,93,28,19	224	137,111,99	974.6
941	167	1.522	стакан-марка-красная	9.2	27.8	порода-охристая	1.024	22.0	5.0	8.0	9.4	маска	DJI_20260813183101_0008_Z.JPG	11	1616,149,58,31	553	72,59,51	2007.0
942	119	1.523	стакан-марка-красная	12.2	2.5	снег-в-тени	0.884	47.3	-1.0	-1.0	1.4	маска	DJI_20260813183534_0014_Z_00m31s.jpg	140	265,461,4,4	12	111,116,116	40.9
943	120	1.523	рюкзак-синий	11.6	13.1	порода-в-тени	0.326	25.7	-0.5	-2.5	2.5	маска	DJI_20260813183534_0014_Z_00m31s.jpg	124	976,205,3,4	11	78,81,82	48.1
944	64	1.525	рюкзак-синий	12.2	3.1	порода-в-тени	0.574	35.7	-1.0	-2.0	2.2	маска	DJI_20260813183004_0001_Z_03m40s.jpg	39	1371,115,9,4	23	87,90,93	83.1
945	65	1.525	рюкзак-синий	12.2	3.1	порода-в-тени	0.574	35.7	-1.0	-2.0	2.2	маска	DJI_20260813183004_0001_Z_03m40s.jpg	95	1870,46,3,2	6	80,83,86	19.7
946	121	1.526	рюкзак-синий	12.2	3.6	снег-в-тени	0.785	42.4	-1.0	-2.0	2.2	маска	DJI_20260813183534_0014_Z_00m31s.jpg	44	236,400,6,10	37	104,108,111	136.8
947	38	1.529	палка-ручка-пробка	12.2	2.8	лишайник-жёлтый-на-камне	0.755	72.9	-2.0	13.0	13.2	маска	DJI_20260813183727_0015_Z_03m32s.jpg	38	1635,892,5,9	31	177,171,149	117.9
948	66	1.530	рюкзак-синий	12.2	4.7	порода-в-тени	0.521	34.1	-1.0	-2.0	2.2	маска	DJI_20260813183004_0001_Z_03m40s.jpg	54	1895,922,4,5	14	73,77,80	49.4
949	212	1.532	стакан-марка-красная	9.9	25.3	порода-охристая	1.073	24.5	4.0	8.0	8.9	маска	DJI_20260813183140_0012_Z.JPG	224	519,1751,4,3	10	70,56,47	35.2
950	79	1.533	рюкзак-синий	11.2	17.6	порода-в-тени	0.281	21.2	-1.0	-3.0	3.2	маска	C0049_00m18s.png	23	1563,515,6,6	36	48,52,56	142.5
951	213	1.534	рюкзак-синий	10.2	23.9	порода-в-тени	0.441	14.9	-1.0	-4.0	4.1	маска	DJI_20260813183140_0012_Z.JPG	198	490,2119,7,3	16	32,37,43	48.3
952	214	1.534	рюкзак-синий	10.2	23.9	порода-в-тени	0.441	14.9	-1.0	-4.0	4.1	маска	DJI_20260813183140_0012_Z.JPG	277	2969,681,4,2	8	33,37,44	21.3
953	168	1.535	стакан-марка-красная	7.6	33.7	порода-охристая	0.957	16.1	8.0	8.0	11.3	маска	DJI_20260813183101_0008_Z.JPG	240	1677,157,3,4	10	53,34,29	39.9
954	80	1.536	стакан-марка-красная	5.8	37.8	снег-розовый	1.120	87.6	8.0	-4.0	8.9	маска	C0049_00m18s.png	61	905,963,6,4	17	222,205,215	57.9
955	223	1.538	рюкзак-синий	10.0	25.1	порода-в-тени	1.647	13.7	9.0	-8.0	12.0	маска	DJI_20260813183028_0002_Z.JPG	274	1413,162,3,5	12	45,35,48	37.4
956	215	1.538	стакан-марка-красная	8.2	32.0	порода-охристая	0.815	17.8	9.0	9.0	12.7	маска	DJI_20260813183140_0012_Z.JPG	5	3404,606,69,69	1131	112,97,84	4664.7
957	81	1.538	стакан-марка-красная	3.6	41.2	снег-розовый	0.965	91.0	8.0	-1.0	8.1	маска	C0049_00m18s.png	96	941,991,4,2	8	225,205,213	30.5
958	46	1.539	стакан-марка-красная	9.5	27.5	лишайник-жёлтый-на-камне	1.227	77.3	8.0	10.0	12.8	маска	DJI_20260813183004_0001_Z_01m56s.jpg	19	681,661,7,18	48	207,177,164	191.1
959	216	1.539	палка-ручка-контроль	9.2	28.6	корка-жёлтая-на-скале	0.873	29.0	4.0	17.0	17.5	маска	DJI_20260813183140_0012_Z.JPG	51	945,1615,13,19	118	98,80,56	482.2
960	122	1.542	палка-ручка-пробка	12.2	6.3	лишайник-жёлтый-на-камне	0.895	69.4	-5.0	16.0	16.8	маска	DJI_20260813183534_0014_Z_00m31s.jpg	30	0,645,3,27	61	189,187,159	214.9
961	169	1.542	рюкзак-синий	8.6	31.0	порода-в-тени	1.662	7.8	8.0	-9.0	12.0	маска	DJI_20260813183101_0008_Z.JPG	207	350,497,4,7	18	30,23,36	65.9
962	224	1.548	стакан-марка-красная	12.2	7.3	корка-жёлтая-на-скале	0.904	42.5	1.0	8.0	8.1	маска	DJI_20260813183028_0002_Z.JPG	25	1099,378,26,15	221	100,92,80	764.9
963	170	1.549	стакан-марка-красная	12.0	10.2	корка-жёлтая-на-скале	0.843	39.6	2.0	9.0	9.2	маска	DJI_20260813183101_0008_Z.JPG	235	1782,7,5,3	11	115,103,89	42.0
964	225	1.555	стакан-марка-красная	12.2	8.4	корка-жёлтая-на-скале	0.913	41.4	1.0	8.0	8.1	маска	DJI_20260813183028_0002_Z.JPG	167	455,101,6,7	29	102,94,83	93.8
965	171	1.559	стакан-марка-красная	11.7	15.5	порода-охристая	0.764	34.3	5.0	11.0	12.1	маска	DJI_20260813183101_0008_Z.JPG	31	1605,133,26,22	211	95,77,64	813.4
966	67	1.560	палка-ручка-пробка	12.2	9.0	лишайник-жёлтый-на-камне	0.885	66.7	-5.0	16.0	16.8	маска	DJI_20260813183004_0001_Z_03m40s.jpg	2	568,162,21,16	125	159,155,131	491.0
967	47	1.560	стакан-марка-красная	10.0	25.9	лишайник-жёлтый-на-камне	1.302	75.7	10.0	11.0	14.9	маска	DJI_20260813183004_0001_Z_01m56s.jpg	22	486,619,10,13	43	202,171,156	166.0
968	68	1.563	стакан-марка-красная	7.6	34.7	порода-охристая	0.987	15.1	8.0	8.0	11.3	маска	DJI_20260813183004_0001_Z_03m40s.jpg	67	865,120,3,4	10	57,38,32	34.7
969	217	1.565	стакан-марка-красная	9.8	27.1	порода-охристая	0.760	22.7	7.0	10.0	12.2	маска	DJI_20260813183140_0012_Z.JPG	136	3399,485,10,4	31	70,52,41	113.9
970	39	1.566	стакан-марка-красная	7.3	35.7	порода-охристая	0.977	14.1	9.0	8.0	12.0	маска	DJI_20260813183727_0015_Z_03m32s.jpg	17	880,0,11,14	103	65,46,40	404.8
971	226	1.566	стакан-марка-красная	5.8	38.8	порода-в-тени	1.348	11.0	8.0	-4.0	8.9	маска	DJI_20260813183028_0002_Z.JPG	253	1144,95,4,4	14	37,26,34	45.4
972	48	1.567	стакан-марка-красная	12.4	7.1	порода-охристая	0.477	42.7	14.0	13.0	19.1	маска	DJI_20260813183004_0001_Z_01m56s.jpg	4	419,796,24,13	194	138,102,90	834.7
973	82	1.567	рюкзак-синий	5.4	39.6	снег-в-тени	1.163	78.4	3.0	-9.0	9.5	маска	C0049_00m18s.png	117	1587,489,4,2	8	192,193,209	24.1
974	172	1.572	стакан-марка-красная	12.2	10.6	корка-жёлтая-на-скале	0.936	39.2	1.0	8.0	8.1	маска	DJI_20260813183101_0008_Z.JPG	65	1974,689,15,14	114	97,89,78	414.2
975	173	1.575	стакан-марка-красная	12.2	11.0	корка-жёлтая-на-скале	0.940	38.8	1.0	8.0	8.1	маска	DJI_20260813183101_0008_Z.JPG	221	1180,1082,5,4	14	104,95,82	53.9
976	123	1.575	палка-ручка-контроль	10.0	26.6	порода-охристая	0.843	31.0	7.0	16.0	17.5	bbox	DJI_20260813183534_0014_Z_00m31s.jpg	212	1874,709,3,2	6	89,66,45	18.4
977	124	1.577	стакан-марка-красная	3.2	42.7	порода-в-тени	1.818	7.1	12.0	-2.0	12.2	маска	DJI_20260813183534_0014_Z_00m31s.jpg	57	235,1047,5,8	26	74,48,56	109.9
978	227	1.579	стакан-марка-красная	5.4	40.0	порода-в-тени	1.475	9.8	9.0	-4.0	9.8	маска	DJI_20260813183028_0002_Z.JPG	112	783,1439,5,10	42	43,30,39	152.8
979	83	1.579	стакан-марка-красная	5.4	40.0	снег-розовый	1.232	89.8	9.0	-4.0	9.8	маска	C0049_00m18s.png	93	930,933,5,3	9	237,222,233	31.8
980	84	1.583	рюкзак-синий	12.7	0.6	порода-в-тени	0.652	38.2	-1.0	-1.5	1.8	маска	C0049_00m18s.png	89	787,172,4,3	10	90,93,95	37.7
981	69	1.584	рюкзак-синий	10.3	25.9	снег-в-тени	1.769	12.9	10.0	-9.0	13.5	маска	DJI_20260813183004_0001_Z_03m40s.jpg	40	26,323,6,6	18	56,43,58	78.3
982	125	1.585	палка-ручка-пробка	11.2	20.6	лишайник-жёлтый-на-камне	1.241	96.3	-1.0	13.5	13.5	bbox	DJI_20260813183534_0014_Z_00m31s.jpg	183	119,982,2,3	6	253,244,217	22.8
983	126	1.587	стакан-марка-красная	12.7	3.3	снег-в-тени	0.915	53.1	-1.5	-1.0	1.8	bbox	DJI_20260813183534_0014_Z_00m31s.jpg	184	258,455,3,2	6	119,124,125	22.7
984	218	1.589	рюкзак-синий	11.2	21.2	порода-в-тени	0.296	17.6	-1.0	-3.0	3.2	маска	DJI_20260813183140_0012_Z.JPG	171	3727,545,7,8	22	40,43,47	70.2
985	127	1.592	палка-ручка-контроль	9.1	31.3	порода-охристая	1.000	26.3	7.0	17.0	18.4	маска	DJI_20260813183534_0014_Z_00m31s.jpg	67	148,722,4,14	28	105,83,61	94.3
986	174	1.592	стакан-марка-красная	1.4	44.3	порода-охристая	1.632	5.5	10.0	2.0	10.2	маска	DJI_20260813183101_0008_Z.JPG	56	2037,1706,22,14	116	40,22,24	492.2
987	228	1.595	рюкзак-синий	10.6	24.7	порода-в-тени	1.582	14.1	9.0	-7.0	11.4	маска	DJI_20260813183028_0002_Z.JPG	200	1753,181,5,5	21	47,35,48	72.6
988	40	1.595	стакан-марка-красная	9.2	31.0	порода-охристая	0.846	18.8	7.5	9.5	12.1	маска	DJI_20260813183727_0015_Z_03m32s.jpg	66	1052,114,3,4	9	66,47,38	35.2
989	219	1.595	рюкзак-синий	11.2	21.5	порода-в-тени	0.301	17.3	-1.0	-3.0	3.2	маска	DJI_20260813183140_0012_Z.JPG	226	3561,621,2,6	12	40,42,46	34.8
990	128	1.596	палка-ручка-контроль	11.7	18.2	порода-охристая	1.287	39.4	16.0	20.0	25.6	маска	DJI_20260813183534_0014_Z_00m31s.jpg	69	391,1042,4,7	22	129,85,63	88.9
991	49	1.600	стакан-марка-красная	11.0	23.1	порода-охристая	0.701	26.7	6.5	11.0	12.8	bbox	DJI_20260813183004_0001_Z_01m56s.jpg	85	611,1068,2,3	6	77,58,46	21.6
992	175	1.601	рюкзак-синий	10.3	26.6	снег-в-тени	1.788	12.2	10.0	-9.0	13.5	маска	DJI_20260813183101_0008_Z.JPG	227	1095,943,4,4	12	41,29,44	48.8
993	70	1.602	рюкзак-синий	11.2	21.9	порода-в-тени	0.307	16.9	-1.0	-3.0	3.2	маска	DJI_20260813183004_0001_Z_03m40s.jpg	45	1722,683,4,6	19	40,44,46	71.0
994	220	1.602	рюкзак-синий	11.2	21.9	порода-в-тени	0.307	16.9	-1.0	-3.0	3.2	маска	DJI_20260813183140_0012_Z.JPG	85	3737,525,12,9	78	38,41,46	271.7
995	221	1.602	рюкзак-синий	11.2	21.9	порода-в-тени	0.307	16.9	-1.0	-3.0	3.2	маска	DJI_20260813183140_0012_Z.JPG	252	3561,613,4,3	10	37,40,45	27.1
996	222	1.602	стакан-марка-красная	9.2	31.2	порода-охристая	1.096	18.6	5.0	8.0	9.4	маска	DJI_20260813183140_0012_Z.JPG	175	3404,589,5,7	22	56,42,36	65.0
997	50	1.603	стакан-марка-красная	4.2	42.3	порода-охристая	1.459	7.5	8.0	4.0	8.9	маска	DJI_20260813183004_0001_Z_01m56s.jpg	47	1869,326,8,3	18	36,20,18	66.5
998	71	1.607	рюкзак-синий	11.0	23.3	порода-в-тени	0.484	15.5	1.0	-3.0	3.2	bbox	DJI_20260813183004_0001_Z_03m40s.jpg	103	1846,667,3,2	6	40,42,46	18.1
999	51	1.608	стакан-марка-красная	7.6	36.3	порода-охристая	1.035	13.5	8.0	8.0	11.3	маска	DJI_20260813183004_0001_Z_01m56s.jpg	54	536,795,5,6	13	69,51,42	51.5
1000	129	1.608	палка-ручка-пробка	12.6	8.2	лишайник-жёлтый-на-камне	1.327	83.9	9.0	11.0	14.2	маска	DJI_20260813183534_0014_Z_00m31s.jpg	113	367,899,5,5	15	228,199,183	51.0
1001	223	1.608	стакан-марка-красная	6.7	38.4	порода-в-тени	1.384	11.4	8.0	-5.0	9.4	маска	DJI_20260813183140_0012_Z.JPG	118	479,61,7,9	45	37,27,36	158.1
1002	85	1.609	рюкзак-синий	6.3	39.2	снег-в-тени	1.477	78.0	7.0	-12.0	13.9	маска	C0049_00m18s.png	14	1665,711,8,6	41	192,187,208	161.4
1003	176	1.611	стакан-марка-красная	12.2	14.5	корка-жёлтая-на-скале	0.990	35.3	1.0	8.0	8.1	маска	DJI_20260813183101_0008_Z.JPG	162	1181,1143,8,8	37	96,88,77	117.7
1004	229	1.612	стакан-марка-красная	7.3	37.3	порода-в-тени	1.536	12.5	9.0	-6.0	10.8	маска	DJI_20260813183028_0002_Z.JPG	133	3127,195,6,8	32	64,52,63	120.5
1005	224	1.616	рюкзак-синий	11.0	23.5	порода-в-тени	0.398	15.3	0.0	-3.0	3.0	bbox	DJI_20260813183140_0012_Z.JPG	294	3678,449,3,2	6	36,38,41	15.5
1006	86	1.616	стакан-марка-красная	12.2	14.9	корка-жёлтая-на-скале	0.997	34.9	1.0	8.0	8.1	маска	C0049_00m18s.png	130	1810,115,3,2	6	89,80,70	19.8
1007	225	1.616	стакан-марка-красная	4.2	42.7	порода-в-тени	1.344	7.1	8.0	-2.0	8.2	маска	DJI_20260813183140_0012_Z.JPG	52	509,1091,18,12	119	35,22,28	467.3
1008	87	1.616	стакан-марка-красная	12.7	9.2	порода-в-тени	0.724	40.6	-1.5	-1.0	1.8	bbox	C0049_00m18s.png	131	1007,292,2,3	6	95,100,101	19.4
1009	41	1.619	стакан-марка-красная	10.6	25.9	порода-охристая	1.047	23.9	4.0	9.0	9.8	маска	DJI_20260813183727_0015_Z_03m32s.jpg	12	1601,892,28,16	171	124,112,101	609.8
1010	72	1.622	рюкзак-синий	10.3	27.6	снег-в-тени	1.814	11.2	10.0	-9.0	13.5	маска	DJI_20260813183004_0001_Z_03m40s.jpg	23	161,410,4,12	35	54,41,57	147.6
1011	73	1.625	стакан-марка-красная	7.6	36.9	порода-охристая	1.053	12.9	8.0	8.0	11.3	маска	DJI_20260813183004_0001_Z_03m40s.jpg	87	793,145,3,2	6	46,28,22	22.8
1012	88	1.625	палка-ручка-пробка	12.5	12.1	лишайник-жёлтый-на-камне	1.081	87.8	-1.0	12.0	12.0	маска	C0049_00m18s.png	62	316,239,4,4	14	213,205,185	57.1
1013	130	1.625	палка-ручка-пробка	12.5	12.2	корка-жёлтая-на-скале	0.970	63.5	-6.0	17.0	18.0	маска	DJI_20260813183534_0014_Z_00m31s.jpg	62	402,145,7,8	30	211,219,196	102.7
1014	230	1.626	рюкзак-синий	9.2	32.1	порода-в-тени	1.603	6.7	8.0	-8.0	11.3	маска	DJI_20260813183028_0002_Z.JPG	260	1151,1003,5,5	12	26,18,29	43.4
1015	177	1.628	стакан-марка-красная	12.8	8.2	корка-жёлтая-на-скале	0.792	41.6	1.0	9.0	9.1	маска	DJI_20260813183101_0008_Z.JPG	244	2937,1459,4,3	10	110,101,86	38.5
1016	89	1.629	стакан-марка-красная	12.8	8.4	корка-жёлтая-на-скале	0.794	41.4	1.0	9.0	9.1	маска	C0049_00m18s.png	31	1042,603,7,6	33	111,101,90	110.6
1017	226	1.630	стакан-марка-красная	5.4	41.6	порода-в-тени	1.490	8.2	9.0	-4.0	9.8	маска	DJI_20260813183140_0012_Z.JPG	91	487,71,14,9	85	33,22,31	253.4
1018	227	1.630	рюкзак-синий	11.2	23.5	порода-в-тени	0.334	15.3	-1.0	-3.0	3.2	маска	DJI_20260813183140_0012_Z.JPG	194	3753,520,2,9	18	37,39,42	50.3
1019	178	1.631	стакан-марка-красная	3.2	44.3	порода-в-тени	1.409	5.5	8.0	2.0	8.2	маска	DJI_20260813183101_0008_Z.JPG	197	1814,207,8,6	20	26,13,13	72.7
1020	179	1.631	стакан-марка-красная	3.2	44.3	порода-в-тени	1.364	5.5	8.0	0.0	8.0	маска	DJI_20260813183101_0008_Z.JPG	222	1926,1603,3,6	14	28,14,18	52.9
1021	74	1.632	стакан-марка-красная	7.1	38.4	порода-охристая	1.043	11.4	10.0	8.0	12.8	маска	DJI_20260813183004_0001_Z_03m40s.jpg	85	823,177,3,2	6	44,23,19	23.9
1022	52	1.633	палка-ручка-пробка	12.1	17.3	корка-жёлтая-на-скале	0.507	58.4	-1.0	12.5	12.5	маска	DJI_20260813183004_0001_Z_01m56s.jpg	57	712,949,5,4	14	147,138,116	50.7
1023	75	1.635	стакан-марка-красная	2.2	45.1	порода-охристая	1.570	4.7	10.0	3.0	10.4	маска	DJI_20260813183004_0001_Z_03m40s.jpg	31	807,200,12,3	32	33,13,12	110.3
1024	76	1.635	стакан-марка-красная	2.2	45.1	порода-охристая	1.570	4.7	10.0	3.0	10.4	маска	DJI_20260813183004_0001_Z_03m40s.jpg	76	869,146,3,3	9	35,15,14	29.6
1025	131	1.636	стакан-марка-красная	13.1	0.4	снег-в-тени	0.972	49.4	-2.0	-0.5	2.1	bbox	DJI_20260813183534_0014_Z_00m31s.jpg	214	254,418,2,3	6	114,120,119	18.0
1026	132	1.636	палка-ручка-контроль	10.0	29.4	порода-охристая	0.879	28.2	7.0	16.0	17.5	маска	DJI_20260813183534_0014_Z_00m31s.jpg	101	93,1028,4,6	18	93,71,50	60.6
1027	231	1.640	стакан-марка-красная	13.0	5.1	корка-жёлтая-на-скале	0.911	54.9	0.0	8.0	8.0	маска	DJI_20260813183028_0002_Z.JPG	4	3490,1441,33,52	967	130,126,112	3526.9
1028	77	1.642	стакан-марка-красная	2.8	44.9	порода-в-тени	1.482	4.9	9.0	-1.0	9.1	маска	DJI_20260813183004_0001_Z_03m40s.jpg	58	217,308,4,3	12	30,14,19	43.6
1029	133	1.644	стакан-марка-красная	13.2	0.4	снег-в-тени	0.914	50.2	-2.0	-1.0	2.2	bbox	DJI_20260813183534_0014_Z_00m31s.jpg	209	253,397,2,3	6	112,118,118	18.9
1030	232	1.645	стакан-марка-красная	6.3	40.4	порода-в-тени	1.515	9.4	9.0	-5.0	10.3	маска	DJI_20260813183028_0002_Z.JPG	227	743,1240,4,5	16	39,27,37	56.6
1031	228	1.645	рюкзак-синий	11.2	24.3	порода-в-тени	0.350	14.5	-1.0	-3.0	3.2	маска	DJI_20260813183140_0012_Z.JPG	64	77,2127,36,7	113	29,34,39	385.1
1032	180	1.645	стакан-марка-красная	3.6	44.3	порода-охристая	1.486	5.5	9.0	4.0	9.8	маска	DJI_20260813183101_0008_Z.JPG	53	2067,1723,13,21	121	71,52,49	516.0
1033	181	1.645	рюкзак-синий	9.4	32.1	порода-в-тени	1.770	6.7	9.0	-9.0	12.7	маска	DJI_20260813183101_0008_Z.JPG	123	307,555,8,10	45	30,19,34	188.6
1034	233	1.647	стакан-марка-красная	7.3	38.4	порода-в-тени	1.544	11.4	9.0	-6.0	10.8	маска	DJI_20260813183028_0002_Z.JPG	243	2759,490,6,3	15	41,29,40	49.8
1035	134	1.647	стакан-марка-красная	13.2	2.9	снег-в-тени	0.911	46.9	-2.0	-1.0	2.2	маска	DJI_20260813183534_0014_Z_00m31s.jpg	53	261,403,11,4	34	104,109,109	118.1
1036	234	1.648	палка-ручка-контроль	12.0	18.8	порода-охристая	0.625	38.8	7.0	14.0	15.7	маска	DJI_20260813183028_0002_Z.JPG	50	1343,1390,11,13	114	109,90,74	456.1
1037	182	1.649	стакан-марка-красная	12.7	12.2	корка-жёлтая-на-скале	0.765	37.6	2.0	10.0	10.2	маска	DJI_20260813183101_0008_Z.JPG	144	2969,1300,15,4	38	110,99,82	146.8
1038	90	1.651	стакан-марка-красная	13.0	7.4	корка-жёлтая-на-скале	0.896	42.4	0.0	8.0	8.0	маска	C0049_00m18s.png	76	942,616,6,3	16	105,99,88	43.8
1039	135	1.651	палка-ручка-пробка	13.0	7.5	лишайник-жёлтый-на-камне	1.013	68.2	-6.0	16.0	17.1	маска	DJI_20260813183534_0014_Z_00m31s.jpg	75	121,258,3,10	24	188,190,158	86.1
1040	229	1.654	стакан-марка-красная	11.4	23.5	порода-охристая	0.586	26.3	8.0	12.0	14.4	маска	DJI_20260813183140_0012_Z.JPG	1	3342,678,98,113	2083	103,86,69	8484.2
1041	183	1.655	стакан-марка-красная	13.0	8.0	корка-жёлтая-на-скале	0.901	41.8	0.0	8.0	8.0	маска	DJI_20260813183101_0008_Z.JPG	71	77,1485,12,13	105	107,101,88	379.2
1042	136	1.656	стакан-марка-красная	13.2	5.5	порода-в-тени	0.854	44.3	-2.0	-1.0	2.2	маска	DJI_20260813183534_0014_Z_00m31s.jpg	191	265,293,3,2	6	99,104,104	21.6
1043	91	1.656	стакан-марка-красная	13.0	8.2	корка-жёлтая-на-скале	0.903	41.6	0.0	8.0	8.0	маска	C0049_00m18s.png	90	1074,668,5,3	13	103,97,85	35.0
1044	184	1.658	стакан-марка-красная	3.2	45.1	порода-в-тени	1.420	4.7	8.0	2.0	8.2	маска	DJI_20260813183101_0008_Z.JPG	138	1596,153,9,7	40	30,14,15	159.3
1045	185	1.658	стакан-марка-красная	3.2	45.1	порода-в-тени	1.376	4.7	8.0	0.0	8.0	маска	DJI_20260813183101_0008_Z.JPG	142	361,282,8,7	38	28,13,19	154.9
1046	186	1.659	стакан-марка-красная	13.0	8.6	корка-жёлтая-на-скале	0.906	41.2	0.0	8.0	8.0	маска	DJI_20260813183101_0008_Z.JPG	174	93,1483,8,4	28	103,97,86	96.9
1047	92	1.659	стакан-марка-красная	13.0	8.6	корка-жёлтая-на-скале	0.906	41.2	0.0	8.0	8.0	маска	C0049_00m18s.png	118	311,163,2,5	10	102,96,85	23.8
1048	235	1.659	стакан-марка-красная	13.0	8.6	корка-жёлтая-на-скале	0.954	58.4	0.0	8.0	8.0	маска	DJI_20260813183028_0002_Z.JPG	72	1081,4,16,16	81	148,144,141	275.6
1049	137	1.659	палка-ручка-пробка	12.1	19.2	корка-жёлтая-на-скале	0.894	56.5	-6.0	18.0	19.0	маска	DJI_20260813183534_0014_Z_00m31s.jpg	144	435,913,3,4	10	154,155,123	38.8
1050	187	1.660	стакан-марка-красная	10.6	27.8	порода-охристая	1.083	22.0	4.0	9.0	9.8	маска	DJI_20260813183101_0008_Z.JPG	67	2127,1046,18,22	106	96,83,71	407.7
1051	230	1.660	стакан-марка-красная	10.0	30.6	порода-охристая	1.046	19.2	5.0	9.0	10.3	маска	DJI_20260813183140_0012_Z.JPG	47	3424,508,28,42	159	80,66,54	598.7
1052	138	1.661	палка-ручка-пробка	12.7	13.3	лишайник-жёлтый-на-камне	1.187	89.0	-4.0	14.0	14.6	bbox	DJI_20260813183534_0014_Z_00m31s.jpg	204	278,814,2,3	6	228,225,198	20.1
1053	78	1.661	палка-ручка-пробка	13.0	9.0	лишайник-жёлтый-на-камне	1.219	84.7	-6.0	16.0	17.1	маска	DJI_20260813183004_0001_Z_03m40s.jpg	73	1522,250,3,3	8	210,210,180	32.9
1054	139	1.664	палка-ручка-контроль	9.8	31.3	корка-жёлтая-на-скале	0.846	26.3	2.0	17.0	17.1	маска	DJI_20260813183534_0014_Z_00m31s.jpg	166	48,914,3,4	9	113,102,76	31.4
1055	93	1.665	стакан-марка-красная	13.2	7.4	порода-в-тени	0.784	42.4	-2.0	-1.0	2.2	маска	C0049_00m18s.png	125	687,68,2,3	6	97,102,104	21.8
1056	236	1.666	стакан-марка-красная	11.0	26.3	порода-охристая	1.246	23.5	2.5	8.0	8.4	маска	DJI_20260813183028_0002_Z.JPG	273	2725,1445,4,4	12	64,54,44	37.8
1057	237	1.667	стакан-марка-красная	13.0	9.8	корка-жёлтая-на-скале	0.971	59.6	0.0	8.0	8.0	маска	DJI_20260813183028_0002_Z.JPG	106	1465,1190,8,13	44	180,177,165	159.8
1058	231	1.668	рюкзак-синий	10.6	28.2	порода-в-тени	1.441	10.6	8.0	-6.0	10.0	маска	DJI_20260813183140_0012_Z.JPG	23	664,1925,43,18	363	37,27,36	1235.4
1059	94	1.669	стакан-марка-красная	5.4	42.7	снег-розовый	1.270	92.5	9.0	-4.0	9.8	маска	C0049_00m18s.png	97	843,921,4,2	8	249,232,240	30.3
1060	79	1.669	стакан-марка-красная	4.2	44.3	порода-в-тени	1.496	5.5	8.0	4.0	8.9	маска	DJI_20260813183004_0001_Z_03m40s.jpg	71	785,181,5,4	10	35,17,15	33.2
1061	188	1.669	стакан-марка-красная	4.2	44.3	порода-в-тени	1.364	5.5	8.0	-2.0	8.2	маска	DJI_20260813183101_0008_Z.JPG	200	2717,429,5,4	18	28,15,22	71.5
1062	95	1.671	рюкзак-синий	12.7	15.1	порода-в-тени	0.183	23.7	-1.0	-1.5	1.8	маска	C0049_00m18s.png	71	603,107,4,4	13	54,56,58	46.8
1063	80	1.672	стакан-марка-красная	3.2	45.5	порода-в-тени	1.426	4.3	8.0	2.0	8.2	маска	DJI_20260813183004_0001_Z_03m40s.jpg	36	866,182,10,3	27	30,12,13	91.0
1064	189	1.674	стакан-марка-красная	12.8	13.7	корка-жёлтая-на-скале	0.868	36.1	1.0	9.0	9.1	маска	DJI_20260813183101_0008_Z.JPG	183	3084,2022,9,4	25	105,96,84	86.1
1065	81	1.675	стакан-марка-красная	7.4	39.0	порода-охристая	1.100	10.8	8.5	8.0	11.7	маска	DJI_20260813183004_0001_Z_03m40s.jpg	65	897,128,5,2	10	42,22,17	36.9
1066	82	1.675	рюкзак-синий	11.2	25.9	порода-в-тени	0.386	12.9	-1.0	-3.0	3.2	маска	DJI_20260813183004_0001_Z_03m40s.jpg	55	1879,1022,4,5	14	30,34,38	47.9
1067	53	1.681	стакан-марка-красная	6.7	40.8	порода-охристая	1.221	9.0	8.0	7.0	10.6	маска	DJI_20260813183004_0001_Z_01m56s.jpg	12	517,809,11,12	77	71,52,43	317.4
1068	42	1.681	палка-ручка-пробка	13.4	3.2	лишайник-жёлтый-на-камне	0.876	72.5	-1.0	11.0	11.0	маска	DJI_20260813183727_0015_Z_03m32s.jpg	34	1412,364,8,6	38	183,176,158	140.8
1069	140	1.684	палка-ручка-контроль	10.5	29.6	порода-охристая	0.919	28.0	6.0	15.5	16.6	bbox	DJI_20260813183534_0014_Z_00m31s.jpg	221	1886,1037,2,3	6	84,62,42	14.6
1070	190	1.685	стакан-марка-красная	13.0	12.0	корка-жёлтая-на-скале	0.944	37.8	0.0	8.0	8.0	маска	DJI_20260813183101_0008_Z.JPG	280	399,240,2,5	10	101,94,83	22.4
1071	191	1.687	стакан-марка-красная	12.8	14.9	корка-жёлтая-на-скале	0.889	34.9	1.0	9.0	9.1	маска	DJI_20260813183101_0008_Z.JPG	108	2882,374,8,14	61	89,80,67	228.8
1072	141	1.687	палка-ручка-контроль	10.0	31.7	порода-охристая	0.991	25.9	6.0	16.0	17.1	маска	DJI_20260813183534_0014_Z_00m31s.jpg	138	30,885,3,6	15	82,59,39	41.5
1073	192	1.689	стакан-марка-красная	11.3	25.9	порода-охристая	1.153	23.9	3.0	9.0	9.5	маска	DJI_20260813183101_0008_Z.JPG	50	770,2041,13,20	153	87,76,65	557.4
1074	96	1.690	стакан-марка-красная	13.0	12.5	корка-жёлтая-на-скале	0.953	37.3	0.0	8.0	8.0	маска	C0049_00m18s.png	81	353,225,2,6	12	105,99,87	42.1
1075	97	1.690	стакан-марка-красная	13.0	12.5	корка-жёлтая-на-скале	0.953	37.3	0.0	8.0	8.0	маска	C0049_00m18s.png	111	295,279,2,4	8	108,102,89	25.7
1076	98	1.694	палка-ручка-пробка	13.4	6.7	лишайник-жёлтый-на-камне	1.032	82.4	-1.0	11.0	11.0	маска	C0049_00m18s.png	87	963,571,3,3	9	209,201,180	39.0
1077	232	1.694	рюкзак-синий	11.7	24.1	порода-в-тени	0.304	14.7	-1.0	-2.5	2.7	маска	DJI_20260813183140_0012_Z.JPG	233	578,921,3,5	11	31,34,38	33.7
1078	83	1.696	стакан-марка-красная	4.2	45.1	порода-в-тени	1.376	4.7	8.0	-2.0	8.2	маска	DJI_20260813183004_0001_Z_03m40s.jpg	79	1018,120,3,3	8	28,15,21	28.7
1079	193	1.696	стакан-марка-красная	4.2	45.1	порода-в-тени	1.376	4.7	8.0	-2.0	8.2	маска	DJI_20260813183101_0008_Z.JPG	84	2151,1765,13,9	79	27,14,20	309.4
1080	194	1.696	стакан-марка-красная	4.2	45.1	порода-в-тени	1.376	4.7	8.0	-2.0	8.2	маска	DJI_20260813183101_0008_Z.JPG	213	2711,424,5,4	15	25,12,20	60.5
1081	99	1.698	палка-ручка-пробка	13.4	7.4	лишайник-жёлтый-на-камне	1.049	83.1	-1.0	11.0	11.0	маска	C0049_00m18s.png	75	261,270,7,3	16	182,174,157	44.1
1082	54	1.700	палка-ручка-пробка	13.3	9.2	снег-розовый	1.277	84.9	8.0	10.0	12.8	маска	DJI_20260813183004_0001_Z_01m56s.jpg	62	1815,802,4,3	12	222,195,183	44.5
1083	195	1.700	стакан-марка-красная	13.5	7.1	корка-жёлтая-на-скале	0.662	42.7	1.0	10.0	10.0	маска	DJI_20260813183101_0008_Z.JPG	211	1796,17,5,4	16	113,104,89	61.9
1084	142	1.701	стакан-марка-красная	5.0	44.3	порода-в-тени	1.382	5.5	8.0	-3.0	8.5	маска	DJI_20260813183534_0014_Z_00m31s.jpg	11	402,836,16,28	98	105,96,95	398.9
1085	43	1.702	палка-ручка-пробка	13.0	13.7	корка-жёлтая-на-скале	0.677	62.0	-2.0	12.0	12.2	маска	DJI_20260813183727_0015_Z_03m32s.jpg	5	630,886,28,24	233	126,122,110	893.3
1086	238	1.702	стакан-марка-красная	13.6	2.3	корка-жёлтая-на-скале	0.750	47.5	0.0	9.0	9.0	маска	DJI_20260813183028_0002_Z.JPG	22	363,1473,34,22	253	119,114,102	876.8
1087	143	1.702	палка-ручка-пробка	11.0	28.1	корка-жёлтая-на-скале	0.455	47.6	-3.5	16.0	16.4	маска	DJI_20260813183534_0014_Z_00m31s.jpg	156	82,13,3,3	9	134,133,105	34.4
1088	144	1.704	стакан-марка-красная	5.8	43.1	порода-в-тени	1.121	6.7	6.0	-2.0	6.3	маска	DJI_20260813183534_0014_Z_00m31s.jpg	92	304,858,4,7	18	54,44,49	69.3
1089	196	1.705	стакан-марка-красная	13.5	7.8	корка-жёлтая-на-скале	0.671	42.0	1.0	10.0	10.0	маска	DJI_20260813183101_0008_Z.JPG	229	2513,276,4,5	12	119,108,92	45.8
1090	44	1.705	палка-ручка-пробка	13.0	14.5	лишайник-жёлтый-на-камне	1.184	90.2	0.0	11.0	11.0	маска	DJI_20260813183727_0015_Z_03m32s.jpg	2	1574,936,37,19	353	209,200,181	1420.0
1091	84	1.706	стакан-марка-красная	5.1	44.3	порода-в-тени	1.140	5.5	6.0	0.0	6.0	bbox	DJI_20260813183004_0001_Z_03m40s.jpg	104	117,286,2,3	6	27,14,17	14.7
1092	233	1.707	рюкзак-синий	11.2	27.4	порода-в-тени	0.427	11.4	-1.0	-3.0	3.2	маска	DJI_20260813183140_0012_Z.JPG	259	601,2073,4,2	8	26,31,36	25.4
1093	100	1.708	палка-ручка-пробка	13.2	12.9	снег-розовый	1.082	88.6	3.0	10.0	10.4	маска	C0049_00m18s.png	84	1000,584,4,3	10	233,216,199	40.8
1094	55	1.708	палка-ручка-пробка	11.7	24.9	корка-жёлтая-на-скале	0.299	50.8	-1.0	13.0	13.0	маска	DJI_20260813183004_0001_Z_01m56s.jpg	9	401,561,24,16	106	151,143,126	408.8
1095	197	1.710	стакан-марка-красная	4.6	45.1	порода-в-тени	1.383	4.7	8.0	-2.5	8.4	маска	DJI_20260813183101_0008_Z.JPG	194	3167,1169,4,6	18	29,16,24	74.7
1096	145	1.712	рюкзак-синий	13.6	5.5	порода-в-тени	0.863	44.3	-3.0	-1.0	3.2	маска	DJI_20260813183534_0014_Z_00m31s.jpg	42	252,426,6,11	39	112,121,121	144.1
1097	146	1.718	палка-ручка-пробка	12.5	20.0	корка-жёлтая-на-скале	0.688	55.7	-5.0	15.5	16.3	bbox	DJI_20260813183534_0014_Z_00m31s.jpg	193	467,1006,2,3	6	142,141,113	21.2
1098	147	1.719	стакан-марка-красная	13.0	15.7	снег-в-тени	2.093	34.1	16.0	-11.0	19.4	маска	DJI_20260813183534_0014_Z_00m31s.jpg	2	171,112,15,65	311	119,98,104	1372.4
1099	198	1.720	стакан-марка-красная	12.6	19.2	корка-жёлтая-на-скале	1.071	30.6	0.5	8.0	8.0	маска	DJI_20260813183101_0008_Z.JPG	256	1028,317,3,4	10	98,93,81	32.4
1100	239	1.722	стакан-марка-красная	12.2	22.3	корка-жёлтая-на-скале	1.144	27.5	1.0	8.0	8.1	маска	DJI_20260813183028_0002_Z.JPG	8	967,1137,33,32	438	68,61,52	1598.0
1101	240	1.723	стакан-марка-красная	6.8	42.0	порода-в-тени	1.552	7.8	9.0	-5.5	10.5	маска	DJI_20260813183028_0002_Z.JPG	141	1971,0,6,6	31	31,20,29	113.0
1102	148	1.724	стакан-марка-красная	13.2	14.5	снег-освещённый	0.615	64.3	-2.0	-1.0	2.2	маска	DJI_20260813183534_0014_Z_00m31s.jpg	103	916,1036,5,5	17	153,156,158	58.2
1103	241	1.728	стакан-марка-красная	13.6	8.6	корка-жёлтая-на-скале	0.786	41.2	0.0	9.0	9.0	маска	DJI_20260813183028_0002_Z.JPG	57	737,1790,20,8	104	104,99,85	366.5
1104	45	1.729	стакан-марка-красная	12.6	19.8	корка-жёлтая-на-скале	1.083	30.0	0.5	8.0	8.0	маска	DJI_20260813183727_0015_Z_03m32s.jpg	47	1875,721,11,3	22	80,73,62	75.8
1105	234	1.730	рюкзак-синий	12.2	23.1	порода-в-тени	0.244	15.7	-1.0	-2.0	2.2	маска	DJI_20260813183140_0012_Z.JPG	76	617,2055,8,14	87	37,40,43	309.2
1106	235	1.730	рюкзак-синий	12.2	23.1	порода-в-тени	0.244	15.7	-1.0	-2.0	2.2	маска	DJI_20260813183140_0012_Z.JPG	149	3661,779,7,10	34	39,41,45	96.7
1107	242	1.730	стакан-марка-красная	13.6	9.0	корка-жёлтая-на-скале	0.791	40.8	0.0	9.0	9.0	маска	DJI_20260813183028_0002_Z.JPG	56	947,1117,20,17	114	91,86,72	375.5
1108	149	1.735	палка-ручка-пробка	12.2	23.2	корка-жёлтая-на-скале	0.660	52.5	-5.0	16.0	16.8	маска	DJI_20260813183534_0014_Z_00m31s.jpg	132	434,135,5,4	13	163,165,136	44.3
1109	101	1.737	стакан-марка-красная	13.9	1.6	корка-жёлтая-на-скале	0.884	48.2	-1.0	8.0	8.1	маска	C0049_00m18s.png	128	349,212,3,2	6	116,112,100	20.5
1110	199	1.739	палка-ручка-пробка	13.4	12.9	лишайник-жёлтый-на-камне	1.177	88.6	-1.0	11.0	11.0	маска	DJI_20260813183101_0008_Z.JPG	219	2146,1017,6,5	15	224,217,195	56.6
1111	85	1.740	стакан-марка-красная	3.2	47.4	порода-в-тени	1.456	2.4	8.0	2.0	8.2	маска	DJI_20260813183004_0001_Z_03m40s.jpg	60	860,135,6,3	14	22,3,4	41.4
1112	243	1.742	стакан-марка-красная	12.2	23.5	корка-жёлтая-на-скале	1.171	26.3	1.0	8.0	8.1	маска	DJI_20260813183028_0002_Z.JPG	191	977,905,8,3	20	77,70,59	78.2
1113	102	1.742	стакан-марка-красная	13.9	3.9	корка-жёлтая-на-скале	0.887	45.9	-1.0	8.0	8.1	маска	C0049_00m18s.png	85	1009,643,6,3	12	110,105,93	39.5
1114	150	1.742	рюкзак-синий	13.9	1.8	порода-в-тени	0.763	40.6	-4.0	-1.0	4.1	маска	DJI_20260813183534_0014_Z_00m31s.jpg	89	309,365,5,4	19	93,104,102	71.0
1115	236	1.744	рюкзак-синий	12.2	23.9	порода-в-тени	0.264	14.9	-1.0	-2.0	2.2	маска	DJI_20260813183140_0012_Z.JPG	278	865,709,2,4	8	35,37,41	21.3
1116	244	1.745	стакан-марка-красная	12.0	24.7	корка-жёлтая-на-скале	1.132	25.1	2.0	9.0	9.2	маска	DJI_20260813183028_0002_Z.JPG	19	962,1085,31,24	251	81,74,63	911.0
1117	103	1.747	стакан-марка-красная	13.9	5.3	корка-жёлтая-на-скале	0.892	44.5	-1.0	8.0	8.1	маска	C0049_00m18s.png	119	0,885,2,4	8	105,101,88	23.7
1118	200	1.750	стакан-марка-красная	13.9	6.9	корка-жёлтая-на-скале	1.066	56.7	-1.5	7.0	7.2	bbox	DJI_20260813183101_0008_Z.JPG	309	1994,9,3,2	6	138,135,122	14.7
1119	104	1.752	стакан-марка-красная	13.9	6.5	корка-жёлтая-на-скале	0.898	43.3	-1.0	8.0	8.1	маска	C0049_00m18s.png	116	1059,669,3,3	7	107,103,90	24.9
1120	201	1.754	рюкзак-синий	11.6	27.6	порода-в-тени	0.423	11.2	-0.5	-2.5	2.5	bbox	DJI_20260813183101_0008_Z.JPG	293	2067,255,3,2	6	28,30,33	19.4
1121	151	1.754	рюкзак-синий	13.9	5.9	порода-в-тени	0.903	44.7	-4.0	-1.0	4.1	маска	DJI_20260813183534_0014_Z_00m31s.jpg	161	281,453,5,2	10	98,106,104	32.9
1122	46	1.756	стакан-марка-красная	10.6	32.2	порода-в-тени	1.291	17.6	3.0	8.0	8.5	маска	DJI_20260813183727_0015_Z_03m32s.jpg	74	605,793,3,3	8	87,76,66	26.2
1123	152	1.756	рюкзак-синий	13.9	6.5	порода-в-тени	0.924	45.3	-4.0	-1.0	4.1	маска	DJI_20260813183534_0014_Z_00m31s.jpg	141	245,313,3,5	12	100,109,107	40.3
1124	105	1.757	стакан-марка-красная	13.9	7.4	корка-жёлтая-на-скале	0.905	42.4	-1.0	8.0	8.1	маска	C0049_00m18s.png	9	81,180,18,13	83	112,107,94	282.9
1125	245	1.757	палка-ручка-пробка	13.9	7.5	лишайник-жёлтый-на-камне	0.907	68.2	-2.0	11.0	11.2	маска	DJI_20260813183028_0002_Z.JPG	27	346,600,15,17	183	169,163,145	752.6
1126	202	1.757	палка-ручка-пробка	13.9	7.5	лишайник-жёлтый-на-камне	0.907	68.2	-2.0	11.0	11.2	маска	DJI_20260813183101_0008_Z.JPG	17	1158,1091,23,30	312	168,162,143	1224.7
1127	153	1.757	рюкзак-синий	13.9	6.7	порода-в-тени	0.930	45.5	-4.0	-1.0	4.1	маска	DJI_20260813183534_0014_Z_00m31s.jpg	174	269,441,3,3	8	103,114,113	28.6
1128	154	1.757	рюкзак-синий	13.9	6.7	порода-в-тени	0.930	45.5	-4.0	-1.0	4.1	маска	DJI_20260813183534_0014_Z_00m31s.jpg	208	258,443,3,2	6	99,106,105	19.6
1129	237	1.758	рюкзак-синий	12.2	24.7	порода-в-тени	0.286	14.1	-1.0	-2.0	2.2	маска	DJI_20260813183140_0012_Z.JPG	151	1621,1495,15,4	34	32,35,38	94.8
1130	155	1.760	палка-ручка-контроль	12.7	20.9	корка-жёлтая-на-скале	0.539	36.7	-2.5	16.5	16.7	маска	DJI_20260813183534_0014_Z_00m31s.jpg	151	76,97,5,2	10	109,104,79	36.3
1131	156	1.768	рюкзак-синий	13.9	8.7	порода-в-тени	0.998	47.5	-4.0	-1.0	4.1	маска	DJI_20260813183534_0014_Z_00m31s.jpg	134	273,434,4,4	14	107,117,115	44.1
1132	86	1.770	рюкзак-синий	11.4	29.4	порода-в-тени	0.465	9.4	-2.0	-3.0	3.6	маска	DJI_20260813183004_0001_Z_03m40s.jpg	83	1906,1009,4,2	8	20,23,26	24.4
1133	203	1.770	палка-ручка-пробка	14.1	2.7	лишайник-жёлтый-на-камне	1.109	78.4	-5.0	13.0	13.9	маска	DJI_20260813183101_0008_Z.JPG	8	44,1665,29,42	558	165,167,149	2508.1
1134	106	1.771	стакан-марка-красная	14.2	2.2	корка-жёлтая-на-скале	0.822	47.6	-1.0	8.5	8.6	маска	C0049_00m18s.png	65	977,625,3,6	15	123,119,105	52.5
1135	238	1.773	палка-ручка-пробка	13.4	16.1	корка-жёлтая-на-скале	0.666	59.6	-1.0	11.0	11.0	маска	DJI_20260813183140_0012_Z.JPG	101	3809,451,7,11	57	149,143,127	212.3
1136	47	1.774	палка-ручка-пробка	13.9	10.2	корка-жёлтая-на-скале	0.844	65.5	-2.0	11.0	11.2	маска	DJI_20260813183727_0015_Z_03m32s.jpg	11	294,882,15,21	196	146,143,126	721.7
1137	239	1.777	палка-ручка-пробка	13.6	14.5	снег-розовый	1.104	90.2	1.0	10.0	10.0	маска	DJI_20260813183140_0012_Z.JPG	48	3091,623,18,11	130	230,219,201	584.9
1138	87	1.779	стакан-марка-красная	6.7	43.9	порода-в-тени	1.443	5.9	8.0	-5.0	9.4	маска	DJI_20260813183004_0001_Z_03m40s.jpg	57	525,28,5,4	14	24,12,22	45.8
1139	56	1.780	стакан-марка-красная	10.0	35.5	порода-охристая	1.168	14.3	5.0	9.0	10.3	маска	DJI_20260813183004_0001_Z_01m56s.jpg	71	1853,746,3,3	8	55,40,31	31.0
1140	157	1.781	палка-ручка-контроль	11.0	31.5	порода-охристая	0.833	26.1	7.0	15.0	16.6	bbox	DJI_20260813183534_0014_Z_00m31s.jpg	222	1764,864,3,2	6	76,54,36	13.7
1141	107	1.784	стакан-марка-красная	13.6	15.1	корка-жёлтая-на-скале	0.884	34.7	0.0	9.0	9.0	маска	C0049_00m18s.png	115	1778,179,3,4	10	88,82,71	24.9
1142	48	1.784	стакан-марка-красная	12.2	25.9	порода-в-тени	1.193	23.9	1.0	8.0	8.1	маска	DJI_20260813183727_0015_Z_03m32s.jpg	68	1036,98,5,5	12	74,66,55	32.6
1143	49	1.784	стакан-марка-красная	10.6	33.3	порода-в-тени	1.295	16.5	3.0	8.0	8.5	маска	DJI_20260813183727_0015_Z_03m32s.jpg	63	562,827,4,5	14	55,44,35	42.5
1144	158	1.785	стакан-марка-красная	5.4	46.3	порода-в-тени	1.228	3.5	6.5	-2.0	6.8	маска	DJI_20260813183534_0014_Z_00m31s.jpg	114	397,828,3,5	14	33,19,24	50.9
1145	159	1.790	палка-ручка-пробка	14.3	1.0	лишайник-жёлтый-на-камне	1.312	76.7	-8.0	17.0	18.8	маска	DJI_20260813183534_0014_Z_00m31s.jpg	22	112,146,9,11	71	185,192,164	280.9
1146	204	1.791	стакан-марка-красная	6.7	44.3	порода-в-тени	1.448	5.5	8.0	-5.0	9.4	маска	DJI_20260813183101_0008_Z.JPG	258	3383,495,4,2	8	26,14,24	31.8
1147	160	1.792	палка-ручка-пробка	14.3	2.0	лишайник-жёлтый-на-камне	1.230	73.7	-7.5	16.0	17.7	маска	DJI_20260813183534_0014_Z_00m31s.jpg	126	195,419,3,5	13	202,208,180	46.3
1148	205	1.794	стакан-марка-красная	14.2	7.1	корка-жёлтая-на-скале	0.651	42.7	0.0	10.0	10.0	маска	DJI_20260813183101_0008_Z.JPG	272	3260,2004,3,3	7	121,114,99	26.1
1149	206	1.795	рюкзак-синий	11.4	30.6	порода-в-тени	0.501	8.2	-2.0	-3.0	3.6	маска	DJI_20260813183101_0008_Z.JPG	286	2049,295,2,3	6	19,23,27	20.8
1150	240	1.796	палка-ручка-пробка	14.3	4.3	снег-розовый	1.071	80.0	-1.0	10.0	10.0	маска	DJI_20260813183140_0012_Z.JPG	166	3393,263,6,4	20	204,197,180	73.6
1151	241	1.798	рюкзак-синий	13.2	20.4	порода-в-тени	0.143	18.4	-1.0	-1.0	1.4	маска	DJI_20260813183140_0012_Z.JPG	170	711,849,11,4	26	42,44,45	71.6
1152	242	1.798	рюкзак-синий	13.2	20.4	порода-в-тени	0.143	18.4	-1.0	-1.0	1.4	маска	DJI_20260813183140_0012_Z.JPG	255	3711,566,4,3	9	44,45,47	25.9
1153	243	1.798	рюкзак-синий	13.2	20.4	порода-в-тени	0.143	18.4	-1.0	-1.0	1.4	маска	DJI_20260813183140_0012_Z.JPG	257	3741,403,5,2	10	44,45,46	25.5
1154	244	1.809	рюкзак-синий	13.5	18.6	порода-в-тени	0.063	20.2	-2.5	-1.0	2.7	bbox	DJI_20260813183140_0012_Z.JPG	289	3279,751,2,3	6	42,49,49	19.8
1155	108	1.809	стакан-марка-красная	14.4	4.3	корка-жёлтая-на-скале	0.765	45.5	-1.0	9.0	9.1	маска	C0049_00m18s.png	142	376,981,3,2	6	102,99,87	14.7
1156	57	1.811	стакан-марка-красная	14.4	4.7	корка-жёлтая-на-скале	0.766	45.1	-1.0	9.0	9.1	маска	DJI_20260813183004_0001_Z_01m56s.jpg	41	930,915,5,7	21	165,159,144	75.2
1157	207	1.812	стакан-марка-красная	13.4	19.2	порода-в-тени	1.071	30.6	-1.0	7.0	7.1	bbox	DJI_20260813183101_0008_Z.JPG	307	703,1383,2,3	6	80,76,65	15.0
1158	109	1.813	стакан-марка-красная	8.0	42.4	снег-розовый	1.674	92.2	11.0	-7.0	13.0	маска	C0049_00m18s.png	104	1105,995,4,2	8	249,235,248	28.8
1159	50	1.814	стакан-марка-красная	14.3	8.2	снег-розовый	1.062	58.0	-2.0	7.0	7.3	bbox	DJI_20260813183727_0015_Z_03m32s.jpg	80	1686,705,2,3	6	143,141,127	14.1
1160	58	1.815	стакан-марка-красная	14.4	5.9	корка-жёлтая-на-скале	0.773	43.9	-1.0	9.0	9.1	маска	DJI_20260813183004_0001_Z_01m56s.jpg	5	450,586,23,23	196	106,101,87	741.0
1161	208	1.816	палка-ручка-пробка	13.9	14.5	снег-розовый	1.125	90.2	0.0	10.0	10.0	маска	DJI_20260813183101_0008_Z.JPG	47	1199,1074,28,16	170	214,205,188	618.7
1162	51	1.818	палка-ручка-пробка	13.4	19.6	корка-жёлтая-на-скале	0.594	56.1	-1.0	11.0	11.0	маска	DJI_20260813183727_0015_Z_03m32s.jpg	28	1024,94,9,7	45	135,128,111	173.9
1163	245	1.818	стакан-марка-красная	14.4	6.7	корка-жёлтая-на-скале	0.821	56.5	-1.0	9.0	9.1	маска	DJI_20260813183140_0012_Z.JPG	237	3804,486,3,3	9	140,134,119	32.1
1164	52	1.821	стакан-марка-красная	12.2	27.8	порода-в-тени	1.187	22.0	1.0	8.0	8.1	маска	DJI_20260813183727_0015_Z_03m32s.jpg	57	617,434,6,3	17	59,53,43	49.1
1165	246	1.822	стакан-марка-красная	10.6	34.9	порода-охристая	1.238	14.9	4.0	9.0	9.8	маска	DJI_20260813183140_0012_Z.JPG	177	599,1971,6,7	18	33,22,16	65.0
1166	247	1.825	рюкзак-синий	13.3	20.8	порода-в-тени	0.084	18.0	-2.0	-1.0	2.2	маска	DJI_20260813183140_0012_Z.JPG	229	3834,502,3,5	12	42,45,45	34.5
1167	248	1.825	рюкзак-синий	13.3	20.8	порода-в-тени	0.084	18.0	-2.0	-1.0	2.2	маска	DJI_20260813183140_0012_Z.JPG	267	1457,1385,4,2	8	40,44,44	23.4
1168	249	1.826	стакан-марка-красная	12.5	26.3	порода-охристая	0.927	23.5	5.0	12.0	13.0	маска	DJI_20260813183140_0012_Z.JPG	12	3283,520,20,60	577	98,78,57	2346.1
1169	209	1.829	палка-ручка-пробка	13.4	20.4	корка-жёлтая-на-скале	0.581	55.3	-1.0	11.0	11.0	маска	DJI_20260813183101_0008_Z.JPG	75	721,2051,9,20	94	142,135,118	355.7
1170	161	1.834	палка-ручка-пробка	13.0	23.5	корка-жёлтая-на-скале	0.776	52.2	-6.0	16.0	17.1	маска	DJI_20260813183534_0014_Z_00m31s.jpg	187	225,474,2,3	6	144,147,116	22.2
1171	210	1.834	палка-ручка-пробка	13.4	20.8	корка-жёлтая-на-скале	0.574	54.9	-1.0	11.0	11.0	маска	DJI_20260813183101_0008_Z.JPG	246	770,2069,5,2	10	139,132,115	37.1
1172	211	1.836	стакан-марка-красная	14.6	6.3	корка-жёлтая-на-скале	0.848	43.5	-1.5	8.5	8.6	маска	DJI_20260813183101_0008_Z.JPG	188	79,166,4,7	22	117,113,100	80.2
1173	162	1.839	рюкзак-синий	14.7	1.0	порода-в-тени	0.729	39.8	-3.5	0.0	3.5	bbox	DJI_20260813183534_0014_Z_00m31s.jpg	205	274,398,3,2	6	87,95,93	20.0
1174	212	1.845	рюкзак-синий	12.4	28.2	порода-в-тени	0.372	10.6	-2.0	-2.0	2.8	маска	DJI_20260813183101_0008_Z.JPG	217	2135,275,2,8	16	24,27,27	58.3
1175	213	1.846	стакан-марка-красная	14.8	1.2	корка-жёлтая-на-скале	0.910	48.6	-2.0	8.0	8.2	маска	DJI_20260813183101_0008_Z.JPG	175	883,1796,6,10	26	138,136,120	95.4
1176	53	1.847	стакан-марка-красная	14.8	2.0	корка-жёлтая-на-скале	0.910	47.8	-2.0	8.0	8.2	маска	DJI_20260813183727_0015_Z_03m32s.jpg	36	1680,714,8,6	40	97,94,82	122.2
1177	59	1.848	палка-ручка-пробка	13.9	17.7	корка-жёлтая-на-скале	0.668	58.0	-2.0	11.0	11.2	маска	DJI_20260813183004_0001_Z_01m56s.jpg	49	1872,298,4,6	16	157,152,132	60.0
1178	250	1.849	рюкзак-синий	13.3	22.3	порода-в-тени	0.140	16.5	-2.0	-1.0	2.2	маска	DJI_20260813183140_0012_Z.JPG	290	3559,655,3,2	6	38,41,41	18.7
1179	60	1.852	палка-ручка-пробка	13.4	22.0	корка-жёлтая-на-скале	0.557	53.7	-1.0	11.0	11.0	маска	DJI_20260813183004_0001_Z_01m56s.jpg	45	719,953,7,3	20	130,124,107	69.3
1180	88	1.855	рюкзак-синий	13.3	22.7	порода-в-тени	0.154	16.1	-2.0	-1.0	2.2	маска	DJI_20260813183004_0001_Z_03m40s.jpg	74	1676,941,4,3	10	35,38,39	31.3
1181	214	1.857	стакан-марка-красная	13.9	18.4	корка-жёлтая-на-скале	1.061	31.4	-1.0	8.0	8.1	маска	DJI_20260813183101_0008_Z.JPG	43	2087,599,20,17	180	88,84,72	643.4
1182	163	1.858	стакан-марка-красная	5.8	47.8	порода-в-тени	1.204	2.0	6.0	-2.0	6.3	маска	DJI_20260813183534_0014_Z_00m31s.jpg	107	139,762,3,6	15	19,1,7	55.6
1183	61	1.858	стакан-марка-красная	14.8	6.1	корка-жёлтая-на-скале	0.955	55.9	-2.0	8.0	8.2	маска	DJI_20260813183004_0001_Z_01m56s.jpg	69	1517,871,3,4	12	134,132,118	33.1
1184	164	1.859	палка-ручка-контроль	11.0	34.9	порода-охристая	0.901	22.7	7.0	15.0	16.6	bbox	DJI_20260813183534_0014_Z_00m31s.jpg	220	1144,0,3,2	6	71,50,32	15.2
1185	215	1.861	стакан-марка-красная	14.8	4.1	корка-жёлтая-на-скале	0.803	53.9	-1.5	9.0	9.1	маска	DJI_20260813183101_0008_Z.JPG	261	2504,2011,3,4	10	136,132,118	31.4
1186	54	1.861	палка-ручка-пробка	14.4	13.0	корка-жёлтая-на-скале	0.822	62.7	-3.0	11.0	11.4	маска	DJI_20260813183727_0015_Z_03m32s.jpg	13	239,1036,13,19	142	159,156,139	520.0
1187	216	1.863	стакан-марка-красная	14.8	7.1	корка-жёлтая-на-скале	0.928	42.7	-2.0	8.0	8.2	маска	DJI_20260813183101_0008_Z.JPG	241	986,1356,3,5	11	134,132,115	39.9
1188	217	1.863	стакан-марка-красная	14.8	7.1	корка-жёлтая-на-скале	0.966	56.9	-2.0	8.0	8.2	bbox	DJI_20260813183101_0008_Z.JPG	290	1015,1265,3,2	6	140,139,124	19.7
1189	89	1.864	рюкзак-синий	12.1	30.6	порода-в-тени	0.560	8.2	-4.0	-3.0	5.0	маска	DJI_20260813183004_0001_Z_03m40s.jpg	6	1863,660,26,18	109	72,80,78	406.1
1190	55	1.864	стакан-марка-красная	14.8	7.3	корка-жёлтая-на-скале	0.968	57.1	-2.0	8.0	8.2	маска	DJI_20260813183727_0015_Z_03m32s.jpg	29	593,1012,7,9	48	126,125,110	172.7
1191	165	1.864	палка-ручка-контроль	13.5	22.5	порода-охристая	0.983	35.1	16.0	17.0	23.3	маска	DJI_20260813183534_0014_Z_00m31s.jpg	115	1820,346,4,5	14	113,72,55	50.5
1192	90	1.866	рюкзак-синий	13.2	24.7	порода-в-тени	0.257	14.1	-1.0	-1.0	1.4	маска	DJI_20260813183004_0001_Z_03m40s.jpg	4	1485,71,18,14	123	42,46,46	425.7
1193	62	1.866	стакан-марка-красная	11.4	33.7	порода-в-тени	1.241	16.1	2.0	8.0	8.2	маска	DJI_20260813183004_0001_Z_01m56s.jpg	81	721,721,3,3	8	52,43,34	23.8
1194	56	1.866	стакан-марка-красная	11.4	33.7	порода-в-тени	1.241	16.1	2.0	8.0	8.2	маска	DJI_20260813183727_0015_Z_03m32s.jpg	52	1641,971,8,6	22	59,50,41	60.7
1195	218	1.867	стакан-марка-красная	14.8	7.8	корка-жёлтая-на-скале	0.934	42.0	-2.0	8.0	8.2	маска	DJI_20260813183101_0008_Z.JPG	178	1723,965,6,6	27	110,110,96	93.7
1196	219	1.867	стакан-марка-красная	14.8	7.8	корка-жёлтая-на-скале	0.934	42.0	-2.0	8.0	8.2	маска	DJI_20260813183101_0008_Z.JPG	276	959,944,2,4	8	105,103,90	23.2
1197	246	1.867	стакан-марка-красная	13.0	25.5	порода-в-тени	1.161	24.3	0.0	8.0	8.0	маска	DJI_20260813183028_0002_Z.JPG	321	459,749,2,3	6	64,61,47	24.1
1198	251	1.869	рюкзак-синий	12.4	29.4	порода-в-тени	0.412	9.4	-2.0	-2.0	2.8	маска	DJI_20260813183140_0012_Z.JPG	50	772,2029,11,26	136	29,33,35	523.0
1199	252	1.870	рюкзак-синий	13.8	20.0	порода-в-тени	0.084	18.8	-2.0	-0.5	2.1	bbox	DJI_20260813183140_0012_Z.JPG	292	1447,1321,3,2	6	43,46,46	16.7
1200	253	1.870	рюкзак-синий	13.3	23.7	порода-в-тени	0.189	15.1	-2.0	-1.0	2.2	маска	DJI_20260813183140_0012_Z.JPG	219	713,2001,7,2	14	36,39,40	38.7
1201	254	1.872	стакан-марка-красная	12.2	30.4	порода-в-тени	1.186	19.4	1.0	8.0	8.1	маска	DJI_20260813183140_0012_Z.JPG	161	3514,666,7,6	25	56,49,39	83.1
1202	220	1.873	стакан-марка-красная	14.8	9.0	корка-жёлтая-на-скале	0.944	40.8	-2.0	8.0	8.2	маска	DJI_20260813183101_0008_Z.JPG	132	373,289,8,12	57	103,100,87	171.6
1203	255	1.874	стакан-марка-красная	14.8	9.0	корка-жёлтая-на-скале	0.992	58.8	-2.0	8.0	8.2	маска	DJI_20260813183140_0012_Z.JPG	286	2903,33,4,2	8	143,141,127	20.7
1204	221	1.876	стакан-марка-красная	15.0	2.0	корка-жёлтая-на-скале	0.637	47.8	-1.0	10.0	10.0	маска	DJI_20260813183101_0008_Z.JPG	66	767,1047,19,17	115	154,146,132	411.5
1205	222	1.878	палка-ручка-пробка	13.9	20.0	корка-жёлтая-на-скале	0.626	55.7	-2.0	11.0	11.2	маска	DJI_20260813183101_0008_Z.JPG	264	1607,68,3,3	8	143,137,116	29.7
1206	110	1.878	стакан-марка-красная	14.8	9.8	корка-жёлтая-на-скале	0.952	40.0	-2.0	8.0	8.2	маска	C0049_00m18s.png	120	339,910,3,3	8	99,96,85	23.1
1207	256	1.879	стакан-марка-красная	14.8	9.8	корка-жёлтая-на-скале	1.003	59.6	-2.0	8.0	8.2	маска	DJI_20260813183140_0012_Z.JPG	197	2871,23,4,4	16	147,144,130	48.3
1208	166	1.879	палка-ручка-контроль	13.5	23.5	порода-охристая	0.988	34.1	16.0	17.0	23.3	маска	DJI_20260813183534_0014_Z_00m31s.jpg	135	1809,347,3,4	12	114,72,56	43.4
1209	167	1.880	стакан-марка-красная	14.8	9.8	порода-охристая	0.870	40.0	17.0	14.5	22.3	маска	DJI_20260813183534_0014_Z_00m31s.jpg	167	408,1043,5,2	10	139,98,85	30.9
1210	111	1.880	стакан-марка-красная	14.8	10.0	корка-жёлтая-на-скале	0.954	39.8	-2.0	8.0	8.2	маска	C0049_00m18s.png	52	195,772,8,3	18	91,89,78	68.8
1211	257	1.880	рюкзак-синий	13.3	24.3	порода-в-тени	0.210	14.5	-2.0	-1.0	2.2	маска	DJI_20260813183140_0012_Z.JPG	93	613,2077,8,20	75	39,42,42	248.5
1212	223	1.880	стакан-марка-красная	15.0	3.9	корка-жёлтая-на-скале	0.672	53.7	-1.0	10.0	10.0	маска	DJI_20260813183101_0008_Z.JPG	252	1988,6,5,3	9	141,136,119	33.7
1213	224	1.883	палка-ручка-пробка	14.6	13.5	снег-розовый	0.976	89.2	1.0	9.0	9.1	маска	DJI_20260813183101_0008_Z.JPG	198	2209,1014,4,7	20	229,218,203	72.7
1214	225	1.884	стакан-марка-красная	15.0	4.7	корка-жёлтая-на-скале	0.856	45.1	-2.0	8.5	8.7	маска	DJI_20260813183101_0008_Z.JPG	209	415,1816,4,7	17	126,125,109	64.4
1215	91	1.884	палка-ручка-пробка	14.9	8.6	снег-розовый	0.941	84.3	0.0	9.0	9.0	маска	DJI_20260813183004_0001_Z_03m40s.jpg	68	1068,101,3,4	10	221,213,199	34.0
1216	226	1.884	палка-ручка-пробка	14.3	16.5	снег-розовый	1.188	92.2	-1.0	10.0	10.0	маска	DJI_20260813183101_0008_Z.JPG	85	1700,210,13,9	82	202,195,179	308.0
1217	258	1.884	стакан-марка-красная	14.8	10.6	корка-жёлтая-на-скале	1.015	60.4	-2.0	8.0	8.2	маска	DJI_20260813183140_0012_Z.JPG	236	2879,15,6,4	12	149,146,133	32.1
1218	112	1.890	стакан-марка-красная	15.0	6.7	корка-жёлтая-на-скале	0.659	43.1	-1.0	10.0	10.0	маска	C0049_00m18s.png	141	1075,843,3,2	6	107,101,89	14.7
1219	113	1.893	стакан-марка-красная	14.1	19.4	снег-розовый	0.868	69.2	-1.5	7.5	7.6	bbox	C0049_00m18s.png	121	1146,971,3,2	6	178,175,161	22.8
1220	168	1.893	палка-ручка-контроль	10.4	38.4	корка-жёлтая-на-скале	1.095	19.2	3.0	16.0	16.3	маска	DJI_20260813183534_0014_Z_00m31s.jpg	215	4,788,3,2	6	77,64,42	17.7
1221	114	1.893	стакан-марка-красная	12.0	32.2	порода-в-тени	0.407	17.6	-1.0	2.0	2.2	маска	C0049_00m18s.png	55	631,237,4,4	15	50,51,49	64.2
1222	115	1.898	стакан-марка-красная	12.0	32.6	снег-освещённый	0.137	82.4	-1.0	1.0	1.4	маска	C0049_00m18s.png	102	1618,521,4,2	8	193,195,191	29.1
1223	57	1.899	палка-ручка-пробка	14.8	12.6	корка-жёлтая-на-скале	0.868	63.1	-2.0	10.0	10.2	маска	DJI_20260813183727_0015_Z_03m32s.jpg	16	1680,991,15,14	112	168,162,145	421.0
1224	227	1.900	палка-ручка-пробка	13.9	21.6	корка-жёлтая-на-скале	0.603	54.1	-2.0	11.0	11.2	маска	DJI_20260813183101_0008_Z.JPG	247	3153,1349,3,4	10	149,144,125	37.0
1225	63	1.900	стакан-марка-красная	10.6	38.0	порода-в-тени	1.323	11.8	3.0	8.0	8.5	маска	DJI_20260813183004_0001_Z_01m56s.jpg	88	465,832,2,3	6	40,29,22	19.1
1226	58	1.901	палка-ручка-пробка	14.8	12.7	снег-розовый	1.183	88.4	-2.0	10.0	10.2	маска	DJI_20260813183727_0015_Z_03m32s.jpg	59	1603,889,7,3	12	219,214,194	45.7
1227	59	1.906	палка-ручка-пробка	15.2	2.4	снег-розовый	0.964	73.3	-1.0	9.0	9.1	маска	DJI_20260813183727_0015_Z_03m32s.jpg	62	935,927,6,2	12	187,181,166	43.5
1228	92	1.906	рюкзак-синий	13.3	25.9	порода-в-тени	0.266	12.9	-2.0	-1.0	2.2	маска	DJI_20260813183004_0001_Z_03m40s.jpg	30	1177,116,8,7	33	31,36,36	112.5
1229	259	1.907	рюкзак-синий	13.2	27.0	порода-в-тени	0.333	11.8	-1.0	-1.0	1.4	маска	DJI_20260813183140_0012_Z.JPG	261	1409,1405,2,4	8	28,31,33	24.2
1230	247	1.909	палка-ручка-пробка	15.2	3.9	снег-розовый	0.955	79.6	-1.0	9.0	9.1	маска	DJI_20260813183028_0002_Z.JPG	16	3495,192,19,19	251	188,185,170	1091.8
1231	64	1.910	стакан-марка-красная	14.3	18.6	корка-жёлтая-на-скале	1.074	31.2	-1.5	8.0	8.1	маска	DJI_20260813183004_0001_Z_01m56s.jpg	79	1181,1035,3,4	10	74,71,60	25.6
1232	228	1.911	стакан-марка-красная	15.3	3.1	корка-жёлтая-на-скале	0.792	46.7	-2.0	9.0	9.2	маска	DJI_20260813183101_0008_Z.JPG	296	1071,1310,2,3	6	127,125,110	19.1
1233	229	1.913	стакан-марка-красная	15.3	3.7	корка-жёлтая-на-скале	0.817	53.5	-2.0	9.0	9.2	маска	DJI_20260813183101_0008_Z.JPG	166	1040,181,5,11	30	131,129,113	112.8
1234	93	1.913	палка-ручка-пробка	14.8	14.1	снег-розовый	1.200	89.8	-2.0	10.0	10.2	маска	DJI_20260813183004_0001_Z_03m40s.jpg	56	980,103,6,3	12	224,219,199	46.5
1235	94	1.915	рюкзак-синий	13.6	24.7	порода-в-тени	0.257	14.1	-3.0	-1.0	3.2	маска	DJI_20260813183004_0001_Z_03m40s.jpg	86	1089,965,4,2	8	27,29,31	23.9
1236	169	1.917	стакан-марка-красная	14.8	14.5	корка-жёлтая-на-скале	1.014	35.3	-2.0	8.0	8.2	маска	DJI_20260813183534_0014_Z_00m31s.jpg	81	1287,1051,6,8	21	94,93,80	78.6
1237	60	1.917	стакан-марка-красная	15.3	5.3	корка-жёлтая-на-скале	0.799	44.5	-2.0	9.0	9.2	маска	DJI_20260813183727_0015_Z_03m32s.jpg	15	1506,624,17,13	123	118,115,102	452.3
1238	61	1.918	палка-ручка-пробка	14.9	13.3	снег-розовый	0.997	89.0	0.0	9.0	9.0	маска	DJI_20260813183727_0015_Z_03m32s.jpg	39	1616,878,8,7	27	212,204,188	103.2
1239	116	1.919	стакан-марка-красная	14.4	18.4	корка-жёлтая-на-скале	0.960	31.4	-1.0	9.0	9.1	маска	C0049_00m18s.png	72	307,921,4,4	14	77,72,62	46.7
1240	65	1.919	рюкзак-синий	12.9	29.4	порода-в-тени	0.397	9.4	-2.0	-1.5	2.5	маска	DJI_20260813183004_0001_Z_01m56s.jpg	43	693,476,6,4	19	22,25,27	70.4
1241	230	1.920	стакан-марка-красная	15.3	5.9	корка-жёлтая-на-скале	0.803	43.9	-2.0	9.0	9.2	маска	DJI_20260813183101_0008_Z.JPG	190	3263,628,6,7	24	107,104,91	79.8
1242	231	1.920	стакан-марка-красная	15.3	5.9	корка-жёлтая-на-скале	0.839	55.7	-2.0	9.0	9.2	маска	DJI_20260813183101_0008_Z.JPG	265	3317,1085,4,2	8	138,135,120	28.1
1243	232	1.921	стакан-марка-красная	15.2	7.1	корка-жёлтая-на-скале	1.116	56.9	-3.0	7.0	7.6	bbox	DJI_20260813183101_0008_Z.JPG	310	1714,13,3,2	6	136,137,123	14.7
1244	233	1.922	палка-ручка-пробка	14.9	13.7	снег-розовый	1.003	89.4	0.0	9.0	9.0	маска	DJI_20260813183101_0008_Z.JPG	212	2198,1035,5,6	19	234,225,211	60.9
1245	234	1.922	стакан-марка-красная	15.3	6.5	корка-жёлтая-на-скале	0.807	43.3	-2.0	9.0	9.2	маска	DJI_20260813183101_0008_Z.JPG	112	627,639,6,14	59	113,111,95	222.9
1246	170	1.923	стакан-марка-красная	10.3	40.0	порода-охристая	1.204	9.8	16.0	10.0	18.9	маска	DJI_20260813183534_0014_Z_00m31s.jpg	51	1793,236,5,9	34	57,24,17	119.3
1247	235	1.925	палка-ручка-пробка	14.9	14.1	снег-розовый	1.009	89.8	0.0	9.0	9.0	маска	DJI_20260813183101_0008_Z.JPG	257	1806,102,3,3	9	226,219,204	32.0
1248	171	1.927	палка-ручка-пробка	15.4	2.5	лишайник-жёлтый-на-камне	1.326	78.2	-7.5	14.0	15.9	bbox	DJI_20260813183534_0014_Z_00m31s.jpg	207	241,195,2,3	6	190,196,167	19.6
1249	172	1.928	палка-ручка-контроль	13.6	25.4	порода-охристая	1.174	32.2	17.0	18.0	24.8	маска	DJI_20260813183534_0014_Z_00m31s.jpg	130	1394,700,4,4	13	109,66,50	44.9
1250	117	1.928	стакан-марка-красная	12.0	33.7	снег-освещённый	0.097	83.5	-1.0	0.0	1.0	маска	C0049_00m18s.png	3	421,945,28,14	271	199,196,201	1063.3
1251	62	1.929	стакан-марка-красная	13.6	25.5	корка-жёлтая-на-скале	1.125	24.3	0.0	9.0	9.0	маска	DJI_20260813183727_0015_Z_03m32s.jpg	48	1005,102,7,5	22	84,79,68	71.1
1252	236	1.929	палка-ручка-пробка	14.9	14.5	снег-розовый	1.015	90.2	0.0	9.0	9.0	маска	DJI_20260813183101_0008_Z.JPG	169	1812,87,5,8	27	223,214,198	109.0
1253	237	1.931	палка-ручка-пробка	14.6	18.0	снег-розовый	1.055	93.7	1.0	9.0	9.1	маска	DJI_20260813183101_0008_Z.JPG	181	2173,1037,6,6	22	246,237,223	88.1
1254	238	1.932	стакан-марка-красная	15.2	9.2	снег-розовый	1.105	59.0	-3.0	7.0	7.6	bbox	DJI_20260813183101_0008_Z.JPG	308	433,1334,2,3	6	142,142,127	14.8
1255	239	1.933	палка-ручка-пробка	14.9	14.9	снег-розовый	1.021	90.6	0.0	9.0	9.0	маска	DJI_20260813183101_0008_Z.JPG	189	1414,1958,4,6	20	227,220,204	80.1
1256	240	1.934	стакан-марка-красная	14.4	19.6	корка-жёлтая-на-скале	0.987	30.2	-1.0	9.0	9.1	маска	DJI_20260813183101_0008_Z.JPG	92	1948,1434,12,12	75	105,102,88	275.5
1257	95	1.934	рюкзак-синий	13.3	27.4	порода-в-тени	0.322	11.4	-2.0	-1.0	2.2	маска	DJI_20260813183004_0001_Z_03m40s.jpg	59	1772,917,6,4	14	29,32,33	42.3
1258	118	1.935	стакан-марка-красная	15.3	9.0	корка-жёлтая-на-скале	0.829	40.8	-2.0	9.0	9.2	маска	C0049_00m18s.png	50	57,687,5,8	20	100,99,86	71.5
1259	63	1.935	стакан-марка-красная	13.9	23.9	порода-в-тени	1.149	25.9	-1.0	8.0	8.1	маска	DJI_20260813183727_0015_Z_03m32s.jpg	73	1371,41,5,2	10	75,73,61	29.1
1260	260	1.936	палка-ручка-пробка	15.2	9.8	снег-розовый	0.993	85.5	-1.0	9.0	9.1	маска	DJI_20260813183140_0012_Z.JPG	126	3763,21,6,8	31	217,210,195	132.4
1261	119	1.937	стакан-марка-красная	12.0	34.1	снег-освещённый	0.111	83.9	-1.0	0.0	1.0	маска	C0049_00m18s.png	114	797,311,4,4	8	206,207,208	25.4
1262	64	1.938	стакан-марка-красная	12.8	30.6	корка-жёлтая-на-скале	1.273	19.2	1.0	9.0	9.1	маска	DJI_20260813183727_0015_Z_03m32s.jpg	77	1585,882,2,3	6	82,77,66	16.5
1263	241	1.939	стакан-марка-красная	15.3	9.6	корка-жёлтая-на-скале	0.836	40.2	-2.0	9.0	9.2	маска	DJI_20260813183101_0008_Z.JPG	46	2252,479,17,18	165	92,88,75	625.3
1264	242	1.941	палка-ручка-пробка	14.8	16.8	снег-розовый	1.239	92.5	-2.0	10.0	10.2	маска	DJI_20260813183101_0008_Z.JPG	80	1231,1061,17,13	96	223,218,200	344.5
1265	243	1.944	стакан-марка-красная	15.5	2.6	корка-жёлтая-на-скале	0.749	52.4	-2.0	9.5	9.7	маска	DJI_20260813183101_0008_Z.JPG	215	1299,1029,7,3	16	148,145,129	59.1
1266	120	1.947	стакан-марка-красная	12.4	33.1	снег-розовый	0.489	82.9	-1.0	4.0	4.1	маска	C0049_00m18s.png	113	77,673,4,4	8	205,202,195	25.6
1267	261	1.948	палка-ручка-пробка	13.9	24.7	корка-жёлтая-на-скале	0.570	51.0	-2.0	11.0	11.2	маска	DJI_20260813183140_0012_Z.JPG	19	3518,731,23,49	484	124,118,96	1851.6
1268	66	1.948	рюкзак-синий	13.3	28.2	порода-в-тени	0.350	10.6	-2.0	-1.0	2.2	маска	DJI_20260813183004_0001_Z_01m56s.jpg	11	703,452,12,12	104	26,29,31	365.1
1269	96	1.948	рюкзак-синий	13.3	28.2	порода-в-тени	0.350	10.6	-2.0	-1.0	2.2	маска	DJI_20260813183004_0001_Z_03m40s.jpg	61	1683,958,4,4	11	28,32,33	41.1
1270	121	1.949	палка-ручка-пробка	14.9	16.5	снег-розовый	1.048	92.2	0.0	9.0	9.0	маска	C0049_00m18s.png	80	179,883,4,3	11	232,224,210	42.7
1271	65	1.951	стакан-марка-красная	13.9	24.9	порода-в-тени	1.143	24.9	-1.0	8.0	8.1	маска	DJI_20260813183727_0015_Z_03m32s.jpg	27	1746,88,13,7	62	86,83,71	199.7
1272	244	1.954	стакан-марка-красная	13.5	27.8	корка-жёлтая-на-скале	1.122	22.0	1.0	10.0	10.0	маска	DJI_20260813183101_0008_Z.JPG	104	2148,1071,16,11	62	129,122,108	239.7
1273	122	1.956	палка-ручка-пробка	15.2	12.5	снег-розовый	1.025	88.2	-1.0	9.0	9.1	маска	C0049_00m18s.png	79	1321,747,4,4	12	206,200,185	43.3
1274	66	1.957	стакан-марка-красная	15.7	0.8	корка-жёлтая-на-скале	0.953	49.0	-3.0	8.0	8.5	маска	DJI_20260813183727_0015_Z_03m32s.jpg	75	1879,141,4,2	8	120,121,107	23.6
1275	245	1.957	стакан-марка-красная	15.3	12.2	корка-жёлтая-на-скале	0.870	37.6	-2.0	9.0	9.2	маска	DJI_20260813183101_0008_Z.JPG	68	703,2089,10,21	102	111,109,94	396.4
1276	246	1.957	стакан-марка-красная	15.7	1.2	корка-жёлтая-на-скале	0.952	48.6	-3.0	8.0	8.5	маска	DJI_20260813183101_0008_Z.JPG	281	2471,785,2,4	8	114,114,101	22.4
1277	67	1.958	стакан-марка-красная	15.3	12.3	корка-жёлтая-на-скале	0.873	37.5	-2.0	9.0	9.2	маска	DJI_20260813183004_0001_Z_01m56s.jpg	48	444,599,5,4	19	91,87,73	65.5
1278	67	1.959	палка-ручка-пробка	15.2	12.9	снег-розовый	1.030	88.6	-1.0	9.0	9.1	маска	DJI_20260813183727_0015_Z_03m32s.jpg	46	1592,874,6,5	20	227,220,203	76.6
1279	262	1.959	стакан-марка-красная	15.7	2.9	корка-жёлтая-на-скале	0.953	46.9	-3.0	8.0	8.5	маска	DJI_20260813183140_0012_Z.JPG	69	11,1291,13,15	90	127,129,113	337.0
1280	68	1.960	палка-ручка-пробка	14.8	18.4	корка-жёлтая-на-скале	0.753	57.3	-2.0	10.0	10.2	маска	DJI_20260813183727_0015_Z_03m32s.jpg	6	641,940,22,15	236	161,157,141	887.7
1281	248	1.960	палка-ручка-пробка	15.6	4.7	корка-жёлтая-на-скале	1.152	71.0	-5.0	11.0	12.1	маска	DJI_20260813183028_0002_Z.JPG	160	811,276,6,6	29	163,164,145	98.8
1282	68	1.961	стакан-марка-красная	14.3	22.3	корка-жёлтая-на-скале	1.153	27.5	-1.5	8.0	8.1	маска	DJI_20260813183004_0001_Z_01m56s.jpg	51	481,199,3,8	23	74,72,60	59.1
1283	249	1.961	стакан-марка-красная	13.9	25.5	порода-в-тени	1.141	24.3	-1.0	8.0	8.1	маска	DJI_20260813183028_0002_Z.JPG	101	1246,823,12,6	53	60,57,46	169.5
1284	69	1.961	стакан-марка-красная	15.0	16.1	корка-жёлтая-на-скале	0.812	33.7	-1.0	10.0	10.0	маска	DJI_20260813183004_0001_Z_01m56s.jpg	34	333,213,8,6	26	102,98,84	91.4
1285	247	1.961	палка-ручка-пробка	15.7	3.7	снег-розовый	1.028	72.0	-2.0	9.0	9.2	маска	DJI_20260813183101_0008_Z.JPG	191	3162,1343,4,9	22	184,182,166	78.7
1286	248	1.963	стакан-марка-красная	15.7	4.3	корка-жёлтая-на-скале	0.956	45.5	-3.0	8.0	8.5	маска	DJI_20260813183101_0008_Z.JPG	179	1504,1232,3,9	25	129,130,114	92.0
1287	70	1.964	стакан-марка-красная	15.7	4.7	корка-жёлтая-на-скале	0.957	45.1	-3.0	8.0	8.5	маска	DJI_20260813183004_0001_Z_01m56s.jpg	76	333,951,3,4	11	125,127,113	29.1
1288	263	1.964	палка-ручка-пробка	14.8	18.8	корка-жёлтая-на-скале	0.747	56.9	-2.0	10.0	10.2	маска	DJI_20260813183140_0012_Z.JPG	18	1257,1261,38,25	476	150,145,129	1858.3
1289	173	1.965	стакан-марка-красная	13.9	25.5	порода-охристая	0.886	24.3	16.0	14.0	21.3	маска	DJI_20260813183534_0014_Z_00m31s.jpg	20	1753,337,8,15	82	82,45,34	292.1
1290	264	1.965	палка-ручка-пробка	15.7	5.1	снег-розовый	1.014	80.8	-2.0	9.0	9.2	маска	DJI_20260813183140_0012_Z.JPG	30	459,193,16,18	236	182,180,163	931.6
1291	250	1.967	стакан-марка-красная	15.3	13.3	корка-жёлтая-на-скале	0.962	63.1	-2.0	9.0	9.2	маска	DJI_20260813183028_0002_Z.JPG	292	713,1991,3,4	10	149,145,130	31.8
1292	71	1.969	стакан-марка-красная	14.3	22.9	порода-в-тени	1.150	26.9	-1.5	8.0	8.1	маска	DJI_20260813183004_0001_Z_01m56s.jpg	31	1878,303,10,5	30	93,91,79	106.6
1293	97	1.970	палка-ручка-пробка	15.3	13.7	снег-розовый	1.252	89.4	-3.0	10.0	10.4	маска	DJI_20260813183004_0001_Z_03m40s.jpg	16	836,0,13,6	65	216,214,197	229.3
1294	249	1.972	рюкзак-синий	12.4	34.3	порода-в-тени	0.581	4.5	-2.0	-2.0	2.8	маска	DJI_20260813183101_0008_Z.JPG	262	2032,365,3,3	8	12,15,18	30.5
1295	123	1.973	стакан-марка-красная	15.7	7.1	корка-жёлтая-на-скале	0.969	42.7	-3.0	8.0	8.5	маска	C0049_00m18s.png	59	243,754,6,3	15	94,95,83	58.1
1296	174	1.973	стакан-марка-красная	7.3	49.0	порода-в-тени	1.026	0.8	4.0	-1.0	4.1	маска	DJI_20260813183534_0014_Z_00m31s.jpg	70	132,721,5,6	24	11,0,4	88.7
1297	124	1.974	стакан-марка-красная	13.0	31.2	снег-освещённый	0.125	81.0	-2.0	0.0	2.0	bbox	C0049_00m18s.png	122	811,0,3,2	6	196,201,200	22.4
1298	265	1.974	палка-ручка-пробка	13.9	26.3	корка-жёлтая-на-скале	0.562	49.4	-2.0	11.0	11.2	маска	DJI_20260813183140_0012_Z.JPG	8	1120,1281,42,42	792	139,137,119	3198.0
1299	125	1.975	стакан-марка-красная	15.7	7.4	корка-жёлтая-на-скале	0.972	42.4	-3.0	8.0	8.5	маска	C0049_00m18s.png	40	305,300,12,3	26	95,94,81	86.9
1300	69	1.975	палка-ручка-пробка	15.7	7.5	снег-розовый	1.062	68.2	-2.0	9.0	9.2	маска	DJI_20260813183727_0015_Z_03m32s.jpg	53	693,1057,4,4	15	155,154,138	53.5
1301	250	1.975	стакан-марка-красная	13.5	29.0	корка-жёлтая-на-скале	1.156	20.8	1.0	10.0	10.0	маска	DJI_20260813183101_0008_Z.JPG	107	898,1189,9,11	62	99,92,77	234.7
1302	266	1.976	палка-ручка-пробка	15.8	0.4	лишайник-жёлтый-на-камне	1.204	75.3	-4.0	10.0	10.8	маска	DJI_20260813183140_0012_Z.JPG	36	1486,1299,19,19	194	164,165,146	763.5
1303	251	1.977	стакан-марка-красная	15.8	1.2	корка-жёлтая-на-скале	0.674	48.6	-2.0	10.0	10.2	маска	DJI_20260813183101_0008_Z.JPG	12	1057,1230,39,23	527	117,114,99	1997.6
1304	72	1.978	рюкзак-синий	13.3	29.8	порода-в-тени	0.406	9.0	-2.0	-1.0	2.2	маска	DJI_20260813183004_0001_Z_01m56s.jpg	20	693,453,6,17	51	24,26,28	178.8
1305	252	1.978	рюкзак-синий	13.3	29.8	порода-в-тени	0.406	9.0	-2.0	-1.0	2.2	маска	DJI_20260813183101_0008_Z.JPG	267	2127,215,2,4	8	22,25,28	27.7
1306	253	1.979	стакан-марка-красная	15.8	2.7	корка-жёлтая-на-скале	0.674	47.1	-2.0	10.0	10.2	маска	DJI_20260813183101_0008_Z.JPG	57	968,184,22,11	131	149,145,127	487.9
1307	70	1.979	стакан-марка-красная	15.8	2.7	корка-жёлтая-на-скале	0.694	52.5	-2.0	10.0	10.2	маска	DJI_20260813183727_0015_Z_03m32s.jpg	9	1698,991,25,18	211	127,121,105	770.7
1308	126	1.981	стакан-марка-красная	12.0	36.1	снег-освещённый	0.182	85.9	-1.0	0.0	1.0	маска	C0049_00m18s.png	60	907,155,4,5	16	213,215,215	58.0
1309	254	1.981	стакан-марка-красная	14.8	20.2	корка-жёлтая-на-скале	1.118	29.6	-2.0	8.0	8.2	маска	DJI_20260813183101_0008_Z.JPG	287	288,1190,3,3	8	77,74,63	20.7
1310	73	1.983	палка-ручка-пробка	14.9	19.4	снег-розовый	1.104	95.1	0.0	9.0	9.0	маска	DJI_20260813183004_0001_Z_01m56s.jpg	36	722,924,5,7	23	247,238,221	88.3
1311	74	1.984	стакан-марка-красная	15.8	4.7	корка-жёлтая-на-скале	0.680	45.1	-2.0	10.0	10.2	маска	DJI_20260813183004_0001_Z_01m56s.jpg	16	469,609,16,5	68	111,106,90	247.6
1312	255	1.984	палка-ручка-пробка	14.8	20.4	корка-жёлтая-на-скале	0.724	55.3	-2.0	10.0	10.2	маска	DJI_20260813183101_0008_Z.JPG	61	919,1553,13,15	124	183,179,163	449.4
1313	256	1.985	стакан-марка-красная	15.7	9.4	корка-жёлтая-на-скале	0.988	40.4	-3.0	8.0	8.5	маска	DJI_20260813183101_0008_Z.JPG	216	431,1959,4,7	18	106,107,93	59.1
1314	75	1.987	стакан-марка-красная	13.9	27.1	порода-в-тени	1.135	22.7	-1.0	8.0	8.1	маска	DJI_20260813183004_0001_Z_01m56s.jpg	87	1892,311,3,2	6	56,53,42	19.6
1315	257	1.989	стакан-марка-красная	14.8	20.8	корка-жёлтая-на-скале	1.130	29.0	-2.0	8.0	8.2	маска	DJI_20260813183101_0008_Z.JPG	102	1262,1410,16,10	77	67,64,54	242.8
1316	76	1.991	палка-ручка-пробка	14.9	20.0	снег-розовый	1.116	95.7	0.0	9.0	9.0	маска	DJI_20260813183004_0001_Z_01m56s.jpg	55	1282,1039,7,4	15	246,238,222	51.0
1317	175	1.992	стакан-марка-красная	15.2	16.7	корка-жёлтая-на-скале	1.067	33.1	-2.5	8.0	8.4	маска	DJI_20260813183534_0014_Z_00m31s.jpg	139	1429,889,3,4	11	79,77,64	41.0
1318	251	1.993	стакан-марка-красная	15.7	10.6	корка-жёлтая-на-скале	1.053	60.4	-3.0	8.0	8.5	маска	DJI_20260813183028_0002_Z.JPG	301	988,1574,3,4	10	143,144,129	29.9
1319	258	1.993	рюкзак-синий	13.3	30.6	порода-в-тени	0.434	8.2	-2.0	-1.0	2.2	маска	DJI_20260813183101_0008_Z.JPG	243	2129,221,2,6	12	22,24,25	39.2
1320	176	1.998	стакан-марка-красная	14.9	20.6	порода-охристая	0.865	29.2	16.0	15.0	21.9	маска	DJI_20260813183534_0014_Z_00m31s.jpg	23	1742,193,11,16	76	96,57,44	268.1
1321	98	2.003	рюкзак-синий	12.4	35.7	порода-в-тени	0.629	3.1	-2.0	-2.0	2.8	маска	DJI_20260813183004_0001_Z_03m40s.jpg	62	1489,97,2,6	12	5,10,14	40.2
1322	127	2.005	стакан-марка-красная	15.8	9.4	корка-жёлтая-на-скале	0.723	40.4	-2.0	10.0	10.2	маска	C0049_00m18s.png	18	1809,697,23,8	55	101,97,89	147.5
1323	177	2.005	стакан-марка-красная	15.3	17.3	корка-жёлтая-на-скале	0.960	32.5	-2.0	9.0	9.2	маска	DJI_20260813183534_0014_Z_00m31s.jpg	68	1436,976,7,6	24	86,83,69	93.1
1324	71	2.008	стакан-марка-красная	13.9	28.2	порода-в-тени	1.133	21.6	-1.0	8.0	8.1	маска	DJI_20260813183727_0015_Z_03m32s.jpg	55	184,1032,6,5	18	116,114,102	52.6
1325	259	2.008	палка-ручка-пробка	15.5	14.5	снег-розовый	0.883	90.2	1.0	8.0	8.1	маска	DJI_20260813183101_0008_Z.JPG	99	3071,551,15,12	66	232,224,212	248.4
1326	72	2.012	рюкзак-синий	12.4	36.1	порода-в-тени	0.643	2.7	-2.0	-2.0	2.8	маска	DJI_20260813183727_0015_Z_03m32s.jpg	71	799,770,4,2	8	4,8,11	30.0
1327	77	2.014	стакан-марка-красная	15.7	13.3	корка-жёлтая-на-скале	1.034	36.5	-3.0	8.0	8.5	маска	DJI_20260813183004_0001_Z_01m56s.jpg	67	381,739,3,4	12	112,112,99	36.7
1328	178	2.016	палка-ручка-пробка	16.1	1.2	лишайник-жёлтый-на-камне	1.434	74.5	-9.0	15.0	17.5	маска	DJI_20260813183534_0014_Z_00m31s.jpg	34	261,735,12,9	50	124,120,105	192.2
1329	252	2.019	стакан-марка-красная	14.2	26.9	корка-жёлтая-на-скале	1.086	22.9	0.0	10.0	10.0	маска	DJI_20260813183028_0002_Z.JPG	237	984,1015,7,3	13	67,61,46	50.9
1330	253	2.021	стакан-марка-красная	10.0	44.3	снег-освещённый	0.537	94.1	1.0	0.0	1.0	маска	DJI_20260813183028_0002_Z.JPG	325	3368,952,3,3	8	237,235,236	23.8
1331	179	2.026	стакан-марка-красная	11.7	39.4	порода-охристая	1.250	10.4	17.0	11.0	20.2	маска	DJI_20260813183534_0014_Z_00m31s.jpg	111	1762,221,5,4	17	56,23,15	53.1
1332	254	2.028	стакан-марка-красная	14.8	23.5	снег-розовый	0.914	73.3	-2.0	8.0	8.2	маска	DJI_20260813183028_0002_Z.JPG	263	1475,1182,4,5	13	200,198,185	42.3
1333	99	2.032	рюкзак-синий	13.3	32.5	порода-в-тени	0.504	6.3	-2.0	-1.0	2.2	маска	DJI_20260813183004_0001_Z_03m40s.jpg	96	1618,738,3,2	6	12,16,17	19.5
1334	260	2.035	стакан-марка-красная	16.1	7.8	корка-жёлтая-на-скале	0.864	42.0	-3.0	9.0	9.5	маска	DJI_20260813183101_0008_Z.JPG	218	433,213,3,6	16	121,121,106	57.7
1335	261	2.036	палка-ручка-пробка	15.8	13.7	снег-розовый	1.319	89.4	-4.0	10.0	10.8	маска	DJI_20260813183101_0008_Z.JPG	21	423,2014,18,31	298	185,184,167	1118.6
1336	128	2.037	стакан-марка-красная	12.0	38.4	снег-освещённый	0.365	88.2	-1.0	2.0	2.2	маска	C0049_00m18s.png	44	1847,555,4,6	22	213,213,207	81.4
1337	267	2.037	стакан-марка-красная	14.3	27.3	снег-розовый	0.801	77.1	-2.0	7.0	7.3	bbox	DJI_20260813183140_0012_Z.JPG	296	1214,1327,3,2	6	193,190,177	15.1
1338	262	2.038	палка-ручка-пробка	15.8	13.9	снег-розовый	1.322	89.6	-4.0	10.0	10.8	маска	DJI_20260813183101_0008_Z.JPG	120	87,138,14,8	54	193,194,176	193.8
1339	263	2.038	палка-ручка-пробка	15.8	13.9	снег-розовый	0.899	89.6	0.0	8.0	8.0	маска	DJI_20260813183101_0008_Z.JPG	149	1179,1317,16,7	42	223,218,205	134.2
1340	264	2.039	стакан-марка-красная	15.7	16.1	корка-жёлтая-на-скале	1.077	33.7	-3.0	8.0	8.5	маска	DJI_20260813183101_0008_Z.JPG	109	258,583,6,12	58	92,92,77	228.5
1341	255	2.039	стакан-марка-красная	10.7	43.1	снег-освещённый	0.489	92.9	0.5	-1.0	1.1	bbox	DJI_20260813183028_0002_Z.JPG	364	2624,414,2,3	6	233,232,234	16.3
1342	265	2.040	палка-ручка-пробка	15.8	14.1	снег-розовый	1.324	89.8	-4.0	10.0	10.8	маска	DJI_20260813183101_0008_Z.JPG	163	880,1112,7,7	33	221,222,203	116.4
1343	266	2.048	палка-ручка-пробка	15.3	20.8	корка-жёлтая-на-скале	0.772	54.9	-3.0	10.0	10.4	маска	DJI_20260813183101_0008_Z.JPG	210	873,1109,5,4	17	139,138,119	63.1
1344	256	2.048	стакан-марка-красная	16.1	10.2	корка-жёлтая-на-скале	0.945	60.0	-3.0	9.0	9.5	маска	DJI_20260813183028_0002_Z.JPG	20	444,66,25,31	254	121,118,106	903.3
1345	73	2.048	рюкзак-синий	12.4	37.6	порода-в-тени	0.698	1.2	-2.0	-2.0	2.8	маска	DJI_20260813183727_0015_Z_03m32s.jpg	67	808,763,3,6	11	0,3,6	35.1
1346	129	2.049	стакан-марка-красная	13.4	32.9	снег-розовый	0.752	82.7	-1.0	7.0	7.1	bbox	C0049_00m18s.png	124	936,1045,3,2	6	208,204,190	22.0
1347	78	2.054	палка-ручка-пробка	15.2	21.6	снег-розовый	1.183	97.3	-1.0	9.0	9.1	маска	DJI_20260813183004_0001_Z_01m56s.jpg	42	926,941,7,6	20	246,242,225	73.4
1348	130	2.056	стакан-марка-красная	16.1	11.4	корка-жёлтая-на-скале	0.903	38.4	-3.0	9.0	9.5	маска	C0049_00m18s.png	27	385,985,15,4	37	92,92,79	136.0
1349	180	2.058	стакан-марка-красная	12.4	38.0	порода-в-тени	0.708	11.8	-1.0	4.0	4.1	маска	DJI_20260813183534_0014_Z_00m31s.jpg	148	405,553,4,3	9	39,40,34	37.5
1350	268	2.060	палка-ручка-пробка	15.3	21.8	корка-жёлтая-на-скале	0.761	53.9	-3.0	10.0	10.4	маска	DJI_20260813183140_0012_Z.JPG	13	738,964,28,27	501	144,144,127	2174.3
1351	79	2.063	стакан-марка-красная	15.3	22.0	корка-жёлтая-на-скале	1.064	27.8	-2.0	9.0	9.2	маска	DJI_20260813183004_0001_Z_01m56s.jpg	64	1848,65,3,6	15	64,63,53	40.5
1352	181	2.064	стакан-марка-красная	12.5	37.6	порода-охристая	1.207	12.2	17.0	12.0	20.8	маска	DJI_20260813183534_0014_Z_00m31s.jpg	78	1433,702,8,3	24	59,25,15	84.6
1353	269	2.064	стакан-марка-красная	15.7	18.4	корка-жёлтая-на-скале	1.118	31.4	-3.0	8.0	8.5	маска	DJI_20260813183140_0012_Z.JPG	157	881,773,6,6	28	85,86,73	86.7
1354	257	2.065	палка-ручка-пробка	16.4	6.9	корка-жёлтая-на-скале	1.160	68.8	-5.0	10.0	11.2	маска	DJI_20260813183028_0002_Z.JPG	81	209,5,6,12	63	164,167,148	235.5
1355	270	2.065	стакан-марка-красная	10.2	45.5	снег-розовый	0.656	95.3	1.0	3.0	3.2	маска	DJI_20260813183140_0012_Z.JPG	120	3434,0,9,6	41	240,235,228	152.4
1356	267	2.068	палка-ручка-пробка	16.1	12.9	снег-розовый	1.145	88.6	-3.0	9.0	9.5	маска	DJI_20260813183101_0008_Z.JPG	54	1138,1327,22,14	137	186,185,169	500.2
1357	258	2.069	стакан-марка-красная	14.4	28.4	корка-жёлтая-на-скале	1.212	21.4	-1.0	9.0	9.1	маска	DJI_20260813183028_0002_Z.JPG	144	1101,367,8,10	28	68,64,50	107.9
1358	268	2.069	стакан-марка-красная	16.6	0.8	корка-жёлтая-на-скале	1.013	50.6	-4.0	8.0	8.9	маска	DJI_20260813183101_0008_Z.JPG	242	927,1301,5,6	13	127,131,117	39.5
1359	271	2.070	палка-ручка-пробка	16.6	1.4	снег-розовый	0.902	77.1	-2.0	8.0	8.2	маска	DJI_20260813183140_0012_Z.JPG	239	1205,1332,4,4	11	192,190,176	30.9
1360	74	2.070	палка-ручка-пробка	16.1	13.5	снег-розовый	1.040	89.2	-2.0	8.5	8.7	маска	DJI_20260813183727_0015_Z_03m32s.jpg	61	1713,49,4,3	11	205,202,186	43.8
1361	269	2.070	стакан-марка-красная	15.8	17.3	корка-жёлтая-на-скале	0.866	32.5	-2.0	10.0	10.2	маска	DJI_20260813183101_0008_Z.JPG	76	2043,120,15,12	90	105,102,87	353.4
1362	182	2.070	стакан-марка-красная	14.8	26.3	порода-в-тени	1.131	23.5	-2.0	8.0	8.2	маска	DJI_20260813183534_0014_Z_00m31s.jpg	181	1271,1045,2,3	6	59,58,46	23.6
1363	270	2.071	палка-ручка-пробка	16.1	13.3	снег-розовый	1.150	89.0	-3.0	9.0	9.5	маска	DJI_20260813183101_0008_Z.JPG	139	2860,1529,9,11	48	199,199,181	158.5
1364	272	2.071	палка-ручка-пробка	16.6	2.7	снег-розовый	0.902	78.4	-2.0	8.0	8.2	маска	DJI_20260813183140_0012_Z.JPG	122	1178,1350,11,5	41	195,193,178	142.7
1365	271	2.073	палка-ручка-пробка	15.7	19.2	снег-розовый	1.182	94.9	-2.0	9.0	9.2	маска	DJI_20260813183101_0008_Z.JPG	196	453,1992,8,7	20	245,243,229	73.0
1366	183	2.074	палка-ручка-пробка	16.1	13.7	лишайник-жёлтый-на-камне	1.638	89.4	-9.0	15.0	17.5	маска	DJI_20260813183534_0014_Z_00m31s.jpg	74	442,325,7,4	24	206,216,191	86.3
1367	273	2.075	палка-ручка-пробка	16.6	4.3	снег-розовый	0.905	80.0	-2.0	8.0	8.2	маска	DJI_20260813183140_0012_Z.JPG	285	3495,77,2,4	8	203,198,185	20.8
1368	184	2.079	палка-древко-контроль	16.0	15.5	снег-освещённый	1.317	57.1	-9.0	1.0	9.1	маска	DJI_20260813183534_0014_Z_00m31s.jpg	60	342,418,11,9	35	121,140,133	107.1
1369	131	2.080	стакан-марка-красная	12.0	40.2	снег-освещённый	0.329	90.0	-1.0	0.0	1.0	маска	C0049_00m18s.png	29	1290,548,7,7	39	213,215,216	131.3
1370	272	2.081	палка-ручка-пробка	16.1	14.5	снег-розовый	1.166	90.2	-3.0	9.0	9.5	маска	DJI_20260813183101_0008_Z.JPG	220	901,998,6,3	17	225,225,210	54.6
1371	273	2.081	стакан-марка-красная	16.6	6.3	корка-жёлтая-на-скале	1.019	43.5	-4.0	8.0	8.9	маска	DJI_20260813183101_0008_Z.JPG	94	1193,1419,11,13	74	111,113,98	271.4
1372	75	2.082	рюкзак-синий	13.3	34.9	порода-в-тени	0.589	3.9	-2.0	-1.0	2.2	маска	DJI_20260813183727_0015_Z_03m32s.jpg	64	873,722,4,3	10	15,21,21	38.9
1373	185	2.083	стакан-марка-красная	13.0	36.5	порода-охристая	1.120	13.3	16.0	13.0	20.6	маска	DJI_20260813183534_0014_Z_00m31s.jpg	202	1801,196,3,3	8	69,36,26	20.1
1374	274	2.085	стакан-марка-красная	11.0	43.7	снег-освещённый	0.534	93.5	0.0	2.0	2.0	bbox	DJI_20260813183140_0012_Z.JPG	288	3527,44,2,3	6	237,236,232	20.4
1375	275	2.086	стакан-марка-красная	16.6	7.5	корка-жёлтая-на-скале	1.063	57.3	-4.0	8.0	8.9	маска	DJI_20260813183140_0012_Z.JPG	130	1825,1543,10,6	39	133,136,121	120.2
1376	132	2.087	стакан-марка-красная	12.2	40.0	снег-освещённый	0.345	89.8	-1.0	-1.0	1.4	маска	C0049_00m18s.png	28	1583,477,10,4	36	206,210,210	133.6
1377	276	2.087	стакан-марка-красная	10.2	46.3	снег-розовый	0.683	96.1	1.0	3.0	3.2	маска	DJI_20260813183140_0012_Z.JPG	53	3288,250,11,15	118	242,237,231	460.3
1378	80	2.088	палка-ручка-пробка	15.7	20.4	снег-розовый	1.205	96.1	-2.0	9.0	9.2	маска	DJI_20260813183004_0001_Z_01m56s.jpg	23	943,941,5,12	41	245,240,223	155.5
1379	259	2.091	стакан-марка-красная	11.0	44.1	снег-освещённый	0.501	93.9	0.0	1.0	1.0	bbox	DJI_20260813183028_0002_Z.JPG	356	2699,452,2,3	6	237,237,235	17.6
1380	186	2.092	стакан-марка-красная	12.5	38.8	порода-охристая	1.240	11.0	17.0	12.0	20.8	маска	DJI_20260813183534_0014_Z_00m31s.jpg	195	333,1009,4,2	8	61,29,21	20.9
1381	81	2.093	стакан-марка-красная	15.7	20.8	корка-жёлтая-на-скале	1.165	29.0	-3.0	8.0	8.5	маска	DJI_20260813183004_0001_Z_01m56s.jpg	70	1895,247,5,5	12	94,93,80	32.7
1382	260	2.094	палка-ручка-пробка	16.7	4.1	корка-жёлтая-на-скале	1.348	71.6	-8.0	12.5	14.8	маска	DJI_20260813183028_0002_Z.JPG	183	1165,324,5,7	25	167,173,155	81.2
1383	274	2.096	палка-ручка-пробка	16.1	16.1	снег-розовый	1.188	91.8	-3.0	9.0	9.5	маска	DJI_20260813183101_0008_Z.JPG	230	994,1354,5,4	14	234,234,219	45.8
1384	133	2.096	стакан-марка-красная	12.4	39.6	снег-освещённый	0.396	89.4	-1.0	-2.0	2.2	маска	C0049_00m18s.png	107	939,61,4,2	8	215,220,224	27.1
1385	275	2.096	стакан-марка-красная	16.1	16.1	корка-жёлтая-на-скале	0.978	33.7	-3.0	9.0	9.5	маска	DJI_20260813183101_0008_Z.JPG	117	1728,628,12,9	55	126,127,111	207.8
1386	261	2.097	стакан-марка-красная	11.0	44.3	снег-освещённый	0.507	94.1	0.0	1.0	1.0	маска	DJI_20260813183028_0002_Z.JPG	255	2991,962,7,2	14	237,236,235	45.1
1387	76	2.098	рюкзак-синий	13.3	35.7	порода-в-тени	0.617	3.1	-2.0	-1.0	2.2	маска	DJI_20260813183727_0015_Z_03m32s.jpg	51	864,717,4,8	17	11,16,17	62.7
1388	276	2.100	стакан-марка-красная	16.2	15.3	корка-жёлтая-на-скале	0.845	34.5	-2.5	10.0	10.3	маска	DJI_20260813183101_0008_Z.JPG	93	1141,1353,10,12	71	112,110,94	275.0
1389	277	2.101	рюкзак-синий	13.5	34.9	порода-в-тени	0.642	3.9	0.0	-0.5	0.5	bbox	DJI_20260813183101_0008_Z.JPG	289	1957,301,2,3	6	13,14,14	20.4
1390	262	2.102	стакан-марка-красная	11.0	44.5	снег-освещённый	0.514	94.3	0.0	1.0	1.0	маска	DJI_20260813183028_0002_Z.JPG	310	2124,595,4,3	8	237,237,235	27.7
1391	134	2.103	стакан-марка-красная	12.6	38.8	снег-розовый	0.661	88.6	-1.0	5.0	5.1	маска	C0049_00m18s.png	36	1749,577,4,8	26	204,202,193	100.6
1392	278	2.103	стакан-марка-красная	16.6	10.6	корка-жёлтая-на-скале	1.053	39.2	-4.0	8.0	8.9	маска	DJI_20260813183101_0008_Z.JPG	171	8,1064,5,8	27	111,114,98	101.7
1393	100	2.103	палка-ручка-пробка	16.1	16.8	снег-розовый	1.201	92.5	-3.0	9.0	9.5	маска	DJI_20260813183004_0001_Z_03m40s.jpg	50	507,292,6,4	20	232,233,217	64.1
1394	277	2.103	палка-ручка-пробка	16.1	16.8	снег-розовый	1.201	92.5	-3.0	9.0	9.5	маска	DJI_20260813183140_0012_Z.JPG	74	1134,97,10,12	67	236,234,219	310.1
1395	278	2.107	стакан-марка-красная	11.0	44.7	снег-освещённый	0.521	94.5	0.0	1.0	1.0	маска	DJI_20260813183140_0012_Z.JPG	220	1145,114,4,3	11	234,233,231	38.6
1396	263	2.110	стакан-марка-красная	14.8	28.6	порода-в-тени	1.125	21.2	-2.0	8.0	8.2	маска	DJI_20260813183028_0002_Z.JPG	327	1130,1873,2,3	6	59,60,46	23.6
1397	264	2.111	стакан-марка-красная	11.0	44.7	снег-освещённый	0.505	94.5	0.0	0.0	0.0	маска	DJI_20260813183028_0002_Z.JPG	111	2702,434,9,14	50	237,236,235	153.3
1398	279	2.111	стакан-марка-красная	11.0	44.7	снег-освещённый	0.564	94.5	0.0	2.0	2.0	маска	DJI_20260813183140_0012_Z.JPG	56	3535,9,13,14	113	239,238,234	440.7
1399	265	2.111	стакан-марка-красная	11.2	44.3	снег-освещённый	0.507	94.1	0.0	-1.0	1.0	маска	DJI_20260813183028_0002_Z.JPG	339	2053,1037,3,3	7	236,237,239	21.2
1400	280	2.111	стакан-марка-красная	11.2	44.3	снег-освещённый	0.618	94.1	0.0	3.0	3.0	маска	DJI_20260813183140_0012_Z.JPG	225	3438,191,3,4	10	239,236,231	35.1
1401	266	2.113	стакан-марка-красная	11.0	44.9	снег-освещённый	0.527	94.7	0.0	1.0	1.0	маска	DJI_20260813183028_0002_Z.JPG	262	3000,956,8,4	15	237,237,235	42.7
1402	281	2.113	стакан-марка-красная	11.0	44.9	снег-освещённый	0.527	94.7	0.0	1.0	1.0	маска	DJI_20260813183140_0012_Z.JPG	144	677,475,8,6	28	233,233,231	104.9
1403	101	2.113	палка-ручка-пробка	16.6	11.9	снег-розовый	0.970	87.6	-2.0	8.0	8.2	bbox	DJI_20260813183004_0001_Z_03m40s.jpg	101	126,306,3,2	6	223,220,206	18.9
1404	135	2.115	стакан-марка-красная	12.4	40.4	снег-пересвеченный	0.396	90.2	-1.0	-2.0	2.2	маска	C0049_00m18s.png	43	810,145,7,5	23	216,223,227	83.5
1405	279	2.117	палка-ручка-пробка	16.6	12.5	снег-розовый	0.978	88.2	-2.0	8.0	8.2	маска	DJI_20260813183101_0008_Z.JPG	271	528,439,2,4	8	222,220,205	26.1
1406	267	2.118	стакан-марка-красная	11.0	45.1	снег-освещённый	0.534	94.9	0.0	1.0	1.0	маска	DJI_20260813183028_0002_Z.JPG	323	1026,1201,3,3	8	237,237,235	24.0
1407	282	2.118	стакан-марка-красная	11.0	45.1	снег-освещённый	0.534	94.9	0.0	1.0	1.0	маска	DJI_20260813183140_0012_Z.JPG	230	1149,109,3,4	10	235,235,234	34.2
1408	102	2.122	стакан-марка-красная	13.0	38.0	порода-в-тени	1.193	11.8	0.0	8.0	8.0	маска	DJI_20260813183004_0001_Z_03m40s.jpg	72	527,209,2,4	8	37,32,21	33.1
1409	268	2.122	стакан-марка-красная	11.2	44.7	снег-освещённый	0.521	94.5	0.0	-1.0	1.0	bbox	DJI_20260813183028_0002_Z.JPG	351	982,1330,3,2	6	237,238,239	18.7
1410	283	2.122	стакан-марка-красная	11.2	44.7	снег-освещённый	0.521	94.5	0.0	-1.0	1.0	маска	DJI_20260813183140_0012_Z.JPG	186	3114,1983,3,5	13	238,237,239	57.5
1411	284	2.126	стакан-марка-красная	17.0	2.0	корка-жёлтая-на-скале	0.912	51.8	-4.0	9.0	9.8	маска	DJI_20260813183140_0012_Z.JPG	10	1340,1345,34,34	760	109,110,95	2895.0
1412	280	2.127	стакан-марка-красная	11.0	45.3	порода-в-тени	0.633	4.5	0.0	0.0	0.0	bbox	DJI_20260813183101_0008_Z.JPG	285	2061,359,3,2	6	14,15,15	21.0
1413	281	2.127	стакан-марка-красная	11.0	45.3	порода-в-тени	0.633	4.5	0.0	0.0	0.0	bbox	DJI_20260813183101_0008_Z.JPG	288	2147,254,2,3	6	14,15,16	20.6
1414	282	2.127	стакан-марка-красная	17.0	2.3	корка-жёлтая-на-скале	0.901	47.5	-4.0	9.0	9.8	маска	DJI_20260813183101_0008_Z.JPG	79	242,1382,13,19	93	163,166,147	345.6
1415	285	2.127	стакан-марка-красная	17.0	2.4	корка-жёлтая-на-скале	0.915	52.2	-4.0	9.0	9.8	маска	DJI_20260813183140_0012_Z.JPG	46	396,1095,18,24	157	134,136,120	602.8
1416	283	2.130	стакан-марка-красная	17.0	3.9	корка-жёлтая-на-скале	0.926	53.7	-4.0	9.0	9.8	маска	DJI_20260813183101_0008_Z.JPG	95	82,149,11,10	74	174,176,158	267.8
1417	286	2.133	стакан-марка-красная	11.2	45.1	снег-освещённый	0.640	94.9	0.0	3.0	3.0	маска	DJI_20260813183140_0012_Z.JPG	146	3509,33,8,6	27	241,240,234	102.8
1418	287	2.133	стакан-марка-красная	11.2	45.1	снег-освещённый	0.534	94.9	0.0	-1.0	1.0	маска	DJI_20260813183140_0012_Z.JPG	173	706,490,6,3	15	238,237,240	68.2
1419	136	2.134	стакан-марка-красная	12.4	41.2	снег-пересвеченный	0.396	91.0	-1.0	-2.0	2.2	маска	C0049_00m18s.png	48	873,67,6,5	21	220,224,228	76.0
1420	187	2.134	стакан-марка-красная	14.8	30.0	порода-в-тени	1.125	19.8	-2.0	8.0	8.2	маска	DJI_20260813183534_0014_Z_00m31s.jpg	164	1278,1059,3,3	8	50,48,37	31.6
1421	284	2.134	палка-ручка-пробка	16.6	13.3	снег-освещённый	1.222	89.0	-4.0	9.0	9.8	маска	DJI_20260813183101_0008_Z.JPG	260	292,1967,3,4	9	215,219,201	31.5
1422	188	2.135	стакан-марка-красная	15.2	27.1	порода-охристая	1.061	22.7	17.0	15.0	22.7	маска	DJI_20260813183534_0014_Z_00m31s.jpg	119	175,609,2,7	14	78,41,29	49.3
1423	285	2.136	стакан-марка-красная	16.6	14.9	корка-жёлтая-на-скале	1.108	34.9	-4.0	8.0	8.9	маска	DJI_20260813183101_0008_Z.JPG	270	2983,1919,4,4	10	97,101,88	26.3
1424	269	2.138	палка-ручка-пробка	16.5	15.7	корка-жёлтая-на-скале	0.989	60.0	-4.5	9.5	10.5	маска	DJI_20260813183028_0002_Z.JPG	308	917,2123,2,4	8	132,136,118	28.1
1425	288	2.139	стакан-марка-красная	11.0	45.9	снег-освещённый	0.560	95.7	0.0	1.0	1.0	маска	DJI_20260813183140_0012_Z.JPG	204	2892,1413,5,3	13	238,238,236	45.7
1426	189	2.140	стакан-марка-красная	13.5	36.7	порода-в-тени	0.460	13.1	-2.5	2.0	3.2	маска	DJI_20260813183534_0014_Z_00m31s.jpg	154	1238,692,4,3	10	46,49,45	35.7
1427	286	2.140	палка-ручка-пробка	16.6	15.3	снег-розовый	1.020	91.0	-2.0	8.0	8.2	маска	DJI_20260813183101_0008_Z.JPG	300	1325,1135,4,4	8	233,229,216	18.5
1428	77	2.141	стакан-марка-красная	14.8	30.4	порода-в-тени	1.126	19.4	-2.0	8.0	8.2	маска	DJI_20260813183727_0015_Z_03m32s.jpg	50	306,978,3,7	21	47,45,34	65.0
1429	190	2.141	палка-ручка-контроль	15.9	21.9	корка-жёлтая-на-скале	0.721	35.7	-4.5	14.0	14.7	маска	DJI_20260813183534_0014_Z_00m31s.jpg	86	456,304,8,5	20	157,161,138	73.8
1430	270	2.142	палка-ручка-пробка	17.0	6.7	корка-жёлтая-на-скале	1.310	69.0	-8.0	12.0	14.4	маска	DJI_20260813183028_0002_Z.JPG	38	437,551,22,22	145	168,175,161	549.6
1431	103	2.143	палка-ручка-пробка	16.1	20.4	снег-розовый	1.262	96.1	-3.0	9.0	9.5	маска	DJI_20260813183004_0001_Z_03m40s.jpg	11	47,11,26,11	95	228,229,216	294.5
1432	191	2.143	крышка-контроль	17.0	8.6	порода-в-тени	1.563	51.0	-10.0	3.0	10.4	маска	DJI_20260813183534_0014_Z_00m31s.jpg	94	318,441,3,8	20	105,123,115	68.0
1433	137	2.148	стакан-марка-красная	12.4	41.8	снег-пересвеченный	0.397	91.6	-1.0	-2.0	2.2	маска	C0049_00m18s.png	105	1507,301,4,2	8	223,227,230	27.6
1434	192	2.149	стакан-марка-красная	14.1	34.5	порода-в-тени	0.774	15.3	-2.5	5.0	5.6	маска	DJI_20260813183534_0014_Z_00m31s.jpg	175	1202,685,3,3	8	38,38,30	28.5
1435	289	2.151	стакан-марка-красная	11.4	45.1	снег-розовый	0.712	94.9	0.0	4.0	4.0	маска	DJI_20260813183140_0012_Z.JPG	124	3726,65,6,8	36	240,237,230	137.0
1436	290	2.151	стакан-марка-красная	11.4	45.1	снег-розовый	0.712	94.9	0.0	4.0	4.0	маска	DJI_20260813183140_0012_Z.JPG	222	3426,243,4,3	10	240,237,230	36.4
1437	291	2.151	палка-ручка-пробка	16.6	15.3	корка-жёлтая-на-скале	1.007	60.4	-4.0	9.0	9.8	маска	DJI_20260813183140_0012_Z.JPG	172	1205,133,7,6	18	157,160,143	69.6
1438	193	2.151	стакан-марка-красная	16.6	16.5	корка-жёлтая-на-скале	1.133	33.3	-4.0	8.0	8.9	маска	DJI_20260813183534_0014_Z_00m31s.jpg	155	1295,1059,5,2	10	75,76,63	34.9
1439	78	2.151	стакан-марка-красная	16.6	16.5	корка-жёлтая-на-скале	1.133	33.3	-4.0	8.0	8.9	маска	DJI_20260813183727_0015_Z_03m32s.jpg	56	315,1041,4,7	17	178,179,165	50.9
1440	271	2.154	стакан-марка-красная	17.0	9.8	корка-жёлтая-на-скале	0.995	59.6	-4.0	9.0	9.8	маска	DJI_20260813183028_0002_Z.JPG	31	960,907,17,16	206	140,142,126	640.3
1441	292	2.154	стакан-марка-красная	11.2	45.9	снег-розовый	0.826	95.7	1.0	6.0	6.1	маска	DJI_20260813183140_0012_Z.JPG	215	3681,161,4,4	11	247,242,232	41.2
1442	138	2.155	стакан-марка-красная	13.2	38.8	снег-розовый	0.782	88.6	-1.0	6.5	6.6	маска	C0049_00m18s.png	68	371,611,4,4	14	219,215,205	48.3
1443	287	2.156	палка-ручка-пробка	16.6	15.9	снег-освещённый	1.247	91.6	-4.0	9.0	9.8	маска	DJI_20260813183101_0008_Z.JPG	164	424,1814,4,11	35	226,228,211	114.0
1444	104	2.158	палка-ручка-пробка	16.6	17.0	снег-розовый	1.159	92.7	-3.0	8.5	9.0	маска	DJI_20260813183004_0001_Z_03m40s.jpg	82	986,271,3,3	9	214,214,199	27.9
1445	272	2.158	стакан-марка-красная	15.3	28.2	корка-жёлтая-на-скале	1.226	21.6	-2.0	9.0	9.2	маска	DJI_20260813183028_0002_Z.JPG	105	1112,359,16,6	41	62,60,45	161.0
1446	194	2.159	стакан-марка-красная	13.6	37.3	порода-охристая	1.115	12.5	15.0	14.0	20.5	bbox	DJI_20260813183534_0014_Z_00m31s.jpg	219	1748,246,2,3	6	56,23,10	15.9
1447	293	2.159	стакан-марка-красная	16.6	17.3	корка-жёлтая-на-скале	1.146	32.5	-4.0	8.0	8.9	маска	DJI_20260813183140_0012_Z.JPG	99	3340,753,11,12	71	74,76,63	232.1
1448	195	2.161	стакан-марка-красная	15.2	28.6	порода-охристая	1.091	21.2	17.0	15.0	22.7	маска	DJI_20260813183534_0014_Z_00m31s.jpg	91	1761,364,6,5	20	77,40,29	70.0
1449	79	2.162	стакан-марка-красная	13.9	36.1	порода-в-тени	1.157	13.7	-1.0	8.0	8.1	маска	DJI_20260813183727_0015_Z_03m32s.jpg	54	1645,913,4,6	16	49,47,36	53.1
1450	196	2.164	крышка-контроль	17.0	10.9	снег-освещённый	1.423	53.3	-9.0	2.0	9.2	маска	DJI_20260813183534_0014_Z_00m31s.jpg	31	337,437,10,8	58	114,132,124	211.3
1451	288	2.165	палка-ручка-пробка	16.6	17.8	снег-розовый	1.066	93.5	-2.0	8.0	8.2	маска	DJI_20260813183101_0008_Z.JPG	193	2178,620,9,4	24	234,231,217	74.9
1452	289	2.170	палка-ручка-пробка	16.6	17.2	снег-освещённый	1.263	92.9	-4.0	9.0	9.8	маска	DJI_20260813183101_0008_Z.JPG	100	878,1149,13,10	69	225,227,211	247.4
1453	273	2.170	стакан-марка-красная	12.2	43.3	снег-освещённый	0.458	93.1	-1.0	-1.0	1.4	bbox	DJI_20260813183028_0002_Z.JPG	374	2123,1882,2,3	6	230,234,235	13.0
1454	294	2.172	стакан-марка-красная	11.4	45.9	снег-розовый	0.736	95.7	0.0	4.0	4.0	маска	DJI_20260813183140_0012_Z.JPG	62	3690,51,12,24	105	238,234,226	403.3
1455	197	2.175	палка-ручка-пробка	17.0	12.9	лишайник-жёлтый-на-камне	1.731	88.6	-10.0	15.0	18.0	маска	DJI_20260813183534_0014_Z_00m31s.jpg	3	121,116,24,29	206	187,193,177	785.6
1456	290	2.178	стакан-марка-красная	16.6	18.0	корка-жёлтая-на-скале	0.927	31.8	-3.0	10.0	10.4	маска	DJI_20260813183101_0008_Z.JPG	82	208,1064,8,15	81	107,106,89	328.4
1457	198	2.178	стакан-марка-красная	15.5	27.7	снег-освещённый	0.454	77.5	-4.5	0.0	4.5	bbox	DJI_20260813183534_0014_Z_00m31s.jpg	216	479,0,2,3	6	177,187,185	17.5
1458	199	2.185	стакан-марка-красная	13.6	38.4	порода-в-тени	0.816	11.4	-2.0	5.0	5.4	маска	DJI_20260813183534_0014_Z_00m31s.jpg	28	1011,151,13,6	56	35,34,26	218.8
1459	291	2.186	стакан-марка-красная	17.0	14.3	корка-жёлтая-на-скале	1.003	35.5	-4.0	9.0	9.8	маска	DJI_20260813183101_0008_Z.JPG	81	43,1088,9,15	88	103,105,90	342.2
1460	274	2.187	палка-ручка-пробка	17.5	0.4	снег-розовый	1.062	76.1	-4.0	8.0	8.9	маска	DJI_20260813183028_0002_Z.JPG	350	721,139,2,3	6	184,189,173	18.9
1461	292	2.187	палка-ручка-пробка	17.0	14.5	снег-розовый	1.075	90.2	-3.0	8.0	8.5	маска	DJI_20260813183101_0008_Z.JPG	278	928,1543,3,3	7	225,226,211	22.8
1462	293	2.188	стакан-марка-красная	17.5	3.9	корка-жёлтая-на-скале	1.077	45.9	-5.0	8.0	9.4	маска	DJI_20260813183101_0008_Z.JPG	186	192,2082,4,7	24	114,119,104	82.6
1463	294	2.189	палка-ручка-пробка	17.0	14.7	снег-розовый	1.078	90.4	-3.0	8.0	8.5	маска	DJI_20260813183101_0008_Z.JPG	263	1050,187,3,4	10	220,220,205	30.1
1464	139	2.189	стакан-марка-красная	12.8	41.8	снег-пересвеченный	0.382	91.6	-1.0	-3.5	3.6	маска	C0049_00m18s.png	45	804,315,7,4	21	216,221,227	77.3
1465	200	2.190	крышка-контроль	17.0	14.5	снег-освещённый	1.339	56.9	-9.0	2.0	9.2	маска	DJI_20260813183534_0014_Z_00m31s.jpg	7	345,462,16,15	174	119,139,131	642.8
1466	140	2.192	стакан-марка-красная	13.2	40.6	снег-пересвеченный	0.354	90.4	-2.0	-1.0	2.2	маска	C0049_00m18s.png	5	1311,561,28,10	130	194,198,198	504.6
1467	82	2.196	палка-ручка-пробка	16.3	22.5	снег-розовый	1.139	98.2	-1.5	8.0	8.1	маска	DJI_20260813183004_0001_Z_01m56s.jpg	66	1288,1048,5,3	13	254,251,235	39.3
1468	83	2.198	стакан-марка-красная	15.6	28.2	корка-жёлтая-на-скале	1.069	21.6	-1.0	11.0	11.0	маска	DJI_20260813183004_0001_Z_01m56s.jpg	44	654,770,4,5	18	98,92,75	70.3
1469	295	2.204	стакан-марка-красная	11.4	47.1	снег-освещённый	0.771	96.9	0.0	4.0	4.0	маска	DJI_20260813183140_0012_Z.JPG	41	3597,65,14,20	173	242,239,232	676.6
1470	201	2.206	стакан-марка-красная	15.3	31.0	порода-в-тени	1.251	18.8	-2.0	9.0	9.2	маска	DJI_20260813183534_0014_Z_00m31s.jpg	112	1005,149,4,4	13	52,52,40	53.0
1471	202	2.208	стакан-марка-красная	13.9	38.0	порода-охристая	1.198	11.8	16.0	14.0	21.3	маска	DJI_20260813183534_0014_Z_00m31s.jpg	83	1749,230,9,7	26	70,36,24	77.0
1472	105	2.213	палка-ручка-пробка	16.6	21.2	снег-освещённый	1.317	96.9	-4.0	9.0	9.8	маска	DJI_20260813183004_0001_Z_03m40s.jpg	17	97,3,15,12	70	227,228,212	223.8
1473	203	2.215	палка-ручка-пробка	17.2	14.9	лишайник-жёлтый-на-камне	1.716	90.6	-9.0	13.0	15.8	маска	DJI_20260813183534_0014_Z_00m31s.jpg	120	376,17,5,3	14	198,208,181	49.1
1474	275	2.215	стакан-марка-красная	17.0	17.5	снег-розовый	1.166	67.3	-4.5	8.0	9.2	маска	DJI_20260813183028_0002_Z.JPG	225	500,56,7,5	20	162,165,149	58.0
1475	276	2.216	палка-ручка-пробка	17.7	3.7	корка-жёлтая-на-скале	1.379	72.0	-7.0	10.0	12.2	маска	DJI_20260813183028_0002_Z.JPG	60	2631,399,13,12	88	151,157,141	352.8
1476	277	2.218	палка-ручка-пробка	17.7	4.7	корка-жёлтая-на-скале	1.391	71.0	-8.0	11.0	13.6	маска	DJI_20260813183028_0002_Z.JPG	82	862,2110,7,11	58	155,165,144	227.8
1477	278	2.223	стакан-марка-красная	12.4	44.7	снег-пересвеченный	0.419	94.5	-1.0	-2.0	2.2	маска	DJI_20260813183028_0002_Z.JPG	265	1051,1027,5,4	14	228,234,235	41.3
1478	204	2.223	стакан-марка-красная	15.3	31.8	порода-в-тени	0.678	18.0	-4.0	4.0	5.7	маска	DJI_20260813183534_0014_Z_00m31s.jpg	171	1349,876,4,2	8	41,46,40	30.2
1479	141	2.224	стакан-марка-красная	13.3	41.2	снег-освещённый	0.631	91.0	-2.0	4.0	4.5	маска	C0049_00m18s.png	15	1801,545,8,12	43	212,211,204	153.3
1480	142	2.225	стакан-марка-красная	13.0	42.6	снег-пересвеченный	0.400	92.4	-1.0	-4.0	4.1	маска	C0049_00m18s.png	77	1214,257,4,4	12	225,231,237	43.7
1481	279	2.227	палка-ручка-пробка	17.7	7.5	корка-жёлтая-на-скале	1.300	68.2	-7.0	10.0	12.2	маска	DJI_20260813183028_0002_Z.JPG	53	449,2119,18,13	96	150,156,138	402.2
1482	295	2.229	палка-ручка-пробка	17.5	12.1	снег-освещённый	1.097	87.8	-4.0	8.0	8.9	маска	DJI_20260813183101_0008_Z.JPG	282	931,1798,2,4	8	217,222,206	22.2
1483	296	2.230	стакан-марка-красная	11.0	49.0	снег-освещённый	0.702	98.8	0.0	2.0	2.0	маска	DJI_20260813183140_0012_Z.JPG	57	3111,839,16,16	113	230,229,225	433.8
1484	143	2.230	стакан-марка-красная	13.5	41.0	снег-розовый	0.814	90.8	-1.5	6.0	6.2	маска	C0049_00m18s.png	73	885,1011,4,4	13	210,208,198	46.6
1485	106	2.232	палка-ручка-пробка	17.5	12.5	снег-освещённый	1.101	88.2	-4.0	8.0	8.9	bbox	DJI_20260813183004_0001_Z_03m40s.jpg	100	826,60,3,2	6	217,220,204	18.9
1486	280	2.233	стакан-марка-красная	12.3	45.5	снег-пересвеченный	0.452	95.3	-1.0	-1.5	1.8	маска	DJI_20260813183028_0002_Z.JPG	254	2577,1712,5,5	16	235,239,241	45.3
1487	84	2.238	палка-ручка-пробка	16.6	23.9	снег-розовый	1.196	99.6	-2.0	8.0	8.2	маска	DJI_20260813183004_0001_Z_01m56s.jpg	59	1212,951,3,6	15	252,250,234	50.2
1488	205	2.243	крышка-контроль	17.7	10.5	снег-освещённый	1.583	52.9	-10.0	4.0	10.8	маска	DJI_20260813183534_0014_Z_00m31s.jpg	77	1354,859,6,5	23	116,135,124	85.8
1489	296	2.245	рюкзак-синий	15.3	32.9	порода-в-тени	0.576	5.9	-2.0	1.0	2.2	маска	DJI_20260813183101_0008_Z.JPG	172	2117,249,6,5	24	16,18,18	100.4
1490	206	2.245	стакан-марка-красная	15.3	32.9	порода-в-тени	0.685	16.9	-4.0	4.0	5.7	маска	DJI_20260813183534_0014_Z_00m31s.jpg	17	1214,689,16,9	86	42,48,41	330.2
1491	297	2.250	стакан-марка-красная	17.9	7.1	корка-жёлтая-на-скале	0.993	42.7	-5.0	9.0	10.3	маска	DJI_20260813183101_0008_Z.JPG	73	1122,1435,13,11	103	107,110,94	374.1
1492	298	2.252	рюкзак-синий	15.3	33.3	порода-в-тени	0.588	5.5	-2.0	1.0	2.2	маска	DJI_20260813183101_0008_Z.JPG	187	2042,347,6,6	21	15,17,16	81.5
1493	299	2.252	рюкзак-синий	15.3	33.3	порода-в-тени	0.588	5.5	-2.0	1.0	2.2	маска	DJI_20260813183101_0008_Z.JPG	274	2132,241,3,3	7	15,17,16	23.9
1494	281	2.252	палка-древко-контроль	16.0	28.8	снег-освещённый	1.074	70.4	-9.0	1.0	9.1	маска	DJI_20260813183028_0002_Z.JPG	176	3058,1115,4,7	24	135,156,149	89.5
1495	300	2.254	палка-ручка-пробка	14.9	35.7	корка-жёлтая-на-скале	0.838	40.0	-6.0	13.0	14.3	маска	DJI_20260813183101_0008_Z.JPG	18	287,1459,16,25	278	130,133,112	1217.5
1496	85	2.254	стакан-марка-красная	17.5	15.7	корка-жёлтая-на-скале	1.181	34.1	-5.0	8.0	9.4	маска	DJI_20260813183004_0001_Z_01m56s.jpg	21	1718,230,10,7	53	136,139,124	174.6
1497	282	2.255	палка-ручка-пробка	17.8	10.2	корка-жёлтая-на-скале	1.235	65.5	-6.0	9.0	10.8	маска	DJI_20260813183028_0002_Z.JPG	113	798,167,7,9	43	161,170,154	148.6
1498	80	2.257	стакан-марка-красная	17.1	20.4	порода-в-тени	1.115	29.4	-5.0	7.0	8.6	bbox	DJI_20260813183727_0015_Z_03m32s.jpg	78	1885,913,3,2	6	65,71,58	14.4
1499	283	2.267	рюкзак-синий	15.3	34.1	порода-в-тени	0.614	4.7	-2.0	1.0	2.2	маска	DJI_20260813183028_0002_Z.JPG	259	3171,56,2,5	10	15,16,16	43.4
1500	301	2.267	рюкзак-синий	15.3	34.1	порода-в-тени	0.614	4.7	-2.0	1.0	2.2	маска	DJI_20260813183101_0008_Z.JPG	202	2171,175,6,7	20	16,17,18	70.5
1501	302	2.267	рюкзак-синий	15.3	34.1	порода-в-тени	0.614	4.7	-2.0	1.0	2.2	маска	DJI_20260813183101_0008_Z.JPG	254	2129,263,3,4	9	14,16,15	32.9
1502	284	2.270	палка-ручка-пробка	17.8	12.6	корка-жёлтая-на-скале	1.306	63.1	-9.0	12.0	15.0	маска	DJI_20260813183028_0002_Z.JPG	28	929,1038,23,22	184	139,145,132	732.2
1503	144	2.274	стакан-марка-красная	12.4	46.7	снег-освещённый	0.750	96.5	-1.0	4.0	4.1	маска	C0049_00m18s.png	51	1883,571,4,6	20	242,240,234	70.4
1504	207	2.277	стакан-марка-красная	14.9	36.9	порода-охристая	1.211	12.9	16.0	15.0	21.9	маска	DJI_20260813183534_0014_Z_00m31s.jpg	38	1416,687,8,10	42	65,30,17	158.3
1505	285	2.279	палка-ручка-пробка	17.8	13.7	корка-жёлтая-на-скале	1.175	62.0	-6.0	9.0	10.8	маска	DJI_20260813183028_0002_Z.JPG	177	413,574,9,6	29	168,177,161	89.1
1506	86	2.279	стакан-марка-красная	16.1	29.8	порода-в-тени	1.256	20.0	-3.0	9.0	9.5	маска	DJI_20260813183004_0001_Z_01m56s.jpg	18	669,1007,10,13	55	114,115,99	229.8
1507	286	2.280	палка-ручка-пробка	18.2	4.3	снег-освещённый	1.278	71.4	-6.0	8.5	10.4	маска	DJI_20260813183028_0002_Z.JPG	206	1047,990,8,5	22	171,180,163	66.3
1508	303	2.281	стакан-марка-красная	17.9	12.5	корка-жёлтая-на-скале	1.046	37.3	-5.0	9.0	10.3	маска	DJI_20260813183101_0008_Z.JPG	89	280,1964,7,17	76	98,102,85	293.5
1509	208	2.281	стакан-марка-красная	14.3	39.6	порода-охристая	1.311	10.2	17.0	14.0	22.0	маска	DJI_20260813183534_0014_Z_00m31s.jpg	93	1737,174,8,4	20	62,27,13	68.4
1510	287	2.282	стакан-марка-красная	13.2	44.3	снег-пересвеченный	0.375	94.1	-2.0	-1.0	2.2	маска	DJI_20260813183028_0002_Z.JPG	368	2059,261,2,3	6	231,238,238	15.9
1511	209	2.288	крышка-контроль	17.7	16.4	снег-освещённый	1.325	58.8	-9.0	3.0	9.5	маска	DJI_20260813183534_0014_Z_00m31s.jpg	110	449,493,5,4	16	124,144,133	53.2
1512	304	2.291	стакан-марка-красная	13.0	45.1	порода-в-тени	0.674	4.7	-2.0	2.0	2.8	маска	DJI_20260813183101_0008_Z.JPG	156	2181,155,8,6	32	15,17,15	122.2
1513	210	2.291	палка-ручка-пробка	17.8	15.3	лишайник-жёлтый-на-камне	1.763	91.0	-9.0	12.0	15.0	маска	DJI_20260813183534_0014_Z_00m31s.jpg	178	193,38,3,3	8	220,232,207	26.3
1514	211	2.293	стакан-марка-красная	15.8	32.5	порода-в-тени	0.917	17.3	-4.0	6.0	7.2	маска	DJI_20260813183534_0014_Z_00m31s.jpg	186	727,999,2,3	6	42,47,37	22.3
1515	288	2.297	стакан-марка-красная	13.2	44.9	снег-пересвеченный	0.383	94.7	-2.0	-1.0	2.2	маска	DJI_20260813183028_0002_Z.JPG	276	1831,1375,4,4	11	232,238,239	36.5
1516	305	2.300	стакан-марка-красная	18.4	4.3	корка-жёлтая-на-скале	0.888	45.5	-5.0	10.0	11.2	маска	DJI_20260813183101_0008_Z.JPG	77	52,1574,9,17	91	128,131,112	349.3
1517	289	2.302	стакан-марка-красная	13.2	45.1	снег-пересвеченный	0.385	94.9	-2.0	-1.0	2.2	маска	DJI_20260813183028_0002_Z.JPG	242	2997,1078,3,6	15	230,236,237	50.0
1518	81	2.305	стакан-марка-красная	15.7	34.1	порода-в-тени	1.144	15.7	-3.0	8.0	8.5	маска	DJI_20260813183727_0015_Z_03m32s.jpg	70	1775,58,2,6	12	41,40,30	30.1
1519	290	2.306	крышка-контроль	18.4	5.4	порода-в-тени	1.455	47.8	-9.0	4.0	9.8	маска	DJI_20260813183028_0002_Z.JPG	330	880,1170,3,2	6	104,120,109	23.0
1520	291	2.307	палка-ручка-пробка	18.4	3.0	снег-освещённый	1.382	72.7	-7.0	9.0	11.4	маска	DJI_20260813183028_0002_Z.JPG	222	757,130,6,4	18	186,194,177	58.3
1521	292	2.312	палка-ручка-пробка	18.4	4.9	снег-освещённый	1.399	70.8	-7.0	9.0	11.4	маска	DJI_20260813183028_0002_Z.JPG	201	993,1212,4,6	21	180,191,173	72.3
1522	306	2.316	стакан-марка-красная	17.9	16.9	корка-жёлтая-на-скале	1.111	32.9	-5.0	9.0	10.3	маска	DJI_20260813183101_0008_Z.JPG	119	3026,217,9,9	52	104,108,91	203.6
1523	293	2.316	палка-древко-контроль	16.0	32.5	снег-пересвеченный	0.994	74.1	-9.0	1.0	9.1	маска	DJI_20260813183028_0002_Z.JPG	319	3057,1134,3,3	8	136,156,149	25.1
1524	145	2.318	стакан-марка-красная	13.0	46.3	снег-розовый	0.909	96.1	-1.0	6.0	6.1	маска	C0049_00m18s.png	66	758,1063,3,5	14	239,236,227	51.2
1525	294	2.325	стакан-марка-красная	18.4	9.8	корка-жёлтая-на-скале	1.227	59.6	-6.0	8.0	10.0	маска	DJI_20260813183028_0002_Z.JPG	362	1083,1121,2,3	6	146,153,138	16.6
1526	295	2.325	палка-ручка-пробка	18.4	9.8	корка-жёлтая-на-скале	1.345	65.9	-8.0	10.0	12.8	маска	DJI_20260813183028_0002_Z.JPG	68	812,297,25,12	88	159,167,152	302.5
1527	296	2.330	палка-ручка-пробка	18.6	4.3	корка-жёлтая-на-скале	1.553	71.4	-10.0	12.0	15.6	маска	DJI_20260813183028_0002_Z.JPG	14	951,25,28,22	268	152,161,146	1165.6
1528	297	2.332	палка-ручка-пробка	18.6	5.1	снег-освещённый	1.234	70.6	-6.0	8.0	10.0	маска	DJI_20260813183028_0002_Z.JPG	353	1345,553,3,3	7	185,194,179	18.5
1529	297	2.337	стакан-марка-красная	18.4	12.0	корка-жёлтая-на-скале	1.256	61.8	-6.0	8.0	10.0	маска	DJI_20260813183140_0012_Z.JPG	154	1005,717,4,12	31	143,150,135	90.3
1530	298	2.339	палка-ручка-пробка	18.4	12.1	снег-освещённый	1.546	87.8	-8.0	10.0	12.8	маска	DJI_20260813183028_0002_Z.JPG	212	983,193,5,5	17	206,218,200	61.9
1531	299	2.342	палка-ручка-пробка	18.6	7.9	снег-освещённый	1.267	67.8	-6.0	8.0	10.0	маска	DJI_20260813183028_0002_Z.JPG	306	2687,410,3,3	9	169,178,162	28.6
1532	300	2.343	палка-ручка-пробка	18.4	11.8	корка-жёлтая-на-скале	1.288	63.9	-7.0	9.0	11.4	маска	DJI_20260813183028_0002_Z.JPG	251	1272,847,7,8	18	168,179,165	46.3
1533	301	2.344	палка-ручка-пробка	18.6	8.2	снег-освещённый	1.272	67.5	-6.0	8.0	10.0	маска	DJI_20260813183028_0002_Z.JPG	299	169,237,4,6	12	161,168,153	30.5
1534	302	2.346	палка-ручка-пробка	18.6	8.6	корка-жёлтая-на-скале	1.475	67.1	-10.0	12.0	15.6	маска	DJI_20260813183028_0002_Z.JPG	35	841,278,20,17	147	170,180,166	595.5
1535	303	2.346	палка-ручка-пробка	18.6	8.8	снег-освещённый	1.280	66.9	-6.0	8.0	10.0	маска	DJI_20260813183028_0002_Z.JPG	316	632,446,3,3	9	163,172,156	25.4
1536	304	2.347	палка-ручка-пробка	18.6	9.0	снег-освещённый	1.283	66.7	-6.0	8.0	10.0	маска	DJI_20260813183028_0002_Z.JPG	342	1131,184,4,2	8	156,164,149	20.8
1537	298	2.350	стакан-марка-красная	18.8	2.4	корка-жёлтая-на-скале	1.072	52.2	-6.0	9.0	10.8	маска	DJI_20260813183140_0012_Z.JPG	24	78,2097,19,22	290	129,137,119	1149.8
1538	212	2.352	стакан-марка-красная	15.8	35.7	порода-охристая	1.238	14.1	16.0	16.0	22.6	bbox	DJI_20260813183534_0014_Z_00m31s.jpg	192	1404,683,3,2	6	63,27,14	21.4
1539	213	2.352	крышка-контроль	18.4	14.1	снег-освещённый	1.416	56.5	-9.0	4.0	9.8	маска	DJI_20260813183534_0014_Z_00m31s.jpg	213	398,449,2,3	6	122,139,128	18.2
1540	87	2.354	стакан-марка-красная	18.8	4.5	корка-жёлтая-на-скале	1.064	45.3	-6.0	9.0	10.8	маска	DJI_20260813183004_0001_Z_01m56s.jpg	25	380,0,11,5	42	138,145,128	148.7
1541	307	2.360	палка-ручка-пробка	18.0	19.6	снег-освещённый	1.232	95.3	-5.0	8.0	9.4	маска	DJI_20260813183101_0008_Z.JPG	106	673,145,10,16	60	226,231,216	235.7
1542	308	2.364	стакан-марка-красная	18.8	7.4	корка-жёлтая-на-скале	1.078	42.4	-6.0	9.0	10.8	маска	DJI_20260813183101_0008_Z.JPG	87	389,1572,8,14	69	115,122,104	298.3
1543	309	2.371	палка-ручка-пробка	18.6	12.9	снег-освещённый	1.212	88.6	-6.0	8.0	10.0	маска	DJI_20260813183101_0008_Z.JPG	279	63,1577,2,4	8	215,220,203	22.6
1544	214	2.372	крышка-контроль	18.4	16.4	снег-освещённый	1.366	58.8	-9.0	4.0	9.8	маска	DJI_20260813183534_0014_Z_00m31s.jpg	41	725,1011,13,6	44	115,129,118	147.9
1545	88	2.378	стакан-марка-красная	17.2	28.4	корка-жёлтая-на-скале	1.132	21.4	-3.0	11.0	11.4	маска	DJI_20260813183004_0001_Z_01m56s.jpg	26	1910,248,10,7	40	95,92,79	140.1
1546	310	2.379	стакан-марка-красная	18.8	10.6	корка-жёлтая-на-скале	1.104	39.2	-6.0	9.0	10.8	маска	DJI_20260813183101_0008_Z.JPG	55	1933,202,18,15	125	106,111,96	496.0
1547	107	2.386	палка-ручка-пробка	18.0	21.9	снег-освещённый	1.270	97.6	-5.0	8.0	9.4	маска	DJI_20260813183004_0001_Z_03m40s.jpg	84	487,218,3,3	8	231,238,220	24.0
1548	305	2.389	палка-ручка-пробка	19.1	1.6	корка-жёлтая-на-скале	1.594	74.1	-9.0	10.0	13.5	маска	DJI_20260813183028_0002_Z.JPG	163	541,1497,6,6	27	155,166,148	96.1
1549	306	2.389	палка-ручка-пробка	19.1	1.9	снег-освещённый	1.605	77.6	-9.0	10.0	13.5	маска	DJI_20260813183028_0002_Z.JPG	62	167,1089,11,18	89	175,187,170	345.9
1550	307	2.390	палка-ручка-пробка	19.1	2.3	снег-освещённый	1.429	78.0	-8.0	9.0	12.0	маска	DJI_20260813183028_0002_Z.JPG	154	101,1394,6,7	27	178,190,172	101.7
1551	299	2.390	палка-ручка-пробка	19.1	2.3	снег-освещённый	1.429	78.0	-8.0	9.0	12.0	маска	DJI_20260813183140_0012_Z.JPG	25	539,889,18,22	283	168,177,159	1133.2
1552	311	2.392	палка-ручка-пробка	18.6	15.7	снег-освещённый	1.238	91.4	-6.0	8.0	10.0	маска	DJI_20260813183101_0008_Z.JPG	114	124,1055,9,9	61	188,195,176	214.9
1553	308	2.395	палка-ручка-пробка	19.1	5.1	корка-жёлтая-на-скале	1.523	70.6	-9.0	10.0	13.5	маска	DJI_20260813183028_0002_Z.JPG	195	1359,388,5,8	24	149,157,143	77.1
1554	309	2.403	крышка-бирюзовая	18.4	20.0	снег-освещённый	1.058	74.1	-9.0	2.0	9.2	маска	DJI_20260813183028_0002_Z.JPG	309	933,1944,4,2	8	169,188,179	27.8
1555	310	2.414	палка-ручка-пробка	19.1	9.8	корка-жёлтая-на-скале	1.407	65.9	-8.0	9.0	12.0	маска	DJI_20260813183028_0002_Z.JPG	235	1266,858,5,7	18	177,190,174	52.8
1556	311	2.419	палка-ручка-пробка	19.1	9.8	корка-жёлтая-на-скале	1.399	65.9	-7.5	8.5	11.3	маска	DJI_20260813183028_0002_Z.JPG	313	945,95,2,5	10	158,169,152	27.1
1557	312	2.420	стакан-марка-красная	14.1	46.3	снег-пересвеченный	0.341	96.1	-3.0	-1.0	3.2	маска	DJI_20260813183028_0002_Z.JPG	354	1014,1039,2,4	8	230,238,238	18.3
1558	313	2.420	палка-ручка-пробка	19.1	11.0	корка-жёлтая-на-скале	1.388	64.7	-8.0	9.0	12.0	маска	DJI_20260813183028_0002_Z.JPG	100	458,751,16,14	55	146,155,141	170.0
1559	215	2.426	стакан-марка-красная	17.5	29.6	порода-в-тени	1.186	20.2	-5.0	8.0	9.4	маска	DJI_20260813183534_0014_Z_00m31s.jpg	109	1348,810,3,9	16	71,73,60	53.5
1560	314	2.426	палка-ручка-пробка	19.1	12.0	корка-жёлтая-на-скале	1.407	63.7	-9.0	10.0	13.5	маска	DJI_20260813183028_0002_Z.JPG	127	408,1769,6,8	34	149,158,139	127.4
1561	216	2.430	стакан-марка-красная	16.2	37.8	порода-охристая	1.358	12.0	17.0	16.0	23.3	маска	DJI_20260813183534_0014_Z_00m31s.jpg	136	201,599,3,5	10	61,25,9	43.1
1562	315	2.430	палка-ручка-пробка	19.4	3.5	корка-жёлтая-на-скале	1.670	72.2	-11.0	12.0	16.3	маска	DJI_20260813183028_0002_Z.JPG	80	274,2007,7,10	57	157,171,147	235.8
1563	316	2.432	крышка-контроль	18.4	22.3	снег-освещённый	1.257	64.7	-9.0	4.0	9.8	маска	DJI_20260813183028_0002_Z.JPG	172	843,245,8,6	23	141,159,148	92.7
1564	317	2.438	палка-ручка-пробка	19.5	3.9	снег-освещённый	1.377	79.6	-8.0	8.5	11.7	маска	DJI_20260813183028_0002_Z.JPG	282	1105,969,3,4	11	191,203,184	35.3
1565	318	2.441	палка-ручка-пробка	19.1	14.1	корка-жёлтая-на-скале	1.378	61.6	-9.0	10.0	13.5	маска	DJI_20260813183028_0002_Z.JPG	115	2054,33,9,7	38	121,132,111	140.9
1566	217	2.452	палка-ручка-пробка	19.2	13.9	снег-освещённый	1.804	89.6	-10.0	11.0	14.9	маска	DJI_20260813183534_0014_Z_00m31s.jpg	14	93,0,15,17	107	179,187,169	377.9
1567	319	2.454	палка-ручка-пробка	19.5	8.6	корка-жёлтая-на-скале	1.508	67.1	-9.5	10.0	13.8	маска	DJI_20260813183028_0002_Z.JPG	64	953,1269,10,15	87	149,161,142	340.4
1568	218	2.455	стакан-марка-красная	19.2	13.9	снег-освещённый	1.178	63.7	-8.0	4.0	8.9	bbox	DJI_20260813183534_0014_Z_00m31s.jpg	203	402,492,3,2	6	139,156,144	20.1
1569	89	2.464	стакан-марка-красная	17.0	34.9	порода-в-тени	1.290	14.9	-4.0	9.0	9.8	маска	DJI_20260813183004_0001_Z_01m56s.jpg	32	916,998,8,4	26	39,40,27	99.7
1570	320	2.472	палка-ручка-пробка	19.4	13.1	снег-освещённый	1.113	88.8	-6.0	7.0	9.2	bbox	DJI_20260813183028_0002_Z.JPG	365	979,1024,3,2	6	214,224,206	16.2
1571	321	2.478	палка-ручка-пробка	19.8	3.5	снег-освещённый	1.506	79.2	-9.0	9.0	12.7	маска	DJI_20260813183028_0002_Z.JPG	165	528,859,6,6	26	188,203,187	94.5
1572	322	2.481	палка-ручка-пробка	19.8	0.8	снег-освещённый	1.345	74.9	-8.0	8.0	11.3	маска	DJI_20260813183028_0002_Z.JPG	215	9,1661,4,6	18	175,188,169	60.4
1573	323	2.482	стакан-марка-красная	17.9	30.2	порода-в-тени	1.305	19.6	-5.0	9.0	10.3	маска	DJI_20260813183028_0002_Z.JPG	296	1016,1165,3,4	8	62,67,51	30.7
1574	324	2.487	палка-ручка-пробка	19.7	9.8	корка-жёлтая-на-скале	1.749	65.9	-13.0	15.0	19.8	маска	DJI_20260813183028_0002_Z.JPG	39	736,240,13,12	111	159,176,150	533.9
1575	325	2.488	палка-ручка-пробка	19.8	5.1	снег-освещённый	1.378	70.6	-8.0	8.0	11.3	маска	DJI_20260813183028_0002_Z.JPG	109	585,157,11,8	45	161,173,157	155.0
1576	326	2.493	палка-ручка-пробка	19.8	6.7	снег-освещённый	1.394	69.0	-8.0	8.0	11.3	маска	DJI_20260813183028_0002_Z.JPG	295	721,419,4,4	11	170,183,166	30.9
1577	327	2.494	крышка-бирюзовая	19.2	18.8	снег-освещённый	1.317	72.9	-10.0	5.0	11.2	маска	DJI_20260813183028_0002_Z.JPG	110	150,1270,6,8	39	162,181,169	154.6
1578	328	2.497	палка-ручка-пробка	19.8	7.9	снег-освещённый	1.407	67.8	-8.0	8.0	11.3	маска	DJI_20260813183028_0002_Z.JPG	357	449,768,3,3	7	173,186,169	17.6
1579	329	2.498	палка-ручка-пробка	19.8	8.1	снег-освещённый	1.409	67.6	-8.0	8.0	11.3	маска	DJI_20260813183028_0002_Z.JPG	217	1137,180,10,4	21	161,172,157	59.2
1580	330	2.499	палка-ручка-пробка	19.8	8.2	корка-жёлтая-на-скале	1.564	67.5	-10.0	10.0	14.1	маска	DJI_20260813183028_0002_Z.JPG	41	904,174,19,21	138	147,158,144	520.7
1581	331	2.501	крышка-бирюзовая	19.4	16.9	снег-освещённый	1.172	71.0	-9.0	4.0	9.8	маска	DJI_20260813183028_0002_Z.JPG	352	0,1698,2,3	6	162,179,168	18.7
1582	332	2.504	палка-ручка-пробка	19.8	10.6	снег-освещённый	1.518	86.3	-9.0	9.0	12.7	маска	DJI_20260813183028_0002_Z.JPG	117	1006,7,8,7	35	199,211,192	138.4
1583	333	2.508	палка-ручка-пробка	19.8	10.2	снег-освещённый	1.437	65.5	-8.0	8.0	11.3	маска	DJI_20260813183028_0002_Z.JPG	340	265,504,2,4	8	158,170,153	21.1
1584	334	2.511	палка-ручка-пробка	18.0	31.0	корка-жёлтая-на-скале	1.280	44.7	-10.0	13.0	16.4	маска	DJI_20260813183028_0002_Z.JPG	24	918,1060,13,18	167	115,125,104	787.2
1585	335	2.517	палка-ручка-пробка	19.8	11.8	корка-жёлтая-на-скале	1.448	63.9	-8.0	8.0	11.3	маска	DJI_20260813183028_0002_Z.JPG	361	23,497,3,3	7	146,158,141	16.6
1586	336	2.524	крышка-бирюзовая	19.8	13.0	снег-освещённый	1.438	67.1	-10.0	6.0	11.7	маска	DJI_20260813183028_0002_Z.JPG	66	81,1469,10,12	76	142,158,145	313.4
1587	337	2.528	крышка-бирюзовая	19.4	19.8	снег-освещённый	1.145	73.9	-9.0	4.0	9.8	маска	DJI_20260813183028_0002_Z.JPG	140	3661,378,6,7	29	141,159,149	115.1
1588	338	2.530	палка-ручка-пробка	19.8	14.7	корка-жёлтая-на-скале	1.432	61.0	-9.0	9.0	12.7	маска	DJI_20260813183028_0002_Z.JPG	107	954,1227,6,18	45	147,160,144	159.2
1589	339	2.541	палка-ручка-пробка	19.8	16.1	корка-жёлтая-на-скале	1.416	59.6	-9.0	9.0	12.7	маска	DJI_20260813183028_0002_Z.JPG	69	1375,299,11,12	80	127,136,122	300.3
1590	340	2.542	палка-ручка-пробка	19.8	16.3	корка-жёлтая-на-скале	1.414	59.4	-9.0	9.0	12.7	маска	DJI_20260813183028_0002_Z.JPG	149	6,926,5,7	29	134,149,131	106.0
1591	341	2.549	крышка-бирюзовая	19.2	23.9	снег-освещённый	1.291	78.0	-10.0	5.0	11.2	маска	DJI_20260813183028_0002_Z.JPG	285	768,567,3,4	11	183,202,189	34.2
1592	342	2.554	стакан-марка-красная	18.4	30.8	снег-освещённый	0.976	80.6	-7.0	5.0	8.6	bbox	DJI_20260813183028_0002_Z.JPG	360	623,660,2,3	6	189,203,191	16.7
1593	343	2.561	крышка-бирюзовая	19.2	24.9	снег-освещённый	1.289	79.0	-10.0	5.0	11.2	маска	DJI_20260813183028_0002_Z.JPG	92	142,1437,7,9	47	175,194,180	190.4
1594	344	2.565	палка-ручка-пробка	20.5	1.0	снег-освещённый	1.422	76.7	-9.0	8.0	12.0	маска	DJI_20260813183028_0002_Z.JPG	219	736,1989,5,5	16	172,187,170	58.6
1595	345	2.567	палка-ручка-пробка	20.5	3.2	снег-освещённый	1.445	72.5	-9.0	8.0	12.0	маска	DJI_20260813183028_0002_Z.JPG	123	711,426,6,10	38	171,185,171	131.9
1596	346	2.570	палка-ручка-пробка	20.5	4.7	снег-освещённый	1.457	71.0	-9.0	8.0	12.0	маска	DJI_20260813183028_0002_Z.JPG	224	1873,51,4,5	17	172,187,170	58.0
1597	347	2.571	палка-ручка-пробка	20.5	5.1	снег-освещённый	1.414	80.8	-9.0	8.0	12.0	маска	DJI_20260813183028_0002_Z.JPG	120	697,385,7,7	36	186,202,186	137.5
1598	348	2.575	палка-ручка-пробка	20.5	6.3	снег-освещённый	1.472	69.4	-9.0	8.0	12.0	маска	DJI_20260813183028_0002_Z.JPG	192	533,933,5,7	23	159,172,157	77.6
1599	349	2.582	палка-ручка-пробка	20.5	8.2	снег-освещённый	1.492	67.5	-9.0	8.0	12.0	маска	DJI_20260813183028_0002_Z.JPG	74	204,858,8,13	69	165,179,163	259.3
1600	350	2.590	палка-ручка-пробка	20.5	10.0	корка-жёлтая-на-скале	1.592	65.7	-10.0	9.0	13.5	маска	DJI_20260813183028_0002_Z.JPG	63	317,556,8,16	89	158,174,157	344.4
1601	351	2.591	палка-ручка-пробка	20.5	10.2	снег-освещённый	1.516	65.5	-9.0	8.0	12.0	маска	DJI_20260813183028_0002_Z.JPG	51	886,196,17,20	118	173,186,177	433.4
1602	352	2.591	палка-ручка-пробка	20.5	10.2	снег-освещённый	1.516	65.5	-9.0	8.0	12.0	маска	DJI_20260813183028_0002_Z.JPG	136	673,423,10,9	38	154,166,152	118.9
1603	353	2.592	крышка-бирюзовая	19.8	21.0	снег-освещённый	1.367	75.1	-10.0	6.0	11.7	маска	DJI_20260813183028_0002_Z.JPG	186	78,1493,5,6	23	173,191,177	79.7
1604	354	2.602	крышка-бирюзовая	20.0	20.2	снег-освещённый	1.202	74.3	-9.0	5.0	10.3	маска	DJI_20260813183028_0002_Z.JPG	156	3,695,7,6	29	165,184,172	100.0
1605	355	2.606	палка-ручка-пробка	20.5	13.0	корка-жёлтая-на-скале	1.522	62.7	-9.0	8.0	12.0	маска	DJI_20260813183028_0002_Z.JPG	161	727,1244,4,9	29	140,153,135	98.4
1606	356	2.606	палка-ручка-пробка	20.5	13.0	корка-жёлтая-на-скале	1.522	62.7	-9.0	8.0	12.0	маска	DJI_20260813183028_0002_Z.JPG	185	1358,253,5,8	22	129,142,125	80.9
1607	357	2.613	палка-ручка-пробка	20.9	3.2	снег-освещённый	1.402	72.5	-9.0	7.5	11.7	маска	DJI_20260813183028_0002_Z.JPG	155	478,529,6,6	28	159,175,159	100.7
1608	358	2.618	крышка-бирюзовая	20.6	13.0	снег-освещённый	1.343	67.1	-9.0	6.0	10.8	маска	DJI_20260813183028_0002_Z.JPG	187	95,1162,3,8	22	152,169,154	79.2
1609	359	2.628	палка-ручка-пробка	20.9	8.4	снег-освещённый	1.454	67.3	-9.0	7.5	11.7	маска	DJI_20260813183028_0002_Z.JPG	203	939,1903,6,5	21	166,181,167	71.1
1610	360	2.634	крышка-бирюзовая	20.2	20.6	снег-освещённый	1.319	74.7	-9.5	6.0	11.2	маска	DJI_20260813183028_0002_Z.JPG	196	865,1782,6,5	22	167,185,171	77.1
1611	361	2.645	стакан-марка-красная	19.3	30.2	снег-освещённый	1.041	80.0	-8.0	4.5	9.2	bbox	DJI_20260813183028_0002_Z.JPG	363	232,837,2,3	6	182,200,187	16.4
1612	219	2.650	палка-ручка-пробка	20.5	18.6	снег-освещённый	1.494	94.3	-9.0	8.0	12.0	маска	DJI_20260813183534_0014_Z_00m31s.jpg	64	150,98,5,15	37	222,237,219	102.1
1613	362	2.652	палка-ручка-пробка	21.2	0.8	снег-освещённый	1.520	74.9	-10.0	8.0	12.8	маска	DJI_20260813183028_0002_Z.JPG	76	397,598,8,11	65	175,190,174	257.5
1614	363	2.652	палка-ручка-пробка	21.2	1.0	снег-освещённый	1.512	76.7	-10.0	8.0	12.8	маска	DJI_20260813183028_0002_Z.JPG	43	0,1677,13,16	124	172,188,172	496.6
1615	220	2.658	палка-ручка-пробка	21.3	0.0	снег-освещённый	1.341	75.7	-9.0	7.0	11.4	маска	DJI_20260813183534_0014_Z_00m31s.jpg	145	50,25,3,4	11	191,206,190	38.3
1616	364	2.658	палка-ручка-пробка	21.3	0.2	снег-освещённый	1.340	75.9	-9.0	7.0	11.4	маска	DJI_20260813183028_0002_Z.JPG	305	223,726,2,5	10	175,190,176	28.7
1617	365	2.660	крышка-бирюзовая	20.6	18.4	снег-освещённый	1.284	72.5	-9.0	6.0	10.8	маска	DJI_20260813183028_0002_Z.JPG	332	175,1000,2,4	8	172,187,173	22.9
1618	366	2.661	палка-ручка-пробка	21.3	3.9	снег-освещённый	1.367	71.8	-9.0	7.0	11.4	маска	DJI_20260813183028_0002_Z.JPG	89	0,959,8,12	59	156,172,158	201.7
1619	367	2.662	палка-ручка-пробка	21.3	4.1	снег-освещённый	1.329	79.8	-9.0	7.0	11.4	маска	DJI_20260813183028_0002_Z.JPG	335	801,598,3,2	6	185,201,183	21.9
1620	368	2.666	крышка-бирюзовая	20.5	20.4	снег-освещённый	1.443	74.5	-10.0	7.0	12.2	маска	DJI_20260813183028_0002_Z.JPG	205	1200,1335,5,5	18	172,190,175	66.8
1621	369	2.670	стакан-марка-красная	20.9	15.7	снег-освещённый	1.437	65.5	-9.0	7.0	11.4	маска	DJI_20260813183028_0002_Z.JPG	85	737,576,10,10	58	162,178,166	209.5
1622	370	2.672	крышка-бирюзовая	20.6	19.8	снег-освещённый	1.274	73.9	-9.0	6.0	10.8	маска	DJI_20260813183028_0002_Z.JPG	103	81,1449,5,14	48	174,191,177	162.7
1623	371	2.676	крышка-бирюзовая	20.5	21.4	снег-освещённый	1.438	75.5	-10.0	7.0	12.2	маска	DJI_20260813183028_0002_Z.JPG	102	365,807,8,10	46	176,193,180	167.2
1624	372	2.694	крышка-бирюзовая	20.6	22.0	снег-освещённый	1.261	76.1	-9.0	6.0	10.8	маска	DJI_20260813183028_0002_Z.JPG	241	325,548,4,5	16	173,189,177	50.0
1625	373	2.700	крышка-бирюзовая	20.6	22.6	снег-освещённый	1.259	76.7	-9.0	6.0	10.8	маска	DJI_20260813183028_0002_Z.JPG	209	121,1365,4,6	19	180,196,181	64.4
1626	374	2.729	крышка-бирюзовая	20.6	25.1	снег-освещённый	1.251	79.2	-9.0	6.0	10.8	маска	DJI_20260813183028_0002_Z.JPG	300	15,1654,2,5	10	187,203,189	30.0
1627	375	2.768	палка-ручка-пробка	21.6	16.5	снег-пересвеченный	1.343	92.2	-9.0	6.5	11.1	маска	DJI_20260813183028_0002_Z.JPG	286	1029,1073,3,3	8	227,244,229	34.1
1628	221	2.782	палка-ручка-пробка	21.9	13.3	снег-освещённый	1.455	89.0	-10.0	7.0	12.2	маска	DJI_20260813183534_0014_Z_00m31s.jpg	26	192,161,9,16	60	201,212,197	236.5
1629	222	2.783	палка-ручка-пробка	22.0	11.4	снег-освещённый	1.270	87.1	-9.0	6.0	10.8	маска	DJI_20260813183534_0014_Z_00m31s.jpg	160	86,18,3,3	9	205,221,206	33.0
1630	223	2.851	палка-ручка-пробка	22.2	18.2	снег-пересвеченный	1.124	93.9	-8.0	5.0	9.4	bbox	DJI_20260813183534_0014_Z_00m31s.jpg	217	454,135,2,3	6	223,239,224	16.5
