track	t_best	t0	t1	bbox	score	lat	lon	alt
0	35.6	35.6	37.6	1190,1000,123,80	11841.2	39.4777276	73.5922846	5385.1
1	31.6	31.1	38.1	858,374,69,124	11114.1	39.4777274	73.5922850	5385.2
2	52.1	51.6	53.6	1048,1025,89,55	7783.9	39.4777274	73.5922836	5385.1
3	28.6	14.0	31.1	1001,888,82,87	5899.6	39.4777265	73.5922848	5385.2
4	30.6	22.5	30.6	1011,971,81,84	5620.8	39.4777275	73.5922850	5385.1
5	138.8	129.8	140.8	777,617,73,39	5407.8	39.4776413	73.5922695	5395.4
6	36.1	35.6	37.1	1150,1025,80,55	4936.1	39.4777275	73.5922845	5385.1
7	12.5	12.5	31.1	1664,917,66,80	4138.8	39.4778065	73.5922990	5381.1
8	57.6	51.6	57.6	1089,998,46,82	4028.8	39.4777285	73.5922841	5385.1
9	18.0	14.5	28.6	1322,850,69,69	3918.3	39.4777962	73.5922969	5381.1
10	36.1	35.6	36.1	981,1035,52,32	3592.4	39.4777275	73.5922845	5385.1
11	28.6	28.6	30.6	839,903,62,30	3515.0	39.4777265	73.5922848	5385.2
12	18.5	13.0	28.6	1352,816,38,87	3372.6	39.4777872	73.5922953	5381.1
13	166.4	165.9	173.9	1047,591,56,36	3299.6	39.4776414	73.5922711	5395.4
14	37.1	36.1	38.1	1069,877,48,76	3288.2	39.4777275	73.5922843	5385.1
15	137.3	129.8	142.3	1083,711,70,38	3208.4	39.4776412	73.5922695	5395.4
16	38.6	38.1	38.6	833,177,56,32	3145.2	39.4777273	73.5922839	5385.1
17	85.7	83.7	88.2	1871,791,49,50	2956.2	39.4776400	73.5922688	5395.4
18	14.5	12.5	28.6	1324,870,68,47	2859.7	39.4778064	73.5922987	5381.1
19	27.6	12.5	30.6	879,741,42,50	2766.4	39.4777262	73.5922844	5385.2
20	115.7	115.7	115.7	1253,0,53,45	2677.1	39.4776399	73.5922692	5395.4
21	36.1	36.1	36.1	1124,812,45,59	2649.6	39.4777275	73.5922845	5385.1
22	29.1	29.1	30.1	761,1053,42,27	2589.1	39.4777266	73.5922849	5385.2
23	18.5	13.0	28.6	1368,954,58,44	2552.4	39.4777872	73.5922953	5381.1
24	168.9	165.9	173.9	1300,728,39,34	2440.4	39.4776413	73.5922710	5395.4
25	44.6	44.1	45.1	1076,563,40,30	2428.0	39.4777259	73.5922835	5385.2
26	30.1	29.1	30.6	844,431,28,57	2416.5	39.4777270	73.5922849	5385.1
27	100.7	99.7	102.2	1105,751,38,50	2335.8	39.4776401	73.5922697	5395.4
28	130.3	129.3	139.3	1344,994,55,35	2303.5	39.4776400	73.5922694	5395.4
29	8.0	8.0	8.5	135,44,31,35	2280.3	39.4778060	73.5922993	5381.1
30	28.6	12.5	30.6	1019,785,53,45	2203.1	39.4777265	73.5922848	5385.2
31	38.1	36.1	38.6	957,1047,44,33	2093.4	39.4777273	73.5922840	5385.1
32	154.8	154.3	154.8	588,569,34,43	2072.3	39.4776388	73.5922697	5395.4
33	98.7	98.7	98.7	1889,609,31,22	2031.7	39.4776395	73.5922696	5395.4
34	165.4	165.4	172.9	1129,609,38,40	1990.6	39.4776412	73.5922709	5395.4
35	90.2	89.7	90.2	1691,373,36,36	1942.5	39.4776388	73.5922685	5395.4
36	23.6	23.0	30.6	1265,997,41,26	1918.3	39.4777255	73.5922851	5384.6
37	36.1	36.1	37.6	1379,1016,23,49	1912.3	39.4777275	73.5922845	5385.1
38	12.5	12.0	12.5	1860,1013,36,48	1809.1	39.4778065	73.5922990	5381.1
39	10.5	10.5	10.5	1893,952,27,31	1748.1	39.4778064	73.5922991	5381.1
40	30.1	24.6	30.6	1055,873,23,32	1733.1	39.4777270	73.5922849	5385.1
41	118.3	116.8	122.3	998,447,56,36	1685.7	39.4776391	73.5922687	5395.4
42	16.0	12.5	30.1	1391,1003,45,22	1635.8	39.4778064	73.5922988	5381.1
43	24.1	23.6	26.1	1278,1036,35,26	1623.3	39.4777257	73.5922850	5385.0
44	28.6	28.6	30.6	926,811,35,25	1570.7	39.4777265	73.5922848	5385.2
45	94.7	94.2	95.7	819,434,33,19	1568.7	39.4776384	73.5922688	5395.4
46	22.5	19.5	25.6	1259,913,32,24	1552.7	39.4777259	73.5922851	5383.6
47	149.3	148.8	149.3	1881,1059,39,21	1546.9	39.4776390	73.5922689	5395.4
48	96.2	94.2	96.2	1551,432,34,17	1538.9	39.4776386	73.5922690	5395.4
49	98.2	97.2	98.2	1525,513,44,36	1534.3	39.4776397	73.5922695	5395.4
50	139.8	138.3	139.8	764,688,60,37	1531.7	39.4776413	73.5922696	5395.4
51	101.7	100.7	101.7	1217,977,32,34	1492.9	39.4776402	73.5922698	5395.4
52	36.1	36.1	37.6	1169,969,44,43	1475.6	39.4777275	73.5922845	5385.1
53	53.6	52.1	53.6	1273,1057,43,23	1428.5	39.4777277	73.5922841	5385.1
54	18.5	13.0	28.6	1466,877,21,49	1427.3	39.4777872	73.5922953	5381.1
55	37.1	36.6	38.1	967,903,34,26	1387.6	39.4777275	73.5922843	5385.1
56	50.1	49.1	50.1	767,225,30,30	1385.8	39.4777270	73.5922836	5385.1
57	16.5	13.0	28.1	1393,1001,34,23	1382.5	39.4778063	73.5922988	5381.1
58	47.1	46.1	47.6	1221,596,40,39	1285.7	39.4777258	73.5922836	5385.1
59	111.7	111.7	111.7	1885,1006,35,47	1283.2	39.4776412	73.5922701	5395.4
60	41.6	41.1	43.6	961,317,22,29	1281.4	39.4777265	73.5922833	5385.1
61	156.3	156.3	157.3	838,578,37,28	1276.8	39.4776400	73.5922701	5395.4
62	90.2	90.2	90.2	1699,297,32,24	1264.0	39.4776388	73.5922685	5395.4
63	21.0	19.5	21.0	1336,1009,24,46	1230.6	39.4777300	73.5922853	5381.5
64	79.2	79.2	79.2	1880,329,40,26	1230.5	39.4776412	73.5922691	5395.4
65	2.5	2.5	5.0	1053,915,42,28	1219.5	39.4778054	73.5922987	5381.1
66	23.0	22.0	25.1	1507,992,24,35	1205.0	39.4777255	73.5922851	5384.1
67	98.2	96.2	98.2	1573,521,28,22	1201.4	39.4776397	73.5922695	5395.4
68	12.5	12.5	21.5	1582,1013,32,31	1182.2	39.4778065	73.5922990	5381.1
69	38.1	36.6	38.1	1068,937,41,44	1159.7	39.4777273	73.5922840	5385.1
70	87.7	82.7	90.2	561,473,27,26	1148.0	39.4776391	73.5922688	5395.4
71	102.7	100.7	103.7	1308,874,27,39	1142.1	39.4776406	73.5922700	5395.4
72	93.2	92.7	93.2	0,730,40,25	1128.8	39.4776384	73.5922688	5395.4
73	37.6	37.1	38.6	1056,855,38,47	1128.4	39.4777274	73.5922842	5385.1
74	86.2	82.7	89.2	1603,811,32,30	1094.0	39.4776397	73.5922688	5395.4
75	98.2	95.7	98.2	1888,189,32,25	1091.2	39.4776397	73.5922695	5395.4
76	54.6	51.1	57.6	1084,415,37,26	1062.2	39.4777280	73.5922840	5385.2
77	59.6	59.6	59.6	1309,596,28,37	1060.5	39.4777286	73.5922840	5385.1
78	32.1	31.6	33.6	1770,167,21,32	1025.4	39.4777274	73.5922850	5385.1
79	137.3	134.3	141.3	1081,626,36,25	1001.9	39.4776412	73.5922695	5395.4
80	127.8	127.8	127.8	113,705,16,24	975.8	39.4776395	73.5922694	5395.4
81	5.5	5.5	11.0	33,177,27,13	972.5	39.4778055	73.5922992	5381.1
82	149.8	149.8	149.8	1885,877,35,18	967.6	39.4776389	73.5922689	5395.4
83	124.3	123.8	124.3	0,542,18,25	956.4	39.4776390	73.5922690	5395.4
84	169.9	165.9	173.9	1079,697,26,32	953.8	39.4776412	73.5922709	5395.4
85	9.0	8.5	9.0	442,104,24,21	936.5	39.4778061	73.5922993	5381.1
86	97.2	96.2	97.2	497,945,36,24	921.2	39.4776394	73.5922693	5395.4
87	36.1	36.1	36.1	1038,585,18,34	904.1	39.4777275	73.5922845	5385.1
88	25.1	25.1	28.1	1060,989,36,17	888.2	39.4777261	73.5922847	5385.2
89	70.2	69.6	70.2	721,0,56,14	884.1	39.4776395	73.5922686	5394.7
90	103.2	101.7	103.7	1304,987,21,18	820.1	39.4776406	73.5922701	5395.4
91	56.6	54.6	57.6	1213,477,26,18	816.3	39.4777284	73.5922841	5385.1
92	122.8	122.8	122.8	5,673,25,23	802.4	39.4776389	73.5922686	5395.4
93	17.0	14.5	22.5	1324,1006,37,38	800.6	39.4778056	73.5922985	5381.1
94	22.5	15.5	22.5	1277,1041,37,17	798.0	39.4777259	73.5922851	5383.6
95	86.7	85.2	87.2	1695,791,16,16	797.3	39.4776393	73.5922688	5395.4
96	51.1	51.1	58.1	835,33,18,41	794.8	39.4777269	73.5922836	5385.1
97	11.5	11.0	12.0	1204,736,25,14	780.9	39.4778065	73.5922990	5381.1
98	86.2	85.7	86.7	1544,320,32,15	768.8	39.4776397	73.5922688	5395.4
99	81.2	80.2	81.7	830,0,25,22	767.4	39.4776413	73.5922692	5395.4
100	150.8	150.8	150.8	1777,1006,24,27	751.5	39.4776387	73.5922690	5395.4
101	12.5	12.5	22.0	1787,1037,22,43	746.6	39.4778065	73.5922990	5381.1
102	91.7	91.7	92.7	722,733,27,24	742.2	39.4776384	73.5922685	5395.4
103	25.1	23.0	28.1	988,95,27,20	722.7	39.4777261	73.5922847	5385.2
104	93.7	93.7	93.7	889,493,25,12	714.1	39.4776384	73.5922688	5395.4
105	30.6	29.1	30.6	976,809,27,53	702.3	39.4777275	73.5922850	5385.1
106	57.6	57.6	57.6	1080,969,22,22	698.7	39.4777285	73.5922841	5385.1
107	31.1	31.1	31.1	1558,205,16,26	689.8	39.4777274	73.5922850	5385.1
108	30.6	28.6	31.1	1102,978,19,65	689.4	39.4777275	73.5922850	5385.1
109	25.1	24.1	30.6	1105,793,19,24	681.0	39.4777261	73.5922847	5385.2
110	106.2	104.2	106.7	1462,729,20,16	669.5	39.4776414	73.5922699	5395.4
111	29.6	28.6	30.1	1254,1028,11,36	651.8	39.4777268	73.5922849	5385.1
112	151.8	151.8	151.8	1857,1041,16,32	648.0	39.4776386	73.5922691	5395.4
113	29.1	29.1	29.6	1307,1057,17,23	625.3	39.4777266	73.5922849	5385.2
114	18.5	18.0	22.0	1389,1057,13,23	621.9	39.4777872	73.5922953	5381.1
115	37.1	35.6	37.1	1087,1029,21,24	621.4	39.4777275	73.5922843	5385.1
116	116.8	114.7	116.8	1062,369,32,18	613.8	39.4776397	73.5922691	5395.4
117	50.1	50.1	50.1	938,376,16,20	608.7	39.4777270	73.5922836	5385.1
118	90.2	87.7	90.2	1197,1061,28,19	599.4	39.4776388	73.5922685	5395.4
119	104.2	104.2	104.7	1551,655,30,14	596.7	39.4776410	73.5922701	5395.4
120	72.7	72.7	76.2	708,740,20,19	596.5	39.4776398	73.5922683	5395.4
121	38.1	37.1	38.1	911,305,20,20	593.7	39.4777273	73.5922840	5385.1
122	30.1	29.6	30.6	972,884,20,39	592.1	39.4777270	73.5922849	5385.1
123	69.1	69.1	69.1	831,20,25,23	583.0	39.4776438	73.5922693	5393.6
124	55.6	53.1	57.6	1087,411,26,20	574.7	39.4777282	73.5922840	5385.2
125	81.2	80.7	81.2	856,54,20,18	567.3	39.4776413	73.5922692	5395.4
126	49.6	49.1	49.6	933,210,20,18	547.1	39.4777263	73.5922836	5385.2
127	98.7	97.7	98.7	1889,481,15,17	528.3	39.4776395	73.5922696	5395.4
128	90.7	90.7	91.7	591,865,19,17	525.9	39.4776382	73.5922685	5395.4
129	119.3	118.8	119.8	1060,463,25,23	525.7	39.4776392	73.5922685	5395.4
130	36.1	36.1	36.1	902,1063,27,12	525.4	39.4777275	73.5922845	5385.1
131	94.7	94.2	96.2	817,285,13,20	524.0	39.4776384	73.5922688	5395.4
132	36.1	36.1	37.6	1247,1001,15,22	519.8	39.4777275	73.5922845	5385.1
133	87.2	85.2	88.7	1667,795,22,14	514.4	39.4776390	73.5922688	5395.4
134	157.8	157.8	157.8	1684,937,29,16	513.7	39.4776401	73.5922703	5395.4
135	13.5	13.0	14.0	1348,1048,25,32	509.0	39.4778065	73.5922989	5381.1
136	38.6	38.6	38.6	385,723,29,15	500.2	39.4777273	73.5922839	5385.1
137	163.4	163.4	163.4	1527,143,36,16	487.7	39.4776412	73.5922706	5395.4
138	162.8	162.8	162.8	1904,308,16,25	487.4	39.4776414	73.5922707	5395.4
139	154.3	153.3	154.3	537,579,13,15	484.7	39.4776387	73.5922696	5395.4
140	97.2	97.2	98.7	1529,333,24,28	480.8	39.4776394	73.5922693	5395.4
141	99.7	99.2	100.7	1333,607,19,10	478.8	39.4776400	73.5922697	5395.4
142	165.4	165.4	165.4	1091,493,19,18	468.3	39.4776412	73.5922709	5395.4
143	37.1	36.1	37.1	981,1049,22,14	461.9	39.4777275	73.5922843	5385.1
144	132.8	130.3	139.3	1089,515,14,14	459.1	39.4776407	73.5922690	5395.4
145	60.1	60.1	60.1	1486,852,10,18	437.2	39.4777286	73.5922839	5385.1
146	78.2	78.2	78.2	1853,0,43,10	428.3	39.4776411	73.5922690	5395.4
147	98.7	96.2	98.7	801,361,16,24	424.0	39.4776395	73.5922696	5395.4
148	85.7	84.2	90.2	1697,793,16,8	416.6	39.4776400	73.5922688	5395.4
149	38.6	38.6	38.6	571,869,22,18	416.0	39.4777273	73.5922839	5385.1
150	27.1	26.6	28.1	909,1050,29,13	414.8	39.4777261	73.5922843	5385.2
151	140.8	140.3	142.3	657,737,16,15	413.2	39.4776413	73.5922696	5395.4
152	50.6	50.6	50.6	1530,0,20,9	410.4	39.4777272	73.5922836	5385.1
153	100.2	100.2	100.7	955,863,22,11	409.3	39.4776403	73.5922697	5395.4
154	109.7	108.7	110.7	1273,704,16,25	404.7	39.4776415	73.5922704	5395.4
155	38.1	37.6	38.1	1004,783,13,20	401.5	39.4777273	73.5922840	5385.1
156	43.6	42.1	43.6	955,0,21,23	400.2	39.4777261	73.5922835	5385.2
157	102.2	102.2	102.2	1265,1041,24,14	399.1	39.4776408	73.5922699	5395.4
158	148.8	148.8	148.8	1713,870,16,19	395.7	39.4776390	73.5922688	5395.4
159	113.2	113.2	113.2	1877,715,13,18	394.4	39.4776409	73.5922697	5395.4
160	93.7	93.7	93.7	890,414,14,21	391.8	39.4776384	73.5922688	5395.4
161	49.1	49.1	49.1	951,53,15,15	381.1	39.4777260	73.5922836	5385.2
162	67.6	67.6	67.6	589,0,12,31	380.4	39.4776654	73.5922729	5391.3
163	88.7	86.2	90.2	1391,922,15,14	375.8	39.4776391	73.5922687	5395.4
164	154.3	153.8	154.3	589,616,16,9	368.1	39.4776387	73.5922696	5395.4
165	95.2	95.2	98.2	357,75,14,14	363.2	39.4776385	73.5922688	5395.4
166	28.6	28.6	28.6	1205,1015,11,25	361.8	39.4777265	73.5922848	5385.2
167	12.0	11.0	12.0	908,605,13,15	360.7	39.4778065	73.5922990	5381.1
168	150.8	150.8	152.3	1873,1063,21,14	356.0	39.4776387	73.5922690	5395.4
169	127.8	127.8	127.8	113,489,16,8	354.5	39.4776395	73.5922694	5395.4
170	25.6	25.6	28.1	724,984,16,14	350.8	39.4777263	73.5922845	5385.2
171	100.7	100.7	101.2	1193,993,18,8	349.2	39.4776401	73.5922697	5395.4
172	2.5	1.5	2.5	1041,879,19,17	348.7	39.4778054	73.5922987	5381.1
173	60.6	60.6	60.6	1728,8,16,23	347.6	39.4777285	73.5922838	5385.1
174	127.8	127.8	127.8	211,673,14,15	347.2	39.4776395	73.5922694	5395.4
175	9.5	9.5	9.5	538,153,12,15	333.7	39.4778064	73.5922993	5381.1
176	101.2	101.2	101.2	1839,1062,15,10	332.4	39.4776401	73.5922697	5395.4
177	101.2	101.2	101.2	1907,1002,13,20	332.0	39.4776401	73.5922697	5395.4
178	113.2	113.2	113.2	308,455,22,13	325.8	39.4776409	73.5922697	5395.4
179	35.6	35.6	35.6	1083,581,14,17	325.6	39.4777276	73.5922846	5385.1
180	89.2	87.7	90.7	548,725,10,19	322.1	39.4776390	73.5922686	5395.4
181	46.6	46.6	46.6	1325,597,26,16	321.8	39.4777258	73.5922836	5385.1
182	88.7	85.2	89.2	1276,935,7,22	321.7	39.4776391	73.5922687	5395.4
183	98.7	98.2	99.7	845,419,20,21	304.2	39.4776395	73.5922696	5395.4
184	142.8	142.8	142.8	17,0,16,13	298.5	39.4776409	73.5922693	5395.4
185	50.6	50.6	50.6	1280,71,15,10	298.2	39.4777272	73.5922836	5385.1
186	90.7	88.7	90.7	1252,1073,13,7	295.5	39.4776382	73.5922685	5395.4
187	143.8	142.8	146.8	225,785,12,16	293.8	39.4776402	73.5922691	5395.4
188	28.6	28.6	29.6	907,991,21,18	288.6	39.4777265	73.5922848	5385.2
189	127.8	127.8	127.8	113,785,16,12	282.1	39.4776395	73.5922694	5395.4
190	58.1	58.1	58.1	1154,332,23,11	275.9	39.4777286	73.5922841	5385.1
191	164.9	164.9	164.9	657,337,16,8	275.4	39.4776412	73.5922708	5395.4
192	36.6	35.6	37.6	1067,877,11,9	274.4	39.4777275	73.5922844	5385.1
193	128.8	128.8	128.8	1602,951,15,10	271.9	39.4776401	73.5922694	5395.4
194	25.6	25.6	26.1	820,1069,12,11	268.1	39.4777263	73.5922845	5385.2
195	127.8	127.8	127.8	259,617,14,8	266.5	39.4776395	73.5922694	5395.4
196	96.2	96.2	96.7	68,1053,10,12	260.5	39.4776386	73.5922690	5395.4
197	101.2	100.7	101.2	1265,1027,16,14	256.0	39.4776401	73.5922697	5395.4
198	101.2	100.7	101.2	1314,945,15,11	252.8	39.4776401	73.5922697	5395.4
199	25.6	25.1	25.6	948,1008,7,14	251.7	39.4777263	73.5922845	5385.2
200	82.7	82.7	83.7	1265,505,16,16	250.8	39.4776408	73.5922690	5395.4
201	12.0	11.0	12.0	765,443,18,14	249.0	39.4778065	73.5922990	5381.1
202	98.7	98.7	98.7	591,1037,18,12	248.7	39.4776395	73.5922696	5395.4
203	78.7	76.2	78.7	1819,98,16,7	248.3	39.4776412	73.5922690	5395.4
204	37.1	36.1	37.1	1047,1048,14,17	244.5	39.4777275	73.5922843	5385.1
205	12.5	12.5	12.5	1883,970,9,30	241.4	39.4778065	73.5922990	5381.1
206	139.8	139.8	140.3	1465,992,12,14	238.8	39.4776413	73.5922696	5395.4
207	15.5	13.5	20.0	1177,305,12,8	238.2	39.4778064	73.5922987	5381.1
208	4.0	3.5	4.0	903,460,14,21	237.6	39.4778054	73.5922990	5381.1
209	169.9	165.4	172.9	1057,623,12,12	236.8	39.4776412	73.5922709	5395.4
210	37.6	37.6	38.1	921,1009,15,7	234.7	39.4777274	73.5922842	5385.1
211	142.8	140.8	142.8	789,291,13,14	234.1	39.4776409	73.5922693	5395.4
212	128.8	128.8	128.8	1371,865,22,13	232.6	39.4776401	73.5922694	5395.4
213	98.2	95.7	98.2	1079,1065,10,15	232.4	39.4776397	73.5922695	5395.4
214	99.2	99.2	99.2	1528,586,11,6	232.3	39.4776394	73.5922696	5395.4
215	4.0	4.0	4.0	827,439,10,20	231.0	39.4778054	73.5922990	5381.1
216	20.5	20.5	21.0	1293,1074,16,6	229.9	39.4777373	73.5922867	5381.1
217	96.2	95.7	96.2	1523,279,14,13	229.6	39.4776386	73.5922690	5395.4
218	51.6	51.6	53.6	1121,1054,12,11	228.7	39.4777269	73.5922836	5385.1
219	3.0	3.0	6.5	1170,339,11,16	226.1	39.4778054	73.5922988	5381.1
220	81.2	81.2	81.2	885,74,15,13	225.9	39.4776413	73.5922692	5395.4
221	95.7	95.7	95.7	1725,460,16,16	223.1	39.4776385	73.5922688	5395.4
222	150.8	150.3	150.8	1413,850,20,11	222.3	39.4776387	73.5922690	5395.4
223	46.6	46.6	46.6	1381,605,28,14	221.9	39.4777258	73.5922836	5385.1
224	99.7	99.7	99.7	1333,553,11,12	215.3	39.4776400	73.5922697	5395.4
225	144.8	143.3	146.3	657,881,12,16	212.8	39.4776398	73.5922690	5395.4
226	36.1	36.1	36.1	461,577,11,12	212.3	39.4777275	73.5922845	5385.1
227	12.0	11.0	12.0	1025,626,9,11	209.4	39.4778065	73.5922990	5381.1
228	100.7	100.7	100.7	1396,149,11,12	209.3	39.4776401	73.5922697	5395.4
229	86.2	82.2	87.2	1679,841,14,12	206.5	39.4776397	73.5922688	5395.4
230	52.1	52.1	52.1	626,699,8,28	206.2	39.4777274	73.5922836	5385.1
231	48.1	48.1	48.1	1026,622,15,11	203.3	39.4777259	73.5922836	5385.2
232	76.7	76.7	76.7	1255,831,9,18	199.8	39.4776406	73.5922688	5395.4
233	100.7	99.7	100.7	1207,1073,18,7	196.6	39.4776401	73.5922697	5395.4
234	140.8	140.3	142.3	546,687,12,10	191.2	39.4776413	73.5922696	5395.4
235	89.2	84.7	90.2	1320,1033,13,12	191.1	39.4776390	73.5922686	5395.4
236	3.0	3.0	3.0	1297,441,4,17	189.9	39.4778054	73.5922988	5381.1
237	149.8	149.8	151.8	1753,957,16,9	189.9	39.4776389	73.5922689	5395.4
238	140.8	140.8	140.8	409,609,8,8	185.7	39.4776413	73.5922696	5395.4
239	142.3	140.8	142.3	585,444,13,11	184.1	39.4776410	73.5922694	5395.4
240	101.2	99.2	101.2	1814,1038,10,8	183.7	39.4776401	73.5922697	5395.4
241	30.1	29.1	30.1	1684,654,12,13	183.4	39.4777270	73.5922849	5385.1
242	101.7	100.2	102.2	1367,993,10,19	183.2	39.4776402	73.5922698	5395.4
243	90.7	90.7	90.7	1215,989,14,9	180.8	39.4776382	73.5922685	5395.4
244	3.5	3.5	3.5	537,161,8,12	178.3	39.4778054	73.5922988	5381.1
245	74.7	73.7	74.7	1225,404,8,8	177.9	39.4776399	73.5922685	5395.4
246	150.8	150.8	150.8	1903,1073,17,7	176.6	39.4776387	73.5922690	5395.4
247	23.0	22.5	24.1	1286,711,9,18	173.4	39.4777255	73.5922851	5384.1
248	100.2	100.2	100.2	1061,937,8,14	172.2	39.4776403	73.5922697	5395.4
249	144.8	144.8	145.8	619,753,6,16	172.1	39.4776398	73.5922690	5395.4
250	152.3	152.3	152.3	1639,1053,7,16	169.0	39.4776386	73.5922691	5395.4
251	52.6	51.6	52.6	1038,1067,10,13	167.9	39.4777278	73.5922837	5385.1
252	147.3	145.8	147.8	1807,935,18,10	167.3	39.4776390	73.5922688	5395.4
253	6.5	6.5	6.5	337,129,8,12	165.3	39.4778057	73.5922992	5381.1
254	36.6	36.6	36.6	1055,1019,15,12	165.3	39.4777275	73.5922844	5385.1
255	85.7	85.2	88.7	1909,883,11,14	164.5	39.4776400	73.5922688	5395.4
256	10.0	8.0	10.0	747,433,16,16	164.0	39.4778064	73.5922992	5381.1
257	43.6	43.6	43.6	1041,559,12,6	161.5	39.4777261	73.5922835	5385.2
258	152.8	152.8	152.8	612,570,12,12	157.2	39.4776386	73.5922692	5395.4
259	93.2	91.2	93.2	641,1011,8,14	156.1	39.4776384	73.5922688	5395.4
260	100.7	99.2	100.7	1291,1009,6,15	152.9	39.4776401	73.5922697	5395.4
261	91.2	91.2	95.7	1131,881,12,8	152.0	39.4776384	73.5922685	5395.4
262	100.7	100.7	102.2	1121,689,8,8	151.9	39.4776401	73.5922697	5395.4
263	92.7	91.2	92.7	765,875,10,7	151.7	39.4776384	73.5922686	5395.4
264	36.1	36.1	36.1	352,512,14,11	149.3	39.4777275	73.5922845	5385.1
265	92.7	91.2	92.7	716,905,9,8	148.4	39.4776384	73.5922686	5395.4
266	147.8	147.3	147.8	1361,816,8,12	147.2	39.4776391	73.5922688	5395.4
267	102.7	101.2	103.2	1431,945,8,10	145.6	39.4776406	73.5922700	5395.4
268	72.7	71.7	74.2	979,913,10,12	143.0	39.4776398	73.5922683	5395.4
269	73.7	73.7	73.7	825,339,10,11	139.7	39.4776397	73.5922684	5395.4
270	28.6	28.6	28.6	1241,995,8,9	139.2	39.4777265	73.5922848	5385.2
271	112.7	112.7	112.7	63,801,10,8	138.8	39.4776410	73.5922698	5395.4
272	140.8	140.8	141.3	505,299,8,6	138.3	39.4776413	73.5922696	5395.4
273	150.8	150.3	150.8	1709,931,12,11	137.9	39.4776387	73.5922690	5395.4
274	97.7	97.7	97.7	694,1022,8,16	137.8	39.4776397	73.5922694	5395.4
275	143.8	143.8	146.3	281,809,16,8	136.4	39.4776402	73.5922691	5395.4
276	2.5	2.0	2.5	540,17,5,8	134.7	39.4778054	73.5922987	5381.1
277	90.7	89.7	90.7	1586,401,10,4	133.6	39.4776382	73.5922685	5395.4
278	90.7	90.7	90.7	1589,465,8,6	133.5	39.4776382	73.5922685	5395.4
279	100.7	100.7	101.2	1267,1073,9,7	130.3	39.4776401	73.5922697	5395.4
280	37.6	37.6	37.6	1199,1062,7,14	128.3	39.4777274	73.5922842	5385.1
281	82.7	82.7	82.7	1493,81,15,8	127.7	39.4776408	73.5922690	5395.4
282	143.8	142.8	145.8	246,881,8,12	127.4	39.4776402	73.5922691	5395.4
283	95.7	95.7	95.7	1593,391,13,10	127.0	39.4776385	73.5922688	5395.4
284	142.8	142.8	142.8	849,309,12,8	126.0	39.4776409	73.5922693	5395.4
285	164.4	164.4	164.4	1553,901,8,12	124.7	39.4776411	73.5922707	5395.4
286	14.0	13.0	14.0	1865,1069,4,11	124.6	39.4778065	73.5922988	5381.1
287	112.7	112.2	112.7	147,545,14,8	123.9	39.4776410	73.5922698	5395.4
288	76.7	76.7	76.7	1388,545,11,7	122.1	39.4776406	73.5922688	5395.4
289	71.7	68.6	73.7	1113,851,12,4	115.8	39.4776393	73.5922684	5395.4
290	94.7	94.7	94.7	1241,517,8,5	113.7	39.4776384	73.5922688	5395.4
291	96.7	96.7	98.2	1897,525,8,4	113.7	39.4776387	73.5922691	5395.4
292	98.2	97.2	98.2	1777,687,16,8	111.9	39.4776397	73.5922695	5395.4
293	9.0	9.0	9.0	400,0,8,8	110.2	39.4778061	73.5922993	5381.1
294	69.1	64.6	69.1	1721,795,8,6	109.4	39.4776438	73.5922693	5393.6
295	163.4	163.4	163.4	1911,829,9,8	108.0	39.4776412	73.5922706	5395.4
296	96.7	96.7	96.7	1133,857,4,8	107.3	39.4776387	73.5922691	5395.4
297	87.7	86.7	87.7	1339,889,8,6	106.8	39.4776391	73.5922688	5395.4
298	97.7	97.7	97.7	790,244,11,13	105.7	39.4776397	73.5922694	5395.4
299	143.3	143.3	143.8	367,943,12,9	105.5	39.4776407	73.5922692	5395.4
300	93.7	93.7	93.7	833,561,8,4	104.7	39.4776384	73.5922688	5395.4
301	77.7	77.7	77.7	1838,601,8,5	104.6	39.4776411	73.5922689	5395.4
302	90.7	89.7	90.7	1067,992,16,4	103.9	39.4776382	73.5922685	5395.4
303	131.8	129.8	138.8	1385,717,8,4	103.8	39.4776402	73.5922694	5395.4
304	88.7	85.2	88.7	1111,913,8,8	102.8	39.4776391	73.5922687	5395.4
305	164.9	164.9	164.9	1329,769,8,4	102.3	39.4776412	73.5922708	5395.4
306	142.8	142.8	142.8	1315,1041,8,7	102.2	39.4776409	73.5922693	5395.4
307	138.3	134.8	140.8	1305,959,8,6	102.0	39.4776413	73.5922695	5395.4
308	100.7	100.7	100.7	1087,547,12,12	100.9	39.4776401	73.5922697	5395.4
309	143.3	143.3	143.3	355,1009,10,8	100.5	39.4776407	73.5922692	5395.4
310	164.4	164.4	164.4	1623,951,14,10	100.5	39.4776411	73.5922707	5395.4
311	84.7	84.7	84.7	1119,529,12,6	100.3	39.4776401	73.5922691	5395.4
312	38.6	38.6	38.6	1177,265,3,16	99.4	39.4777273	73.5922839	5385.1
313	93.2	90.2	93.2	517,941,10,10	99.1	39.4776384	73.5922688	5395.4
314	93.7	93.7	93.7	354,921,5,8	98.7	39.4776384	73.5922688	5395.4
315	9.0	8.5	10.0	825,241,6,8	98.5	39.4778061	73.5922993	5381.1
316	112.7	112.2	112.7	241,725,8,6	98.3	39.4776410	73.5922698	5395.4
317	38.6	38.6	38.6	1347,309,14,4	97.3	39.4777273	73.5922839	5385.1
318	74.2	69.1	74.2	1121,1025,14,6	95.8	39.4776398	73.5922684	5395.4
319	97.7	95.2	97.7	1322,521,8,6	95.6	39.4776397	73.5922694	5395.4
320	106.7	104.7	110.2	641,505,12,10	95.4	39.4776414	73.5922700	5395.4
321	157.8	157.8	157.8	1409,913,5,7	95.1	39.4776401	73.5922703	5395.4
322	95.2	95.2	95.7	545,25,12,8	94.9	39.4776385	73.5922688	5395.4
323	145.8	142.8	147.3	1793,841,6,8	94.3	39.4776399	73.5922689	5395.4
324	35.1	35.1	35.1	1096,1001,7,6	94.1	39.4777276	73.5922847	5385.2
325	89.7	85.7	89.7	1123,1073,5,7	93.8	39.4776389	73.5922685	5395.4
326	91.2	91.2	91.7	1114,1075,9,5	93.7	39.4776384	73.5922685	5395.4
327	145.3	145.3	145.3	1909,1072,11,8	93.7	39.4776399	73.5922688	5395.4
328	83.7	83.2	86.7	1761,737,12,4	93.6	39.4776399	73.5922691	5395.4
329	99.7	99.7	99.7	945,905,9,6	93.6	39.4776400	73.5922697	5395.4
330	29.1	29.1	29.6	1284,323,5,10	91.7	39.4777266	73.5922849	5385.2
331	97.2	97.2	98.7	1696,425,9,20	91.6	39.4776394	73.5922693	5395.4
332	70.7	69.6	70.7	455,34,6,7	91.3	39.4776390	73.5922685	5395.1
333	93.7	93.7	93.7	365,669,10,6	91.1	39.4776384	73.5922688	5395.4
334	143.3	143.3	144.3	182,323,11,8	90.2	39.4776407	73.5922692	5395.4
335	87.2	87.2	87.2	1858,1045,7,8	88.7	39.4776390	73.5922688	5395.4
336	5.0	2.0	5.0	1361,519,8,4	88.5	39.4778054	73.5922991	5381.1
337	3.5	3.5	3.5	650,165,7,8	87.8	39.4778054	73.5922988	5381.1
338	122.3	122.3	122.3	0,539,5,8	87.3	39.4776389	73.5922686	5395.4
339	70.7	69.6	70.7	1761,1033,8,4	86.8	39.4776390	73.5922685	5395.1
340	10.0	10.0	12.0	889,605,6,6	86.1	39.4778064	73.5922992	5381.1
341	86.7	85.2	90.2	1565,753,4,16	86.1	39.4776393	73.5922688	5395.4
342	142.8	142.8	142.8	337,113,2,16	85.4	39.4776409	73.5922693	5395.4
343	85.2	85.2	85.7	1873,1041,12,10	84.7	39.4776401	73.5922690	5395.4
344	48.6	48.6	48.6	1233,0,4,8	84.3	39.4777259	73.5922836	5385.2
345	79.2	79.2	79.2	1789,465,5,10	84.0	39.4776412	73.5922691	5395.4
346	76.7	76.7	76.7	1417,545,4,8	83.8	39.4776406	73.5922688	5395.4
347	164.9	164.9	164.9	579,601,6,8	83.8	39.4776412	73.5922708	5395.4
348	93.2	93.2	94.2	109,750,8,4	83.4	39.4776384	73.5922688	5395.4
349	82.7	82.7	82.7	1623,111,5,6	83.3	39.4776408	73.5922690	5395.4
350	3.0	3.0	5.5	1135,319,6,6	83.1	39.4778054	73.5922988	5381.1
351	77.7	77.7	77.7	1561,309,5,9	82.8	39.4776411	73.5922689	5395.4
352	4.0	4.0	4.0	1291,717,10,8	82.5	39.4778054	73.5922990	5381.1
353	164.4	164.4	164.4	1513,883,6,14	81.8	39.4776411	73.5922707	5395.4
354	3.5	3.5	3.5	825,1002,2,15	81.4	39.4778054	73.5922988	5381.1
355	98.2	98.2	98.2	858,342,9,5	81.3	39.4776397	73.5922695	5395.4
356	59.1	59.1	62.6	1445,107,12,5	81.0	39.4777286	73.5922841	5385.1
357	59.1	57.1	59.1	1535,131,16,4	79.7	39.4777286	73.5922841	5385.1
358	142.8	142.8	142.8	456,858,5,11	79.4	39.4776409	73.5922693	5395.4
359	99.2	99.2	99.2	341,1020,6,9	79.3	39.4776394	73.5922696	5395.4
360	112.7	112.7	112.7	9,661,8,6	79.3	39.4776410	73.5922698	5395.4
361	165.9	165.9	166.9	1581,810,4,7	77.9	39.4776413	73.5922710	5395.4
362	8.5	8.5	8.5	1497,169,8,16	77.7	39.4778060	73.5922993	5381.1
363	141.3	140.3	143.3	1355,849,6,10	77.5	39.4776412	73.5922696	5395.4
364	38.6	38.6	38.6	357,627,8,6	77.3	39.4777273	73.5922839	5385.1
365	8.5	7.5	9.5	969,185,6,8	76.8	39.4778060	73.5922993	5381.1
366	128.8	128.8	128.8	561,429,8,4	76.4	39.4776401	73.5922694	5395.4
367	128.8	128.8	128.8	1553,893,7,8	76.1	39.4776401	73.5922694	5395.4
368	147.8	145.3	147.8	1289,785,8,7	76.1	39.4776391	73.5922688	5395.4
369	9.5	8.5	9.5	505,33,8,8	75.9	39.4778064	73.5922993	5381.1
370	88.7	88.7	88.7	961,919,16,2	75.5	39.4776391	73.5922687	5395.4
371	37.1	37.1	37.1	1205,1073,7,7	75.1	39.4777275	73.5922843	5385.1
372	99.7	99.7	99.7	1012,1047,11,6	75.0	39.4776400	73.5922697	5395.4
373	62.6	60.6	62.6	1257,809,8,8	74.8	39.4777281	73.5922839	5385.1
374	93.7	93.7	93.7	538,461,3,9	73.7	39.4776384	73.5922688	5395.4
375	145.8	145.8	145.8	1223,1025,4,10	73.3	39.4776399	73.5922689	5395.4
376	149.3	149.3	149.3	1887,998,4,12	73.0	39.4776390	73.5922689	5395.4
377	42.6	42.6	43.1	1033,567,7,3	72.6	39.4777263	73.5922833	5385.2
378	93.2	90.7	93.2	644,935,5,12	72.4	39.4776384	73.5922688	5395.4
379	51.1	51.1	51.1	1267,257,4,7	72.2	39.4777269	73.5922836	5385.1
380	122.3	122.3	122.3	895,1068,14,4	72.0	39.4776389	73.5922686	5395.4
381	164.9	164.9	164.9	1361,497,6,7	71.8	39.4776412	73.5922708	5395.4
382	6.0	6.0	6.0	1225,501,4,8	71.7	39.4778056	73.5922992	5381.1
383	95.7	95.2	95.7	1353,241,8,8	71.7	39.4776385	73.5922688	5395.4
384	123.8	123.8	123.8	1115,236,2,16	71.5	39.4776389	73.5922689	5395.4
385	151.3	151.3	151.3	1196,877,10,10	71.5	39.4776387	73.5922690	5395.4
386	88.7	88.7	90.7	1869,120,6,9	71.3	39.4776391	73.5922687	5395.4
387	93.7	93.7	93.7	457,995,6,7	71.3	39.4776384	73.5922688	5395.4
388	87.2	87.2	88.7	1765,937,10,8	71.0	39.4776390	73.5922688	5395.4
389	101.2	100.7	101.2	1201,1027,8,3	71.0	39.4776401	73.5922697	5395.4
390	40.6	40.6	40.6	881,609,16,2	70.2	39.4777265	73.5922834	5385.1
391	0.5	0.5	0.5	1875,529,8,10	69.8	39.4778057	73.5922987	5381.1
392	170.4	170.4	173.9	1287,762,8,5	69.8	39.4776411	73.5922707	5395.4
393	50.6	50.6	50.6	1249,257,7,3	69.4	39.4777272	73.5922836	5385.1
394	100.7	100.7	100.7	1255,705,4,6	69.4	39.4776401	73.5922697	5395.4
395	144.8	144.8	144.8	253,51,4,6	68.9	39.4776398	73.5922690	5395.4
396	148.8	148.8	148.8	1884,904,11,3	68.7	39.4776390	73.5922688	5395.4
397	159.3	157.3	159.3	1451,833,10,8	68.6	39.4776401	73.5922705	5395.4
398	3.5	3.5	4.5	545,155,8,4	68.3	39.4778054	73.5922988	5381.1
399	144.8	144.8	144.8	961,833,16,4	67.9	39.4776398	73.5922690	5395.4
400	86.7	86.7	87.7	1689,186,5,12	67.0	39.4776393	73.5922688	5395.4
401	3.5	3.0	7.0	1251,502,4,13	66.8	39.4778054	73.5922988	5381.1
402	77.7	77.7	77.7	1476,307,5,5	66.4	39.4776411	73.5922689	5395.4
403	90.7	90.7	90.7	1171,1035,8,4	66.4	39.4776382	73.5922685	5395.4
404	93.7	93.7	94.2	668,433,5,9	66.0	39.4776384	73.5922688	5395.4
405	85.7	85.7	88.7	1589,161,6,5	65.3	39.4776400	73.5922688	5395.4
406	73.7	72.7	73.7	1081,539,8,4	64.8	39.4776397	73.5922684	5395.4
407	96.7	96.7	96.7	365,969,4,8	64.8	39.4776387	73.5922691	5395.4
408	88.7	88.7	90.2	1801,184,4,8	64.6	39.4776391	73.5922687	5395.4
409	142.8	142.8	144.8	85,552,10,5	64.3	39.4776409	73.5922693	5395.4
410	86.2	86.2	86.7	1635,361,10,4	64.1	39.4776397	73.5922688	5395.4
411	93.7	93.7	93.7	255,657,10,4	63.9	39.4776384	73.5922688	5395.4
412	112.7	112.7	112.7	161,679,8,4	63.7	39.4776410	73.5922698	5395.4
413	117.3	117.3	117.3	175,135,3,10	63.4	39.4776396	73.5922689	5395.4
414	96.7	96.7	98.7	485,931,4,6	63.2	39.4776387	73.5922691	5395.4
415	86.2	84.7	86.7	1415,252,9,5	62.8	39.4776397	73.5922688	5395.4
416	88.7	88.7	90.2	1471,849,2,12	62.5	39.4776391	73.5922687	5395.4
417	9.5	9.5	9.5	1499,651,6,6	62.4	39.4778064	73.5922993	5381.1
418	96.2	96.2	97.7	148,696,9,7	62.3	39.4776386	73.5922690	5395.4
419	139.8	139.8	139.8	750,544,5,9	61.6	39.4776413	73.5922696	5395.4
420	5.0	5.0	5.0	291,85,4,6	61.2	39.4778054	73.5922991	5381.1
421	90.2	90.2	90.2	1465,323,8,4	61.1	39.4776388	73.5922685	5395.4
422	54.6	51.6	54.6	1331,481,6,4	59.9	39.4777280	73.5922840	5385.2
423	85.7	85.7	85.7	1515,145,6,4	59.9	39.4776400	73.5922688	5395.4
424	140.8	140.8	140.8	721,273,3,8	59.8	39.4776413	73.5922696	5395.4
425	69.1	69.1	69.1	1111,549,6,8	59.6	39.4776438	73.5922693	5393.6
426	100.7	100.7	100.7	961,941,12,2	59.5	39.4776401	73.5922697	5395.4
427	20.5	20.5	20.5	1281,567,4,5	59.4	39.4777373	73.5922867	5381.1
428	93.7	93.7	93.7	117,790,6,9	59.4	39.4776384	73.5922688	5395.4
429	91.2	91.2	91.2	1075,954,6,7	59.2	39.4776384	73.5922685	5395.4
430	92.7	91.7	92.7	713,837,6,3	59.2	39.4776384	73.5922686	5395.4
431	101.2	101.2	103.7	1409,124,4,9	59.1	39.4776401	73.5922697	5395.4
432	142.8	142.8	143.3	1569,916,6,5	59.1	39.4776409	73.5922693	5395.4
433	1.5	1.5	1.5	65,21,16,2	59.0	39.4778055	73.5922987	5381.1
434	3.0	3.0	3.0	1443,625,4,8	59.0	39.4778054	73.5922988	5381.1
435	99.7	99.7	99.7	575,888,5,7	59.0	39.4776400	73.5922697	5395.4
436	51.1	51.1	51.1	881,188,8,3	58.8	39.4777269	73.5922836	5385.1
437	131.8	131.8	131.8	1133,523,4,6	58.3	39.4776402	73.5922694	5395.4
438	8.0	8.0	8.0	1701,833,4,6	57.8	39.4778060	73.5922993	5381.1
439	95.7	95.7	95.7	1914,872,6,6	57.4	39.4776385	73.5922688	5395.4
440	140.8	139.8	140.8	769,737,13,2	57.4	39.4776413	73.5922696	5395.4
441	18.0	18.0	18.0	931,607,4,6	57.0	39.4777962	73.5922969	5381.1
442	99.7	99.7	99.7	1095,1073,4,7	56.8	39.4776400	73.5922697	5395.4
443	37.6	37.6	37.6	1307,33,2,16	56.5	39.4777274	73.5922842	5385.1
444	82.7	82.7	82.7	1697,907,8,5	56.1	39.4776408	73.5922690	5395.4
445	8.0	8.0	9.5	0,33,5,4	56.0	39.4778060	73.5922993	5381.1
446	9.5	8.5	10.0	553,57,8,8	56.0	39.4778064	73.5922993	5381.1
447	115.7	115.7	116.8	1467,213,2,8	56.0	39.4776399	73.5922692	5395.4
448	95.2	95.2	95.2	1093,338,6,4	55.9	39.4776385	73.5922688	5395.4
449	163.9	163.9	163.9	1810,999,7,10	55.9	39.4776411	73.5922706	5395.4
450	41.6	41.6	41.6	849,257,2,16	55.1	39.4777265	73.5922833	5385.1
451	67.6	67.6	67.6	1093,0,2,9	54.9	39.4776654	73.5922729	5391.3
452	43.1	43.1	43.1	1121,243,8,2	54.7	39.4777262	73.5922835	5385.2
453	98.7	98.7	98.7	651,820,4,7	54.5	39.4776395	73.5922696	5395.4
454	93.2	93.2	94.2	431,689,8,6	53.5	39.4776384	73.5922688	5395.4
455	63.6	63.6	63.6	1027,35,10,4	53.2	39.4777243	73.5922831	5385.8
456	15.0	15.0	15.0	833,509,4,6	53.0	39.4778064	73.5922986	5381.1
457	35.6	35.6	35.6	117,524,4,4	53.0	39.4777276	73.5922846	5385.1
458	97.7	97.7	98.2	837,801,4,8	52.6	39.4776397	73.5922694	5395.4
459	158.8	157.3	158.8	1551,997,6,7	52.5	39.4776401	73.5922704	5395.4
460	50.6	50.6	51.6	1255,0,2,9	52.4	39.4777272	73.5922836	5385.1
461	75.7	74.7	75.7	1184,889,5,4	52.3	39.4776402	73.5922687	5395.4
462	145.8	145.8	145.8	1225,707,6,8	52.3	39.4776399	73.5922689	5395.4
463	38.6	38.6	38.6	823,203,6,4	52.2	39.4777273	73.5922839	5385.1
464	86.7	86.7	87.7	1615,887,2,10	51.9	39.4776393	73.5922688	5395.4
465	51.1	51.1	51.1	387,760,5,5	51.7	39.4777269	73.5922836	5385.1
466	89.7	89.7	89.7	1215,597,2,10	51.7	39.4776389	73.5922685	5395.4
467	82.7	82.7	82.7	1759,0,4,6	51.5	39.4776408	73.5922690	5395.4
468	70.7	70.7	72.7	959,714,3,7	51.1	39.4776390	73.5922685	5395.1
469	93.7	93.7	96.2	615,325,10,4	51.1	39.4776384	73.5922688	5395.4
470	140.8	140.8	140.8	929,431,10,2	51.1	39.4776413	73.5922696	5395.4
471	82.2	82.2	82.2	1599,331,10,4	50.9	39.4776412	73.5922691	5395.4
472	127.3	127.3	127.3	128,588,5,7	50.8	39.4776394	73.5922693	5395.4
473	97.2	96.2	97.2	465,1026,8,7	50.7	39.4776394	73.5922693	5395.4
474	96.7	96.7	97.2	1257,279,8,4	50.6	39.4776387	73.5922691	5395.4
475	93.7	93.7	93.7	438,705,6,4	50.4	39.4776384	73.5922688	5395.4
476	68.6	66.6	71.2	1825,849,4,8	50.3	39.4776515	73.5922706	5392.7
477	91.7	91.7	95.2	1043,915,5,5	50.1	39.4776384	73.5922685	5395.4
478	89.7	89.7	89.7	1777,262,2,8	50.0	39.4776389	73.5922685	5395.4
479	96.2	96.2	97.2	929,315,16,2	49.9	39.4776386	73.5922690	5395.4
480	72.2	72.2	73.7	843,413,6,4	49.7	39.4776396	73.5922684	5395.4
481	8.5	8.5	8.5	1657,705,8,8	49.5	39.4778060	73.5922993	5381.1
482	160.8	159.3	160.8	1315,865,4,6	49.5	39.4776407	73.5922706	5395.4
483	77.2	77.2	78.2	1681,1065,6,6	49.4	39.4776408	73.5922688	5395.4
484	130.3	130.3	130.3	1313,947,6,4	49.3	39.4776400	73.5922694	5395.4
485	99.7	99.7	99.7	821,766,6,3	49.1	39.4776400	73.5922697	5395.4
486	97.7	97.2	97.7	1705,449,8,2	49.0	39.4776397	73.5922694	5395.4
487	9.5	7.5	9.5	1113,257,8,8	48.9	39.4778064	73.5922993	5381.1
488	93.2	93.2	93.2	823,338,8,5	48.6	39.4776384	73.5922688	5395.4
489	164.9	164.9	164.9	1633,505,8,4	48.6	39.4776412	73.5922708	5395.4
490	144.8	144.8	144.8	1109,241,4,5	48.2	39.4776398	73.5922690	5395.4
491	94.2	94.2	94.2	59,777,14,3	48.1	39.4776384	73.5922688	5395.4
492	49.1	49.1	49.1	1034,0,10,3	47.9	39.4777260	73.5922836	5385.2
493	140.8	140.3	140.8	1239,731,8,3	47.8	39.4776413	73.5922696	5395.4
494	11.5	11.5	11.5	465,149,8,2	47.7	39.4778065	73.5922990	5381.1
495	90.2	87.7	90.2	1739,453,8,6	47.4	39.4776388	73.5922685	5395.4
496	2.0	0.5	2.0	1153,409,2,10	46.9	39.4778054	73.5922987	5381.1
497	113.7	112.7	113.7	43,737,6,4	46.5	39.4776406	73.5922697	5395.4
498	3.5	3.5	5.5	413,109,4,11	46.4	39.4778054	73.5922988	5381.1
499	4.5	4.5	5.5	1735,601,2,8	46.3	39.4778054	73.5922991	5381.1
500	11.5	11.5	11.5	1041,629,8,4	46.3	39.4778065	73.5922990	5381.1
501	42.6	42.6	42.6	929,1061,4,4	46.3	39.4777263	73.5922833	5385.2
502	98.7	97.2	98.7	1863,457,2,8	46.3	39.4776395	73.5922696	5395.4
503	69.6	69.6	69.6	443,943,6,4	46.2	39.4776406	73.5922687	5394.2
504	70.7	70.7	72.7	1771,961,6,6	46.2	39.4776390	73.5922685	5395.1
505	86.7	86.7	86.7	851,457,11,6	46.0	39.4776393	73.5922688	5395.4
506	45.6	45.6	45.6	1525,9,4,4	45.9	39.4777259	73.5922836	5385.1
507	93.7	93.7	93.7	207,813,3,8	45.9	39.4776384	73.5922688	5395.4
508	164.9	164.9	164.9	1273,477,7,4	45.2	39.4776412	73.5922708	5395.4
509	4.0	4.0	4.0	515,503,4,6	45.0	39.4778054	73.5922990	5381.1
510	50.6	50.6	50.6	1146,105,7,2	45.0	39.4777272	73.5922836	5385.1
511	3.0	3.0	3.0	1006,350,3,9	44.9	39.4778054	73.5922988	5381.1
512	2.5	2.5	4.5	1473,514,8,5	44.9	39.4778054	73.5922987	5381.1
513	98.7	98.7	98.7	1524,286,6,3	44.9	39.4776395	73.5922696	5395.4
514	114.7	114.7	114.7	781,619,4,6	44.9	39.4776396	73.5922695	5395.4
515	93.2	93.2	93.2	748,1043,5,6	44.7	39.4776384	73.5922688	5395.4
516	79.2	79.2	79.2	1905,307,7,3	44.6	39.4776412	73.5922691	5395.4
517	9.5	9.5	9.5	1017,745,8,8	44.2	39.4778064	73.5922993	5381.1
518	7.5	7.5	7.5	405,385,4,4	44.0	39.4778059	73.5922992	5381.1
519	12.0	12.0	12.0	649,274,6,5	43.7	39.4778065	73.5922990	5381.1
520	95.7	94.2	97.2	805,265,4,6	43.7	39.4776385	73.5922688	5395.4
521	70.7	70.7	70.7	953,1039,8,8	43.6	39.4776390	73.5922685	5395.1
522	96.7	96.7	98.7	1761,545,2,8	43.5	39.4776387	73.5922691	5395.4
523	143.8	143.3	146.8	365,934,2,9	43.5	39.4776402	73.5922691	5395.4
524	68.6	63.6	69.6	1801,933,2,12	43.3	39.4776515	73.5922706	5392.7
525	95.7	95.7	95.7	1828,905,3,5	43.1	39.4776385	73.5922688	5395.4
526	128.8	128.8	128.8	1357,313,4,8	43.0	39.4776401	73.5922694	5395.4
527	67.1	67.1	67.1	879,19,6,8	42.9	39.4776755	73.5922747	5390.4
528	95.2	95.2	95.2	1574,1039,7,8	42.9	39.4776385	73.5922688	5395.4
529	95.7	95.7	95.7	458,169,7,7	42.9	39.4776385	73.5922688	5395.4
530	165.4	165.4	165.4	1401,625,2,8	42.9	39.4776412	73.5922709	5395.4
531	165.4	165.4	165.4	1567,709,7,4	42.7	39.4776412	73.5922709	5395.4
532	166.4	166.4	166.4	1379,663,5,4	42.7	39.4776414	73.5922711	5395.4
533	63.6	61.6	63.6	145,1023,8,4	42.6	39.4777243	73.5922831	5385.8
534	85.7	83.7	85.7	1453,916,4,4	42.6	39.4776400	73.5922688	5395.4
535	117.3	117.3	117.3	337,236,6,3	42.5	39.4776396	73.5922689	5395.4
536	67.6	65.6	67.6	987,151,4,6	42.4	39.4776654	73.5922729	5391.3
537	100.7	100.7	101.7	1047,653,4,6	42.3	39.4776401	73.5922697	5395.4
538	93.7	93.7	93.7	507,1061,6,3	42.2	39.4776384	73.5922688	5395.4
539	3.5	3.5	3.5	905,1017,8,2	42.1	39.4778054	73.5922988	5381.1
540	93.7	93.7	96.2	695,529,2,8	42.0	39.4776384	73.5922688	5395.4
541	9.5	7.5	9.5	1513,241,2,10	41.9	39.4778064	73.5922993	5381.1
542	38.6	38.1	38.6	717,513,4,4	41.9	39.4777273	73.5922839	5385.1
543	88.7	88.7	88.7	1361,105,4,4	41.9	39.4776391	73.5922687	5395.4
544	97.7	96.2	97.7	714,779,9,2	41.7	39.4776397	73.5922694	5395.4
545	164.9	164.9	164.9	1689,593,4,5	41.5	39.4776412	73.5922708	5395.4
546	10.5	9.5	10.5	1915,801,5,8	41.4	39.4778064	73.5922991	5381.1
547	94.2	94.2	94.2	27,851,14,4	41.3	39.4776384	73.5922688	5395.4
548	95.7	95.7	98.7	881,513,8,2	41.2	39.4776385	73.5922688	5395.4
549	106.7	102.7	106.7	535,585,4,10	41.2	39.4776414	73.5922700	5395.4
550	139.8	139.8	139.8	797,595,7,2	41.1	39.4776413	73.5922696	5395.4
551	7.5	7.0	9.5	1303,153,2,8	41.0	39.4778059	73.5922992	5381.1
552	3.5	3.5	4.5	1007,985,2,8	40.7	39.4778054	73.5922988	5381.1
553	40.6	40.6	40.6	681,417,4,4	40.7	39.4777265	73.5922834	5385.1
554	40.6	40.6	40.6	689,541,4,4	40.7	39.4777265	73.5922834	5385.1
555	41.6	41.6	41.6	797,97,4,8	40.6	39.4777265	73.5922833	5385.1
556	68.6	68.6	68.6	225,629,6,4	40.6	39.4776515	73.5922706	5392.7
557	6.5	6.5	6.5	1881,833,2,8	40.5	39.4778057	73.5922992	5381.1
558	144.8	144.8	144.8	568,420,3,11	40.5	39.4776398	73.5922690	5395.4
559	55.6	53.6	56.1	931,585,4,8	40.3	39.4777282	73.5922840	5385.2
560	93.7	93.7	93.7	121,573,8,4	40.2	39.4776384	73.5922688	5395.4
561	95.7	95.7	95.7	1361,593,8,2	40.1	39.4776385	73.5922688	5395.4
562	144.8	144.8	144.8	413,377,4,3	40.0	39.4776398	73.5922690	5395.4
563	145.8	145.8	145.8	1159,745,2,8	40.0	39.4776399	73.5922689	5395.4
564	6.5	6.5	6.5	1905,1009,8,2	39.8	39.4778057	73.5922992	5381.1
565	139.8	139.8	139.8	769,423,8,2	39.8	39.4776413	73.5922696	5395.4
566	8.5	8.5	9.5	633,103,10,2	39.7	39.4778060	73.5922993	5381.1
567	142.3	140.3	142.3	637,499,4,6	39.7	39.4776410	73.5922694	5395.4
568	150.3	148.8	150.8	1514,869,5,3	39.7	39.4776388	73.5922690	5395.4
569	8.5	7.5	10.0	1697,407,8,2	39.6	39.4778060	73.5922993	5381.1
570	62.6	62.1	65.6	1155,9,2,8	39.6	39.4777281	73.5922839	5385.1
571	99.2	99.2	99.2	409,1057,2,8	39.5	39.4776394	73.5922696	5395.4
572	164.9	164.9	165.4	1185,713,8,2	39.5	39.4776412	73.5922708	5395.4
573	97.2	96.2	97.2	1567,417,4,8	39.4	39.4776394	73.5922693	5395.4
574	0.0	0.0	0.0	1233,337,8,2	39.2	39.4778058	73.5922987	5381.1
575	8.5	8.5	9.0	33,9,8,8	39.2	39.4778060	73.5922993	5381.1
576	97.7	97.7	97.7	677,874,4,6	39.2	39.4776397	73.5922694	5395.4
577	89.7	89.2	89.7	685,853,4,4	39.1	39.4776389	73.5922685	5395.4
578	69.6	69.1	69.6	831,293,10,3	38.9	39.4776406	73.5922687	5394.2
579	76.7	76.7	76.7	1517,607,7,4	38.8	39.4776406	73.5922688	5395.4
580	144.8	144.8	144.8	1155,553,14,4	38.7	39.4776398	73.5922690	5395.4
581	70.7	70.7	70.7	905,219,6,6	38.6	39.4776390	73.5922685	5395.1
582	88.7	88.7	88.7	786,945,2,8	38.6	39.4776391	73.5922687	5395.4
583	4.5	4.5	4.5	1239,937,2,8	38.5	39.4778054	73.5922991	5381.1
584	41.6	41.6	41.6	595,51,2,8	38.5	39.4777265	73.5922833	5385.1
585	41.6	41.6	41.6	1061,313,2,8	38.5	39.4777265	73.5922833	5385.1
586	6.0	3.5	7.0	1533,609,4,4	38.4	39.4778056	73.5922992	5381.1
587	70.7	70.7	70.7	1707,1077,6,3	38.4	39.4776390	73.5922685	5395.1
588	72.2	70.7	74.2	979,912,2,9	38.4	39.4776396	73.5922684	5395.4
589	142.8	142.8	142.8	613,527,12,2	38.3	39.4776409	73.5922693	5395.4
590	106.2	104.7	106.2	619,419,2,8	38.2	39.4776414	73.5922699	5395.4
591	0.5	0.0	0.5	1201,297,2,8	38.1	39.4778057	73.5922987	5381.1
592	61.6	61.6	61.6	81,937,8,8	38.1	39.4777284	73.5922839	5385.1
593	141.8	141.8	141.8	1225,903,8,2	38.1	39.4776411	73.5922695	5395.4
594	76.2	76.2	76.2	1241,881,7,2	37.9	39.4776404	73.5922687	5395.4
595	0.5	0.5	0.5	1495,413,4,4	37.8	39.4778057	73.5922987	5381.1
596	97.7	97.7	97.7	1521,393,8,2	37.4	39.4776397	73.5922694	5395.4
597	9.5	9.0	10.0	953,81,2,8	37.1	39.4778064	73.5922993	5381.1
598	97.7	97.2	98.2	1001,895,4,5	37.1	39.4776397	73.5922694	5395.4
599	5.0	3.0	5.5	1143,919,4,10	36.9	39.4778054	73.5922991	5381.1
600	65.1	65.1	65.1	1893,443,4,3	36.9	39.4777072	73.5922803	5387.8
601	69.6	69.6	69.6	793,201,2,8	36.9	39.4776406	73.5922687	5394.2
602	157.3	157.3	157.3	1851,954,4,5	36.9	39.4776401	73.5922701	5395.4
603	63.6	63.6	63.6	1873,547,6,6	36.7	39.4777243	73.5922831	5385.8
604	96.7	94.2	97.2	1561,303,8,2	36.5	39.4776387	73.5922691	5395.4
605	11.0	11.0	11.0	398,71,3,6	36.4	39.4778065	73.5922991	5381.1
606	158.3	158.3	160.8	1331,937,3,8	36.4	39.4776401	73.5922704	5395.4
607	38.6	38.6	38.6	849,427,8,2	36.1	39.4777273	73.5922839	5385.1
608	42.6	42.6	42.6	593,913,8,2	36.1	39.4777263	73.5922833	5385.2
609	103.7	101.7	103.7	1207,1009,2,6	35.7	39.4776411	73.5922701	5395.4
610	59.1	59.1	65.6	1675,209,2,6	35.5	39.4777286	73.5922841	5385.1
611	94.7	94.7	95.2	1303,801,2,8	35.4	39.4776384	73.5922688	5395.4
612	139.8	139.8	139.8	585,231,8,2	35.4	39.4776413	73.5922696	5395.4
613	165.4	165.4	165.4	1055,612,3,5	35.4	39.4776412	73.5922709	5395.4
614	8.0	8.0	8.0	151,145,5,4	35.3	39.4778060	73.5922993	5381.1
615	94.2	94.2	94.7	545,327,8,3	35.3	39.4776384	73.5922688	5395.4
616	1.0	0.5	1.0	649,93,4,10	35.2	39.4778056	73.5922987	5381.1
617	10.5	10.5	10.5	299,1073,6,7	35.1	39.4778064	73.5922991	5381.1
618	124.8	124.8	124.8	1401,705,2,8	35.0	39.4776391	73.5922690	5395.4
619	140.8	140.8	140.8	1523,425,2,6	35.0	39.4776413	73.5922696	5395.4
620	106.7	106.7	106.7	819,402,2,7	34.7	39.4776414	73.5922700	5395.4
621	6.0	6.0	6.0	1387,549,4,3	34.6	39.4778056	73.5922992	5381.1
622	0.5	0.5	0.5	1035,337,8,6	34.5	39.4778057	73.5922987	5381.1
623	42.6	42.6	43.6	1100,209,5,4	34.5	39.4777263	73.5922833	5385.2
624	94.7	94.2	94.7	1201,453,3,4	34.5	39.4776384	73.5922688	5395.4
625	106.7	106.7	108.7	675,385,6,2	34.5	39.4776414	73.5922700	5395.4
626	144.8	144.8	144.8	357,435,8,2	34.5	39.4776398	73.5922690	5395.4
627	164.9	164.9	164.9	1585,425,8,2	34.5	39.4776412	73.5922708	5395.4
628	41.6	41.6	41.6	905,129,8,2	34.3	39.4777265	73.5922833	5385.1
629	109.7	106.7	110.7	617,519,8,2	34.3	39.4776415	73.5922704	5395.4
630	144.8	144.8	144.8	1199,787,6,2	34.3	39.4776398	73.5922690	5395.4
631	145.8	145.8	145.8	1137,393,2,8	34.3	39.4776399	73.5922689	5395.4
632	164.9	164.9	164.9	1068,397,5,4	34.3	39.4776412	73.5922708	5395.4
633	38.6	38.1	38.6	721,625,8,2	34.2	39.4777273	73.5922839	5385.1
634	93.7	93.7	93.7	95,726,2,7	34.2	39.4776384	73.5922688	5395.4
635	91.7	91.7	91.7	1279,537,2,6	34.1	39.4776384	73.5922685	5395.4
636	6.5	5.5	6.5	1897,761,2,8	34.0	39.4778057	73.5922992	5381.1
637	23.0	23.0	23.0	1177,121,2,6	34.0	39.4777255	73.5922851	5384.1
638	98.2	98.2	98.2	1741,625,2,8	34.0	39.4776397	73.5922695	5395.4
639	7.5	7.5	9.0	653,745,4,4	33.9	39.4778059	73.5922992	5381.1
640	9.5	9.5	9.5	1261,233,4,10	33.9	39.4778064	73.5922993	5381.1
641	87.7	87.7	87.7	1225,611,2,6	33.9	39.4776391	73.5922688	5395.4
642	9.5	9.5	11.0	281,217,4,4	33.8	39.4778064	73.5922993	5381.1
643	53.6	53.6	53.6	877,665,2,8	33.8	39.4777277	73.5922841	5385.1
644	69.6	69.6	69.6	1479,554,2,7	33.8	39.4776406	73.5922687	5394.2
645	58.6	58.6	60.6	1761,585,2,8	33.7	39.4777286	73.5922841	5385.1
646	68.1	68.1	69.6	1135,107,4,4	33.7	39.4776590	73.5922718	5391.9
647	116.8	116.8	116.8	87,785,2,8	33.5	39.4776397	73.5922691	5395.4
648	4.5	4.5	5.5	1143,933,2,8	33.4	39.4778054	73.5922991	5381.1
649	119.8	119.8	119.8	73,979,2,5	33.2	39.4776392	73.5922685	5395.4
650	158.8	158.8	158.8	1506,741,6,2	33.2	39.4776401	73.5922704	5395.4
651	92.7	91.2	92.7	863,985,6,4	33.0	39.4776384	73.5922686	5395.4
652	145.8	145.8	145.8	471,407,4,4	33.0	39.4776399	73.5922689	5395.4
653	67.1	67.1	67.1	1069,229,2,8	32.9	39.4776755	73.5922747	5390.4
654	77.7	77.7	77.7	1915,611,5,4	32.9	39.4776411	73.5922689	5395.4
655	99.7	99.2	99.7	1567,729,8,2	32.9	39.4776400	73.5922697	5395.4
656	5.5	5.5	5.5	1625,577,2,8	32.7	39.4778055	73.5922992	5381.1
657	65.6	62.6	66.6	1585,585,6,8	32.7	39.4776997	73.5922790	5388.4
658	140.3	140.3	140.3	699,778,2,7	32.7	39.4776413	73.5922696	5395.4
659	164.9	164.9	164.9	1713,709,6,2	32.7	39.4776412	73.5922708	5395.4
660	66.6	66.6	67.1	777,139,8,2	32.6	39.4776838	73.5922762	5389.7
661	104.7	104.7	104.7	419,537,6,2	32.6	39.4776410	73.5922700	5395.4
662	109.7	107.7	109.7	503,513,2,8	32.6	39.4776415	73.5922704	5395.4
663	54.6	54.6	54.6	1357,225,2,8	32.5	39.4777280	73.5922840	5385.2
664	100.7	100.7	100.7	873,841,8,2	32.3	39.4776401	73.5922697	5395.4
665	148.3	148.3	148.3	1767,861,4,4	32.3	39.4776391	73.5922687	5395.4
666	6.5	6.5	6.5	1161,1033,2,6	32.2	39.4778057	73.5922992	5381.1
667	63.6	61.6	64.6	1473,237,8,10	32.2	39.4777243	73.5922831	5385.8
668	128.8	128.8	128.8	1441,17,10,2	32.2	39.4776401	73.5922694	5395.4
669	6.5	6.5	6.5	295,241,2,8	32.1	39.4778057	73.5922992	5381.1
670	24.1	24.1	24.1	1364,337,3,4	32.1	39.4777257	73.5922850	5385.0
671	65.6	65.6	65.6	975,185,2,6	32.1	39.4776997	73.5922790	5388.4
672	65.6	64.6	67.6	1227,211,4,6	32.1	39.4776997	73.5922790	5388.4
673	143.8	143.8	144.8	383,282,2,6	32.1	39.4776402	73.5922691	5395.4
674	9.5	7.5	9.5	1335,225,2,8	32.0	39.4778064	73.5922993	5381.1
675	68.6	68.6	68.6	1905,769,6,2	32.0	39.4776515	73.5922706	5392.7
676	164.9	164.9	164.9	1647,1057,2,8	32.0	39.4776412	73.5922708	5395.4
677	84.7	84.7	84.7	1113,723,4,5	31.9	39.4776401	73.5922691	5395.4
678	63.6	63.6	63.6	183,849,2,14	31.8	39.4777243	73.5922831	5385.8
679	95.7	95.7	95.7	1891,597,4,4	31.7	39.4776385	73.5922688	5395.4
680	145.8	145.3	145.8	1329,985,8,2	31.7	39.4776399	73.5922689	5395.4
681	163.9	163.9	163.9	1876,1002,2,10	31.7	39.4776411	73.5922706	5395.4
682	84.2	84.2	86.2	1543,809,2,8	31.5	39.4776397	73.5922691	5395.4
683	110.7	109.7	112.2	1537,801,8,2	31.3	39.4776414	73.5922703	5395.4
684	5.5	4.5	5.5	1757,505,2,8	31.1	39.4778055	73.5922992	5381.1
685	114.7	114.7	114.7	977,599,8,2	31.0	39.4776396	73.5922695	5395.4
686	115.7	113.7	116.8	397,177,2,8	31.0	39.4776399	73.5922692	5395.4
687	38.1	38.1	38.1	1153,369,4,3	30.9	39.4777273	73.5922840	5385.1
688	79.2	79.2	79.2	1559,356,4,3	30.9	39.4776412	73.5922691	5395.4
689	140.8	140.8	142.3	1349,917,4,4	30.8	39.4776413	73.5922696	5395.4
690	93.2	93.2	95.2	665,842,5,4	30.6	39.4776384	73.5922688	5395.4
691	100.2	100.2	102.2	1437,761,4,6	30.6	39.4776403	73.5922697	5395.4
692	142.8	142.8	142.8	617,95,4,4	30.6	39.4776409	73.5922693	5395.4
693	148.3	148.3	148.3	1745,307,7,6	30.6	39.4776391	73.5922687	5395.4
694	141.8	141.8	141.8	1493,851,2,6	30.5	39.4776411	73.5922695	5395.4
695	85.2	85.2	85.7	1890,338,4,6	30.4	39.4776401	73.5922690	5395.4
696	115.7	115.7	115.7	1707,81,2,8	30.4	39.4776399	73.5922692	5395.4
697	115.7	115.7	115.7	1845,209,2,8	30.4	39.4776399	73.5922692	5395.4
698	115.7	115.7	115.7	1557,369,2,8	30.4	39.4776399	73.5922692	5395.4
699	115.7	115.7	115.7	1193,667,8,2	30.4	39.4776399	73.5922692	5395.4
700	115.7	115.7	115.7	717,857,2,8	30.4	39.4776399	73.5922692	5395.4
701	115.7	115.7	115.7	139,913,2,8	30.4	39.4776399	73.5922692	5395.4
702	5.5	5.5	5.5	657,99,8,2	30.3	39.4778055	73.5922992	5381.1
703	6.5	6.5	6.5	985,65,2,8	30.3	39.4778057	73.5922992	5381.1
704	6.5	6.5	6.5	1223,945,2,8	30.3	39.4778057	73.5922992	5381.1
705	6.5	6.0	7.0	161,177,2,8	30.3	39.4778057	73.5922992	5381.1
706	7.5	7.5	9.5	809,9,2,8	30.3	39.4778059	73.5922992	5381.1
707	7.5	7.5	9.5	761,145,2,8	30.3	39.4778059	73.5922992	5381.1
708	52.6	52.6	52.6	1011,543,6,2	30.3	39.4777278	73.5922837	5385.1
709	71.2	69.1	71.2	1803,847,2,8	30.2	39.4776390	73.5922684	5395.3
710	41.6	41.6	41.6	1265,311,8,2	30.1	39.4777265	73.5922833	5385.1
711	115.7	115.7	115.7	73,37,8,2	30.1	39.4776399	73.5922692	5395.4
712	1.5	0.0	1.5	1705,665,6,2	30.0	39.4778055	73.5922987	5381.1
713	115.7	115.7	115.7	1321,281,2,8	30.0	39.4776399	73.5922692	5395.4
714	4.5	4.5	4.5	937,959,8,2	29.9	39.4778054	73.5922991	5381.1
715	95.2	95.2	96.2	39,881,2,8	29.9	39.4776385	73.5922688	5395.4
716	5.5	4.5	5.5	1033,1071,8,2	29.8	39.4778055	73.5922992	5381.1
717	115.7	115.7	115.7	1093,289,2,8	29.8	39.4776399	73.5922692	5395.4
718	0.5	0.5	0.5	1429,801,4,5	29.7	39.4778057	73.5922987	5381.1
719	8.5	8.5	8.5	1671,521,2,8	29.7	39.4778060	73.5922993	5381.1
720	9.5	9.5	9.5	991,601,2,8	29.7	39.4778064	73.5922993	5381.1
721	6.5	6.5	6.5	209,459,8,2	29.6	39.4778057	73.5922992	5381.1
722	6.5	6.5	6.5	273,649,2,8	29.6	39.4778057	73.5922992	5381.1
723	146.8	146.8	146.8	1723,862,4,5	29.6	39.4776394	73.5922689	5395.4
724	114.7	114.7	114.7	1781,863,8,2	29.5	39.4776396	73.5922695	5395.4
725	148.3	148.3	148.3	1318,749,5,4	29.5	39.4776391	73.5922687	5395.4
726	70.2	70.2	70.2	1049,233,8,2	29.4	39.4776395	73.5922686	5394.7
727	5.5	5.5	7.5	311,809,2,8	29.3	39.4778055	73.5922992	5381.1
728	114.7	114.7	114.7	163,777,2,8	29.3	39.4776396	73.5922695	5395.4
729	152.8	152.8	152.8	582,635,4,3	29.3	39.4776386	73.5922692	5395.4
730	164.9	162.8	164.9	1621,787,2,6	29.3	39.4776412	73.5922708	5395.4
731	4.5	4.5	4.5	439,849,2,8	29.1	39.4778054	73.5922991	5381.1
732	4.5	4.5	4.5	1009,1017,2,8	29.1	39.4778054	73.5922991	5381.1
733	69.6	69.6	69.6	697,267,8,2	29.1	39.4776406	73.5922687	5394.2
734	114.7	114.7	114.7	351,489,2,8	29.0	39.4776396	73.5922695	5395.4
735	114.7	114.7	114.7	1607,905,2,8	29.0	39.4776396	73.5922695	5395.4
736	124.8	124.8	124.8	259,369,2,8	29.0	39.4776391	73.5922690	5395.4
737	94.2	94.2	95.7	1275,773,6,4	28.9	39.4776384	73.5922688	5395.4
738	100.7	99.7	100.7	1381,733,3,7	28.9	39.4776401	73.5922697	5395.4
739	144.8	144.8	144.8	33,225,7,2	28.9	39.4776398	73.5922690	5395.4
740	90.2	90.2	90.2	1313,633,8,2	28.7	39.4776388	73.5922685	5395.4
741	99.7	99.7	99.7	745,1079,8,1	28.7	39.4776400	73.5922697	5395.4
742	7.5	7.5	7.5	273,313,8,2	28.6	39.4778059	73.5922992	5381.1
743	70.7	69.6	70.7	1689,1021,6,2	28.6	39.4776390	73.5922685	5395.1
744	7.0	7.0	7.0	1341,945,4,4	28.5	39.4778058	73.5922992	5381.1
745	52.6	52.6	52.6	701,787,2,6	28.5	39.4777278	73.5922837	5385.1
746	95.7	94.2	95.7	1847,699,2,6	28.4	39.4776385	73.5922688	5395.4
747	123.8	123.8	123.8	993,337,8,2	28.4	39.4776389	73.5922689	5395.4
748	38.1	38.1	38.1	1051,371,3,4	28.3	39.4777273	73.5922840	5385.1
749	90.2	90.2	90.2	1233,653,8,2	28.2	39.4776388	73.5922685	5395.4
750	97.2	97.2	97.2	1523,481,2,8	28.2	39.4776394	73.5922693	5395.4
751	73.7	73.7	73.7	1254,57,7,3	28.1	39.4776397	73.5922684	5395.4
752	92.2	92.2	93.2	885,403,4,3	28.1	39.4776384	73.5922686	5395.4
753	68.6	67.6	68.6	1885,883,4,6	27.9	39.4776515	73.5922706	5392.7
754	64.1	62.6	64.1	1213,147,6,2	27.8	39.4777197	73.5922824	5386.4
755	63.6	62.6	64.6	119,177,2,8	27.8	39.4777243	73.5922831	5385.8
756	117.8	117.8	117.8	1423,393,2,8	27.8	39.4776391	73.5922688	5395.4
757	158.3	158.3	158.8	1580,1051,5,4	27.8	39.4776401	73.5922704	5395.4
758	94.2	94.2	94.2	407,409,2,8	27.7	39.4776384	73.5922688	5395.4
759	96.7	96.7	96.7	809,833,4,4	27.7	39.4776387	73.5922691	5395.4
760	66.6	66.1	66.6	1099,73,6,2	27.6	39.4776838	73.5922762	5389.7
761	145.8	145.8	145.8	915,457,4,6	27.6	39.4776399	73.5922689	5395.4
762	166.4	166.4	166.4	1227,614,6,3	27.6	39.4776414	73.5922711	5395.4
763	8.5	8.5	8.5	399,321,2,8	27.5	39.4778060	73.5922993	5381.1
764	116.8	116.8	116.8	143,473,2,8	27.5	39.4776397	73.5922691	5395.4
765	116.8	116.8	116.8	1737,977,2,8	27.5	39.4776397	73.5922691	5395.4
766	117.8	117.8	117.8	1055,153,2,8	27.5	39.4776391	73.5922688	5395.4
767	117.8	117.8	117.8	1655,321,2,8	27.5	39.4776391	73.5922688	5395.4
768	1.5	1.5	2.0	1641,399,4,6	27.4	39.4778055	73.5922987	5381.1
769	9.5	8.5	9.5	1325,125,4,4	27.4	39.4778064	73.5922993	5381.1
770	91.7	91.7	91.7	929,450,5,4	27.4	39.4776384	73.5922685	5395.4
771	110.7	110.7	110.7	1423,763,2,6	27.4	39.4776414	73.5922703	5395.4
772	140.3	140.3	140.3	1249,953,2,12	27.4	39.4776413	73.5922696	5395.4
773	7.5	7.5	7.5	767,905,2,8	27.3	39.4778059	73.5922992	5381.1
774	7.5	7.5	7.5	905,921,2,8	27.3	39.4778059	73.5922992	5381.1
775	7.5	7.5	7.5	895,993,2,8	27.3	39.4778059	73.5922992	5381.1
776	7.5	7.5	7.5	1113,1057,2,8	27.3	39.4778059	73.5922992	5381.1
777	7.5	7.5	7.5	1217,1065,2,8	27.3	39.4778059	73.5922992	5381.1
778	7.5	7.0	8.0	1431,1001,2,8	27.3	39.4778059	73.5922992	5381.1
779	7.5	7.5	8.5	209,401,8,2	27.3	39.4778059	73.5922992	5381.1
780	49.6	49.6	49.6	1055,317,2,4	27.3	39.4777263	73.5922836	5385.2
781	61.6	61.6	61.6	93,433,2,8	27.3	39.4777284	73.5922839	5385.1
782	91.7	91.7	91.7	713,752,7,3	27.3	39.4776384	73.5922685	5395.4
783	147.8	146.8	147.8	1663,425,2,5	27.3	39.4776391	73.5922688	5395.4
784	98.7	98.7	98.7	1441,561,2,8	27.2	39.4776395	73.5922696	5395.4
785	2.0	2.0	2.0	1345,815,6,3	27.1	39.4778054	73.5922987	5381.1
786	6.5	6.5	6.5	938,183,7,2	27.1	39.4778057	73.5922992	5381.1
787	9.5	9.5	9.5	1881,849,2,8	27.1	39.4778064	73.5922993	5381.1
788	54.6	54.1	54.6	809,647,6,2	27.1	39.4777280	73.5922840	5385.2
789	162.8	162.8	164.9	1873,995,2,6	27.0	39.4776414	73.5922707	5395.4
790	100.7	100.7	100.7	1461,714,5,3	26.9	39.4776401	73.5922697	5395.4
791	8.5	8.0	8.5	1129,1041,8,2	26.8	39.4778060	73.5922993	5381.1
792	8.5	8.5	8.5	151,305,2,8	26.8	39.4778060	73.5922993	5381.1
793	8.5	8.5	8.5	281,401,2,8	26.8	39.4778060	73.5922993	5381.1
794	8.5	8.5	8.5	145,945,2,8	26.8	39.4778060	73.5922993	5381.1
795	41.6	41.6	41.6	1619,541,6,4	26.8	39.4777265	73.5922833	5385.1
796	62.1	61.6	62.1	1315,11,2,8	26.8	39.4777282	73.5922839	5385.1
797	162.3	162.3	162.3	1669,1013,2,8	26.8	39.4776410	73.5922707	5395.4
798	73.7	73.7	73.7	571,751,6,2	26.7	39.4776397	73.5922684	5395.4
799	117.8	117.8	117.8	1271,17,2,8	26.7	39.4776391	73.5922688	5395.4
800	117.8	117.8	117.8	1271,97,2,8	26.7	39.4776391	73.5922688	5395.4
801	144.8	144.8	144.8	889,307,2,6	26.7	39.4776398	73.5922690	5395.4
802	9.5	7.5	9.5	1073,187,4,6	26.6	39.4778064	73.5922993	5381.1
803	10.0	8.5	10.0	1337,543,3,5	26.6	39.4778064	73.5922992	5381.1
804	41.6	41.6	41.6	1621,601,2,8	26.6	39.4777265	73.5922833	5385.1
805	41.6	41.6	41.6	1509,633,2,8	26.6	39.4777265	73.5922833	5385.1
806	41.6	41.6	41.6	1411,753,2,8	26.6	39.4777265	73.5922833	5385.1
807	73.2	73.2	75.2	1001,435,2,6	26.6	39.4776399	73.5922683	5395.4
808	88.7	88.7	88.7	865,986,4,3	26.6	39.4776391	73.5922687	5395.4
809	61.6	61.6	61.6	1591,1073,2,7	26.5	39.4777284	73.5922839	5385.1
810	70.2	67.6	70.2	1581,801,2,8	26.5	39.4776395	73.5922686	5394.7
811	83.2	83.2	83.2	1436,3,3,3	26.4	39.4776402	73.5922690	5395.4
812	100.2	100.2	100.2	959,983,10,2	26.4	39.4776403	73.5922697	5395.4
813	109.7	108.7	110.7	1308,719,7,4	26.4	39.4776415	73.5922704	5395.4
814	140.8	140.8	140.8	377,366,4,3	26.4	39.4776413	73.5922696	5395.4
815	112.2	112.2	112.2	356,563,3,4	26.3	39.4776411	73.5922700	5395.4
816	0.0	0.0	3.0	769,585,8,8	26.2	39.4778058	73.5922987	5381.1
817	6.5	5.5	6.5	951,1049,2,8	26.2	39.4778057	73.5922992	5381.1
818	7.5	7.5	7.5	239,170,2,7	26.1	39.4778059	73.5922992	5381.1
819	7.5	7.5	7.5	1911,1026,2,7	26.1	39.4778059	73.5922992	5381.1
820	50.6	50.6	50.6	1669,227,4,2	26.1	39.4777272	73.5922836	5385.1
821	77.7	75.7	77.7	1399,980,2,4	26.1	39.4776411	73.5922689	5395.4
822	98.2	98.2	98.2	1561,389,8,2	26.1	39.4776397	73.5922695	5395.4
823	116.8	116.8	116.8	705,1041,2,4	26.1	39.4776397	73.5922691	5395.4
824	144.8	144.8	146.8	155,615,6,2	26.1	39.4776398	73.5922690	5395.4
825	98.7	98.7	98.7	1365,639,5,2	26.0	39.4776395	73.5922696	5395.4
826	99.7	99.7	99.7	1043,977,3,3	26.0	39.4776400	73.5922697	5395.4
827	67.6	67.6	67.6	555,13,6,2	25.8	39.4776654	73.5922729	5391.3
828	96.7	96.2	96.7	1378,513,7,2	25.7	39.4776387	73.5922691	5395.4
829	96.2	96.2	97.2	193,1057,2,8	25.7	39.4776386	73.5922690	5395.4
830	114.7	114.7	114.7	1671,849,2,6	25.7	39.4776396	73.5922695	5395.4
831	144.8	142.8	145.3	397,557,4,4	25.7	39.4776398	73.5922690	5395.4
832	159.3	159.3	159.3	1525,961,4,6	25.7	39.4776401	73.5922705	5395.4
833	8.5	8.5	9.0	986,7,7,2	25.6	39.4778060	73.5922993	5381.1
834	89.7	89.7	89.7	521,873,4,2	25.5	39.4776389	73.5922685	5395.4
835	95.7	95.7	95.7	1225,109,4,4	25.5	39.4776385	73.5922688	5395.4
836	100.7	100.7	100.7	1014,1005,3,4	25.5	39.4776401	73.5922697	5395.4
837	47.1	47.1	47.1	1310,692,3,3	25.4	39.4777258	73.5922836	5385.1
838	50.6	50.6	50.6	1330,9,3,4	25.4	39.4777272	73.5922836	5385.1
839	99.2	99.2	99.2	1359,569,2,6	25.3	39.4776394	73.5922696	5395.4
840	115.7	115.7	115.7	1865,277,4,4	25.2	39.4776399	73.5922692	5395.4
841	143.8	143.8	143.8	1434,1073,5,2	25.2	39.4776402	73.5922691	5395.4
842	114.7	114.7	114.7	1059,217,4,5	25.1	39.4776396	73.5922695	5395.4
843	89.7	89.7	90.2	1321,259,3,6	25.0	39.4776389	73.5922685	5395.4
844	10.0	10.0	10.0	1325,457,2,8	24.9	39.4778064	73.5922992	5381.1
845	142.8	142.8	142.8	451,351,6,2	24.9	39.4776409	73.5922693	5395.4
846	160.8	160.8	160.8	1785,771,8,2	24.9	39.4776407	73.5922706	5395.4
847	117.8	116.8	117.8	977,401,2,4	24.8	39.4776391	73.5922688	5395.4
848	143.8	143.8	143.8	141,621,2,4	24.8	39.4776402	73.5922691	5395.4
849	144.8	144.8	144.8	1287,409,2,6	24.8	39.4776398	73.5922690	5395.4
850	123.8	123.8	123.8	929,377,6,6	24.7	39.4776389	73.5922689	5395.4
851	4.5	4.5	5.5	1143,841,2,6	24.6	39.4778054	73.5922991	5381.1
852	49.1	49.1	49.1	1082,52,3,5	24.6	39.4777260	73.5922836	5385.2
853	58.1	58.1	58.1	771,567,6,4	24.6	39.4777286	73.5922841	5385.1
854	101.7	101.7	101.7	1097,935,6,2	24.6	39.4776402	73.5922698	5395.4
855	115.7	115.7	116.8	1321,661,4,4	24.6	39.4776399	73.5922692	5395.4
856	140.8	140.8	140.8	1609,977,5,2	24.6	39.4776413	73.5922696	5395.4
857	5.5	5.5	5.5	769,178,2,6	24.5	39.4778055	73.5922992	5381.1
858	115.7	115.7	115.7	421,649,4,4	24.5	39.4776399	73.5922692	5395.4
859	58.6	58.6	58.6	129,1075,6,5	24.4	39.4777286	73.5922841	5385.1
860	60.6	60.6	60.6	429,393,2,8	24.4	39.4777285	73.5922838	5385.1
861	99.2	99.2	99.2	738,949,3,3	24.4	39.4776394	73.5922696	5395.4
862	40.6	40.6	40.6	753,417,6,2	24.3	39.4777265	73.5922834	5385.1
863	90.7	90.7	90.7	1179,931,2,4	24.3	39.4776382	73.5922685	5395.4
864	38.6	38.6	38.6	1355,675,4,6	24.2	39.4777273	73.5922839	5385.1
865	40.6	38.6	40.6	1375,641,2,7	24.2	39.4777265	73.5922834	5385.1
866	93.7	93.7	93.7	227,705,4,3	24.0	39.4776384	73.5922688	5395.4
867	123.8	123.8	123.8	695,339,6,2	24.0	39.4776389	73.5922689	5395.4
868	76.7	76.7	76.7	1593,613,2,4	23.8	39.4776406	73.5922688	5395.4
869	90.7	90.7	90.7	1360,1019,3,3	23.7	39.4776382	73.5922685	5395.4
870	170.4	170.4	170.4	1239,781,2,4	23.7	39.4776411	73.5922707	5395.4
871	5.5	5.5	5.5	1865,1065,6,2	23.6	39.4778055	73.5922992	5381.1
872	65.6	65.6	65.6	305,873,8,8	23.6	39.4776997	73.5922790	5388.4
873	78.7	78.7	78.7	1838,98,3,3	23.6	39.4776412	73.5922690	5395.4
874	145.8	145.8	145.8	1430,1039,7,2	23.6	39.4776399	73.5922689	5395.4
875	69.1	69.1	69.1	981,461,8,3	23.5	39.4776438	73.5922693	5393.6
876	72.2	72.2	72.7	1081,1038,4,3	23.5	39.4776396	73.5922684	5395.4
877	90.7	89.7	90.7	1019,754,4,3	23.5	39.4776382	73.5922685	5395.4
878	117.8	117.8	117.8	873,97,2,8	23.5	39.4776391	73.5922688	5395.4
879	164.9	164.9	164.9	1559,685,6,2	23.5	39.4776412	73.5922708	5395.4
880	94.2	94.2	94.2	1497,859,8,2	23.3	39.4776384	73.5922688	5395.4
881	38.1	38.1	38.1	657,645,2,8	23.2	39.4777273	73.5922840	5385.1
882	52.6	52.6	52.6	799,641,2,8	23.2	39.4777278	73.5922837	5385.1
883	142.3	142.3	143.3	465,694,4,2	23.2	39.4776410	73.5922694	5395.4
884	5.5	4.5	6.0	973,83,2,6	23.1	39.4778055	73.5922992	5381.1
885	9.0	9.0	9.5	905,81,8,2	23.1	39.4778061	73.5922993	5381.1
886	9.5	9.5	9.5	1817,919,2,4	23.1	39.4778064	73.5922993	5381.1
887	163.9	163.9	163.9	1848,1069,3,3	23.1	39.4776411	73.5922706	5395.4
888	110.7	110.7	110.7	323,589,5,2	23.0	39.4776414	73.5922703	5395.4
889	128.8	128.8	128.8	1442,773,2,4	23.0	39.4776401	73.5922694	5395.4
890	64.6	62.6	64.6	1559,441,4,8	22.9	39.4777138	73.5922814	5387.1
891	88.7	88.7	88.7	1132,37,2,4	22.9	39.4776391	73.5922687	5395.4
892	95.7	95.7	98.2	1006,557,3,3	22.9	39.4776385	73.5922688	5395.4
893	146.3	146.3	146.3	1459,849,4,2	22.9	39.4776398	73.5922690	5395.4
894	144.8	144.8	144.8	590,314,3,3	22.7	39.4776398	73.5922690	5395.4
895	132.8	132.8	132.8	1507,695,4,2	22.6	39.4776407	73.5922690	5395.4
896	173.9	173.4	173.9	1117,989,4,2	22.6	39.4776406	73.5922701	5395.4
897	79.7	79.7	79.7	1909,317,4,2	22.5	39.4776413	73.5922691	5395.4
898	94.2	94.2	94.2	1173,697,2,8	22.5	39.4776384	73.5922688	5395.4
899	117.8	117.8	117.8	1311,401,2,6	22.5	39.4776391	73.5922688	5395.4
900	144.8	144.8	144.8	802,602,3,3	22.5	39.4776398	73.5922690	5395.4
901	6.5	6.5	6.5	1543,233,2,8	22.4	39.4778057	73.5922992	5381.1
902	43.6	43.6	43.6	1775,959,6,2	22.4	39.4777261	73.5922835	5385.2
903	51.1	51.1	51.1	1521,447,4,2	22.4	39.4777269	73.5922836	5385.1
904	61.6	61.6	61.6	654,169,3,8	22.4	39.4777284	73.5922839	5385.1
905	95.2	95.2	95.2	311,70,3,6	22.4	39.4776385	73.5922688	5395.4
906	106.7	106.7	107.7	767,441,4,2	22.4	39.4776414	73.5922700	5395.4
907	144.8	144.8	144.8	1105,441,2,6	22.3	39.4776398	73.5922690	5395.4
908	0.0	0.0	0.0	961,697,8,2	22.2	39.4778058	73.5922987	5381.1
909	65.6	65.1	65.6	713,107,4,4	22.2	39.4776997	73.5922790	5388.4
910	116.8	116.8	116.8	391,719,2,10	22.2	39.4776397	73.5922691	5395.4
911	121.8	121.8	121.8	1385,782,3,2	22.2	39.4776389	73.5922686	5395.4
912	0.5	0.5	0.5	1077,497,2,6	22.1	39.4778057	73.5922987	5381.1
913	72.7	72.7	72.7	1146,29,4,2	22.1	39.4776398	73.5922683	5395.4
914	72.7	72.7	73.2	809,333,2,4	22.1	39.4776398	73.5922683	5395.4
915	159.3	159.3	159.3	1775,1037,2,4	22.1	39.4776401	73.5922705	5395.4
916	104.2	104.2	104.2	543,365,2,4	22.0	39.4776410	73.5922701	5395.4
917	115.7	115.7	115.7	1901,57,4,4	22.0	39.4776399	73.5922692	5395.4
918	115.7	115.7	115.7	1673,809,4,4	22.0	39.4776399	73.5922692	5395.4
919	119.8	119.8	119.8	257,1037,2,3	22.0	39.4776392	73.5922685	5395.4
920	159.8	159.8	159.8	1721,295,4,2	22.0	39.4776402	73.5922706	5395.4
921	162.8	162.8	162.8	1513,0,2,5	22.0	39.4776414	73.5922707	5395.4
922	5.5	5.5	6.0	785,59,2,6	21.9	39.4778055	73.5922992	5381.1
923	6.5	6.5	6.5	1353,993,2,6	21.9	39.4778057	73.5922992	5381.1
924	70.2	68.1	72.2	939,165,6,2	21.9	39.4776395	73.5922686	5394.7
925	95.2	94.7	95.2	1549,769,4,4	21.9	39.4776385	73.5922688	5395.4
926	144.8	144.8	144.8	557,761,4,4	21.9	39.4776398	73.5922690	5395.4
927	162.8	162.8	162.8	1703,887,3,2	21.9	39.4776414	73.5922707	5395.4
928	1.0	1.0	1.0	563,143,2,8	21.8	39.4778056	73.5922987	5381.1
929	114.7	113.7	114.7	191,401,2,8	21.8	39.4776396	73.5922695	5395.4
930	115.7	114.2	115.7	1177,377,4,4	21.8	39.4776399	73.5922692	5395.4
931	115.7	115.7	115.7	249,921,4,4	21.8	39.4776399	73.5922692	5395.4
932	164.9	164.9	164.9	1775,777,2,4	21.8	39.4776412	73.5922708	5395.4
933	164.9	164.9	164.9	1682,889,4,2	21.8	39.4776412	73.5922708	5395.4
934	6.5	6.5	6.5	175,281,2,6	21.7	39.4778057	73.5922992	5381.1
935	65.6	65.6	65.6	861,13,2,4	21.7	39.4776997	73.5922790	5388.4
936	93.7	93.7	93.7	492,401,2,4	21.7	39.4776384	73.5922688	5395.4
937	101.7	101.7	101.7	1270,1047,3,3	21.7	39.4776402	73.5922698	5395.4
938	104.7	104.7	104.7	1303,739,2,4	21.7	39.4776410	73.5922700	5395.4
939	115.7	115.7	115.7	1197,221,4,4	21.7	39.4776399	73.5922692	5395.4
940	5.5	5.5	5.5	449,665,2,7	21.6	39.4778055	73.5922992	5381.1
941	72.2	72.2	72.2	1691,881,6,2	21.6	39.4776396	73.5922684	5395.4
942	7.0	7.0	7.0	231,535,4,4	21.5	39.4778058	73.5922992	5381.1
943	9.5	8.5	9.5	745,219,2,6	21.5	39.4778064	73.5922993	5381.1
944	63.6	63.6	63.6	1341,170,2,7	21.5	39.4777243	73.5922831	5385.8
945	64.6	64.6	64.6	569,363,2,4	21.5	39.4777138	73.5922814	5387.1
946	77.7	77.7	77.7	1354,336,3,3	21.5	39.4776411	73.5922689	5395.4
947	144.8	144.8	144.8	1197,1012,3,4	21.5	39.4776398	73.5922690	5395.4
948	151.8	151.8	151.8	643,611,4,6	21.5	39.4776386	73.5922691	5395.4
949	6.5	6.5	6.5	999,923,2,6	21.4	39.4778057	73.5922992	5381.1
950	99.7	99.7	99.7	1503,683,2,4	21.4	39.4776400	73.5922697	5395.4
951	114.7	114.7	114.7	937,689,8,8	21.4	39.4776396	73.5922695	5395.4
952	4.5	4.5	4.5	1909,687,4,2	21.3	39.4778054	73.5922991	5381.1
953	12.0	11.0	12.0	887,555,2,4	21.3	39.4778065	73.5922990	5381.1
954	50.1	50.1	50.1	871,471,2,6	21.3	39.4777270	73.5922836	5385.1
955	60.6	59.6	60.6	1337,161,8,6	21.3	39.4777285	73.5922838	5385.1
956	109.7	107.7	109.7	725,369,2,4	21.3	39.4776415	73.5922704	5395.4
957	161.8	161.8	161.8	1465,923,4,2	21.3	39.4776406	73.5922706	5395.4
958	8.5	8.5	9.5	1123,57,6,2	21.2	39.4778060	73.5922993	5381.1
959	64.6	64.6	65.6	21,815,10,2	21.2	39.4777138	73.5922814	5387.1
960	5.5	5.5	5.5	223,217,2,6	21.1	39.4778055	73.5922992	5381.1
961	114.7	114.7	115.2	127,715,2,6	21.1	39.4776396	73.5922695	5395.4
962	142.8	142.8	142.8	1111,695,2,6	21.1	39.4776409	73.5922693	5395.4
963	8.0	8.0	9.0	1605,869,4,4	21.0	39.4778060	73.5922993	5381.1
964	97.7	97.7	97.7	945,953,4,2	21.0	39.4776397	73.5922694	5395.4
965	100.2	100.2	100.2	1125,547,2,4	21.0	39.4776403	73.5922697	5395.4
966	145.8	145.8	145.8	1469,345,4,2	20.9	39.4776399	73.5922689	5395.4
967	158.8	158.8	158.8	1635,709,2,4	20.9	39.4776401	73.5922704	5395.4
968	5.5	5.5	5.5	1223,1045,2,4	20.8	39.4778055	73.5922992	5381.1
969	95.7	95.7	95.7	1401,425,5,2	20.8	39.4776385	73.5922688	5395.4
970	114.7	114.7	114.7	25,795,2,6	20.8	39.4776396	73.5922695	5395.4
971	159.3	159.3	159.3	1225,751,4,4	20.8	39.4776401	73.5922705	5395.4
972	24.1	24.1	24.1	1015,705,6,2	20.7	39.4777257	73.5922850	5385.0
973	38.6	38.6	38.6	995,69,4,2	20.7	39.4777273	73.5922839	5385.1
974	88.7	88.7	88.7	642,558,3,4	20.7	39.4776391	73.5922687	5395.4
975	96.2	96.2	98.2	1317,369,2,6	20.7	39.4776386	73.5922690	5395.4
976	4.0	4.0	4.0	957,585,4,3	20.6	39.4778054	73.5922990	5381.1
977	152.3	152.3	152.3	1750,1076,2,4	20.6	39.4776386	73.5922691	5395.4
978	6.5	6.5	6.5	263,229,2,4	20.5	39.4778057	73.5922992	5381.1
979	96.2	96.2	96.2	1649,305,4,2	20.5	39.4776386	73.5922690	5395.4
980	116.8	116.8	116.8	1263,649,2,5	20.5	39.4776397	73.5922691	5395.4
981	145.8	145.8	147.8	1444,683,2,3	20.5	39.4776399	73.5922689	5395.4
982	4.5	4.5	4.5	41,683,2,5	20.4	39.4778054	73.5922991	5381.1
983	9.5	9.5	9.5	1057,1025,2,8	20.4	39.4778064	73.5922993	5381.1
984	64.6	64.6	64.6	65,1017,8,8	20.4	39.4777138	73.5922814	5387.1
985	65.6	65.6	65.6	1131,49,2,4	20.4	39.4776997	73.5922790	5388.4
986	66.6	66.6	66.6	17,1059,4,8	20.4	39.4776838	73.5922762	5389.7
987	85.7	85.2	85.7	1702,1049,3,3	20.4	39.4776400	73.5922688	5395.4
988	8.5	8.5	8.5	537,793,2,8	20.3	39.4778060	73.5922993	5381.1
989	43.1	43.1	43.1	1245,389,6,4	20.3	39.4777262	73.5922835	5385.2
990	45.6	45.6	45.6	1025,625,3,3	20.3	39.4777259	73.5922836	5385.1
991	93.7	93.7	93.7	324,817,4,2	20.3	39.4776384	73.5922688	5395.4
992	97.7	97.7	97.7	557,762,2,4	20.3	39.4776397	73.5922694	5395.4
993	130.8	130.8	130.8	1250,1076,2,4	20.3	39.4776400	73.5922694	5395.4
994	7.0	7.0	7.0	1036,341,3,4	20.2	39.4778058	73.5922992	5381.1
995	55.6	55.6	55.6	1241,190,3,3	20.2	39.4777282	73.5922840	5385.2
996	79.2	79.2	79.2	1809,459,4,2	20.2	39.4776412	73.5922691	5395.4
997	116.8	114.7	116.8	1050,871,7,2	20.2	39.4776397	73.5922691	5395.4
998	117.3	117.3	117.3	1487,165,4,4	20.1	39.4776396	73.5922689	5395.4
999	138.3	138.3	138.3	109,3,4,4	20.1	39.4776413	73.5922695	5395.4
1000	11.0	11.0	11.0	585,425,4,4	20.0	39.4778065	73.5922991	5381.1
1001	61.6	60.6	61.6	887,97,2,5	20.0	39.4777284	73.5922839	5385.1
1002	52.6	52.1	52.6	1137,1077,2,3	19.9	39.4777278	73.5922837	5385.1
1003	60.6	60.6	60.6	409,292,4,7	19.9	39.4777285	73.5922838	5385.1
1004	60.6	60.6	61.6	1657,449,6,6	19.9	39.4777285	73.5922838	5385.1
1005	68.6	68.6	68.6	1393,913,6,2	19.9	39.4776515	73.5922706	5392.7
1006	95.7	95.7	95.7	109,185,4,2	19.9	39.4776385	73.5922688	5395.4
1007	97.7	97.7	97.7	1777,161,4,2	19.9	39.4776397	73.5922694	5395.4
1008	122.8	122.8	122.8	685,99,2,6	19.9	39.4776389	73.5922686	5395.4
1009	134.8	134.8	134.8	1241,685,2,4	19.9	39.4776408	73.5922691	5395.4
1010	56.1	55.1	56.1	897,487,6,2	19.8	39.4777283	73.5922841	5385.2
1011	62.6	60.6	62.6	1773,473,4,6	19.8	39.4777281	73.5922839	5385.1
1012	71.7	71.7	71.7	479,151,2,4	19.8	39.4776393	73.5922684	5395.4
1013	116.8	116.8	116.8	359,521,2,6	19.8	39.4776397	73.5922691	5395.4
1014	134.8	134.8	134.8	1169,628,3,2	19.8	39.4776408	73.5922691	5395.4
1015	9.5	9.5	9.5	1215,292,2,5	19.7	39.4778064	73.5922993	5381.1
1016	54.6	54.6	56.6	809,489,8,2	19.7	39.4777280	73.5922840	5385.2
1017	7.5	7.5	7.5	113,561,6,2	19.6	39.4778059	73.5922992	5381.1
1018	61.6	61.6	61.6	589,231,4,2	19.6	39.4777284	73.5922839	5385.1
1019	72.7	71.7	72.7	1201,889,2,4	19.6	39.4776398	73.5922683	5395.4
1020	95.2	95.2	95.2	539,239,4,2	19.6	39.4776385	73.5922688	5395.4
1021	145.8	145.8	145.8	1289,401,8,2	19.5	39.4776399	73.5922689	5395.4
1022	68.6	68.6	68.6	1595,371,4,4	19.4	39.4776515	73.5922706	5392.7
1023	124.8	122.8	124.8	1239,167,4,10	19.4	39.4776391	73.5922690	5395.4
1024	8.5	8.5	8.5	417,545,4,4	19.3	39.4778060	73.5922993	5381.1
1025	55.1	55.1	55.1	1843,1059,2,6	19.3	39.4777281	73.5922840	5385.2
1026	112.7	112.7	112.7	1841,875,2,4	19.3	39.4776410	73.5922698	5395.4
1027	142.3	140.8	142.3	1311,791,4,2	19.3	39.4776410	73.5922694	5395.4
1028	145.8	145.8	145.8	387,541,8,2	19.3	39.4776399	73.5922689	5395.4
1029	7.5	7.5	7.5	1817,873,8,2	19.2	39.4778059	73.5922992	5381.1
1030	98.2	97.2	98.2	951,947,2,4	19.2	39.4776397	73.5922695	5395.4
1031	161.8	161.8	161.8	1277,843,3,2	19.2	39.4776406	73.5922706	5395.4
1032	1.0	1.0	1.0	435,31,6,2	19.1	39.4778056	73.5922987	5381.1
1033	50.6	50.6	50.6	1589,217,3,2	19.1	39.4777272	73.5922836	5385.1
1034	64.6	62.6	65.6	1891,775,6,2	19.1	39.4777138	73.5922814	5387.1
1035	89.7	89.7	89.7	1605,435,2,4	19.1	39.4776389	73.5922685	5395.4
1036	90.7	90.7	90.7	1274,945,3,2	19.1	39.4776382	73.5922685	5395.4
1037	142.8	142.8	142.8	43,1076,2,4	19.1	39.4776409	73.5922693	5395.4
1038	148.3	148.3	148.8	1908,228,5,3	19.1	39.4776391	73.5922687	5395.4
1039	41.6	41.6	41.6	1415,843,2,6	19.0	39.4777265	73.5922833	5385.1
1040	97.7	97.7	97.7	965,319,4,2	19.0	39.4776397	73.5922694	5395.4
1041	116.8	116.8	116.8	1689,401,5,2	19.0	39.4776397	73.5922691	5395.4
1042	162.8	162.8	162.8	1493,795,2,4	19.0	39.4776414	73.5922707	5395.4
1043	65.6	65.6	65.6	193,533,6,2	18.9	39.4776997	73.5922790	5388.4
1044	70.2	68.6	70.2	1761,683,2,4	18.9	39.4776395	73.5922686	5394.7
1045	113.2	112.7	113.2	423,585,2,4	18.9	39.4776409	73.5922697	5395.4
1046	142.3	142.3	142.3	787,297,4,2	18.9	39.4776410	73.5922694	5395.4
1047	143.3	143.3	143.3	272,369,2,3	18.9	39.4776407	73.5922692	5395.4
1048	117.3	117.3	117.3	287,337,2,4	18.8	39.4776396	73.5922689	5395.4
1049	117.8	117.8	117.8	135,583,2,6	18.8	39.4776391	73.5922688	5395.4
1050	143.3	143.3	143.3	89,45,8,2	18.8	39.4776407	73.5922692	5395.4
1051	87.2	87.2	87.2	1917,1009,3,2	18.7	39.4776390	73.5922688	5395.4
1052	143.8	143.8	143.8	145,305,4,2	18.7	39.4776402	73.5922691	5395.4
1053	145.8	145.8	145.8	721,1067,2,6	18.7	39.4776399	73.5922689	5395.4
1054	7.5	7.5	8.0	1111,85,2,6	18.6	39.4778059	73.5922992	5381.1
1055	88.7	88.7	88.7	693,910,3,3	18.6	39.4776391	73.5922687	5395.4
1056	95.7	95.7	95.7	1607,525,2,4	18.6	39.4776385	73.5922688	5395.4
1057	99.2	99.2	99.2	1913,765,4,2	18.6	39.4776394	73.5922696	5395.4
1058	130.3	130.3	130.3	685,29,2,4	18.6	39.4776400	73.5922694	5395.4
1059	140.3	140.3	140.3	1001,637,4,4	18.6	39.4776413	73.5922696	5395.4
1060	4.5	4.5	4.5	1913,1028,2,4	18.5	39.4778054	73.5922991	5381.1
1061	0.5	0.5	0.5	899,449,2,4	18.4	39.4778057	73.5922987	5381.1
1062	4.0	4.0	4.0	1641,457,2,4	18.4	39.4778054	73.5922990	5381.1
1063	66.6	65.6	66.6	105,849,6,2	18.4	39.4776838	73.5922762	5389.7
1064	66.6	66.6	66.6	83,551,6,2	18.4	39.4776838	73.5922762	5389.7
1065	83.7	83.7	83.7	1811,533,4,2	18.4	39.4776399	73.5922691	5395.4
1066	93.7	93.7	93.7	849,439,4,2	18.4	39.4776384	73.5922688	5395.4
1067	56.6	56.6	56.6	1449,205,4,2	18.3	39.4777284	73.5922841	5385.1
1068	65.6	65.6	65.6	151,195,2,6	18.3	39.4776997	73.5922790	5388.4
1069	145.8	145.8	145.8	1445,583,4,2	18.3	39.4776399	73.5922689	5395.4
1070	93.2	93.2	93.2	787,949,4,3	18.2	39.4776384	73.5922688	5395.4
1071	140.8	140.8	140.8	539,781,6,2	18.2	39.4776413	73.5922696	5395.4
1072	140.8	140.8	140.8	881,811,6,2	18.2	39.4776413	73.5922696	5395.4
1073	5.5	5.5	5.5	1559,353,2,4	18.1	39.4778055	73.5922992	5381.1
1074	145.3	145.3	145.3	845,615,6,4	18.1	39.4776399	73.5922688	5395.4
1075	50.6	50.6	50.6	1382,113,3,2	18.0	39.4777272	73.5922836	5385.1
1076	63.6	63.6	64.6	1833,492,2,5	18.0	39.4777243	73.5922831	5385.8
1077	117.3	117.3	117.3	705,178,3,3	18.0	39.4776396	73.5922689	5395.4
1078	9.5	9.5	9.5	743,145,2,8	17.9	39.4778064	73.5922993	5381.1
1079	58.1	58.1	58.1	855,258,2,3	17.9	39.4777286	73.5922841	5385.1
1080	70.7	70.7	70.7	65,317,6,4	17.9	39.4776390	73.5922685	5395.1
1081	71.7	71.7	71.7	597,453,2,4	17.8	39.4776393	73.5922684	5395.4
1082	88.7	88.7	88.7	1329,763,4,2	17.8	39.4776391	73.5922687	5395.4
1083	105.7	105.7	105.7	595,426,2,3	17.8	39.4776414	73.5922699	5395.4
1084	164.9	164.9	164.9	1017,505,2,4	17.8	39.4776412	73.5922708	5395.4
1085	5.5	5.5	5.5	929,153,4,2	17.7	39.4778055	73.5922992	5381.1
1086	5.5	5.5	5.5	1739,639,4,2	17.7	39.4778055	73.5922992	5381.1
1087	11.0	11.0	11.0	929,713,2,3	17.7	39.4778065	73.5922991	5381.1
1088	103.2	103.2	103.2	1306,1070,3,2	17.7	39.4776406	73.5922701	5395.4
1089	144.8	144.3	144.8	1273,817,3,2	17.7	39.4776398	73.5922690	5395.4
1090	58.1	58.1	58.1	868,135,3,2	17.6	39.4777286	73.5922841	5385.1
1091	124.8	124.8	124.8	899,193,4,6	17.6	39.4776391	73.5922690	5395.4
1092	133.3	133.3	133.3	845,619,6,2	17.6	39.4776406	73.5922690	5395.4
1093	142.3	142.3	142.3	1003,931,4,2	17.6	39.4776410	73.5922694	5395.4
1094	144.8	144.8	144.8	939,453,4,2	17.6	39.4776398	73.5922690	5395.4
1095	38.1	38.1	38.1	1233,439,4,2	17.5	39.4777273	73.5922840	5385.1
1096	86.7	86.7	86.7	1447,331,2,4	17.5	39.4776393	73.5922688	5395.4
1097	93.7	93.7	93.7	506,689,3,3	17.5	39.4776384	73.5922688	5395.4
1098	168.4	168.4	168.4	1499,687,3,2	17.5	39.4776414	73.5922711	5395.4
1099	4.0	4.0	4.0	1251,321,4,2	17.4	39.4778054	73.5922990	5381.1
1100	99.2	99.2	99.2	535,985,2,4	17.4	39.4776394	73.5922696	5395.4
1101	117.8	117.8	117.8	17,15,8,2	17.4	39.4776391	73.5922688	5395.4
1102	117.8	117.8	117.8	1684,121,5,2	17.4	39.4776391	73.5922688	5395.4
1103	117.8	117.8	117.8	1417,180,2,5	17.4	39.4776391	73.5922688	5395.4
1104	6.5	6.0	7.5	1039,980,2,5	17.3	39.4778057	73.5922992	5381.1
1105	54.1	54.1	54.1	775,575,2,4	17.3	39.4777278	73.5922840	5385.2
1106	70.2	70.2	73.2	1669,859,4,2	17.3	39.4776395	73.5922686	5394.7
1107	98.2	98.2	98.2	813,953,4,2	17.3	39.4776397	73.5922695	5395.4
1108	117.8	117.8	117.8	729,19,2,4	17.3	39.4776391	73.5922688	5395.4
1109	122.8	122.8	122.8	907,41,2,5	17.3	39.4776389	73.5922686	5395.4
1110	38.6	38.6	40.1	549,735,4,2	17.2	39.4777273	73.5922839	5385.1
1111	65.6	65.6	65.6	1179,109,3,2	17.2	39.4776997	73.5922790	5388.4
1112	91.7	91.7	91.7	985,513,3,2	17.2	39.4776384	73.5922685	5395.4
1113	96.7	96.7	96.7	909,889,4,2	17.2	39.4776387	73.5922691	5395.4
1114	96.2	96.2	97.2	683,861,4,2	17.2	39.4776386	73.5922690	5395.4
1115	124.8	124.8	124.8	929,15,4,2	17.2	39.4776391	73.5922690	5395.4
1116	144.8	144.8	144.8	289,361,4,2	17.2	39.4776398	73.5922690	5395.4
1117	144.8	144.8	144.8	1405,593,4,2	17.2	39.4776398	73.5922690	5395.4
1118	10.5	10.5	10.5	827,249,4,4	17.1	39.4778064	73.5922991	5381.1
1119	8.0	8.0	8.0	1223,263,4,2	17.0	39.4778060	73.5922993	5381.1
1120	59.6	59.6	59.6	1833,159,4,2	17.0	39.4777286	73.5922840	5385.1
1121	114.7	114.7	114.7	1255,724,2,5	17.0	39.4776396	73.5922695	5395.4
1122	136.3	136.3	136.3	989,799,4,2	17.0	39.4776412	73.5922694	5395.4
1123	31.1	31.1	31.1	43,863,4,2	16.9	39.4777274	73.5922850	5385.1
1124	53.1	53.1	53.1	1553,7,8,2	16.9	39.4777278	73.5922838	5385.1
1125	162.8	162.8	162.8	1787,401,2,4	16.9	39.4776414	73.5922707	5395.4
1126	162.8	162.8	162.8	1221,905,4,2	16.9	39.4776414	73.5922707	5395.4
1127	74.7	74.7	74.7	968,803,3,2	16.8	39.4776399	73.5922685	5395.4
1128	78.2	78.2	78.2	1537,621,2,6	16.8	39.4776411	73.5922690	5395.4
1129	115.7	115.7	115.7	1763,715,2,4	16.8	39.4776399	73.5922692	5395.4
1130	140.3	140.3	140.3	1531,641,2,8	16.8	39.4776413	73.5922696	5395.4
1131	159.8	159.8	159.8	467,519,4,2	16.8	39.4776402	73.5922706	5395.4
1132	161.3	161.3	161.3	1853,393,4,4	16.8	39.4776407	73.5922706	5395.4
1133	117.8	117.8	117.8	473,785,2,5	16.7	39.4776391	73.5922688	5395.4
1134	5.5	5.5	5.5	953,1009,2,8	16.6	39.4778055	73.5922992	5381.1
1135	6.0	6.0	6.5	1291,951,4,2	16.6	39.4778056	73.5922992	5381.1
1136	6.5	6.5	6.5	1802,713,4,2	16.6	39.4778057	73.5922992	5381.1
1137	68.6	68.6	70.7	1337,20,2,4	16.6	39.4776515	73.5922706	5392.7
1138	87.2	87.2	87.2	1601,251,2,3	16.6	39.4776390	73.5922688	5395.4
1139	90.2	89.7	90.2	1453,203,4,2	16.6	39.4776388	73.5922685	5395.4
1140	96.2	96.2	96.2	1245,187,2,4	16.6	39.4776386	73.5922690	5395.4
1141	38.6	38.6	38.6	477,599,4,2	16.5	39.4777273	73.5922839	5385.1
1142	38.6	38.6	38.6	657,875,4,2	16.5	39.4777273	73.5922839	5385.1
1143	64.6	64.6	64.6	437,955,3,4	16.5	39.4777138	73.5922814	5387.1
1144	86.2	86.2	86.2	915,547,3,2	16.5	39.4776397	73.5922688	5395.4
1145	118.3	118.3	118.3	1807,741,2,4	16.5	39.4776391	73.5922687	5395.4
1146	163.4	163.4	163.4	1423,761,6,2	16.5	39.4776412	73.5922706	5395.4
1147	52.1	52.1	52.1	1251,1061,2,4	16.4	39.4777274	73.5922836	5385.1
1148	70.7	69.6	70.7	445,309,2,4	16.4	39.4776390	73.5922685	5395.1
1149	96.2	96.2	96.2	1611,369,4,2	16.4	39.4776386	73.5922690	5395.4
1150	75.2	75.2	75.2	995,959,4,2	16.3	39.4776400	73.5922686	5395.4
1151	91.7	91.7	91.7	591,675,2,3	16.3	39.4776384	73.5922685	5395.4
1152	114.7	114.7	114.7	1833,913,4,2	16.3	39.4776396	73.5922695	5395.4
1153	117.8	117.8	117.8	995,55,4,2	16.3	39.4776391	73.5922688	5395.4
1154	140.3	140.3	142.3	1393,877,8,2	16.3	39.4776413	73.5922696	5395.4
1155	69.6	69.6	69.6	1571,877,4,2	16.2	39.4776406	73.5922687	5394.2
1156	72.7	72.7	72.7	911,513,2,4	16.2	39.4776398	73.5922683	5395.4
1157	85.2	85.2	85.2	1385,665,2,3	16.2	39.4776401	73.5922690	5395.4
1158	95.7	95.7	95.7	550,85,2,4	16.2	39.4776385	73.5922688	5395.4
1159	146.8	146.8	146.8	1884,1005,3,2	16.2	39.4776394	73.5922689	5395.4
1160	0.0	0.0	0.5	1675,835,4,2	16.1	39.4778058	73.5922987	5381.1
1161	8.0	8.0	8.0	611,103,4,2	16.1	39.4778060	73.5922993	5381.1
1162	52.1	52.1	52.1	593,659,3,5	16.1	39.4777274	73.5922836	5385.1
1163	103.7	103.7	103.7	457,455,3,2	16.1	39.4776411	73.5922701	5395.4
1164	112.7	112.7	112.7	1753,737,6,2	16.1	39.4776410	73.5922698	5395.4
1165	118.8	118.8	118.8	361,1077,2,3	16.1	39.4776392	73.5922686	5395.4
1166	31.1	31.1	31.1	45,1041,4,2	16.0	39.4777274	73.5922850	5385.1
1167	69.1	69.1	69.1	1857,553,4,2	16.0	39.4776438	73.5922693	5393.6
1168	78.2	78.2	78.2	235,855,8,2	16.0	39.4776411	73.5922690	5395.4
1169	94.2	94.2	94.2	123,795,4,4	16.0	39.4776384	73.5922688	5395.4
1170	117.3	117.3	117.3	1255,439,2,4	16.0	39.4776396	73.5922689	5395.4
1171	157.8	157.8	157.8	1337,1062,3,2	16.0	39.4776401	73.5922703	5395.4
1172	159.8	159.8	159.8	1576,101,3,2	16.0	39.4776402	73.5922706	5395.4
1173	4.5	4.5	4.5	1431,359,4,2	15.9	39.4778054	73.5922991	5381.1
1174	116.8	115.7	116.8	1017,537,2,5	15.9	39.4776397	73.5922691	5395.4
1175	3.0	1.5	3.0	707,526,4,3	15.8	39.4778054	73.5922988	5381.1
1176	38.1	38.1	38.1	709,347,2,4	15.8	39.4777273	73.5922840	5385.1
1177	38.1	38.1	38.1	741,767,4,2	15.8	39.4777273	73.5922840	5385.1
1178	54.1	54.1	54.1	1613,51,2,6	15.8	39.4777278	73.5922840	5385.2
1179	60.6	60.6	60.6	1383,113,2,4	15.8	39.4777285	73.5922838	5385.1
1180	94.2	94.2	94.2	471,429,4,4	15.8	39.4776384	73.5922688	5395.4
1181	99.2	99.2	99.2	861,1042,3,2	15.8	39.4776394	73.5922696	5395.4
1182	122.8	122.8	122.8	211,745,2,4	15.8	39.4776389	73.5922686	5395.4
1183	9.5	9.5	11.0	351,228,2,5	15.7	39.4778064	73.5922993	5381.1
1184	62.6	62.6	62.6	1665,0,2,5	15.7	39.4777281	73.5922839	5385.1
1185	6.5	6.5	6.5	705,143,8,2	15.6	39.4778057	73.5922992	5381.1
1186	69.6	68.6	69.6	1847,1069,2,4	15.6	39.4776406	73.5922687	5394.2
1187	93.2	93.2	93.2	653,949,3,2	15.6	39.4776384	73.5922688	5395.4
1188	140.8	140.8	140.8	1529,1015,8,2	15.6	39.4776413	73.5922696	5395.4
1189	70.7	70.7	70.7	1267,121,4,2	15.5	39.4776390	73.5922685	5395.1
1190	70.7	70.7	70.7	699,431,4,2	15.5	39.4776390	73.5922685	5395.1
1191	147.3	147.3	147.3	1580,341,3,2	15.5	39.4776390	73.5922688	5395.4
1192	54.1	54.1	54.1	817,529,4,2	15.4	39.4777278	73.5922840	5385.2
1193	54.1	54.1	54.1	927,609,2,4	15.4	39.4777278	73.5922840	5385.2
1194	60.6	60.6	60.6	13,309,2,4	15.4	39.4777285	73.5922838	5385.1
1195	61.6	61.6	61.6	1428,411,5,2	15.4	39.4777284	73.5922839	5385.1
1196	94.2	94.2	94.2	809,579,2,4	15.4	39.4776384	73.5922688	5395.4
1197	108.7	108.7	108.7	1097,675,2,4	15.4	39.4776415	73.5922703	5395.4
1198	0.5	0.5	0.5	1445,725,2,4	15.3	39.4778057	73.5922987	5381.1
1199	0.5	0.5	1.0	849,559,4,2	15.3	39.4778057	73.5922987	5381.1
1200	6.5	6.5	6.5	991,849,2,6	15.3	39.4778057	73.5922992	5381.1
1201	66.6	66.6	66.6	1241,283,2,8	15.3	39.4776838	73.5922762	5389.7
1202	110.7	109.7	110.7	791,369,2,3	15.3	39.4776414	73.5922703	5395.4
1203	151.3	151.3	151.3	1687,257,2,8	15.3	39.4776387	73.5922690	5395.4
1204	41.6	41.6	41.6	540,95,5,2	15.2	39.4777265	73.5922833	5385.1
1205	69.6	69.6	69.6	1041,0,4,2	15.2	39.4776406	73.5922687	5394.2
1206	78.2	78.2	78.2	1481,903,8,2	15.2	39.4776411	73.5922690	5395.4
1207	139.8	139.8	139.8	743,51,2,4	15.2	39.4776413	73.5922696	5395.4
1208	0.0	0.0	2.0	1633,449,8,2	15.1	39.4778058	73.5922987	5381.1
1209	145.8	145.8	145.8	430,485,3,4	15.1	39.4776399	73.5922689	5395.4
1210	11.5	11.5	11.5	661,491,2,3	15.0	39.4778065	73.5922990	5381.1
1211	60.6	60.6	60.6	1679,529,2,4	15.0	39.4777285	73.5922838	5385.1
1212	69.1	69.1	69.1	821,507,4,4	15.0	39.4776438	73.5922693	5393.6
1213	70.2	70.2	70.2	1004,493,3,2	15.0	39.4776395	73.5922686	5394.7
1214	70.7	70.7	70.7	681,517,2,3	15.0	39.4776390	73.5922685	5395.1
1215	115.7	115.7	115.7	897,359,8,2	15.0	39.4776399	73.5922692	5395.4
1216	4.5	4.5	4.5	1097,989,2,4	14.9	39.4778054	73.5922991	5381.1
1217	4.5	4.5	5.0	977,871,4,2	14.9	39.4778054	73.5922991	5381.1
1218	64.6	63.6	64.6	323,995,6,4	14.9	39.4777138	73.5922814	5387.1
1219	141.3	141.3	141.3	524,425,3,2	14.9	39.4776412	73.5922696	5395.4
1220	66.6	66.6	66.6	268,329,5,2	14.8	39.4776838	73.5922762	5389.7
1221	145.8	145.8	145.8	326,1067,3,3	14.8	39.4776399	73.5922689	5395.4
1222	152.3	152.3	152.3	1506,1077,2,3	14.8	39.4776386	73.5922691	5395.4
1223	69.6	69.6	69.6	1685,329,2,8	14.7	39.4776406	73.5922687	5394.2
1224	72.7	71.7	72.7	510,663,3,2	14.7	39.4776398	73.5922683	5395.4
1225	143.3	143.3	143.3	413,485,4,2	14.7	39.4776407	73.5922692	5395.4
1226	143.3	143.3	143.3	1499,997,4,2	14.7	39.4776407	73.5922692	5395.4
1227	43.6	43.6	43.6	225,1027,4,2	14.6	39.4777261	73.5922835	5385.2
1228	63.6	63.6	63.6	297,955,6,4	14.6	39.4777243	73.5922831	5385.8
1229	65.6	65.6	65.6	1665,721,8,2	14.6	39.4776997	73.5922790	5388.4
1230	70.7	70.7	70.7	65,897,2,4	14.6	39.4776390	73.5922685	5395.1
1231	79.2	79.2	79.2	1862,534,3,2	14.6	39.4776412	73.5922691	5395.4
1232	116.8	116.8	117.8	1801,983,8,2	14.6	39.4776397	73.5922691	5395.4
1233	117.8	117.8	117.8	943,125,2,4	14.6	39.4776391	73.5922688	5395.4
1234	117.8	117.8	117.8	1457,237,2,4	14.6	39.4776391	73.5922688	5395.4
1235	139.8	139.8	139.8	1050,707,3,2	14.6	39.4776413	73.5922696	5395.4
1236	149.8	149.8	149.8	907,887,4,2	14.6	39.4776389	73.5922689	5395.4
1237	149.8	149.8	149.8	25,995,2,4	14.6	39.4776389	73.5922689	5395.4
1238	10.5	10.5	10.5	1611,778,2,3	14.5	39.4778064	73.5922991	5381.1
1239	58.6	58.6	58.6	443,27,4,4	14.5	39.4777286	73.5922841	5385.1
1240	128.8	128.8	128.8	1871,275,2,4	14.5	39.4776401	73.5922694	5395.4
1241	162.8	162.8	162.8	953,783,8,2	14.5	39.4776414	73.5922707	5395.4
1242	164.9	164.9	164.9	747,31,6,2	14.5	39.4776412	73.5922708	5395.4
1243	8.5	8.5	8.5	407,473,2,8	14.4	39.4778060	73.5922993	5381.1
1244	63.6	63.6	63.6	69,0,2,5	14.4	39.4777243	73.5922831	5385.8
1245	69.1	69.1	69.1	1741,729,3,2	14.4	39.4776438	73.5922693	5393.6
1246	5.0	5.0	5.0	1617,595,2,4	14.3	39.4778054	73.5922991	5381.1
1247	124.8	124.8	124.8	1387,351,6,2	14.3	39.4776391	73.5922690	5395.4
1248	162.8	162.8	162.8	1811,581,3,2	14.3	39.4776414	73.5922707	5395.4
1249	164.9	164.9	164.9	1009,423,4,2	14.3	39.4776412	73.5922708	5395.4
1250	4.5	4.5	4.5	1065,205,2,4	14.2	39.4778054	73.5922991	5381.1
1251	5.5	5.5	5.5	593,7,4,2	14.2	39.4778055	73.5922992	5381.1
1252	6.0	6.0	6.0	75,231,4,2	14.2	39.4778056	73.5922992	5381.1
1253	10.0	10.0	10.0	1279,17,2,4	14.2	39.4778064	73.5922992	5381.1
1254	63.6	61.6	65.6	17,805,4,2	14.2	39.4777243	73.5922831	5385.8
1255	70.7	70.7	70.7	1511,0,2,4	14.2	39.4776390	73.5922685	5395.1
1256	122.8	122.8	122.8	1669,1033,2,8	14.2	39.4776389	73.5922686	5395.4
1257	91.7	91.7	91.7	587,830,2,3	14.1	39.4776384	73.5922685	5395.4
1258	116.8	116.8	116.8	1583,833,2,8	14.1	39.4776397	73.5922691	5395.4
1259	117.8	117.8	117.8	1711,617,2,4	14.1	39.4776391	73.5922688	5395.4
1260	0.0	0.0	0.0	1607,833,2,4	14.0	39.4778058	73.5922987	5381.1
1261	1.5	1.5	1.5	1689,559,4,2	14.0	39.4778055	73.5922987	5381.1
1262	55.1	55.1	55.1	793,225,6,2	14.0	39.4777281	73.5922840	5385.2
1263	115.7	115.7	115.7	991,205,2,4	14.0	39.4776399	73.5922692	5395.4
1264	143.8	143.8	143.8	1585,657,2,4	14.0	39.4776402	73.5922691	5395.4
1265	2.0	2.0	2.0	89,103,3,2	13.9	39.4778054	73.5922987	5381.1
1266	9.5	9.5	9.5	1609,669,4,2	13.9	39.4778064	73.5922993	5381.1
1267	140.3	140.3	140.3	381,429,2,4	13.9	39.4776413	73.5922696	5395.4
1268	40.6	40.6	40.6	614,390,2,3	13.8	39.4777265	73.5922834	5385.1
1269	43.6	43.6	43.6	1875,837,4,4	13.8	39.4777261	73.5922835	5385.2
1270	63.6	62.6	63.6	265,911,8,2	13.8	39.4777243	73.5922831	5385.8
1271	70.7	70.7	70.7	257,251,4,2	13.8	39.4776390	73.5922685	5395.1
1272	112.7	112.7	112.7	539,541,2,3	13.8	39.4776410	73.5922698	5395.4
1273	114.7	114.7	114.7	1801,617,2,4	13.8	39.4776396	73.5922695	5395.4
1274	114.7	114.7	114.7	1401,653,2,4	13.8	39.4776396	73.5922695	5395.4
1275	117.8	117.8	117.8	649,77,2,4	13.8	39.4776391	73.5922688	5395.4
1276	117.8	117.8	117.8	1151,173,2,4	13.8	39.4776391	73.5922688	5395.4
1277	6.0	6.0	6.0	267,241,4,2	13.7	39.4778056	73.5922992	5381.1
1278	6.0	6.0	6.0	1347,1017,4,2	13.7	39.4778056	73.5922992	5381.1
1279	87.7	87.7	88.7	1674,529,3,2	13.7	39.4776391	73.5922688	5395.4
1280	116.8	116.8	116.8	481,673,8,2	13.7	39.4776397	73.5922691	5395.4
1281	116.8	116.8	116.8	305,879,4,2	13.7	39.4776397	73.5922691	5395.4
1282	143.3	143.3	143.3	61,899,2,4	13.7	39.4776407	73.5922692	5395.4
1283	144.3	144.3	144.3	921,657,2,4	13.7	39.4776400	73.5922691	5395.4
1284	159.8	159.8	159.8	1017,641,6,2	13.7	39.4776402	73.5922706	5395.4
1285	1.5	1.5	1.5	321,241,4,2	13.6	39.4778055	73.5922987	5381.1
1286	68.6	68.6	68.6	1463,531,2,6	13.6	39.4776515	73.5922706	5392.7
1287	68.6	68.6	68.6	1729,1067,2,6	13.6	39.4776515	73.5922706	5392.7
1288	99.7	99.7	99.7	639,926,2,3	13.6	39.4776400	73.5922697	5395.4
1289	115.7	115.7	115.7	779,391,2,4	13.6	39.4776399	73.5922692	5395.4
1290	1.5	1.5	1.5	1235,757,2,3	13.5	39.4778055	73.5922987	5381.1
1291	6.5	6.5	6.5	821,47,4,2	13.5	39.4778057	73.5922992	5381.1
1292	10.0	10.0	10.0	1523,723,2,4	13.5	39.4778064	73.5922992	5381.1
1293	43.6	43.6	43.6	273,945,2,4	13.5	39.4777261	73.5922835	5385.2
1294	66.6	66.6	66.6	1527,409,2,4	13.5	39.4776838	73.5922762	5389.7
1295	68.6	68.6	68.6	1605,579,2,3	13.5	39.4776515	73.5922706	5392.7
1296	70.2	70.2	70.2	1711,555,2,3	13.5	39.4776395	73.5922686	5394.7
1297	115.7	115.7	115.7	485,73,4,2	13.5	39.4776399	73.5922692	5395.4
1298	143.3	143.3	143.3	1557,1066,2,3	13.5	39.4776407	73.5922692	5395.4
1299	66.6	66.6	66.6	253,181,6,2	13.4	39.4776838	73.5922762	5389.7
1300	117.8	117.8	117.8	361,65,6,2	13.4	39.4776391	73.5922688	5395.4
1301	8.5	8.5	8.5	1441,141,2,4	13.3	39.4778060	73.5922993	5381.1
1302	99.2	99.2	99.2	1832,777,3,2	13.3	39.4776394	73.5922696	5395.4
1303	115.7	115.7	115.7	1847,149,2,4	13.3	39.4776399	73.5922692	5395.4
1304	115.7	115.7	115.7	1521,449,4,2	13.3	39.4776399	73.5922692	5395.4
1305	122.8	122.8	122.8	219,947,4,4	13.3	39.4776389	73.5922686	5395.4
1306	0.0	0.0	0.0	1105,591,4,2	13.2	39.4778058	73.5922987	5381.1
1307	69.6	69.6	69.6	147,81,2,3	13.2	39.4776406	73.5922687	5394.2
1308	112.7	112.7	112.7	1673,1029,4,2	13.2	39.4776410	73.5922698	5395.4
1309	128.3	128.3	128.3	35,741,2,4	13.2	39.4776397	73.5922695	5395.4
1310	7.0	7.0	7.0	1095,243,4,2	13.1	39.4778058	73.5922992	5381.1
1311	60.6	60.6	60.6	1139,51,4,2	13.1	39.4777285	73.5922838	5385.1
1312	94.2	94.2	94.2	221,205,4,4	13.1	39.4776384	73.5922688	5395.4
1313	117.8	117.8	117.8	821,25,4,2	13.1	39.4776391	73.5922688	5395.4
1314	117.8	117.8	117.8	1143,69,2,4	13.1	39.4776391	73.5922688	5395.4
1315	117.8	117.8	117.8	989,201,4,2	13.1	39.4776391	73.5922688	5395.4
1316	6.5	6.5	6.5	1697,165,4,2	13.0	39.4778057	73.5922992	5381.1
1317	6.5	6.5	6.5	9,217,2,4	13.0	39.4778057	73.5922992	5381.1
1318	7.0	5.5	7.0	1523,601,4,2	13.0	39.4778058	73.5922992	5381.1
1319	115.7	115.7	115.7	1399,329,4,2	13.0	39.4776399	73.5922692	5395.4
1320	115.7	115.7	115.7	1617,667,4,2	13.0	39.4776399	73.5922692	5395.4
1321	122.8	122.8	122.8	119,111,8,2	13.0	39.4776389	73.5922686	5395.4
1322	146.8	146.8	146.8	1585,926,2,3	13.0	39.4776394	73.5922689	5395.4
1323	0.5	0.5	0.5	699,23,3,2	12.9	39.4778057	73.5922987	5381.1
1324	7.5	7.5	7.5	185,137,4,2	12.9	39.4778059	73.5922992	5381.1
1325	66.6	66.6	66.6	215,939,2,6	12.9	39.4776838	73.5922762	5389.7
1326	93.2	93.2	93.2	1099,502,2,3	12.9	39.4776384	73.5922688	5395.4
1327	114.7	114.7	114.7	509,590,4,3	12.9	39.4776396	73.5922695	5395.4
1328	145.3	145.3	145.3	347,955,4,4	12.9	39.4776399	73.5922688	5395.4
1329	159.8	159.8	159.8	257,563,2,4	12.9	39.4776402	73.5922706	5395.4
1330	159.8	159.8	159.8	649,1057,4,4	12.9	39.4776402	73.5922706	5395.4
1331	0.0	0.0	0.5	817,689,2,3	12.8	39.4778058	73.5922987	5381.1
1332	4.5	4.5	4.5	197,279,4,2	12.8	39.4778054	73.5922991	5381.1
1333	4.5	4.5	4.5	233,331,2,4	12.8	39.4778054	73.5922991	5381.1
1334	5.5	5.5	5.5	1727,37,2,4	12.8	39.4778055	73.5922992	5381.1
1335	41.6	41.6	41.6	853,73,2,4	12.8	39.4777265	73.5922833	5385.1
1336	64.6	64.6	64.6	229,569,2,8	12.8	39.4777138	73.5922814	5387.1
1337	64.6	64.6	66.6	127,697,2,6	12.8	39.4777138	73.5922814	5387.1
1338	95.2	95.2	95.2	123,951,3,2	12.8	39.4776385	73.5922688	5395.4
1339	122.8	122.8	122.8	683,195,4,4	12.8	39.4776389	73.5922686	5395.4
1340	124.8	124.8	124.8	1493,977,6,2	12.8	39.4776391	73.5922690	5395.4
1341	150.3	150.3	150.3	797,999,2,4	12.8	39.4776388	73.5922690	5395.4
1342	160.3	160.3	160.3	105,809,2,4	12.8	39.4776403	73.5922706	5395.4
1343	1.5	1.5	1.5	1733,971,3,2	12.7	39.4778055	73.5922987	5381.1
1344	6.0	6.0	6.0	1059,1017,4,2	12.7	39.4778056	73.5922992	5381.1
1345	56.1	56.1	56.1	1695,1069,2,4	12.7	39.4777283	73.5922841	5385.2
1346	114.7	114.7	115.7	421,565,4,2	12.7	39.4776396	73.5922695	5395.4
1347	7.5	7.5	7.5	119,123,2,3	12.6	39.4778059	73.5922992	5381.1
1348	9.0	9.0	9.0	1179,185,4,2	12.6	39.4778061	73.5922993	5381.1
1349	9.0	9.0	9.0	1097,403,2,4	12.6	39.4778061	73.5922993	5381.1
1350	78.2	78.2	78.2	401,995,4,4	12.6	39.4776411	73.5922690	5395.4
1351	150.3	150.3	150.3	537,649,2,8	12.6	39.4776388	73.5922690	5395.4
1352	3.0	3.0	3.0	1247,1023,3,2	12.5	39.4778054	73.5922988	5381.1
1353	7.0	7.0	7.0	1553,935,4,2	12.5	39.4778058	73.5922992	5381.1
1354	8.0	8.0	8.0	967,873,4,2	12.5	39.4778060	73.5922993	5381.1
1355	41.6	41.6	41.6	811,11,4,4	12.5	39.4777265	73.5922833	5385.1
1356	41.6	41.6	41.6	339,117,2,4	12.5	39.4777265	73.5922833	5385.1
1357	63.6	63.6	63.6	1505,1067,4,4	12.5	39.4777243	73.5922831	5385.8
1358	69.6	69.6	69.6	277,969,4,2	12.5	39.4776406	73.5922687	5394.2
1359	69.6	69.6	69.6	1165,1069,4,2	12.5	39.4776406	73.5922687	5394.2
1360	95.7	95.7	95.7	1853,787,2,3	12.5	39.4776385	73.5922688	5395.4
1361	116.8	116.8	116.8	1125,378,4,2	12.5	39.4776397	73.5922691	5395.4
1362	116.8	116.8	116.8	1641,715,2,4	12.5	39.4776397	73.5922691	5395.4
1363	122.8	122.8	122.8	445,1073,6,2	12.5	39.4776389	73.5922686	5395.4
1364	145.8	145.8	145.8	331,451,2,4	12.5	39.4776399	73.5922689	5395.4
1365	145.8	145.8	145.8	469,1069,2,4	12.5	39.4776399	73.5922689	5395.4
1366	1.5	1.5	1.5	211,73,3,2	12.4	39.4778055	73.5922987	5381.1
1367	7.5	7.5	7.5	445,551,4,2	12.4	39.4778059	73.5922992	5381.1
1368	94.7	94.7	94.7	874,625,3,2	12.4	39.4776384	73.5922688	5395.4
1369	163.4	163.4	163.4	1499,985,4,2	12.4	39.4776412	73.5922706	5395.4
1370	65.6	64.6	65.6	441,919,4,6	12.3	39.4776997	73.5922790	5388.4
1371	70.7	70.7	70.7	53,517,4,2	12.3	39.4776390	73.5922685	5395.1
1372	70.7	70.7	70.7	339,537,4,2	12.3	39.4776390	73.5922685	5395.1
1373	70.7	70.7	70.7	775,967,4,4	12.3	39.4776390	73.5922685	5395.1
1374	70.7	70.7	70.7	145,987,4,2	12.3	39.4776390	73.5922685	5395.1
1375	71.2	71.2	71.2	1525,987,2,3	12.3	39.4776390	73.5922684	5395.3
1376	115.7	115.7	115.7	1361,711,4,2	12.3	39.4776399	73.5922692	5395.4
1377	115.7	115.7	115.7	1789,1007,4,2	12.3	39.4776399	73.5922692	5395.4
1378	115.7	113.7	116.8	393,73,2,4	12.3	39.4776399	73.5922692	5395.4
1379	124.8	124.8	124.8	539,363,4,4	12.3	39.4776391	73.5922690	5395.4
1380	124.8	124.8	124.8	219,795,4,4	12.3	39.4776391	73.5922690	5395.4
1381	124.8	124.8	124.8	1515,867,4,4	12.3	39.4776391	73.5922690	5395.4
1382	163.4	163.4	163.4	1783,1077,2,3	12.3	39.4776412	73.5922706	5395.4
1383	61.6	61.6	61.6	535,195,4,2	12.2	39.4777284	73.5922839	5385.1
1384	62.6	62.6	62.6	247,1003,2,6	12.2	39.4777281	73.5922839	5385.1
1385	112.7	112.7	112.7	1713,513,8,2	12.2	39.4776410	73.5922698	5395.4
1386	123.8	123.8	123.8	291,389,4,2	12.2	39.4776389	73.5922689	5395.4
1387	138.3	138.3	138.3	1003,489,4,4	12.2	39.4776413	73.5922695	5395.4
1388	64.6	64.6	64.6	251,899,8,2	12.1	39.4777138	73.5922814	5387.1
1389	68.6	68.6	68.6	1443,217,4,2	12.1	39.4776515	73.5922706	5392.7
1390	111.7	111.7	111.7	1659,51,4,4	12.1	39.4776412	73.5922701	5395.4
1391	7.5	7.5	7.5	1593,189,2,4	12.0	39.4778059	73.5922992	5381.1
1392	8.0	8.0	8.0	1815,888,2,3	12.0	39.4778060	73.5922993	5381.1
1393	60.6	60.6	60.6	1235,51,4,2	12.0	39.4777285	73.5922838	5385.1
1394	63.6	63.6	63.6	117,691,2,6	12.0	39.4777243	73.5922831	5385.8
1395	69.6	69.6	69.6	170,363,3,2	12.0	39.4776406	73.5922687	5394.2
1396	87.7	87.7	87.7	1323,982,2,3	12.0	39.4776391	73.5922688	5395.4
1397	96.7	96.7	96.7	1505,597,2,3	12.0	39.4776387	73.5922691	5395.4
1398	116.8	116.8	116.8	89,393,2,4	12.0	39.4776397	73.5922691	5395.4
1399	116.8	116.8	116.8	397,575,4,2	12.0	39.4776397	73.5922691	5395.4
1400	122.8	122.8	122.8	1533,977,4,2	12.0	39.4776389	73.5922686	5395.4
1401	61.6	61.6	61.6	1867,851,4,4	11.9	39.4777284	73.5922839	5385.1
1402	66.6	65.6	66.6	15,753,2,6	11.9	39.4776838	73.5922762	5389.7
1403	41.6	41.6	41.6	341,205,8,2	11.8	39.4777265	73.5922833	5385.1
1404	43.1	43.1	43.1	1365,1067,2,4	11.8	39.4777262	73.5922835	5385.2
1405	108.7	108.7	108.7	603,403,3,2	11.8	39.4776415	73.5922703	5395.4
1406	123.8	123.8	123.8	1139,507,4,4	11.8	39.4776389	73.5922689	5395.4
1407	65.6	65.6	65.6	265,513,2,4	11.7	39.4776997	73.5922790	5388.4
1408	117.3	117.3	117.3	1589,633,4,4	11.7	39.4776396	73.5922689	5395.4
1409	117.8	117.8	117.8	1463,333,2,4	11.7	39.4776391	73.5922688	5395.4
1410	60.6	60.6	60.6	1397,187,2,4	11.6	39.4777285	73.5922838	5385.1
1411	60.6	60.6	60.6	1901,717,4,2	11.6	39.4777285	73.5922838	5385.1
1412	61.6	61.6	61.6	1571,531,4,4	11.6	39.4777284	73.5922839	5385.1
1413	61.6	61.6	61.6	1525,593,2,4	11.6	39.4777284	73.5922839	5385.1
1414	61.6	61.6	63.6	99,819,4,2	11.6	39.4777284	73.5922839	5385.1
1415	64.6	64.6	65.6	177,625,6,2	11.6	39.4777138	73.5922814	5387.1
1416	73.2	73.2	73.2	1087,315,4,4	11.6	39.4776399	73.5922683	5395.4
1417	122.8	122.8	122.8	1275,515,4,4	11.6	39.4776389	73.5922686	5395.4
1418	138.3	138.3	138.3	1835,17,4,2	11.6	39.4776413	73.5922695	5395.4
1419	56.1	56.1	56.1	1415,259,2,3	11.5	39.4777283	73.5922841	5385.2
1420	112.7	112.7	112.7	33,565,4,2	11.5	39.4776410	73.5922698	5395.4
1421	109.7	109.7	109.7	485,593,2,3	11.4	39.4776415	73.5922704	5395.4
1422	145.8	145.8	145.8	111,401,2,4	11.4	39.4776399	73.5922689	5395.4
1423	145.8	145.8	145.8	1117,543,4,2	11.4	39.4776399	73.5922689	5395.4
1424	145.8	145.8	145.8	483,1009,2,4	11.4	39.4776399	73.5922689	5395.4
1425	145.8	145.8	145.8	407,1019,2,4	11.4	39.4776399	73.5922689	5395.4
1426	145.8	145.8	145.8	577,1065,4,2	11.4	39.4776399	73.5922689	5395.4
1427	63.6	63.6	63.6	101,317,2,6	11.3	39.4777243	73.5922831	5385.8
1428	142.8	142.8	142.8	162,572,3,2	11.3	39.4776409	73.5922693	5395.4
1429	66.6	66.6	66.6	1419,449,4,2	11.2	39.4776838	73.5922762	5389.7
1430	65.6	64.6	65.6	59,283,4,4	11.1	39.4776997	73.5922790	5388.4
1431	65.6	65.6	65.6	907,299,4,2	11.1	39.4776997	73.5922790	5388.4
1432	65.6	65.6	65.6	179,949,2,4	11.1	39.4776997	73.5922790	5388.4
1433	138.3	138.3	138.3	1011,891,4,4	11.1	39.4776413	73.5922695	5395.4
1434	145.8	145.8	145.8	1460,937,3,2	11.1	39.4776399	73.5922689	5395.4
1435	0.5	0.5	0.5	1185,705,2,3	11.0	39.4778057	73.5922987	5381.1
1436	64.6	64.6	64.6	59,589,4,2	11.0	39.4777138	73.5922814	5387.1
1437	64.6	64.6	65.6	283,703,4,2	11.0	39.4777138	73.5922814	5387.1
1438	121.8	121.8	121.8	1596,107,3,2	11.0	39.4776389	73.5922686	5395.4
1439	141.8	141.8	141.8	550,499,3,2	11.0	39.4776411	73.5922695	5395.4
1440	63.6	63.6	63.6	237,983,4,2	10.9	39.4777243	73.5922831	5385.8
1441	70.7	68.6	70.7	1337,349,4,4	10.9	39.4776390	73.5922685	5395.1
1442	117.8	117.8	117.8	1741,27,4,2	10.9	39.4776391	73.5922688	5395.4
1443	117.8	117.8	117.8	1197,409,4,2	10.9	39.4776391	73.5922688	5395.4
1444	148.3	148.3	148.3	65,1006,2,3	10.9	39.4776391	73.5922687	5395.4
1445	3.5	3.5	3.5	601,270,2,3	10.8	39.4778054	73.5922988	5381.1
1446	64.6	64.6	64.6	754,97,3,2	10.8	39.4777138	73.5922814	5387.1
1447	128.8	128.8	128.8	1099,59,4,4	10.8	39.4776401	73.5922694	5395.4
1448	51.1	51.1	51.1	387,754,3,2	10.7	39.4777269	73.5922836	5385.1
1449	103.2	103.2	103.2	619,201,3,2	10.7	39.4776406	73.5922701	5395.4
1450	128.8	128.8	128.8	359,762,2,3	10.7	39.4776401	73.5922694	5395.4
1451	128.8	128.8	128.8	1363,873,2,3	10.7	39.4776401	73.5922694	5395.4
1452	31.1	31.1	31.1	0,985,3,2	10.6	39.4777274	73.5922850	5385.1
1453	117.8	117.8	117.8	1887,284,2,3	10.6	39.4776391	73.5922688	5395.4
1454	43.6	43.6	43.6	1849,977,4,4	10.5	39.4777261	73.5922835	5385.2
1455	94.2	94.2	94.2	435,1077,2,3	10.5	39.4776384	73.5922688	5395.4
1456	2.0	2.0	2.0	801,501,4,4	10.3	39.4778054	73.5922987	5381.1
1457	61.6	61.6	61.6	1883,675,4,4	10.3	39.4777284	73.5922839	5385.1
1458	115.2	115.2	115.2	1005,909,4,4	10.2	39.4776398	73.5922694	5395.4
1459	140.8	140.8	140.8	1147,985,3,2	10.2	39.4776413	73.5922696	5395.4
1460	65.6	65.6	65.6	1765,813,4,4	10.1	39.4776997	73.5922790	5388.4
1461	71.7	71.7	71.7	601,212,2,3	10.1	39.4776393	73.5922684	5395.4
1462	164.9	164.9	164.9	1183,380,2,3	9.9	39.4776412	73.5922708	5395.4
1463	90.2	90.2	90.2	1917,495,3,2	9.8	39.4776388	73.5922685	5395.4
1464	122.8	122.8	122.8	747,155,4,4	9.7	39.4776389	73.5922686	5395.4
1465	122.8	122.8	122.8	1211,235,4,4	9.7	39.4776389	73.5922686	5395.4
1466	138.3	138.3	138.3	773,483,2,3	9.7	39.4776413	73.5922695	5395.4
1467	56.6	56.6	56.6	1317,185,4,4	9.5	39.4777284	73.5922841	5385.1
1468	4.5	4.5	4.5	1169,279,3,2	9.4	39.4778054	73.5922991	5381.1
1469	164.9	164.9	164.9	1375,51,2,3	9.4	39.4776412	73.5922708	5395.4
1470	2.0	2.0	2.0	423,0,2,3	9.2	39.4778054	73.5922987	5381.1
1471	159.8	159.8	159.8	595,1017,4,4	9.1	39.4776402	73.5922706	5395.4
1472	163.4	163.4	163.4	0,853,3,2	9.1	39.4776412	73.5922706	5395.4
1473	0.0	0.0	0.0	1199,458,2,3	9.0	39.4778058	73.5922987	5381.1
1474	5.0	5.0	5.0	553,1060,2,3	8.9	39.4778054	73.5922991	5381.1
1475	62.6	62.6	62.6	1542,109,3,2	8.8	39.4777281	73.5922839	5385.1
1476	9.0	9.0	9.0	865,0,2,3	8.7	39.4778061	73.5922993	5381.1
1477	138.3	138.3	138.3	1771,97,3,2	8.7	39.4776413	73.5922695	5395.4
1478	8.0	8.0	8.0	911,847,3,2	8.6	39.4778060	73.5922993	5381.1
1479	78.2	78.2	78.2	445,1073,4,4	8.6	39.4776411	73.5922690	5395.4
1480	114.7	114.7	114.7	1119,622,2,3	8.6	39.4776396	73.5922695	5395.4
1481	124.8	124.8	124.8	1723,747,4,4	8.6	39.4776391	73.5922690	5395.4
1482	124.8	124.8	124.8	251,891,4,4	8.6	39.4776391	73.5922690	5395.4
1483	68.6	68.6	68.6	1419,147,4,4	8.5	39.4776515	73.5922706	5392.7
1484	123.8	123.8	123.8	1201,1075,4,5	8.5	39.4776389	73.5922689	5395.4
1485	122.8	122.8	122.8	827,67,4,4	8.3	39.4776389	73.5922686	5395.4
1486	122.8	122.8	122.8	1555,603,4,4	8.3	39.4776389	73.5922686	5395.4
1487	123.8	123.8	123.8	611,355,4,4	8.3	39.4776389	73.5922689	5395.4
1488	124.8	124.8	124.8	323,0,2,3	8.3	39.4776391	73.5922690	5395.4
1489	124.8	124.8	124.8	1693,687,3,2	8.3	39.4776391	73.5922690	5395.4
1490	124.8	124.8	124.8	1458,927,3,2	8.3	39.4776391	73.5922690	5395.4
1491	117.8	117.8	117.8	1903,38,2,3	8.1	39.4776391	73.5922688	5395.4
1492	63.6	63.6	63.6	1311,918,2,3	8.0	39.4777243	73.5922831	5385.8
1493	54.1	54.1	54.1	1391,853,2,3	7.9	39.4777278	73.5922840	5385.2
1494	60.6	60.6	60.6	49,41,3,2	7.9	39.4777285	73.5922838	5385.1
1495	55.1	55.1	57.1	1683,49,2,3	7.8	39.4777281	73.5922840	5385.2
1496	117.3	117.3	117.3	257,0,2,3	7.8	39.4776396	73.5922689	5395.4
1497	41.6	41.6	41.6	285,42,2,3	7.7	39.4777265	73.5922833	5385.1
1498	112.7	112.7	112.7	271,252,2,3	7.7	39.4776410	73.5922698	5395.4
1499	71.2	71.2	71.2	1917,621,3,2	7.6	39.4776390	73.5922684	5395.3
1500	65.6	65.6	65.6	1435,494,2,3	7.5	39.4776997	73.5922790	5388.4
1501	117.8	117.8	117.8	1191,966,2,3	7.3	39.4776391	73.5922688	5395.4
1502	60.6	60.6	60.6	1541,1077,2,3	7.0	39.4777285	73.5922838	5385.1
1503	72.2	72.2	72.2	1317,1077,2,3	6.9	39.4776396	73.5922684	5395.4
1504	109.2	109.2	109.2	947,1077,2,3	6.8	39.4776415	73.5922703	5395.4
1505	118.3	118.3	118.3	151,1077,2,3	6.8	39.4776391	73.5922687	5395.4
1506	50.1	50.1	50.1	1657,1077,2,3	6.2	39.4777270	73.5922836	5385.1
1507	140.3	140.3	140.3	1627,1077,2,3	5.8	39.4776413	73.5922696	5395.4
1508	160.3	160.3	160.3	65,1077,2,3	5.5	39.4776403	73.5922706	5395.4
1509	62.6	62.6	62.6	439,1077,2,3	5.0	39.4777281	73.5922839	5385.1
1510	66.6	66.6	66.6	693,1077,2,3	4.4	39.4776838	73.5922762	5389.7
1511	50.1	50.1	50.1	1589,1077,2,3	4.1	39.4777270	73.5922836	5385.1
1512	112.7	112.7	112.7	165,1077,2,3	4.1	39.4776410	73.5922698	5395.4
