track	t_best	t0	t1	bbox	score	lat	lon	alt
0	117.1	116.1	117.1	5,367,70,72	4747.0	39.4976286	73.6048575	4285.5
1	40.0	36.0	43.1	767,589,47,29	3398.3	39.5002671	73.6048513	4259.7
2	158.2	157.2	161.2	63,775,72,28	2596.8	39.4975190	73.6048990	4288.2
3	157.2	155.2	162.2	399,525,34,28	2396.3	39.4975191	73.6048989	4288.4
4	162.2	159.2	163.2	1667,291,39,28	2364.1	39.4975189	73.6048995	4287.6
5	162.2	161.2	162.2	1891,175,29,34	2324.9	39.4975189	73.6048995	4287.6
6	115.1	115.1	115.1	0,0,33,33	2158.5	39.4977047	73.6048187	4285.4
7	40.0	38.0	40.0	30,824,35,31	1982.2	39.5002671	73.6048513	4259.7
8	61.1	61.1	61.1	33,212,64,29	1875.1	39.5002723	73.6048519	4260.7
9	156.2	156.2	156.2	33,1058,36,22	1754.7	39.4975192	73.6048988	4288.4
10	59.1	59.1	59.1	357,282,54,23	1746.5	39.5002721	73.6048517	4260.7
11	164.2	164.2	164.2	1889,657,16,40	1736.5	39.4975187	73.6048993	4287.2
12	152.2	149.2	153.2	32,834,42,31	1724.4	39.4975187	73.6048990	4288.6
13	59.1	59.1	62.1	1489,95,28,22	1698.8	39.5002721	73.6048517	4260.7
14	95.1	93.1	95.1	299,1047,22,33	1649.9	39.4989094	73.6046282	4285.4
15	119.1	118.1	119.1	47,143,25,50	1628.1	39.4975346	73.6048943	4285.5
16	166.2	165.2	167.2	1889,801,24,24	1545.4	39.4975185	73.6048992	4286.8
17	44.1	44.1	44.1	1873,956,47,27	1529.5	39.5002692	73.6048515	4260.1
18	115.1	115.1	115.1	9,1025,24,40	1426.1	39.4977047	73.6048187	4285.4
19	161.2	160.2	161.2	585,1059,38,21	1421.9	39.4975189	73.6048994	4287.8
20	64.1	64.1	64.1	435,449,31,41	1391.6	39.5002726	73.6048521	4260.7
21	114.1	114.1	115.1	83,761,40,40	1390.5	39.4977261	73.6048078	4285.4
22	48.1	48.1	51.1	1098,431,38,20	1381.0	39.5002709	73.6048517	4260.1
23	150.2	149.2	155.2	0,391,23,20	1330.5	39.4975185	73.6048991	4288.6
24	164.2	164.2	164.2	1889,257,24,17	1329.9	39.4975187	73.6048993	4287.2
25	113.1	113.1	113.1	33,0,40,17	1320.0	39.4977320	73.6048052	4285.4
26	61.1	61.1	62.1	145,1061,28,19	1306.7	39.5002723	73.6048519	4260.7
27	51.1	49.1	51.1	765,49,29,28	1293.2	39.5002706	73.6048513	4260.1
28	153.2	153.2	153.2	5,961,29,29	1290.1	39.4975188	73.6048990	4288.6
29	116.1	116.1	117.1	34,67,23,30	1285.2	39.4976712	73.6048365	4285.5
30	83.1	83.1	83.1	438,889,43,19	1279.3	39.4995204	73.6047220	4279.0
31	78.1	74.1	78.1	670,1039,27,18	1270.3	39.4998994	73.6047836	4272.8
32	9.0	7.0	15.0	1281,1030,37,14	1264.1	39.5023084	73.6052004	4258.2
33	46.1	46.1	47.1	1393,263,16,42	1208.2	39.5002703	73.6048514	4260.1
34	84.1	84.1	84.1	417,1000,38,19	1154.2	39.4994442	73.6047095	4280.1
35	117.1	114.1	127.2	62,425,33,35	1143.3	39.4976286	73.6048575	4285.5
36	167.2	167.2	167.2	1715,1059,28,14	1141.3	39.4975186	73.6048994	4286.8
37	162.2	162.2	167.2	165,587,28,29	1138.0	39.4975189	73.6048995	4287.6
38	90.1	89.1	94.1	1905,177,15,24	1109.4	39.4990346	73.6046454	4285.3
39	24.0	8.0	32.0	538,14,24,31	1102.6	39.5011472	73.6050101	4259.7
40	60.1	60.1	65.1	1585,937,24,22	1096.9	39.5002723	73.6048516	4260.7
41	56.1	56.1	59.1	785,115,16,22	1089.9	39.5002718	73.6048514	4260.7
42	22.0	21.0	26.0	1398,876,35,19	1083.9	39.5013153	73.6050405	4259.7
43	164.2	163.2	164.2	1827,627,22,16	1083.6	39.4975187	73.6048993	4287.2
44	68.1	65.1	69.1	600,900,58,43	1080.1	39.5002604	73.6048459	4260.9
45	150.2	139.2	150.2	534,817,43,16	1038.8	39.4975185	73.6048991	4288.6
46	40.0	35.0	42.1	1107,657,27,14	1031.8	39.5002671	73.6048513	4259.7
47	150.2	149.2	151.2	107,913,12,54	1019.9	39.4975185	73.6048991	4288.6
48	4.0	0.0	10.0	945,325,16,28	1012.1	39.5025621	73.6052987	4258.2
49	33.0	30.0	36.0	241,758,20,27	997.6	39.5004489	73.6048841	4259.7
50	119.1	118.1	127.2	0,183,24,28	995.7	39.4975346	73.6048943	4285.5
51	62.1	62.1	62.1	433,345,34,18	995.2	39.5002726	73.6048520	4260.7
52	43.1	38.0	43.1	481,0,16,25	994.3	39.5002687	73.6048515	4260.0
53	100.1	100.1	100.1	0,0,27,22	985.7	39.4984804	73.6046722	4285.4
54	49.1	45.1	52.1	1645,145,20,32	984.5	39.5002713	73.6048519	4260.1
55	158.2	156.2	158.2	707,1035,46,16	961.4	39.4975190	73.6048990	4288.2
56	158.2	158.2	158.2	611,147,20,14	954.6	39.4975190	73.6048990	4288.2
57	62.1	61.1	62.1	1277,285,43,20	944.6	39.5002726	73.6048520	4260.7
58	166.2	165.2	167.2	1777,673,16,16	926.5	39.4975185	73.6048992	4286.8
59	42.1	42.1	43.1	269,183,36,22	919.4	39.5002681	73.6048514	4259.9
60	63.1	62.1	63.1	1517,985,33,16	912.9	39.5002726	73.6048520	4260.7
61	61.1	60.1	61.1	129,119,23,20	890.6	39.5002723	73.6048519	4260.7
62	48.1	48.1	48.1	1876,161,30,18	853.1	39.5002709	73.6048517	4260.1
63	100.1	100.1	100.1	1033,1035,24,10	844.5	39.4984804	73.6046722	4285.4
64	160.2	160.2	160.2	1763,131,14,14	840.6	39.4975190	73.6048993	4287.9
65	48.1	48.1	51.1	0,726,13,21	837.0	39.5002709	73.6048517	4260.1
66	96.1	96.1	96.1	471,577,19,14	820.9	39.4988362	73.6046207	4285.4
67	98.1	98.1	98.1	59,401,15,32	783.9	39.4986637	73.6046346	4285.4
68	152.2	152.2	153.2	0,910,15,35	782.3	39.4975187	73.6048990	4288.6
69	21.0	5.0	21.0	431,0,40,17	774.3	39.5013991	73.6050560	4259.7
70	167.2	164.2	167.2	657,986,30,31	773.6	39.4975186	73.6048994	4286.8
71	59.1	55.1	59.1	441,823,20,18	755.2	39.5002721	73.6048517	4260.7
72	161.2	156.2	161.2	659,1011,35,8	745.8	39.4975189	73.6048994	4287.8
73	80.1	78.1	82.1	256,777,27,22	737.6	39.4997500	73.6047594	4275.6
74	97.1	97.1	99.1	693,649,22,14	733.4	39.4987526	73.6046221	4285.4
75	142.2	140.2	147.2	329,193,16,20	733.3	39.4975189	73.6048990	4285.0
76	68.1	67.1	68.1	13,1041,12,30	723.5	39.5002604	73.6048459	4260.9
77	163.2	163.2	163.2	1905,65,15,16	722.8	39.4975187	73.6048993	4287.4
78	154.2	154.2	156.2	159,659,24,12	713.6	39.4975191	73.6048988	4288.5
79	160.2	153.2	160.2	1843,899,14,12	713.3	39.4975190	73.6048993	4287.9
80	148.2	147.2	148.2	23,641,18,22	704.2	39.4975186	73.6048992	4288.6
81	117.1	117.1	117.1	111,711,19,14	700.9	39.4976286	73.6048575	4285.5
82	59.1	59.1	59.1	985,0,22,17	689.1	39.5002721	73.6048517	4260.7
83	32.0	23.0	37.0	1297,750,24,21	680.7	39.5005137	73.6048958	4259.6
84	44.1	44.1	44.1	1841,903,30,10	676.2	39.5002692	73.6048515	4260.1
85	87.1	87.1	87.1	45,130,13,23	672.7	39.4992190	73.6046726	4283.8
86	166.2	166.2	166.2	1633,1043,16,14	669.7	39.4975185	73.6048992	4286.8
87	66.1	65.1	66.1	844,1006,23,29	667.9	39.5002718	73.6048517	4260.8
88	164.2	162.2	164.2	1779,403,14,12	663.3	39.4975187	73.6048993	4287.2
89	48.1	48.1	48.1	1271,42,36,15	662.2	39.5002709	73.6048517	4260.1
90	90.1	86.1	90.1	1905,81,15,16	661.8	39.4990346	73.6046454	4285.3
91	35.0	23.0	36.0	737,869,18,12	660.5	39.5003274	73.6048619	4259.6
92	76.1	76.1	78.1	45,0,20,29	655.4	39.5000297	73.6048051	4269.4
93	53.1	53.1	55.1	1882,929,31,10	654.7	39.5002712	73.6048512	4260.4
94	9.0	9.0	12.0	73,5,21,22	651.4	39.5023084	73.6052004	4258.2
95	60.1	60.1	60.1	1753,161,16,16	649.9	39.5002723	73.6048516	4260.7
96	63.1	59.1	64.1	1445,899,36,6	648.8	39.5002726	73.6048520	4260.7
97	49.1	49.1	49.1	946,130,23,21	644.0	39.5002713	73.6048519	4260.1
98	64.1	64.1	64.1	213,41,20,24	642.4	39.5002726	73.6048521	4260.7
99	58.1	57.1	58.1	497,331,22,12	641.7	39.5002720	73.6048517	4260.7
100	83.1	75.1	83.1	163,881,15,37	638.7	39.4995204	73.6047220	4279.0
101	63.1	63.1	63.1	929,473,32,16	634.1	39.5002726	73.6048520	4260.7
102	163.2	163.2	163.2	803,115,15,12	631.9	39.4975187	73.6048993	4287.4
103	64.1	64.1	64.1	1838,177,19,20	631.4	39.5002726	73.6048521	4260.7
104	43.1	39.0	43.1	519,235,14,22	630.7	39.5002687	73.6048515	4260.0
105	82.1	80.1	82.1	478,899,20,12	628.4	39.4995969	73.6047345	4277.8
106	165.2	165.2	165.2	0,995,15,14	627.0	39.4975185	73.6048991	4286.9
107	157.2	154.2	159.2	581,851,20,14	618.5	39.4975191	73.6048989	4288.4
108	35.0	31.0	36.0	1674,257,23,26	616.6	39.5003274	73.6048619	4259.6
109	48.1	48.1	48.1	817,533,23,22	614.7	39.5002709	73.6048517	4260.1
110	56.1	56.1	56.1	155,137,14,18	609.0	39.5002718	73.6048514	4260.7
111	88.1	88.1	88.1	77,191,20,18	608.4	39.4991437	73.6046607	4284.9
112	55.1	52.1	59.1	806,121,16,34	608.2	39.5002717	73.6048514	4260.7
113	20.0	10.0	21.0	1407,909,28,16	606.7	39.5014842	73.6050709	4259.7
114	96.1	96.1	96.1	193,1009,8,24	605.7	39.4988362	73.6046207	4285.4
115	165.2	165.2	165.2	241,467,14,12	605.7	39.4975185	73.6048991	4286.9
116	142.2	142.2	146.2	1889,1041,8,24	602.9	39.4975189	73.6048990	4285.0
117	163.2	162.2	164.2	451,681,24,14	602.9	39.4975187	73.6048993	4287.4
118	50.1	49.1	52.1	90,231,11,17	598.9	39.5002714	73.6048520	4260.1
119	79.1	78.1	79.1	625,1057,10,16	597.3	39.4998254	73.6047716	4274.4
120	11.0	11.0	11.0	0,125,18,20	596.9	39.5021820	73.6051784	4258.6
121	94.1	94.1	94.1	87,793,16,24	591.8	39.4989665	73.6046363	4285.4
122	90.1	89.1	90.1	1809,139,26,14	591.3	39.4990346	73.6046454	4285.3
123	114.1	114.1	114.1	33,619,16,14	588.8	39.4977261	73.6048078	4285.4
124	157.2	157.2	158.2	739,979,15,12	588.5	39.4975191	73.6048989	4288.4
125	163.2	162.2	166.2	369,931,15,12	588.5	39.4975187	73.6048993	4287.4
126	105.1	105.1	105.1	1871,847,20,20	588.2	39.4980127	73.6047551	4285.4
127	43.1	42.1	44.1	485,89,18,17	588.1	39.5002687	73.6048515	4260.0
128	60.1	60.1	61.1	1791,769,24,12	585.8	39.5002723	73.6048516	4260.7
129	90.1	89.1	95.1	33,267,16,14	576.3	39.4990346	73.6046454	4285.3
130	160.2	160.2	161.2	0,913,15,14	574.6	39.4975190	73.6048993	4287.9
131	162.2	162.2	162.2	1777,33,16,16	574.0	39.4975189	73.6048995	4287.6
132	153.2	146.2	153.2	1897,787,16,22	572.3	39.4975188	73.6048990	4288.6
133	40.0	40.0	40.0	907,417,6,23	569.2	39.5002671	73.6048513	4259.7
134	39.0	38.0	43.1	784,385,22,26	567.5	39.5002668	73.6048510	4259.7
135	165.2	163.2	166.2	726,839,21,33	559.9	39.4975185	73.6048991	4286.9
136	28.0	27.0	28.0	4,21,14,23	557.4	39.5008181	73.6049508	4259.7
137	74.1	72.1	78.1	519,1032,16,19	555.1	39.5001290	73.6048209	4265.5
138	27.0	27.0	27.0	1879,403,18,20	553.5	39.5008978	73.6049652	4259.7
139	74.1	70.1	79.1	665,983,22,15	553.2	39.5001290	73.6048209	4265.5
140	61.1	61.1	61.1	865,515,24,14	553.1	39.5002723	73.6048519	4260.7
141	162.2	162.2	167.2	285,793,20,12	549.4	39.4975189	73.6048995	4287.6
142	45.1	42.1	45.1	628,507,13,22	548.6	39.5002698	73.6048514	4260.1
143	7.0	0.0	8.0	72,153,18,16	548.4	39.5024226	73.6052397	4258.2
144	1.0	0.0	3.0	1897,855,23,20	547.6	39.5026307	73.6053278	4258.0
145	53.1	53.1	53.1	1904,459,16,12	538.9	39.5002712	73.6048512	4260.4
146	149.2	149.2	151.2	401,761,10,20	530.0	39.4975186	73.6048991	4288.6
147	23.0	22.0	23.0	153,36,19,16	528.0	39.5012309	73.6050252	4259.7
148	36.0	31.0	36.0	1337,768,17,25	526.3	39.5002820	73.6048532	4259.6
149	66.1	66.1	69.1	41,411,16,14	523.3	39.5002718	73.6048517	4260.8
150	49.1	49.1	51.1	504,589,15,19	522.8	39.5002713	73.6048519	4260.1
151	67.1	65.1	68.1	1783,847,10,20	516.8	39.5002675	73.6048490	4260.8
152	163.2	163.2	163.2	373,994,14,31	512.8	39.4975187	73.6048993	4287.4
153	89.1	89.1	92.1	97,545,8,18	510.4	39.4990719	73.6046508	4285.3
154	90.1	89.1	95.1	1843,267,22,8	508.0	39.4990346	73.6046454	4285.3
155	58.1	57.1	58.1	1889,529,12,20	506.5	39.5002720	73.6048517	4260.7
156	101.1	100.1	101.1	809,689,12,16	506.3	39.4983882	73.6046890	4285.4
157	94.1	93.1	94.1	1385,1032,18,17	505.2	39.4989665	73.6046363	4285.4
158	101.1	100.1	101.1	11,692,6,29	505.0	39.4983882	73.6046890	4285.4
159	48.1	48.1	48.1	451,971,12,16	502.6	39.5002709	73.6048517	4260.1
160	166.2	166.2	166.2	1220,787,13,12	502.4	39.4975185	73.6048992	4286.8
161	160.2	158.2	164.2	515,657,20,12	502.1	39.4975190	73.6048993	4287.9
162	3.0	0.0	5.0	1000,644,19,22	501.0	39.5025967	73.6053134	4258.2
163	142.2	140.2	142.2	17,545,14,24	498.3	39.4975189	73.6048990	4285.0
164	58.1	57.1	58.1	1888,873,11,24	498.2	39.5002720	73.6048517	4260.7
165	166.2	166.2	166.2	1878,1021,42,4	496.3	39.4975185	73.6048992	4286.8
166	56.1	56.1	56.1	155,417,10,16	494.6	39.5002718	73.6048514	4260.7
167	116.1	116.1	117.1	65,561,32,11	490.7	39.4976712	73.6048365	4285.5
168	50.1	50.1	50.1	1073,0,32,5	490.4	39.5002714	73.6048520	4260.1
169	49.1	49.1	51.1	293,339,11,16	490.0	39.5002713	73.6048519	4260.1
170	99.1	99.1	99.1	1025,861,16,8	487.0	39.4985725	73.6046527	4285.4
171	149.2	149.2	149.2	154,1073,23,7	486.4	39.4975186	73.6048991	4288.6
172	41.0	35.0	42.1	562,205,26,12	486.1	39.5002676	73.6048512	4259.7
173	69.1	67.1	69.1	830,817,11,18	483.7	39.5002513	73.6048424	4260.9
174	52.1	52.1	52.1	265,1051,14,22	481.3	39.5002708	73.6048512	4260.1
175	117.1	117.1	117.1	119,17,10,16	479.8	39.4976286	73.6048575	4285.5
176	166.2	161.2	167.2	721,961,13,22	478.1	39.4975185	73.6048992	4286.8
177	42.1	39.0	43.1	1361,853,16,18	477.4	39.5002681	73.6048514	4259.9
178	111.1	109.1	111.1	1122,896,17,12	476.4	39.4977319	73.6048051	4285.4
179	84.1	84.1	85.1	129,198,15,13	473.3	39.4994442	73.6047095	4280.1
180	93.1	93.1	93.1	743,1044,10,13	472.9	39.4990061	73.6046417	4285.4
181	110.1	110.1	110.1	1091,835,14,16	472.6	39.4977340	73.6048048	4285.4
182	148.2	148.2	148.2	314,222,16,15	472.6	39.4975186	73.6048992	4288.6
183	25.0	23.0	30.0	1833,221,18,15	468.5	39.5010628	73.6049949	4259.7
184	60.1	60.1	60.1	133,1039,14,18	468.4	39.5002723	73.6048516	4260.7
185	67.1	65.1	67.1	1787,1005,14,22	467.4	39.5002675	73.6048490	4260.8
186	53.1	53.1	55.1	393,501,14,15	466.7	39.5002712	73.6048512	4260.4
187	95.1	95.1	95.1	1665,945,14,13	459.3	39.4989094	73.6046282	4285.4
188	83.1	83.1	83.1	1177,934,19,25	457.3	39.4995204	73.6047220	4279.0
189	44.1	43.1	44.1	1473,465,8,16	456.2	39.5002692	73.6048515	4260.1
190	141.2	141.2	141.2	433,0,16,7	455.9	39.4975190	73.6048990	4285.0
191	95.1	93.1	95.1	75,927,22,10	455.5	39.4989094	73.6046282	4285.4
192	57.1	54.1	58.1	299,951,12,18	449.5	39.5002720	73.6048515	4260.7
193	115.1	115.1	115.1	75,1035,15,20	449.4	39.4977047	73.6048187	4285.4
194	61.1	61.1	64.1	733,1029,12,14	448.8	39.5002723	73.6048519	4260.7
195	33.0	23.0	33.0	17,517,16,10	446.4	39.5004489	73.6048841	4259.7
196	100.1	100.1	100.1	25,347,16,11	446.2	39.4984804	73.6046722	4285.4
197	59.1	57.1	59.1	1653,1031,10,18	445.9	39.5002721	73.6048517	4260.7
198	56.1	56.1	56.1	1723,551,19,10	445.7	39.5002718	73.6048514	4260.7
199	162.2	162.2	162.2	1909,642,11,16	445.4	39.4975189	73.6048995	4287.6
200	61.1	61.1	64.1	629,635,14,16	443.2	39.5002723	73.6048519	4260.7
201	100.1	100.1	100.1	17,953,16,8	442.7	39.4984804	73.6046722	4285.4
202	159.2	157.2	160.2	947,930,12,28	440.6	39.4975189	73.6048991	4288.1
203	96.1	96.1	96.1	1873,993,16,8	439.8	39.4988362	73.6046207	4285.4
204	94.1	94.1	94.1	148,459,29,6	437.7	39.4989665	73.6046363	4285.4
205	163.2	163.2	163.2	1751,323,10,12	437.5	39.4975187	73.6048993	4287.4
206	166.2	164.2	166.2	551,829,16,22	437.1	39.4975185	73.6048992	4286.8
207	22.0	10.0	29.0	1737,305,26,10	434.3	39.5013153	73.6050405	4259.7
208	61.1	61.1	61.1	965,991,12,14	433.4	39.5002723	73.6048519	4260.7
209	96.1	96.1	96.1	891,947,14,15	431.0	39.4988362	73.6046207	4285.4
210	142.2	133.2	143.2	677,817,30,8	430.5	39.4975189	73.6048990	4285.0
211	101.1	101.1	101.1	0,841,9,14	429.7	39.4983882	73.6046890	4285.4
212	61.1	60.1	61.1	1233,843,16,10	427.0	39.5002723	73.6048519	4260.7
213	58.1	57.1	58.1	0,1013,9,20	425.9	39.5002720	73.6048517	4260.7
214	37.0	37.0	37.0	1782,1075,30,5	425.5	39.5002704	73.6048515	4259.6
215	114.1	110.1	115.1	673,762,26,15	424.3	39.4977261	73.6048078	4285.4
216	48.1	48.1	48.1	721,369,10,16	421.8	39.5002709	73.6048517	4260.1
217	167.2	164.2	167.2	228,776,18,20	419.7	39.4975186	73.6048994	4286.8
218	67.1	66.1	67.1	1505,591,16,18	414.1	39.5002675	73.6048490	4260.8
219	16.0	16.0	24.0	1685,449,12,12	412.6	39.5018197	73.6051255	4259.7
220	108.1	108.1	108.1	427,915,14,12	409.7	39.4977667	73.6047989	4285.4
221	151.2	151.2	153.2	1573,675,18,16	409.1	39.4975187	73.6048990	4288.6
222	59.1	59.1	59.1	1709,609,12,20	408.4	39.5002721	73.6048517	4260.7
223	56.1	55.1	56.1	761,13,13,11	407.9	39.5002718	73.6048514	4260.7
224	153.2	150.2	159.2	636,523,23,6	407.7	39.4975188	73.6048990	4288.6
225	136.2	121.1	137.2	801,988,19,18	407.3	39.4975186	73.6048994	4285.5
226	38.0	37.0	43.1	1218,243,12,38	407.1	39.5002674	73.6048510	4259.7
227	60.1	60.1	60.1	1119,1013,10,12	406.8	39.5002723	73.6048516	4260.7
228	89.1	85.1	91.1	482,179,17,14	400.8	39.4990719	73.6046508	4285.3
229	86.1	86.1	91.1	76,1061,15,16	399.0	39.4992935	73.6046849	4282.6
230	161.2	160.2	161.2	243,1051,14,8	398.0	39.4975189	73.6048994	4287.8
231	36.0	34.0	36.0	265,973,8,18	395.4	39.5002820	73.6048532	4259.6
232	44.1	44.1	44.1	1161,459,8,14	395.2	39.5002692	73.6048515	4260.1
233	41.0	41.0	41.0	1859,868,16,13	395.1	39.5002676	73.6048512	4259.7
234	56.1	56.1	56.1	1631,575,12,11	394.7	39.5002718	73.6048514	4260.7
235	111.1	111.1	111.1	1903,57,10,28	393.6	39.4977319	73.6048051	4285.4
236	23.0	21.0	28.0	1783,193,17,16	392.9	39.5012309	73.6050252	4259.7
237	100.1	100.1	102.1	923,993,12,16	392.8	39.4984804	73.6046722	4285.4
238	103.1	100.1	103.1	480,775,25,10	391.2	39.4981990	73.6047218	4285.4
239	68.1	67.1	68.1	681,943,20,16	390.7	39.5002604	73.6048459	4260.9
240	33.0	31.0	36.0	409,151,10,18	389.5	39.5004489	73.6048841	4259.7
241	147.2	147.2	149.2	39,625,10,16	389.1	39.4975185	73.6048990	4288.1
242	151.2	151.2	151.2	1379,945,27,6	388.7	39.4975187	73.6048990	4288.6
243	151.2	147.2	152.2	1281,771,18,12	387.0	39.4975187	73.6048990	4288.6
244	50.1	50.1	50.1	917,870,14,11	385.8	39.5002714	73.6048520	4260.1
245	49.1	49.1	51.1	1641,48,30,12	383.1	39.5002713	73.6048519	4260.1
246	61.1	56.1	61.1	773,938,20,7	383.1	39.5002723	73.6048519	4260.7
247	61.1	60.1	61.1	417,971,12,15	382.0	39.5002723	73.6048519	4260.7
248	69.1	66.1	69.1	1384,1001,37,16	382.0	39.5002513	73.6048424	4260.9
249	51.1	51.1	51.1	1275,381,7,18	381.2	39.5002706	73.6048513	4260.1
250	52.1	50.1	55.1	17,849,8,16	379.4	39.5002708	73.6048512	4260.1
251	30.0	29.0	33.0	225,113,16,12	379.3	39.5006558	73.6049216	4259.7
252	162.2	162.2	162.2	1507,1031,20,10	377.8	39.4975189	73.6048995	4287.6
253	117.1	117.1	123.1	1084,779,15,16	377.5	39.4976286	73.6048575	4285.5
254	27.0	25.0	30.0	1897,197,16,12	376.0	39.5008978	73.6049652	4259.7
255	83.1	83.1	83.1	9,1064,10,16	376.0	39.4995204	73.6047220	4279.0
256	140.2	139.2	142.2	1915,0,5,17	375.9	39.4975189	73.6048991	4284.9
257	105.1	105.1	106.1	0,3,17,14	375.8	39.4980127	73.6047551	4285.4
258	91.1	89.1	95.1	723,691,22,10	372.6	39.4990265	73.6046446	4285.4
259	15.0	15.0	20.0	1293,545,10,16	371.9	39.5019003	73.6051392	4259.7
260	57.1	55.1	57.1	791,533,10,12	370.3	39.5002720	73.6048515	4260.7
261	66.1	65.1	66.1	1423,373,10,12	366.9	39.5002718	73.6048517	4260.8
262	32.0	32.0	32.0	107,32,10,22	366.1	39.5005137	73.6048958	4259.6
263	162.2	162.2	162.2	161,931,12,13	366.1	39.4975189	73.6048995	4287.6
264	62.1	62.1	62.1	1329,779,14,12	365.5	39.5002726	73.6048520	4260.7
265	12.0	0.0	12.0	1527,379,10,14	361.9	39.5021172	73.6051700	4259.5
266	106.1	105.1	106.1	1793,225,16,10	360.2	39.4979231	73.6047711	4285.4
267	132.2	128.2	136.2	813,1073,12,7	359.5	39.4975180	73.6049002	4285.5
268	57.1	57.1	58.1	1009,0,14,10	359.0	39.5002720	73.6048515	4260.7
269	61.1	61.1	61.1	109,323,16,15	358.4	39.5002723	73.6048519	4260.7
270	64.1	64.1	64.1	689,921,16,14	357.1	39.5002726	73.6048521	4260.7
271	67.1	67.1	69.1	647,687,11,15	356.4	39.5002675	73.6048490	4260.8
272	35.0	35.0	35.0	1905,9,8,14	356.1	39.5003274	73.6048619	4259.6
273	82.1	79.1	83.1	51,1049,17,19	354.2	39.4995969	73.6047345	4277.8
274	108.1	108.1	110.1	1777,33,16,6	352.8	39.4977667	73.6047989	4285.4
275	49.1	49.1	51.1	1353,71,16,10	352.5	39.5002713	73.6048519	4260.1
276	153.2	153.2	154.2	43,718,14,17	352.5	39.4975188	73.6048990	4288.6
277	110.1	107.1	110.1	1801,803,8,12	351.5	39.4977340	73.6048048	4285.4
278	146.2	144.2	147.2	0,541,7,20	351.0	39.4975186	73.6048991	4287.7
279	48.1	48.1	48.1	473,433,15,10	350.2	39.5002709	73.6048517	4260.1
280	62.1	62.1	62.1	499,833,14,16	349.8	39.5002726	73.6048520	4260.7
281	69.1	69.1	69.1	5,217,6,18	347.4	39.5002513	73.6048424	4260.9
282	79.1	71.1	79.1	478,1065,11,15	347.1	39.4998254	73.6047716	4274.4
283	98.1	98.1	98.1	1761,940,16,13	346.8	39.4986637	73.6046346	4285.4
284	60.1	58.1	60.1	724,1001,8,14	345.9	39.5002723	73.6048516	4260.7
285	117.1	117.1	117.1	1881,831,10,12	345.8	39.4976286	73.6048575	4285.5
286	42.1	42.1	42.1	1788,229,21,10	345.4	39.5002681	73.6048514	4259.9
287	62.1	61.1	62.1	1381,841,18,8	343.1	39.5002726	73.6048520	4260.7
288	162.2	162.2	162.2	49,385,16,7	342.5	39.4975189	73.6048995	4287.6
289	59.1	59.1	59.1	205,779,14,18	341.8	39.5002721	73.6048517	4260.7
290	113.1	113.1	113.1	744,1009,9,16	341.4	39.4977320	73.6048052	4285.4
291	86.1	86.1	87.1	0,754,12,13	340.0	39.4992935	73.6046849	4282.6
292	73.1	71.1	73.1	393,1073,19,7	339.2	39.5001645	73.6048265	4263.4
293	46.1	42.1	46.1	612,987,27,6	339.1	39.5002703	73.6048514	4260.1
294	73.1	71.1	73.1	156,1041,22,23	338.5	39.5001645	73.6048265	4263.4
295	148.2	148.2	148.2	463,1059,12,10	338.0	39.4975186	73.6048992	4288.6
296	116.1	116.1	116.1	0,1059,7,12	337.4	39.4976712	73.6048365	4285.5
297	94.1	92.1	94.1	1753,322,14,21	336.6	39.4989665	73.6046363	4285.4
298	83.1	83.1	83.1	153,152,14,9	336.1	39.4995204	73.6047220	4279.0
299	148.2	142.2	148.2	0,724,17,7	336.1	39.4975186	73.6048992	4288.6
300	159.2	159.2	163.2	35,723,12,16	336.0	39.4975189	73.6048991	4288.1
301	46.1	46.1	47.1	1559,401,10,28	335.5	39.5002703	73.6048514	4260.1
302	46.1	46.1	47.1	1162,987,19,6	335.0	39.5002703	73.6048514	4260.1
303	63.1	63.1	63.1	741,473,20,10	335.0	39.5002726	73.6048520	4260.7
304	113.1	112.1	114.1	785,883,10,12	334.2	39.4977320	73.6048052	4285.4
305	28.0	28.0	29.0	1911,419,9,14	333.5	39.5008181	73.6049508	4259.7
306	109.1	105.1	109.1	0,319,9,10	333.1	39.4977402	73.6048037	4285.3
307	10.0	8.0	15.0	1607,561,10,16	333.0	39.5022462	73.6051879	4258.2
308	56.1	56.1	56.1	1763,1075,26,5	332.7	39.5002718	73.6048514	4260.7
309	45.1	45.1	47.1	705,711,16,8	331.9	39.5002698	73.6048514	4260.1
310	114.1	114.1	114.1	75,545,6,24	331.9	39.4977261	73.6048078	4285.4
311	62.1	62.1	62.1	310,977,11,16	331.3	39.5002726	73.6048520	4260.7
312	74.1	72.1	76.1	892,489,13,8	331.0	39.5001290	73.6048209	4265.5
313	33.0	32.0	40.0	1781,769,6,14	329.4	39.5004489	73.6048841	4259.7
314	150.2	150.2	152.2	649,691,8,16	328.5	39.4975185	73.6048991	4288.6
315	50.1	50.1	55.1	0,641,14,10	328.1	39.5002714	73.6048520	4260.1
316	103.1	99.1	103.1	1135,829,9,20	327.8	39.4981990	73.6047218	4285.4
317	48.1	48.1	48.1	1666,910,15,11	326.6	39.5002709	73.6048517	4260.1
318	59.1	59.1	63.1	697,577,16,14	326.5	39.5002721	73.6048517	4260.7
319	161.2	161.2	161.2	717,1049,12,8	325.8	39.4975189	73.6048994	4287.8
320	106.1	106.1	110.1	1905,1025,15,6	325.6	39.4979231	73.6047711	4285.4
321	71.1	71.1	75.1	98,129,15,20	325.2	39.5002140	73.6048336	4260.9
322	116.1	116.1	117.1	97,649,16,10	323.9	39.4976712	73.6048365	4285.5
323	163.2	161.2	163.2	472,1019,17,6	323.7	39.4975187	73.6048993	4287.4
324	34.0	31.0	36.0	379,111,14,10	323.2	39.5003929	73.6048738	4259.7
325	58.1	57.1	58.1	1833,951,24,8	322.5	39.5002720	73.6048517	4260.7
326	98.1	97.1	98.1	1009,685,16,8	322.5	39.4986637	73.6046346	4285.4
327	96.1	88.1	96.1	1763,625,14,6	322.3	39.4988362	73.6046207	4285.4
328	101.1	100.1	101.1	757,1003,17,9	322.1	39.4983882	73.6046890	4285.4
329	42.1	42.1	42.1	855,1067,12,13	321.7	39.5002681	73.6048514	4259.9
330	142.2	127.2	145.2	681,985,11,10	321.7	39.4975189	73.6048990	4285.0
331	49.1	49.1	52.1	249,681,7,16	321.5	39.5002713	73.6048519	4260.1
332	45.1	45.1	45.1	1243,1003,12,14	320.9	39.5002698	73.6048514	4260.1
333	61.1	60.1	61.1	1769,1053,16,8	320.4	39.5002723	73.6048519	4260.7
334	166.2	166.2	166.2	1045,129,12,8	320.3	39.4975185	73.6048992	4286.8
335	153.2	153.2	155.2	42,870,9,13	320.0	39.4975188	73.6048990	4288.6
336	161.2	161.2	161.2	0,979,7,12	320.0	39.4975189	73.6048994	4287.8
337	54.1	54.1	54.1	593,379,16,12	319.0	39.5002714	73.6048514	4260.6
338	150.2	150.2	150.2	1442,1001,13,8	318.9	39.4975185	73.6048991	4288.6
339	157.2	156.2	157.2	187,1005,12,10	318.3	39.4975191	73.6048989	4288.4
340	118.1	115.1	120.1	789,551,12,10	318.1	39.4975808	73.6048781	4285.5
341	20.0	6.0	27.0	1240,645,9,17	316.9	39.5014842	73.6050709	4259.7
342	56.1	56.1	56.1	415,545,11,17	316.6	39.5002718	73.6048514	4260.7
343	42.1	42.1	42.1	684,383,13,16	315.1	39.5002681	73.6048514	4259.9
344	13.0	13.0	20.0	1793,513,10,8	314.9	39.5020496	73.6051610	4259.7
345	58.1	55.1	59.1	3,897,6,16	314.7	39.5002720	73.6048517	4260.7
346	62.1	62.1	63.1	387,259,14,16	314.5	39.5002726	73.6048520	4260.7
347	117.1	116.1	117.1	1779,1018,13,8	314.3	39.4976286	73.6048575	4285.5
348	90.1	88.1	93.1	207,717,16,10	313.4	39.4990346	73.6046454	4285.3
349	153.2	150.2	153.2	1241,1063,14,8	310.1	39.4975188	73.6048990	4288.6
350	137.2	130.2	137.2	642,1068,9,12	309.3	39.4975189	73.6048992	4285.5
351	39.0	39.0	40.0	958,705,13,18	309.0	39.5002668	73.6048510	4259.7
352	141.2	129.2	146.2	636,913,11,12	308.2	39.4975190	73.6048990	4285.0
353	103.1	102.1	103.1	793,1025,8,12	307.2	39.4981990	73.6047218	4285.4
354	28.0	14.0	29.0	47,253,18,8	307.0	39.5008181	73.6049508	4259.7
355	85.1	85.1	86.1	949,1073,21,7	306.8	39.4993681	73.6046970	4281.3
356	92.1	92.1	92.1	290,599,15,12	306.8	39.4990222	73.6046439	4285.4
357	48.1	48.1	48.1	254,705,13,12	305.6	39.5002709	73.6048517	4260.1
358	86.1	86.1	86.1	75,193,14,22	305.4	39.4992935	73.6046849	4282.6
359	136.2	133.2	138.2	815,1057,6,23	305.1	39.4975186	73.6048994	4285.5
360	42.1	42.1	43.1	1561,1049,16,8	304.5	39.5002681	73.6048514	4259.9
361	96.1	96.1	96.1	49,701,14,10	304.1	39.4988362	73.6046207	4285.4
362	49.1	49.1	49.1	1537,311,15,10	302.9	39.5002713	73.6048519	4260.1
363	93.1	93.1	93.1	593,881,12,8	302.7	39.4990061	73.6046417	4285.4
364	153.2	153.2	156.2	4,765,12,12	301.7	39.4975188	73.6048990	4288.6
365	104.1	104.1	104.1	385,37,8,12	300.8	39.4981051	73.6047385	4285.4
366	62.1	62.1	62.1	1001,0,20,7	298.5	39.5002726	73.6048520	4260.7
367	10.0	0.0	12.0	1897,369,8,10	297.5	39.5022462	73.6051879	4258.2
368	31.0	28.0	37.0	1897,385,8,18	297.4	39.5005895	73.6049095	4259.6
369	53.1	53.1	53.1	145,1075,16,5	296.1	39.5002712	73.6048512	4260.4
370	60.1	60.1	60.1	1697,905,8,12	295.3	39.5002723	73.6048516	4260.7
371	162.2	160.2	162.2	419,624,14,11	295.0	39.4975189	73.6048995	4287.6
372	39.0	37.0	41.0	1363,811,11,12	294.2	39.5002668	73.6048510	4259.7
373	91.1	90.1	93.1	1243,905,14,8	294.2	39.4990265	73.6046446	4285.4
374	58.1	58.1	58.1	1884,1025,17,12	293.6	39.5002720	73.6048517	4260.7
375	48.1	48.1	48.1	533,1031,8,15	293.5	39.5002709	73.6048517	4260.1
376	114.1	112.1	114.1	1032,1012,16,10	293.2	39.4977261	73.6048078	4285.4
377	50.1	50.1	50.1	25,997,10,10	293.1	39.5002714	73.6048520	4260.1
378	22.0	13.0	23.0	1289,865,18,18	291.9	39.5013153	73.6050405	4259.7
379	131.2	130.2	131.2	553,778,24,7	290.8	39.4975178	73.6049004	4285.5
380	27.0	27.0	29.0	1527,113,12,12	290.6	39.5008978	73.6049652	4259.7
381	141.2	141.2	145.2	419,523,10,14	289.7	39.4975190	73.6048990	4285.0
382	160.2	160.2	160.2	287,943,10,18	289.3	39.4975190	73.6048993	4287.9
383	61.1	61.1	61.1	1783,509,16,6	288.9	39.5002723	73.6048519	4260.7
384	52.1	52.1	52.1	1799,305,14,12	288.2	39.5002708	73.6048512	4260.1
385	63.1	63.1	63.1	823,225,10,16	286.9	39.5002726	73.6048520	4260.7
386	45.1	45.1	45.1	1064,1009,15,8	286.2	39.5002698	73.6048514	4260.1
387	128.2	121.1	128.2	506,1006,11,9	286.1	39.4975171	73.6049006	4285.5
388	67.1	66.1	69.1	814,816,10,11	285.0	39.5002675	73.6048490	4260.8
389	98.1	98.1	98.1	0,436,9,13	284.7	39.4986637	73.6046346	4285.4
390	104.1	104.1	104.1	1899,561,14,10	284.4	39.4981051	73.6047385	4285.4
391	62.1	62.1	62.1	1458,197,13,14	283.9	39.5002726	73.6048520	4260.7
392	165.2	165.2	165.2	75,609,20,8	282.3	39.4975185	73.6048991	4286.9
393	38.0	37.0	41.0	1895,899,10,10	281.5	39.5002674	73.6048510	4259.7
394	142.2	142.2	142.2	65,989,16,12	281.4	39.4975189	73.6048990	4285.0
395	130.2	128.2	136.2	415,1004,8,15	281.2	39.4975176	73.6049004	4285.5
396	45.1	45.1	47.1	764,875,19,6	281.0	39.5002698	73.6048514	4260.1
397	141.2	140.2	149.2	0,1027,8,12	280.4	39.4975190	73.6048990	4285.0
398	54.1	53.1	55.1	353,225,8,10	279.6	39.5002714	73.6048514	4260.6
399	103.1	101.1	105.1	645,266,14,9	278.1	39.4981990	73.6047218	4285.4
400	142.2	139.2	145.2	89,943,16,10	278.0	39.4975189	73.6048990	4285.0
401	57.1	57.1	58.1	1277,699,14,10	277.6	39.5002720	73.6048515	4260.7
402	54.1	54.1	54.1	955,439,22,8	277.4	39.5002714	73.6048514	4260.6
403	46.1	46.1	46.1	795,1036,10,19	277.3	39.5002703	73.6048514	4260.1
404	81.1	74.1	81.1	965,873,8,14	276.7	39.4996738	73.6047471	4276.7
405	60.1	58.1	60.1	582,927,11,8	276.6	39.5002723	73.6048516	4260.7
406	48.1	48.1	48.1	381,652,12,9	276.3	39.5002709	73.6048517	4260.1
407	164.2	163.2	165.2	553,965,10,14	276.0	39.4975187	73.6048993	4287.2
408	56.1	56.1	56.1	969,625,16,16	275.8	39.5002718	73.6048514	4260.7
409	55.1	54.1	55.1	1597,1013,14,15	274.4	39.5002717	73.6048514	4260.7
410	49.1	49.1	49.1	1617,643,14,12	273.5	39.5002713	73.6048519	4260.1
411	52.1	52.1	52.1	59,551,14,10	270.9	39.5002708	73.6048512	4260.1
412	160.2	160.2	161.2	218,841,9,14	270.6	39.4975190	73.6048993	4287.9
413	62.1	62.1	62.1	1905,717,6,20	270.4	39.5002726	73.6048520	4260.7
414	60.1	60.1	60.1	674,569,21,8	268.6	39.5002723	73.6048516	4260.7
415	60.1	60.1	60.1	1063,1051,6,12	268.3	39.5002723	73.6048516	4260.7
416	59.1	58.1	62.1	1797,937,12,18	268.3	39.5002721	73.6048517	4260.7
417	165.2	165.2	167.2	567,729,11,10	267.0	39.4975185	73.6048991	4286.9
418	2.0	1.0	7.0	906,1072,15,8	266.8	39.5026205	73.6053235	4258.1
419	80.1	75.1	80.1	1135,833,24,8	266.6	39.4997500	73.6047594	4275.6
420	144.2	130.2	144.2	609,777,10,8	266.4	39.4975187	73.6048992	4286.6
421	56.1	56.1	56.1	1617,977,8,12	266.2	39.5002718	73.6048514	4260.7
422	96.1	96.1	98.1	71,791,10,10	265.2	39.4988362	73.6046207	4285.4
423	80.1	80.1	82.1	1325,813,12,9	264.8	39.4997500	73.6047594	4275.6
424	97.1	97.1	101.1	81,913,13,6	263.9	39.4987526	73.6046221	4285.4
425	148.2	148.2	148.2	209,1011,11,9	263.1	39.4975186	73.6048992	4288.6
426	28.0	28.0	28.0	1289,793,8,8	263.0	39.5008181	73.6049508	4259.7
427	47.1	44.1	47.1	257,459,14,6	262.3	39.5002706	73.6048515	4260.1
428	99.1	99.1	99.1	1157,833,15,16	262.3	39.4985725	73.6046527	4285.4
429	57.1	57.1	57.1	787,86,21,9	261.5	39.5002720	73.6048515	4260.7
430	61.1	61.1	65.1	129,973,6,14	261.0	39.5002723	73.6048519	4260.7
431	149.2	149.2	154.2	0,333,7,16	260.9	39.4975186	73.6048991	4288.6
432	50.1	50.1	50.1	147,375,16,8	260.7	39.5002714	73.6048520	4260.1
433	19.0	18.0	22.0	298,23,9,10	260.6	39.5015687	73.6050846	4259.7
434	96.1	96.1	96.1	189,315,10,10	260.5	39.4988362	73.6046207	4285.4
435	45.1	45.1	45.1	355,571,14,6	259.4	39.5002698	73.6048514	4260.1
436	102.1	101.1	102.1	1855,1009,14,8	259.2	39.4982943	73.6047053	4285.4
437	166.2	166.2	167.2	677,1043,14,9	258.8	39.4975185	73.6048992	4286.8
438	16.0	6.0	18.0	1654,557,11,10	257.7	39.5018197	73.6051255	4259.7
439	164.2	164.2	164.2	799,713,18,4	257.7	39.4975187	73.6048993	4287.2
440	93.1	90.1	93.1	177,913,11,8	257.5	39.4990061	73.6046417	4285.4
441	61.1	60.1	61.1	1147,361,22,6	256.9	39.5002723	73.6048519	4260.7
442	98.1	98.1	98.1	675,602,12,11	256.6	39.4986637	73.6046346	4285.4
443	103.1	103.1	103.1	1666,9,15,8	256.6	39.4981990	73.6047218	4285.4
444	106.1	105.1	106.1	755,1035,10,14	256.6	39.4979231	73.6047711	4285.4
445	149.2	149.2	149.2	887,33,10,10	256.2	39.4975186	73.6048991	4288.6
446	58.1	57.1	58.1	1483,915,6,14	256.1	39.5002720	73.6048517	4260.7
447	53.1	53.1	53.1	295,627,8,14	256.0	39.5002712	73.6048512	4260.4
448	44.1	44.1	44.1	829,77,4,18	254.0	39.5002692	73.6048515	4260.1
449	142.2	142.2	142.2	1849,297,8,8	253.2	39.4975189	73.6048990	4285.0
450	58.1	58.1	58.1	1757,314,16,11	252.9	39.5002720	73.6048517	4260.7
451	120.1	118.1	123.1	353,273,10,8	252.8	39.4975191	73.6048993	4285.4
452	48.1	48.1	48.1	0,201,8,12	252.4	39.5002709	73.6048517	4260.1
453	94.1	90.1	95.1	1857,133,14,12	251.7	39.4989665	73.6046363	4285.4
454	60.1	60.1	62.1	225,801,12,8	251.6	39.5002723	73.6048516	4260.7
455	59.1	59.1	59.1	1369,765,14,10	251.5	39.5002721	73.6048517	4260.7
456	108.1	106.1	108.1	531,610,12,6	251.5	39.4977667	73.6047989	4285.4
457	115.1	115.1	115.1	0,81,21,6	251.0	39.4977047	73.6048187	4285.4
458	50.1	43.1	50.1	1871,113,7,16	250.8	39.5002714	73.6048520	4260.1
459	111.1	110.1	113.1	729,447,8,12	250.1	39.4977319	73.6048051	4285.4
460	110.1	110.1	114.1	0,0,7,9	249.1	39.4977340	73.6048048	4285.4
461	140.2	139.2	147.2	1830,405,27,9	247.9	39.4975189	73.6048991	4284.9
462	82.1	70.1	82.1	1172,945,11,17	247.7	39.4995969	73.6047345	4277.8
463	88.1	88.1	88.1	625,1073,10,7	247.6	39.4991437	73.6046607	4284.9
464	143.2	137.2	145.2	625,997,8,10	247.5	39.4975188	73.6048992	4285.9
465	152.2	148.2	152.2	39,961,11,7	246.6	39.4975187	73.6048990	4288.6
466	98.1	97.1	98.1	493,289,21,19	246.1	39.4986637	73.6046346	4285.4
467	66.1	66.1	66.1	31,894,11,9	245.7	39.5002718	73.6048517	4260.8
468	125.1	121.1	126.2	783,491,18,20	245.7	39.4975161	73.6049012	4285.5
469	35.0	31.0	35.0	1899,441,14,6	245.0	39.5003274	73.6048619	4259.6
470	46.1	46.1	46.1	183,717,10,10	244.9	39.5002703	73.6048514	4260.1
471	60.1	60.1	60.1	1849,475,12,8	244.9	39.5002723	73.6048516	4260.7
472	129.2	123.1	137.2	662,811,11,12	244.6	39.4975174	73.6049005	4285.5
473	99.1	99.1	103.1	35,531,4,21	244.1	39.4985725	73.6046527	4285.4
474	128.2	125.1	129.2	789,945,10,14	243.6	39.4975171	73.6049006	4285.5
475	52.1	50.1	53.1	33,1003,6,12	243.2	39.5002708	73.6048512	4260.1
476	45.1	45.1	45.1	939,51,6,14	243.0	39.5002698	73.6048514	4260.1
477	111.1	111.1	111.1	89,17,8,12	241.4	39.4977319	73.6048051	4285.4
478	67.1	67.1	68.1	15,729,10,8	241.3	39.5002675	73.6048490	4260.8
479	44.1	44.1	44.1	67,709,12,8	240.9	39.5002692	73.6048515	4260.1
480	151.2	151.2	152.2	1063,593,8,10	240.9	39.4975187	73.6048990	4288.6
481	90.1	90.1	90.1	1219,819,12,6	240.8	39.4990346	73.6046454	4285.3
482	108.1	108.1	111.1	1829,33,8,10	240.5	39.4977667	73.6047989	4285.4
483	123.1	114.1	125.1	619,739,11,10	240.0	39.4975155	73.6049012	4285.5
484	160.2	160.2	160.2	124,1043,9,12	240.0	39.4975190	73.6048993	4287.9
485	149.2	149.2	149.2	523,117,12,8	239.8	39.4975186	73.6048991	4288.6
486	83.1	83.1	83.1	993,855,16,6	238.8	39.4995204	73.6047220	4279.0
487	57.1	57.1	57.1	460,245,11,16	238.7	39.5002720	73.6048515	4260.7
488	38.0	38.0	45.1	1188,43,6,14	237.8	39.5002674	73.6048510	4259.7
489	116.1	116.1	116.1	33,289,8,10	237.5	39.4976712	73.6048365	4285.5
490	98.1	98.1	98.1	897,937,8,8	236.7	39.4986637	73.6046346	4285.4
491	147.2	147.2	151.2	641,553,10,8	235.8	39.4975185	73.6048990	4288.1
492	151.2	149.2	152.2	999,721,18,6	235.6	39.4975187	73.6048990	4288.6
493	21.0	20.0	29.0	1873,521,8,8	234.7	39.5013991	73.6050560	4259.7
494	60.1	60.1	60.1	596,834,13,11	234.7	39.5002723	73.6048516	4260.7
495	153.2	153.2	153.2	257,33,13,6	233.9	39.4975188	73.6048990	4288.6
496	141.2	141.2	149.2	193,993,6,15	232.9	39.4975190	73.6048990	4285.0
497	48.1	48.1	48.1	261,1073,10,7	232.3	39.5002709	73.6048517	4260.1
498	32.0	30.0	32.0	17,421,14,10	232.0	39.5005137	73.6048958	4259.6
499	61.1	61.1	61.1	1713,1073,14,7	231.5	39.5002723	73.6048519	4260.7
500	89.1	88.1	89.1	609,525,15,10	230.9	39.4990719	73.6046508	4285.3
501	95.1	95.1	97.1	145,1059,9,8	230.5	39.4989094	73.6046282	4285.4
502	102.1	101.1	102.1	134,11,11,9	230.4	39.4982943	73.6047053	4285.4
503	156.2	152.2	156.2	1323,724,20,7	230.0	39.4975192	73.6048988	4288.4
504	167.2	165.2	167.2	701,783,4,18	229.5	39.4975186	73.6048994	4286.8
505	52.1	52.1	52.1	181,635,6,22	229.1	39.5002708	73.6048512	4260.1
506	32.0	31.0	33.0	1889,367,24,6	227.8	39.5005137	73.6048958	4259.6
507	6.0	1.0	6.0	0,81,9,16	227.5	39.5024742	73.6052615	4258.2
508	17.0	17.0	17.0	1286,339,18,6	227.5	39.5017370	73.6051121	4259.7
509	69.1	69.1	70.1	26,669,11,14	227.5	39.5002513	73.6048424	4260.9
510	50.1	49.1	53.1	373,393,12,8	226.9	39.5002714	73.6048520	4260.1
511	59.1	59.1	59.1	903,475,18,4	226.9	39.5002721	73.6048517	4260.7
512	56.1	56.1	56.1	131,851,14,8	226.6	39.5002718	73.6048514	4260.7
513	56.1	54.1	56.1	177,889,10,6	226.4	39.5002718	73.6048514	4260.7
514	60.1	59.1	62.1	389,1073,8,7	226.0	39.5002723	73.6048516	4260.7
515	98.1	98.1	98.1	1009,749,8,10	225.8	39.4986637	73.6046346	4285.4
516	80.1	78.1	83.1	1177,1009,10,14	225.0	39.4997500	73.6047594	4275.6
517	62.1	62.1	62.1	1565,1025,4,16	224.7	39.5002726	73.6048520	4260.7
518	55.1	55.1	55.1	1113,37,9,9	224.1	39.5002717	73.6048514	4260.7
519	130.2	128.2	137.2	409,739,12,12	223.7	39.4975176	73.6049004	4285.5
520	163.2	163.2	163.2	891,515,6,12	223.4	39.4975187	73.6048993	4287.4
521	21.0	21.0	21.0	1441,265,8,8	221.8	39.5013991	73.6050560	4259.7
522	95.1	95.1	95.1	427,965,16,8	220.5	39.4989094	73.6046282	4285.4
523	36.0	33.0	36.0	891,689,10,10	220.1	39.5002820	73.6048532	4259.6
524	95.1	95.1	95.1	143,33,10,8	219.9	39.4989094	73.6046282	4285.4
525	79.1	79.1	79.1	1553,617,8,9	219.7	39.4998254	73.6047716	4274.4
526	114.1	114.1	115.1	183,873,10,8	219.7	39.4977261	73.6048078	4285.4
527	144.2	134.2	144.2	482,425,11,8	219.6	39.4975187	73.6048992	4286.6
528	109.1	109.1	109.1	499,699,14,4	219.5	39.4977402	73.6048037	4285.3
529	25.0	24.0	25.0	1816,361,17,8	218.8	39.5010628	73.6049949	4259.7
530	108.1	108.1	108.1	1675,241,4,16	217.5	39.4977667	73.6047989	4285.4
531	157.2	154.2	157.2	585,815,8,12	217.5	39.4975191	73.6048989	4288.4
532	2.0	0.0	4.0	1169,393,8,8	217.4	39.5026205	73.6053235	4258.1
533	29.0	22.0	29.0	105,1001,8,8	217.3	39.5007395	73.6049367	4259.7
534	59.1	59.1	59.1	939,1029,6,10	217.1	39.5002721	73.6048517	4260.7
535	74.1	74.1	74.1	457,1025,8,8	215.8	39.5001290	73.6048209	4265.5
536	87.1	87.1	87.1	929,905,10,10	215.7	39.4992190	73.6046726	4283.8
537	94.1	92.1	94.1	251,1073,11,7	215.1	39.4989665	73.6046363	4285.4
538	15.0	13.0	15.0	1509,1062,18,15	214.2	39.5019003	73.6051392	4259.7
539	114.1	113.1	126.2	753,567,10,11	213.9	39.4977261	73.6048078	4285.4
540	64.1	64.1	64.1	23,1073,16,7	213.8	39.5002726	73.6048521	4260.7
541	118.1	118.1	118.1	1452,1036,9,8	213.5	39.4975808	73.6048781	4285.5
542	49.1	49.1	51.1	295,403,8,8	212.6	39.5002713	73.6048519	4260.1
543	163.2	163.2	163.2	1501,65,4,16	212.6	39.4975187	73.6048993	4287.4
544	96.1	96.1	96.1	233,1073,8,7	212.5	39.4988362	73.6046207	4285.4
545	50.1	50.1	53.1	0,532,5,13	211.9	39.5002714	73.6048520	4260.1
546	96.1	96.1	96.1	1793,969,8,8	211.5	39.4988362	73.6046207	4285.4
547	149.2	149.2	149.2	1739,123,12,9	211.5	39.4975186	73.6048991	4288.6
548	96.1	96.1	96.1	113,871,6,10	210.8	39.4988362	73.6046207	4285.4
549	59.1	59.1	59.1	1731,713,16,6	209.9	39.5002721	73.6048517	4260.7
550	130.2	130.2	130.2	403,491,12,8	209.7	39.4975176	73.6049004	4285.5
551	52.1	48.1	52.1	367,617,8,10	209.6	39.5002708	73.6048512	4260.1
552	36.0	36.0	36.0	251,88,8,11	209.4	39.5002820	73.6048532	4259.6
553	80.1	80.1	80.1	1593,1049,8,8	209.0	39.4997500	73.6047594	4275.6
554	162.2	162.2	167.2	483,638,12,7	208.9	39.4975189	73.6048995	4287.6
555	66.1	65.1	66.1	65,521,24,4	208.7	39.5002718	73.6048517	4260.8
556	52.1	52.1	52.1	705,745,8,8	207.3	39.5002708	73.6048512	4260.1
557	65.1	65.1	66.1	1538,149,7,12	206.8	39.5002727	73.6048522	4260.7
558	98.1	97.1	98.1	616,229,29,4	206.6	39.4986637	73.6046346	4285.4
559	102.1	102.1	102.1	1867,680,10,8	206.4	39.4982943	73.6047053	4285.4
560	89.1	89.1	89.1	1241,883,6,14	206.0	39.4990719	73.6046508	4285.3
561	56.1	56.1	56.1	281,1009,14,6	205.8	39.5002718	73.6048514	4260.7
562	57.1	57.1	57.1	475,929,4,16	205.0	39.5002720	73.6048515	4260.7
563	102.1	101.1	107.1	59,0,6,14	204.8	39.4982943	73.6047053	4285.4
564	148.2	145.2	148.2	147,772,7,12	204.8	39.4975186	73.6048992	4288.6
565	23.0	23.0	23.0	1913,113,7,8	204.7	39.5012309	73.6050252	4259.7
566	52.1	52.1	52.1	0,456,11,11	204.7	39.5002708	73.6048512	4260.1
567	72.1	71.1	72.1	1127,709,5,19	204.5	39.5001911	73.6048301	4261.6
568	88.1	88.1	88.1	259,579,4,14	204.4	39.4991437	73.6046607	4284.9
569	44.1	44.1	44.1	1229,545,4,16	204.0	39.5002692	73.6048515	4260.1
570	51.1	51.1	51.1	1309,1001,10,8	203.8	39.5002706	73.6048513	4260.1
571	162.2	162.2	162.2	627,363,13,5	203.4	39.4975189	73.6048995	4287.6
572	51.1	47.1	51.1	1071,1053,16,4	203.2	39.5002706	73.6048513	4260.1
573	52.1	52.1	52.1	1346,10,15,7	203.2	39.5002708	73.6048512	4260.1
574	56.1	56.1	56.1	1611,260,9,8	202.9	39.5002718	73.6048514	4260.7
575	4.0	1.0	6.0	707,946,17,15	202.7	39.5025621	73.6052987	4258.2
576	142.2	142.2	146.2	1881,545,8,8	202.3	39.4975189	73.6048990	4285.0
577	139.2	138.2	139.2	530,465,9,8	202.0	39.4975189	73.6048991	4285.2
578	50.1	50.1	50.1	119,727,12,8	201.8	39.5002714	73.6048520	4260.1
579	48.1	48.1	48.1	1521,631,12,10	201.7	39.5002709	73.6048517	4260.1
580	64.1	64.1	64.1	871,1013,7,7	201.4	39.5002726	73.6048521	4260.7
581	63.1	63.1	63.1	1559,7,10,9	201.2	39.5002726	73.6048520	4260.7
582	164.2	164.2	164.2	1118,1060,12,6	200.9	39.4975187	73.6048993	4287.2
583	144.2	142.2	144.2	522,723,6,12	200.4	39.4975187	73.6048992	4286.6
584	157.2	157.2	158.2	707,947,13,6	200.4	39.4975191	73.6048989	4288.4
585	158.2	155.2	158.2	611,1075,12,5	200.2	39.4975190	73.6048990	4288.2
586	98.1	98.1	98.1	151,184,6,11	200.0	39.4986637	73.6046346	4285.4
587	116.1	116.1	120.1	1153,605,8,10	199.6	39.4976712	73.6048365	4285.5
588	140.2	139.2	147.2	513,519,8,10	198.7	39.4975189	73.6048991	4284.9
589	154.2	154.2	156.2	338,743,17,7	198.3	39.4975191	73.6048988	4288.5
590	59.1	59.1	59.1	225,681,10,6	198.0	39.5002721	73.6048517	4260.7
591	52.1	52.1	52.1	27,377,8,8	197.9	39.5002708	73.6048512	4260.1
592	100.1	100.1	100.1	355,967,14,8	197.7	39.4984804	73.6046722	4285.4
593	149.2	146.2	149.2	619,1028,6,11	197.7	39.4975186	73.6048991	4288.6
594	33.0	33.0	35.0	841,635,14,6	197.6	39.5004489	73.6048841	4259.7
595	57.1	57.1	58.1	1368,1019,17,6	197.4	39.5002720	73.6048515	4260.7
596	159.2	155.2	159.2	969,1049,22,4	197.3	39.4975189	73.6048991	4288.1
597	139.2	138.2	139.2	757,881,15,9	196.8	39.4975189	73.6048991	4285.2
598	62.1	62.1	62.1	1221,977,8,8	196.4	39.5002726	73.6048520	4260.7
599	116.1	116.1	116.1	969,732,6,10	196.0	39.4976712	73.6048365	4285.5
600	143.2	139.2	148.2	1105,523,7,12	195.8	39.4975188	73.6048992	4285.9
601	56.1	56.1	56.1	737,449,8,8	195.7	39.5002718	73.6048514	4260.7
602	80.1	80.1	80.1	1446,1047,7,10	195.2	39.4997500	73.6047594	4275.6
603	10.0	10.0	10.0	1785,257,8,8	195.1	39.5022462	73.6051879	4258.2
604	88.1	88.1	88.1	745,592,8,9	195.0	39.4991437	73.6046607	4284.9
605	77.1	77.1	77.1	0,305,8,7	194.6	39.4999675	73.6047950	4271.1
606	59.1	59.1	59.1	1633,57,16,6	194.2	39.5002721	73.6048517	4260.7
607	159.2	159.2	161.2	49,604,19,11	194.2	39.4975189	73.6048991	4288.1
608	51.1	51.1	51.1	305,612,7,13	194.1	39.5002706	73.6048513	4260.1
609	155.2	155.2	155.2	127,517,10,6	193.9	39.4975191	73.6048988	4288.5
610	48.1	48.1	48.1	107,1071,6,9	193.7	39.5002709	73.6048517	4260.1
611	58.1	58.1	58.1	839,435,8,12	193.6	39.5002720	73.6048517	4260.7
612	68.1	67.1	68.1	573,81,9,12	193.6	39.5002604	73.6048459	4260.9
613	99.1	99.1	99.1	913,851,14,4	193.4	39.4985725	73.6046527	4285.4
614	145.2	145.2	147.2	611,859,12,6	193.4	39.4975187	73.6048991	4287.3
615	7.0	0.0	9.0	671,626,11,7	193.1	39.5024226	73.6052397	4258.2
616	48.1	48.1	48.1	291,953,13,8	193.1	39.5002709	73.6048517	4260.1
617	64.1	64.1	66.1	903,843,8,8	193.0	39.5002726	73.6048521	4260.7
618	143.2	130.2	147.2	795,957,4,14	192.9	39.4975188	73.6048992	4285.9
619	52.1	48.1	55.1	724,827,7,14	192.7	39.5002708	73.6048512	4260.1
620	110.1	103.1	110.1	515,827,7,12	192.7	39.4977340	73.6048048	4285.4
621	162.2	159.2	162.2	883,1059,14,4	192.6	39.4975189	73.6048995	4287.6
622	78.1	71.1	78.1	726,1026,13,9	192.0	39.4998994	73.6047836	4272.8
623	52.1	52.1	52.1	1225,41,8,8	191.8	39.5002708	73.6048512	4260.1
624	59.1	57.1	59.1	1891,641,6,12	191.8	39.5002721	73.6048517	4260.7
625	83.1	83.1	83.1	1153,1065,13,15	191.8	39.4995204	73.6047220	4279.0
626	114.1	111.1	118.1	953,1019,8,12	191.8	39.4977261	73.6048078	4285.4
627	86.1	86.1	86.1	291,283,14,4	191.0	39.4992935	73.6046849	4282.6
628	166.2	166.2	167.2	976,999,15,7	191.0	39.4975185	73.6048992	4286.8
629	141.2	126.2	144.2	87,1065,10,8	190.9	39.4975190	73.6048990	4285.0
630	152.2	151.2	152.2	305,1059,10,8	190.9	39.4975187	73.6048990	4288.6
631	34.0	30.0	34.0	946,295,15,12	190.4	39.5003929	73.6048738	4259.7
632	165.2	165.2	165.2	242,595,17,5	190.2	39.4975185	73.6048991	4286.9
633	83.1	83.1	83.1	1376,903,15,6	189.7	39.4995204	73.6047220	4279.0
634	132.2	126.2	133.2	769,925,10,10	189.6	39.4975180	73.6049002	4285.5
635	156.2	155.2	159.2	537,787,6,11	189.6	39.4975192	73.6048988	4288.4
636	88.1	84.1	88.1	145,1067,8,9	189.5	39.4991437	73.6046607	4284.9
637	98.1	98.1	98.1	1323,1017,14,8	189.4	39.4986637	73.6046346	4285.4
638	57.1	57.1	57.1	1333,753,10,6	189.3	39.5002720	73.6048515	4260.7
639	34.0	34.0	34.0	505,253,14,4	188.9	39.5003929	73.6048738	4259.7
640	28.0	28.0	29.0	1809,257,8,12	188.7	39.5008181	73.6049508	4259.7
641	49.1	49.1	55.1	449,721,8,10	188.5	39.5002713	73.6048519	4260.1
642	95.1	94.1	95.1	1875,389,12,10	188.1	39.4989094	73.6046282	4285.4
643	69.1	69.1	69.1	100,190,13,9	187.8	39.5002513	73.6048424	4260.9
644	99.1	99.1	99.1	548,421,13,10	187.7	39.4985725	73.6046527	4285.4
645	39.0	39.0	39.0	804,523,11,13	187.6	39.5002668	73.6048510	4259.7
646	150.2	150.2	150.2	1793,139,8,10	187.5	39.4975185	73.6048991	4288.6
647	99.1	99.1	99.1	391,818,12,7	186.9	39.4985725	73.6046527	4285.4
648	96.1	96.1	96.1	1673,759,22,4	186.4	39.4988362	73.6046207	4285.4
649	164.2	164.2	164.2	931,177,14,6	186.4	39.4975187	73.6048993	4287.2
650	85.1	85.1	85.1	120,1031,12,6	186.3	39.4993681	73.6046970	4281.3
651	77.1	77.1	77.1	0,463,5,12	186.2	39.4999675	73.6047950	4271.1
652	67.1	67.1	68.1	66,41,7,10	186.0	39.5002675	73.6048490	4260.8
653	47.1	47.1	47.1	657,851,6,13	185.5	39.5002706	73.6048515	4260.1
654	141.2	139.2	141.2	1245,859,7,12	185.5	39.4975190	73.6048990	4285.0
655	53.1	53.1	53.1	1263,914,10,7	185.2	39.5002712	73.6048512	4260.4
656	45.1	45.1	50.1	945,330,8,7	185.1	39.5002698	73.6048514	4260.1
657	50.1	48.1	50.1	239,745,12,8	184.9	39.5002714	73.6048520	4260.1
658	95.1	95.1	95.1	1889,1073,6,7	184.5	39.4989094	73.6046282	4285.4
659	154.2	154.2	154.2	43,223,6,8	183.7	39.4975191	73.6048988	4288.5
660	150.2	150.2	150.2	179,899,12,4	183.6	39.4975185	73.6048991	4288.6
661	87.1	87.1	87.1	110,129,9,8	183.4	39.4992190	73.6046726	4283.8
662	131.2	131.2	144.2	483,439,12,8	183.4	39.4975178	73.6049004	4285.5
663	154.2	154.2	154.2	102,966,15,6	183.2	39.4975191	73.6048988	4288.5
664	114.1	114.1	114.1	17,49,8,8	182.7	39.4977261	73.6048078	4285.4
665	151.2	151.2	151.2	1313,531,7,10	182.0	39.4975187	73.6048990	4288.6
666	81.1	81.1	81.1	865,433,8,8	181.9	39.4996738	73.6047471	4276.7
667	106.1	106.1	106.1	1905,401,10,16	181.4	39.4979231	73.6047711	4285.4
668	66.1	66.1	66.1	1425,1073,8,7	181.0	39.5002718	73.6048517	4260.8
669	96.1	96.1	96.1	423,0,14,9	181.0	39.4988362	73.6046207	4285.4
670	0.0	0.0	7.0	108,724,10,7	180.4	39.5026349	73.6053297	4258.0
671	42.1	42.1	42.1	1561,923,8,8	180.3	39.5002681	73.6048514	4259.9
672	94.1	93.1	94.1	1809,945,7,11	180.3	39.4989665	73.6046363	4285.4
673	126.2	121.1	128.2	407,613,8,7	180.2	39.4975165	73.6049010	4285.5
674	167.2	167.2	167.2	1035,195,4,14	180.0	39.4975186	73.6048994	4286.8
675	98.1	98.1	102.1	118,651,11,6	179.7	39.4986637	73.6046346	4285.4
676	59.1	59.1	59.1	139,809,10,8	179.5	39.5002721	73.6048517	4260.7
677	89.1	87.1	91.1	1059,896,14,7	178.8	39.4990719	73.6046508	4285.3
678	24.0	24.0	26.0	99,1065,6,12	178.2	39.5011472	73.6050101	4259.7
679	41.0	41.0	44.1	1721,809,6,14	178.2	39.5002676	73.6048512	4259.7
680	156.2	156.2	157.2	197,923,18,4	178.2	39.4975192	73.6048988	4288.4
681	50.1	50.1	51.1	563,917,6,12	178.0	39.5002714	73.6048520	4260.1
682	65.1	65.1	65.1	534,204,11,8	177.9	39.5002727	73.6048522	4260.7
683	43.1	40.0	43.1	983,973,6,10	177.7	39.5002687	73.6048515	4260.0
684	157.2	157.2	158.2	1542,893,9,9	177.6	39.4975191	73.6048989	4288.4
685	151.2	150.2	151.2	1175,413,6,12	177.0	39.4975187	73.6048990	4288.6
686	28.0	23.0	28.0	83,1038,6,12	176.9	39.5008181	73.6049508	4259.7
687	47.1	47.1	47.1	555,642,6,15	176.7	39.5002706	73.6048515	4260.1
688	53.1	53.1	53.1	1108,147,13,10	176.6	39.5002712	73.6048512	4260.4
689	70.1	69.1	70.1	129,914,8,8	176.3	39.5002348	73.6048378	4260.9
690	96.1	96.1	96.1	115,939,12,4	176.1	39.4988362	73.6046207	4285.4
691	48.1	48.1	48.1	199,1051,8,8	176.0	39.5002709	73.6048517	4260.1
692	135.2	126.2	135.2	165,583,4,12	175.9	39.4975184	73.6048996	4285.5
693	8.0	8.0	9.0	69,173,8,8	175.5	39.5023674	73.6052179	4258.2
694	102.1	102.1	103.1	1829,277,6,11	174.4	39.4982943	73.6047053	4285.4
695	50.1	49.1	50.1	25,1069,8,8	173.7	39.5002714	73.6048520	4260.1
696	54.1	54.1	54.1	768,421,15,4	173.6	39.5002714	73.6048514	4260.6
697	77.1	70.1	78.1	1219,954,9,13	173.1	39.4999675	73.6047950	4271.1
698	86.1	86.1	86.1	14,445,11,5	172.3	39.4992935	73.6046849	4282.6
699	149.2	149.2	150.2	1613,811,10,6	171.6	39.4975186	73.6048991	4288.6
700	48.1	48.1	48.1	870,1027,9,15	171.4	39.5002709	73.6048517	4260.1
701	62.1	62.1	62.1	1643,641,6,8	171.4	39.5002726	73.6048520	4260.7
702	105.1	105.1	105.1	547,805,12,4	171.3	39.4980127	73.6047551	4285.4
703	41.0	38.0	41.0	1197,883,16,4	170.8	39.5002676	73.6048512	4259.7
704	151.2	148.2	151.2	1899,870,13,7	170.8	39.4975187	73.6048990	4288.6
705	98.1	98.1	98.1	83,0,15,5	170.6	39.4986637	73.6046346	4285.4
706	127.2	122.1	131.2	585,712,8,9	170.4	39.4975167	73.6049010	4285.5
707	154.2	154.2	157.2	0,535,14,6	170.3	39.4975191	73.6048988	4288.5
708	45.1	45.1	45.1	627,835,12,4	170.1	39.5002698	73.6048514	4260.1
709	53.1	53.1	53.1	1363,337,19,6	169.9	39.5002712	73.6048512	4260.4
710	52.1	52.1	52.1	1554,187,11,6	169.8	39.5002708	73.6048512	4260.1
711	66.1	66.1	68.1	1143,605,14,11	169.8	39.5002718	73.6048517	4260.8
712	149.2	149.2	154.2	327,261,10,6	169.8	39.4975186	73.6048991	4288.6
713	32.0	32.0	35.0	1139,256,6,9	169.0	39.5005137	73.6048958	4259.6
714	46.1	44.1	46.1	595,907,12,4	169.0	39.5002703	73.6048514	4260.1
715	109.1	108.1	109.1	1875,643,12,4	169.0	39.4977402	73.6048037	4285.3
716	97.1	97.1	97.1	627,701,12,4	168.8	39.4987526	73.6046221	4285.4
717	84.1	84.1	84.1	277,1001,4,16	168.2	39.4994442	73.6047095	4280.1
718	132.2	128.2	135.2	573,859,12,6	168.1	39.4975180	73.6049002	4285.5
719	56.1	56.1	56.1	1077,412,10,5	168.0	39.5002718	73.6048514	4260.7
720	129.2	129.2	129.2	485,275,10,10	168.0	39.4975174	73.6049005	4285.5
721	150.2	144.2	153.2	409,515,12,6	168.0	39.4975185	73.6048991	4288.6
722	89.1	89.1	92.1	1571,775,12,8	167.7	39.4990719	73.6046508	4285.3
723	103.1	101.1	103.1	328,881,11,13	167.7	39.4981990	73.6047218	4285.4
724	108.1	108.1	108.1	1905,1057,6,8	167.5	39.4977667	73.6047989	4285.4
725	54.1	54.1	54.1	1433,863,20,8	167.3	39.5002714	73.6048514	4260.6
726	46.1	46.1	47.1	679,993,16,6	167.0	39.5002703	73.6048514	4260.1
727	110.1	110.1	110.1	995,819,4,12	166.7	39.4977340	73.6048048	4285.4
728	34.0	34.0	35.0	261,31,12,8	166.2	39.5003929	73.6048738	4259.7
729	98.1	98.1	98.1	1130,674,6,10	165.1	39.4986637	73.6046346	4285.4
730	161.2	161.2	161.2	803,1027,12,4	165.1	39.4975189	73.6048994	4287.8
731	97.1	96.1	97.1	735,567,12,10	165.0	39.4987526	73.6046221	4285.4
732	160.2	160.2	160.2	659,691,23,4	164.5	39.4975190	73.6048993	4287.9
733	52.1	52.1	52.1	1020,888,11,5	164.4	39.5002708	73.6048512	4260.1
734	41.0	41.0	41.0	516,749,15,5	163.8	39.5002676	73.6048512	4259.7
735	45.1	45.1	45.1	785,969,6,8	163.7	39.5002698	73.6048514	4260.1
736	119.1	119.1	119.1	267,86,6,9	163.7	39.4975346	73.6048943	4285.5
737	107.1	107.1	107.1	99,561,9,8	163.5	39.4978362	73.6047865	4285.4
738	41.0	41.0	41.0	1251,787,12,4	163.4	39.5002676	73.6048512	4259.7
739	156.2	154.2	156.2	669,209,8,8	163.1	39.4975192	73.6048988	4288.4
740	118.1	118.1	119.1	896,529,8,8	162.6	39.4975808	73.6048781	4285.5
741	133.2	128.2	138.2	614,683,8,9	162.5	39.4975182	73.6049001	4285.5
742	111.1	105.1	111.1	653,1049,9,16	162.3	39.4977319	73.6048051	4285.4
743	9.0	0.0	9.0	1253,920,14,7	162.1	39.5023084	73.6052004	4258.2
744	43.1	43.1	43.1	1839,97,8,16	162.1	39.5002687	73.6048515	4260.0
745	88.1	88.1	88.1	1854,104,13,5	161.9	39.4991437	73.6046607	4284.9
746	91.1	89.1	91.1	913,1027,6,10	161.9	39.4990265	73.6046446	4285.4
747	17.0	7.0	17.0	1601,425,12,8	161.8	39.5017370	73.6051121	4259.7
748	94.1	94.1	94.1	337,289,11,7	161.4	39.4989665	73.6046363	4285.4
749	122.1	122.1	122.1	505,573,5,20	160.8	39.4975152	73.6049010	4285.5
750	94.1	94.1	97.1	328,59,9,5	160.6	39.4989665	73.6046363	4285.4
751	144.2	139.2	144.2	108,406,11,5	160.6	39.4975187	73.6048992	4286.6
752	112.1	112.1	119.1	364,742,7,11	160.4	39.4977317	73.6048051	4285.4
753	116.1	116.1	117.1	709,444,10,8	160.3	39.4976712	73.6048365	4285.5
754	152.2	152.2	152.2	829,985,8,6	160.3	39.4975187	73.6048990	4288.6
755	83.1	83.1	83.1	1653,727,12,10	160.1	39.4995204	73.6047220	4279.0
756	95.1	95.1	95.1	43,67,6,12	160.1	39.4989094	73.6046282	4285.4
757	155.2	155.2	155.2	83,1057,7,8	160.1	39.4975191	73.6048988	4288.5
758	141.2	141.2	141.2	1505,637,8,8	159.8	39.4975190	73.6048990	4285.0
759	66.1	66.1	66.1	607,905,6,7	159.7	39.5002718	73.6048517	4260.8
760	42.1	42.1	42.1	1841,989,12,5	159.6	39.5002681	73.6048514	4259.9
761	81.1	81.1	82.1	581,807,12,4	159.6	39.4996738	73.6047471	4276.7
762	106.1	106.1	106.1	1851,102,7,9	159.6	39.4979231	73.6047711	4285.4
763	157.2	156.2	157.2	715,883,7,14	159.6	39.4975191	73.6048989	4288.4
764	124.1	124.1	124.1	85,247,10,10	159.4	39.4975158	73.6049014	4285.5
765	58.1	58.1	58.1	1593,573,8,10	159.2	39.5002720	73.6048517	4260.7
766	46.1	46.1	47.1	1302,543,13,10	159.1	39.5002703	73.6048514	4260.1
767	52.1	51.1	52.1	271,439,6,10	159.1	39.5002708	73.6048512	4260.1
768	52.1	52.1	54.1	0,59,15,6	159.1	39.5002708	73.6048512	4260.1
769	165.2	165.2	167.2	167,849,12,8	159.1	39.4975185	73.6048991	4286.9
770	57.1	57.1	57.1	555,743,4,10	158.6	39.5002720	73.6048515	4260.7
771	101.1	101.1	101.1	1115,547,4,12	158.2	39.4983882	73.6046890	4285.4
772	93.1	91.1	93.1	529,883,6,11	157.6	39.4990061	73.6046417	4285.4
773	31.0	31.0	31.0	1189,977,10,6	157.5	39.5005895	73.6049095	4259.6
774	140.2	140.2	143.2	1253,1041,8,6	157.4	39.4975189	73.6048991	4284.9
775	49.1	49.1	49.1	219,481,6,8	157.2	39.5002713	73.6048519	4260.1
776	100.1	100.1	100.1	0,1073,9,7	156.7	39.4984804	73.6046722	4285.4
777	102.1	100.1	103.1	505,561,6,8	156.3	39.4982943	73.6047053	4285.4
778	35.0	34.0	37.0	331,92,9,8	156.1	39.5003274	73.6048619	4259.6
779	105.1	105.1	106.1	1767,197,9,5	156.1	39.4980127	73.6047551	4285.4
780	114.1	114.1	114.1	726,718,6,11	156.1	39.4977261	73.6048078	4285.4
781	6.0	1.0	6.0	69,196,4,12	155.9	39.5024742	73.6052615	4258.2
782	115.1	115.1	115.1	962,979,5,12	155.9	39.4977047	73.6048187	4285.4
783	41.0	38.0	41.0	113,627,6,8	155.8	39.5002676	73.6048512	4259.7
784	63.1	63.1	63.1	1868,641,12,5	155.1	39.5002726	73.6048520	4260.7
785	163.2	163.2	163.2	0,821,9,6	155.1	39.4975187	73.6048993	4287.4
786	88.1	88.1	88.1	43,865,10,8	154.3	39.4991437	73.6046607	4284.9
787	158.2	158.2	158.2	1167,192,10,10	154.2	39.4975190	73.6048990	4288.2
788	97.1	96.1	97.1	955,721,14,13	153.8	39.4987526	73.6046221	4285.4
789	121.1	117.1	121.1	711,605,8,10	153.7	39.4975160	73.6049005	4285.5
790	91.1	89.1	92.1	1370,938,7,11	153.6	39.4990265	73.6046446	4285.4
791	97.1	97.1	97.1	137,73,8,8	153.5	39.4987526	73.6046221	4285.4
792	132.2	129.2	132.2	569,558,8,9	153.3	39.4975180	73.6049002	4285.5
793	149.2	149.2	149.2	1457,219,8,10	153.2	39.4975186	73.6048991	4288.6
794	150.2	150.2	150.2	157,117,10,12	153.2	39.4975185	73.6048991	4288.6
795	70.1	70.1	70.1	471,987,9,6	152.6	39.5002348	73.6048378	4260.9
796	45.1	45.1	45.1	977,282,16,5	152.5	39.5002698	73.6048514	4260.1
797	92.1	92.1	92.1	141,786,10,7	152.5	39.4990222	73.6046439	4285.4
798	96.1	96.1	96.1	1466,993,11,8	152.1	39.4988362	73.6046207	4285.4
799	37.0	37.0	37.0	1577,982,7,7	151.4	39.5002704	73.6048515	4259.6
800	56.1	55.1	56.1	825,167,8,6	151.3	39.5002718	73.6048514	4260.7
801	62.1	62.1	62.1	1479,513,6,8	151.2	39.5002726	73.6048520	4260.7
802	161.2	161.2	161.2	338,707,11,6	151.2	39.4975189	73.6048994	4287.8
803	39.0	39.0	39.0	1263,379,6,13	151.1	39.5002668	73.6048510	4259.7
804	51.1	51.1	51.1	741,947,6,10	151.0	39.5002706	73.6048513	4260.1
805	101.1	101.1	101.1	1914,975,6,9	150.8	39.4983882	73.6046890	4285.4
806	18.0	16.0	19.0	1425,487,11,6	150.1	39.5016540	73.6050985	4259.7
807	57.1	57.1	57.1	1347,855,4,10	149.9	39.5002720	73.6048515	4260.7
808	87.1	87.1	87.1	1763,18,11,10	149.9	39.4992190	73.6046726	4283.8
809	87.1	87.1	87.1	691,963,4,13	149.8	39.4992190	73.6046726	4283.8
810	161.2	161.2	161.2	562,883,9,12	149.5	39.4975189	73.6048994	4287.8
811	77.1	74.1	79.1	1410,909,7,10	149.3	39.4999675	73.6047950	4271.1
812	113.1	113.1	113.1	667,1027,6,10	149.2	39.4977320	73.6048052	4285.4
813	62.1	62.1	62.1	1383,685,10,8	149.1	39.5002726	73.6048520	4260.7
814	58.1	58.1	58.1	645,31,6,10	149.0	39.5002720	73.6048517	4260.7
815	115.1	111.1	115.1	697,1045,8,6	148.5	39.4977047	73.6048187	4285.4
816	43.1	40.0	43.1	385,168,6,11	148.4	39.5002687	73.6048515	4260.0
817	58.1	58.1	58.1	777,1059,4,10	148.4	39.5002720	73.6048517	4260.7
818	159.2	159.2	159.2	36,539,12,6	147.9	39.4975189	73.6048991	4288.1
819	143.2	138.2	146.2	793,1033,10,6	147.8	39.4975188	73.6048992	4285.9
820	70.1	70.1	71.1	65,871,8,10	147.6	39.5002348	73.6048378	4260.9
821	57.1	57.1	58.1	1409,463,8,8	147.5	39.5002720	73.6048515	4260.7
822	141.2	141.2	141.2	1801,853,8,6	147.5	39.4975190	73.6048990	4285.0
823	111.1	111.1	111.1	255,926,5,10	147.3	39.4977319	73.6048051	4285.4
824	84.1	84.1	84.1	1193,1049,12,8	147.0	39.4994442	73.6047095	4280.1
825	167.2	167.2	167.2	968,909,8,8	147.0	39.4975186	73.6048994	4286.8
826	97.1	97.1	97.1	1803,973,6,12	146.9	39.4987526	73.6046221	4285.4
827	12.0	10.0	14.0	33,945,10,7	146.8	39.5021172	73.6051700	4259.5
828	56.1	56.1	56.1	0,753,8,8	146.8	39.5002718	73.6048514	4260.7
829	112.1	112.1	112.1	33,0,8,5	146.7	39.4977317	73.6048051	4285.4
830	81.1	80.1	81.1	953,1073,8,7	146.5	39.4996738	73.6047471	4276.7
831	94.1	93.1	94.1	1099,1043,4,12	146.4	39.4989665	73.6046363	4285.4
832	101.1	101.1	101.1	421,855,7,8	146.4	39.4983882	73.6046890	4285.4
833	150.2	146.2	150.2	1218,835,11,4	146.4	39.4975185	73.6048991	4288.6
834	33.0	33.0	33.0	168,700,5,15	146.3	39.5004489	73.6048841	4259.7
835	77.1	77.1	77.1	15,129,10,6	146.3	39.4999675	73.6047950	4271.1
836	49.1	49.1	49.1	155,1069,6,11	146.1	39.5002713	73.6048519	4260.1
837	63.1	63.1	63.1	1681,55,10,4	145.9	39.5002726	73.6048520	4260.7
838	89.1	89.1	89.1	467,795,10,4	145.9	39.4990719	73.6046508	4285.3
839	95.1	95.1	95.1	1813,393,12,8	145.9	39.4989094	73.6046282	4285.4
840	122.1	120.1	127.2	569,466,6,13	145.8	39.4975152	73.6049010	4285.5
841	79.1	79.1	79.1	905,537,8,7	145.2	39.4998254	73.6047716	4274.4
842	63.1	63.1	63.1	937,79,6,10	145.1	39.5002726	73.6048520	4260.7
843	77.1	73.1	77.1	54,777,5,13	145.1	39.4999675	73.6047950	4271.1
844	80.1	80.1	80.1	1340,1074,13,6	145.0	39.4997500	73.6047594	4275.6
845	67.1	67.1	67.1	49,1038,7,8	144.9	39.5002675	73.6048490	4260.8
846	125.1	124.1	125.1	203,193,6,8	144.9	39.4975161	73.6049012	4285.5
847	135.2	135.2	135.2	1905,825,8,4	144.7	39.4975184	73.6048996	4285.5
848	76.1	71.1	76.1	489,1007,9,6	144.2	39.5000297	73.6048051	4269.4
849	72.1	72.1	77.1	865,965,16,4	144.1	39.5001911	73.6048301	4261.6
850	98.1	98.1	98.1	193,473,8,6	144.1	39.4986637	73.6046346	4285.4
851	122.1	122.1	122.1	119,17,6,6	143.9	39.4975152	73.6049010	4285.5
852	68.1	67.1	68.1	1633,335,10,6	143.8	39.5002604	73.6048459	4260.9
853	106.1	106.1	106.1	746,919,7,10	143.8	39.4979231	73.6047711	4285.4
854	49.1	49.1	49.1	320,831,5,10	143.7	39.5002713	73.6048519	4260.1
855	125.1	124.1	125.1	73,321,4,8	143.7	39.4975161	73.6049012	4285.5
856	147.2	147.2	147.2	1799,471,26,4	143.7	39.4975185	73.6048990	4288.1
857	66.1	66.1	66.1	1179,681,10,10	143.6	39.5002718	73.6048517	4260.8
858	100.1	100.1	100.1	9,814,8,9	143.6	39.4984804	73.6046722	4285.4
859	108.1	108.1	113.1	353,361,6,6	143.6	39.4977667	73.6047989	4285.4
860	122.1	122.1	122.1	676,387,16,4	143.6	39.4975152	73.6049010	4285.5
861	58.1	58.1	58.1	1381,617,10,6	143.0	39.5002720	73.6048517	4260.7
862	112.1	112.1	112.1	13,767,4,10	142.7	39.4977317	73.6048051	4285.4
863	28.0	28.0	28.0	1371,984,6,8	142.3	39.5008181	73.6049508	4259.7
864	53.1	53.1	53.1	621,791,6,10	142.2	39.5002712	73.6048512	4260.4
865	154.2	154.2	154.2	640,899,7,6	142.2	39.4975191	73.6048988	4288.5
866	26.0	26.0	26.0	524,33,5,12	142.1	39.5009796	73.6049800	4259.7
867	48.1	48.1	48.1	1537,787,8,6	142.0	39.5002709	73.6048517	4260.1
868	53.1	53.1	53.1	1103,0,11,9	141.8	39.5002712	73.6048512	4260.4
869	66.1	64.1	66.1	1079,1015,8,10	141.5	39.5002718	73.6048517	4260.8
870	159.2	159.2	159.2	619,1050,9,8	141.2	39.4975189	73.6048991	4288.1
871	104.1	104.1	104.1	528,1035,9,4	141.1	39.4981051	73.6047385	4285.4
872	43.1	43.1	43.1	1689,251,8,6	140.8	39.5002687	73.6048515	4260.0
873	99.1	99.1	99.1	617,571,8,6	140.7	39.4985725	73.6046527	4285.4
874	99.1	99.1	103.1	43,807,20,2	140.5	39.4985725	73.6046527	4285.4
875	66.1	66.1	66.1	1328,855,6,9	140.3	39.5002718	73.6048517	4260.8
876	65.1	64.1	65.1	401,865,16,2	139.8	39.5002727	73.6048522	4260.7
877	44.1	44.1	44.1	1395,746,10,4	139.6	39.5002692	73.6048515	4260.1
878	154.2	150.2	154.2	1649,789,14,4	139.6	39.4975191	73.6048988	4288.5
879	26.0	23.0	26.0	10,441,7,8	139.2	39.5009796	73.6049800	4259.7
880	76.1	76.1	76.1	930,881,15,4	138.1	39.5000297	73.6048051	4269.4
881	80.1	75.1	82.1	5,947,4,14	138.1	39.4997500	73.6047594	4275.6
882	4.0	2.0	8.0	787,951,16,4	137.8	39.5025621	73.6052987	4258.2
883	68.1	68.1	68.1	1773,1025,6,8	137.6	39.5002604	73.6048459	4260.9
884	82.1	82.1	82.1	179,225,6,7	137.6	39.4995969	73.6047345	4277.8
885	106.1	106.1	106.1	465,343,8,6	137.6	39.4979231	73.6047711	4285.4
886	42.1	42.1	43.1	1793,945,8,6	137.3	39.5002681	73.6048514	4259.9
887	49.1	49.1	51.1	681,628,6,8	137.3	39.5002713	73.6048519	4260.1
888	102.1	102.1	102.1	801,881,9,6	137.3	39.4982943	73.6047053	4285.4
889	117.1	117.1	117.1	321,81,16,4	137.2	39.4976286	73.6048575	4285.5
890	85.1	85.1	85.1	344,894,6,10	136.8	39.4993681	73.6046970	4281.3
891	37.0	37.0	37.0	458,1074,7,6	136.7	39.5002704	73.6048515	4259.6
892	117.1	117.1	117.1	181,91,6,8	136.5	39.4976286	73.6048575	4285.5
893	19.0	18.0	24.0	1857,497,8,8	136.4	39.5015687	73.6050846	4259.7
894	97.1	97.1	97.1	1100,791,7,6	136.3	39.4987526	73.6046221	4285.4
895	126.2	122.1	128.2	643,633,6,8	136.2	39.4975165	73.6049010	4285.5
896	137.2	137.2	137.2	451,1051,14,6	135.9	39.4975189	73.6048992	4285.5
897	160.2	160.2	160.2	415,1048,10,12	135.9	39.4975190	73.6048993	4287.9
898	69.1	69.1	69.1	200,888,10,6	135.6	39.5002513	73.6048424	4260.9
899	108.1	104.1	109.1	1889,905,6,6	135.6	39.4977667	73.6047989	4285.4
900	165.2	165.2	165.2	433,711,10,6	135.5	39.4975185	73.6048991	4286.9
901	81.1	81.1	81.1	1167,887,7,10	135.3	39.4996738	73.6047471	4276.7
902	83.1	82.1	83.1	323,897,6,8	134.6	39.4995204	73.6047220	4279.0
903	151.2	151.2	151.2	1553,1025,7,6	134.6	39.4975187	73.6048990	4288.6
904	88.1	85.1	88.1	1297,785,8,8	134.4	39.4991437	73.6046607	4284.9
905	152.2	152.2	152.2	1627,971,10,5	134.4	39.4975187	73.6048990	4288.6
906	36.0	36.0	36.0	41,745,8,6	134.1	39.5002820	73.6048532	4259.6
907	141.2	141.2	141.2	196,1077,11,3	134.1	39.4975190	73.6048990	4285.0
908	83.1	83.1	83.1	1113,1026,8,7	133.9	39.4995204	73.6047220	4279.0
909	15.0	15.0	15.0	370,111,5,9	133.7	39.5019003	73.6051392	4259.7
910	107.1	107.1	107.1	1857,872,8,9	133.3	39.4978362	73.6047865	4285.4
911	148.2	148.2	148.2	235,52,9,6	133.3	39.4975186	73.6048992	4288.6
912	84.1	84.1	84.1	156,913,6,12	133.1	39.4994442	73.6047095	4280.1
913	154.2	154.2	155.2	266,1037,8,7	133.1	39.4975191	73.6048988	4288.5
914	66.1	66.1	66.1	1454,89,9,8	133.0	39.5002718	73.6048517	4260.8
915	30.0	30.0	30.0	1582,471,11,8	132.5	39.5006558	73.6049216	4259.7
916	30.0	30.0	30.0	1151,729,6,10	132.5	39.5006558	73.6049216	4259.7
917	63.1	63.1	63.1	1039,478,7,8	132.5	39.5002726	73.6048520	4260.7
918	106.1	106.1	106.1	1777,18,9,8	132.5	39.4979231	73.6047711	4285.4
919	32.0	32.0	32.0	107,881,6,8	132.4	39.5005137	73.6048958	4259.6
920	76.1	76.1	76.1	1801,0,16,5	132.0	39.5000297	73.6048051	4269.4
921	167.2	167.2	167.2	371,531,5,12	131.9	39.4975186	73.6048994	4286.8
922	40.0	40.0	40.0	1604,851,10,4	131.8	39.5002671	73.6048513	4259.7
923	19.0	18.0	24.0	106,819,7,6	131.6	39.5015687	73.6050846	4259.7
924	56.1	56.1	56.1	989,205,9,10	131.6	39.5002718	73.6048514	4260.7
925	88.1	88.1	94.1	591,969,8,6	131.6	39.4991437	73.6046607	4284.9
926	98.1	98.1	98.1	89,177,8,6	131.6	39.4986637	73.6046346	4285.4
927	102.1	102.1	103.1	231,778,6,7	131.6	39.4982943	73.6047053	4285.4
928	118.1	118.1	119.1	41,244,8,13	131.4	39.4975808	73.6048781	4285.5
929	152.2	152.2	152.2	488,715,9,6	131.2	39.4975187	73.6048990	4288.6
930	160.2	160.2	160.2	845,283,10,4	130.8	39.4975190	73.6048993	4287.9
931	98.1	98.1	98.1	1912,577,8,6	130.6	39.4986637	73.6046346	4285.4
932	154.2	154.2	154.2	211,160,6,7	130.6	39.4975191	73.6048988	4288.5
933	47.1	47.1	47.1	725,682,6,7	130.5	39.5002706	73.6048515	4260.1
934	37.0	37.0	37.0	1450,463,6,8	130.3	39.5002704	73.6048515	4259.6
935	89.1	85.1	91.1	1173,769,6,7	130.3	39.4990719	73.6046508	4285.3
936	144.2	144.2	148.2	476,1034,9,6	130.0	39.4975187	73.6048992	4286.6
937	48.1	44.1	48.1	1871,1057,8,10	129.2	39.5002709	73.6048517	4260.1
938	93.1	80.1	93.1	803,627,10,4	129.2	39.4990061	73.6046417	4285.4
939	70.1	70.1	78.1	977,637,4,20	129.0	39.5002348	73.6048378	4260.9
940	51.1	51.1	51.1	251,1052,12,7	128.2	39.5002706	73.6048513	4260.1
941	143.2	143.2	143.2	1338,1067,7,6	127.8	39.4975188	73.6048992	4285.9
942	76.1	69.1	77.1	1118,935,7,9	127.6	39.5000297	73.6048051	4269.4
943	112.1	112.1	112.1	73,139,6,6	127.6	39.4977317	73.6048051	4285.4
944	110.1	110.1	111.1	1105,697,8,6	127.5	39.4977340	73.6048048	4285.4
945	35.0	35.0	35.0	655,373,13,3	127.2	39.5003274	73.6048619	4259.6
946	40.0	40.0	40.0	203,636,7,9	127.2	39.5002671	73.6048513	4259.7
947	106.1	106.1	106.1	1907,306,4,10	127.1	39.4979231	73.6047711	4285.4
948	94.1	94.1	94.1	1465,1009,8,6	127.0	39.4989665	73.6046363	4285.4
949	39.0	39.0	39.0	1683,483,11,4	126.7	39.5002668	73.6048510	4259.7
950	136.2	136.2	146.2	555,755,8,6	126.7	39.4975186	73.6048994	4285.5
951	153.2	153.2	153.2	0,657,9,8	126.7	39.4975188	73.6048990	4288.6
952	46.1	42.1	47.1	984,357,8,10	126.6	39.5002703	73.6048514	4260.1
953	151.2	151.2	152.2	68,252,10,5	126.6	39.4975187	73.6048990	4288.6
954	56.1	56.1	56.1	1381,881,6,8	126.4	39.5002718	73.6048514	4260.7
955	137.2	131.2	141.2	457,881,6,7	126.1	39.4975189	73.6048992	4285.5
956	44.1	44.1	44.1	1646,757,14,3	125.3	39.5002692	73.6048515	4260.1
957	102.1	102.1	102.1	385,941,6,7	125.2	39.4982943	73.6047053	4285.4
958	134.2	126.2	138.2	509,801,5,10	125.0	39.4975182	73.6048998	4285.5
959	34.0	34.0	34.0	665,735,8,4	124.9	39.5003929	73.6048738	4259.7
960	46.1	46.1	46.1	57,825,4,7	124.8	39.5002703	73.6048514	4260.1
961	36.0	29.0	36.0	807,667,6,6	124.6	39.5002820	73.6048532	4259.6
962	99.1	99.1	99.1	1551,1025,5,8	124.5	39.4985725	73.6046527	4285.4
963	15.0	5.0	16.0	1392,509,11,5	124.4	39.5019003	73.6051392	4259.7
964	103.1	103.1	103.1	769,443,6,7	124.3	39.4981990	73.6047218	4285.4
965	41.0	41.0	41.0	1659,148,6,9	124.2	39.5002676	73.6048512	4259.7
966	147.2	147.2	147.2	685,705,4,8	124.1	39.4975185	73.6048990	4288.1
967	111.1	111.1	118.1	290,564,7,5	123.7	39.4977319	73.6048051	4285.4
968	124.1	121.1	124.1	729,945,6,7	123.7	39.4975158	73.6049014	4285.5
969	1.0	1.0	4.0	499,798,19,3	123.4	39.5026307	73.6053278	4258.0
970	106.1	106.1	106.1	1429,129,8,6	123.4	39.4979231	73.6047711	4285.4
971	43.1	43.1	43.1	59,449,20,2	123.3	39.5002687	73.6048515	4260.0
972	68.1	68.1	68.1	173,164,8,11	123.3	39.5002604	73.6048459	4260.9
973	93.1	91.1	93.1	257,155,10,6	123.2	39.4990061	73.6046417	4285.4
974	155.2	155.2	155.2	1675,43,6,6	123.1	39.4975191	73.6048988	4288.5
975	127.2	127.2	127.2	401,827,10,5	123.0	39.4975167	73.6049010	4285.5
976	145.2	145.2	145.2	11,811,6,6	122.5	39.4975187	73.6048991	4287.3
977	138.2	138.2	138.2	49,545,4,8	122.3	39.4975189	73.6048992	4285.4
978	163.2	163.2	163.2	763,1066,6,7	122.3	39.4975187	73.6048993	4287.4
979	43.1	43.1	43.1	1431,1059,6,7	122.2	39.5002687	73.6048515	4260.0
980	105.1	105.1	105.1	604,512,10,5	122.1	39.4980127	73.6047551	4285.4
981	36.0	36.0	36.0	1139,1009,6,6	121.8	39.5002820	73.6048532	4259.6
982	142.2	142.2	142.2	353,383,4,10	121.3	39.4975189	73.6048990	4285.0
983	105.1	105.1	105.1	704,714,7,9	121.2	39.4980127	73.6047551	4285.4
984	112.1	110.1	112.1	1156,849,5,10	121.2	39.4977317	73.6048051	4285.4
985	37.0	37.0	37.0	1331,761,6,6	121.1	39.5002704	73.6048515	4259.6
986	150.2	143.2	150.2	1831,841,8,5	121.0	39.4975185	73.6048991	4288.6
987	46.1	46.1	46.1	239,493,10,4	120.5	39.5002703	73.6048514	4260.1
988	63.1	63.1	63.1	1105,13,8,9	120.1	39.5002726	73.6048520	4260.7
989	64.1	64.1	64.1	1463,657,7,5	120.1	39.5002726	73.6048521	4260.7
990	95.1	95.1	95.1	1225,935,8,4	120.0	39.4989094	73.6046282	4285.4
991	37.0	37.0	37.0	849,591,8,4	119.7	39.5002704	73.6048515	4259.6
992	44.1	44.1	44.1	1695,235,7,6	119.7	39.5002692	73.6048515	4260.1
993	118.1	118.1	118.1	1869,177,4,8	119.7	39.4975808	73.6048781	4285.5
994	101.1	100.1	102.1	583,569,6,7	119.3	39.4983882	73.6046890	4285.4
995	150.2	150.2	150.2	1407,625,8,8	119.2	39.4975185	73.6048991	4288.6
996	92.1	92.1	92.1	1123,1055,11,8	119.1	39.4990222	73.6046439	4285.4
997	68.1	68.1	68.1	270,97,4,15	119.0	39.5002604	73.6048459	4260.9
998	165.2	165.2	165.2	1723,795,6,6	118.9	39.4975185	73.6048991	4286.9
999	86.1	86.1	86.1	747,928,4,9	118.7	39.4992935	73.6046849	4282.6
1000	97.1	97.1	97.1	699,743,6,10	118.7	39.4987526	73.6046221	4285.4
1001	159.2	159.2	159.2	1459,867,11,4	118.7	39.4975189	73.6048991	4288.1
1002	33.0	33.0	35.0	29,887,4,10	118.4	39.5004489	73.6048841	4259.7
1003	69.1	69.1	70.1	73,809,8,8	118.4	39.5002513	73.6048424	4260.9
1004	126.2	121.1	126.2	992,771,5,18	118.4	39.4975165	73.6049010	4285.5
1005	120.1	118.1	123.1	1132,443,5,15	118.0	39.4975191	73.6048993	4285.4
1006	136.2	135.2	136.2	289,1071,7,6	118.0	39.4975186	73.6048994	4285.5
1007	145.2	143.2	147.2	1356,756,10,6	118.0	39.4975187	73.6048991	4287.3
1008	149.2	149.2	151.2	1611,7,6,8	118.0	39.4975186	73.6048991	4288.6
1009	54.1	54.1	54.1	722,929,11,4	117.9	39.5002714	73.6048514	4260.6
1010	71.1	71.1	76.1	3,694,6,9	117.8	39.5002140	73.6048336	4260.9
1011	112.1	112.1	112.1	121,85,8,4	117.5	39.4977317	73.6048051	4285.4
1012	84.1	83.1	84.1	953,968,11,4	117.3	39.4994442	73.6047095	4280.1
1013	53.1	53.1	53.1	1351,0,8,8	117.0	39.5002712	73.6048512	4260.4
1014	46.1	46.1	46.1	1377,289,8,6	116.9	39.5002703	73.6048514	4260.1
1015	4.0	2.0	7.0	542,573,9,10	116.4	39.5025621	73.6052987	4258.2
1016	154.2	154.2	154.2	193,1070,15,3	116.4	39.4975191	73.6048988	4288.5
1017	35.0	35.0	35.0	1917,343,3,10	116.3	39.5003274	73.6048619	4259.6
1018	142.2	142.2	145.2	429,627,7,10	116.3	39.4975189	73.6048990	4285.0
1019	148.2	148.2	148.2	1814,841,9,9	116.3	39.4975186	73.6048992	4288.6
1020	155.2	155.2	155.2	44,827,7,10	116.3	39.4975191	73.6048988	4288.5
1021	40.0	38.0	40.0	1821,812,10,5	116.0	39.5002671	73.6048513	4259.7
1022	154.2	154.2	154.2	937,813,8,4	116.0	39.4975191	73.6048988	4288.5
1023	96.1	96.1	96.1	1893,843,6,6	115.8	39.4988362	73.6046207	4285.4
1024	29.0	29.0	29.0	1557,737,4,8	115.7	39.5007395	73.6049367	4259.7
1025	68.1	67.1	70.1	1469,146,7,5	115.6	39.5002604	73.6048459	4260.9
1026	96.1	96.1	96.1	1663,97,10,4	115.5	39.4988362	73.6046207	4285.4
1027	106.1	106.1	106.1	1105,865,4,10	115.5	39.4979231	73.6047711	4285.4
1028	89.1	89.1	92.1	605,823,4,14	115.4	39.4990719	73.6046508	4285.3
1029	11.0	11.0	12.0	23,465,10,5	114.9	39.5021820	73.6051784	4258.6
1030	65.1	65.1	65.1	875,945,6,8	114.9	39.5002727	73.6048522	4260.7
1031	99.1	99.1	99.1	945,1051,6,6	114.9	39.4985725	73.6046527	4285.4
1032	158.2	157.2	158.2	113,1075,6,5	114.3	39.4975190	73.6048990	4288.2
1033	89.1	89.1	89.1	11,993,8,5	114.2	39.4990719	73.6046508	4285.3
1034	149.2	149.2	149.2	331,477,6,8	114.2	39.4975186	73.6048991	4288.6
1035	21.0	21.0	21.0	13,545,4,8	114.1	39.5013991	73.6050560	4259.7
1036	81.1	81.1	81.1	1669,59,7,8	113.9	39.4996738	73.6047471	4276.7
1037	149.2	148.2	149.2	234,1075,7,5	113.8	39.4975186	73.6048991	4288.6
1038	39.0	39.0	39.0	391,817,7,7	113.7	39.5002668	73.6048510	4259.7
1039	33.0	33.0	33.0	490,107,7,6	113.5	39.5004489	73.6048841	4259.7
1040	69.1	69.1	69.1	53,68,10,9	113.4	39.5002513	73.6048424	4260.9
1041	91.1	87.1	92.1	1732,285,11,6	113.4	39.4990265	73.6046446	4285.4
1042	105.1	105.1	105.1	632,881,9,5	113.4	39.4980127	73.6047551	4285.4
1043	152.2	152.2	152.2	1905,755,6,6	113.4	39.4975187	73.6048990	4288.6
1044	17.0	17.0	17.0	1188,526,5,9	113.2	39.5017370	73.6051121	4259.7
1045	80.1	80.1	80.1	345,789,8,7	113.1	39.4997500	73.6047594	4275.6
1046	86.1	86.1	86.1	451,643,4,12	112.8	39.4992935	73.6046849	4282.6
1047	76.1	76.1	76.1	1586,131,8,6	112.7	39.5000297	73.6048051	4269.4
1048	166.2	166.2	166.2	1827,1016,9,5	112.7	39.4975185	73.6048992	4286.8
1049	66.1	66.1	66.1	329,1051,8,4	112.4	39.5002718	73.6048517	4260.8
1050	6.0	6.0	6.0	15,265,8,6	112.2	39.5024742	73.6052615	4258.2
1051	86.1	84.1	86.1	317,916,4,10	112.2	39.4992935	73.6046849	4282.6
1052	129.2	129.2	129.2	410,313,7,7	112.2	39.4975174	73.6049005	4285.5
1053	151.2	151.2	151.2	1425,1067,6,10	112.2	39.4975187	73.6048990	4288.6
1054	147.2	147.2	147.2	1277,843,4,12	111.9	39.4975185	73.6048990	4288.1
1055	147.2	147.2	147.2	69,529,4,8	111.8	39.4975185	73.6048990	4288.1
1056	33.0	33.0	33.0	991,923,6,6	111.7	39.5004489	73.6048841	4259.7
1057	45.1	45.1	45.1	915,273,4,6	111.7	39.5002698	73.6048514	4260.1
1058	116.1	116.1	116.1	659,541,8,8	111.7	39.4976712	73.6048365	4285.5
1059	48.1	48.1	48.1	405,425,4,10	111.6	39.5002709	73.6048517	4260.1
1060	122.1	122.1	122.1	393,196,4,10	111.6	39.4975152	73.6049010	4285.5
1061	44.1	44.1	44.1	1410,597,10,7	111.5	39.5002692	73.6048515	4260.1
1062	81.1	81.1	81.1	1909,311,4,10	111.5	39.4996738	73.6047471	4276.7
1063	102.1	102.1	102.1	865,986,6,7	111.2	39.4982943	73.6047053	4285.4
1064	94.1	94.1	94.1	791,593,6,6	111.0	39.4989665	73.6046363	4285.4
1065	81.1	81.1	81.1	417,109,16,4	110.7	39.4996738	73.6047471	4276.7
1066	106.1	106.1	106.1	339,169,4,8	110.4	39.4979231	73.6047711	4285.4
1067	102.1	102.1	102.1	1810,1035,7,6	110.2	39.4982943	73.6047053	4285.4
1068	141.2	141.2	142.2	53,761,4,8	110.2	39.4975190	73.6048990	4285.0
1069	102.1	102.1	102.1	71,503,9,6	110.1	39.4982943	73.6047053	4285.4
1070	33.0	33.0	33.0	1603,759,8,5	109.8	39.5004489	73.6048841	4259.7
1071	127.2	122.1	127.2	597,913,7,6	109.7	39.4975167	73.6049010	4285.5
1072	38.0	38.0	39.0	1379,1061,5,8	109.5	39.5002674	73.6048510	4259.7
1073	20.0	20.0	20.0	1015,539,8,6	109.4	39.5014842	73.6050709	4259.7
1074	153.2	153.2	153.2	1783,824,6,5	109.4	39.4975188	73.6048990	4288.6
1075	79.1	76.1	79.1	316,240,10,5	109.3	39.4998254	73.6047716	4274.4
1076	64.1	64.1	64.1	1328,859,5,7	109.1	39.5002726	73.6048521	4260.7
1077	36.0	36.0	36.0	1197,793,5,7	109.0	39.5002820	73.6048532	4259.6
1078	53.1	53.1	53.1	1629,701,10,6	108.9	39.5002712	73.6048512	4260.4
1079	118.1	118.1	118.1	819,1057,8,6	108.9	39.4975808	73.6048781	4285.5
1080	22.0	22.0	22.0	1559,974,16,3	108.6	39.5013153	73.6050405	4259.7
1081	151.2	151.2	151.2	1617,937,8,5	108.6	39.4975187	73.6048990	4288.6
1082	23.0	23.0	23.0	649,61,10,7	108.3	39.5012309	73.6050252	4259.7
1083	144.2	139.2	147.2	226,277,6,12	108.2	39.4975187	73.6048992	4286.6
1084	46.1	46.1	46.1	1700,178,6,7	108.1	39.5002703	73.6048514	4260.1
1085	104.1	104.1	104.1	843,437,4,8	108.1	39.4981051	73.6047385	4285.4
1086	128.2	128.2	131.2	267,473,5,8	107.8	39.4975171	73.6049006	4285.5
1087	46.1	46.1	46.1	1160,555,11,6	107.7	39.5002703	73.6048514	4260.1
1088	97.1	97.1	97.1	584,939,9,6	107.7	39.4987526	73.6046221	4285.4
1089	28.0	25.0	30.0	73,865,3,15	107.6	39.5008181	73.6049508	4259.7
1090	25.0	22.0	25.0	537,186,6,7	107.5	39.5010628	73.6049949	4259.7
1091	77.1	77.1	77.1	73,860,8,5	107.5	39.4999675	73.6047950	4271.1
1092	88.1	88.1	88.1	587,297,6,9	107.5	39.4991437	73.6046607	4284.9
1093	68.1	68.1	68.1	65,39,8,4	107.4	39.5002604	73.6048459	4260.9
1094	148.2	148.2	148.2	1151,631,6,12	107.4	39.4975186	73.6048992	4288.6
1095	115.1	113.1	122.1	673,779,6,8	107.3	39.4977047	73.6048187	4285.4
1096	92.1	92.1	92.1	657,979,8,8	107.2	39.4990222	73.6046439	4285.4
1097	127.2	127.2	132.2	474,681,5,8	107.2	39.4975167	73.6049010	4285.5
1098	87.1	87.1	87.1	20,897,10,6	107.1	39.4992190	73.6046726	4283.8
1099	111.1	111.1	113.1	135,473,4,10	107.1	39.4977319	73.6048051	4285.4
1100	99.1	99.1	99.1	67,271,6,6	106.9	39.4985725	73.6046527	4285.4
1101	108.1	107.1	109.1	540,955,11,5	106.8	39.4977667	73.6047989	4285.4
1102	67.1	67.1	67.1	760,1048,10,12	106.7	39.5002675	73.6048490	4260.8
1103	97.1	97.1	97.1	1137,1029,6,10	106.5	39.4987526	73.6046221	4285.4
1104	32.0	32.0	32.0	339,849,6,7	106.1	39.5005137	73.6048958	4259.6
1105	63.1	63.1	63.1	1879,777,8,4	106.1	39.5002726	73.6048520	4260.7
1106	100.1	100.1	100.1	853,823,8,9	105.7	39.4984804	73.6046722	4285.4
1107	129.2	129.2	129.2	1673,1077,8,3	105.7	39.4975174	73.6049005	4285.5
1108	71.1	71.1	71.1	769,929,4,8	105.6	39.5002140	73.6048336	4260.9
1109	147.2	146.2	147.2	440,781,11,4	105.6	39.4975185	73.6048990	4288.1
1110	132.2	128.2	132.2	39,507,6,4	105.5	39.4975180	73.6049002	4285.5
1111	43.1	42.1	43.1	1681,454,6,5	105.3	39.5002687	73.6048515	4260.0
1112	145.2	145.2	145.2	306,913,6,6	105.3	39.4975187	73.6048991	4287.3
1113	155.2	155.2	155.2	810,718,9,8	105.3	39.4975191	73.6048988	4288.5
1114	53.1	53.1	53.1	691,867,10,4	105.2	39.5002712	73.6048512	4260.4
1115	18.0	18.0	18.0	849,573,12,4	105.1	39.5016540	73.6050985	4259.7
1116	150.2	150.2	150.2	723,1064,4,9	104.6	39.4975185	73.6048991	4288.6
1117	53.1	53.1	53.1	1089,347,6,6	104.3	39.5002712	73.6048512	4260.4
1118	88.1	88.1	88.1	0,245,8,4	104.2	39.4991437	73.6046607	4284.9
1119	26.0	26.0	27.0	392,497,9,5	104.1	39.5009796	73.6049800	4259.7
1120	54.1	54.1	54.1	1877,703,6,7	104.1	39.5002714	73.6048514	4260.6
1121	127.2	127.2	127.2	551,833,4,8	103.7	39.4975167	73.6049010	4285.5
1122	166.2	166.2	166.2	1795,35,4,12	103.4	39.4975185	73.6048992	4286.8
1123	107.1	107.1	107.1	723,753,6,5	103.3	39.4978362	73.6047865	4285.4
1124	35.0	35.0	35.0	484,363,5,11	103.2	39.5003274	73.6048619	4259.6
1125	30.0	30.0	30.0	131,1037,14,4	103.1	39.5006558	73.6049216	4259.7
1126	47.1	44.1	47.1	1132,459,5,6	103.0	39.5002706	73.6048515	4260.1
1127	65.1	65.1	65.1	655,495,7,7	103.0	39.5002727	73.6048522	4260.7
1128	21.0	21.0	24.0	1009,420,4,12	102.3	39.5013991	73.6050560	4259.7
1129	32.0	32.0	32.0	567,409,17,4	101.9	39.5005137	73.6048958	4259.6
1130	119.1	119.1	119.1	231,1035,8,4	101.9	39.4975346	73.6048943	4285.5
1131	124.1	123.1	124.1	522,679,12,6	101.9	39.4975158	73.6049014	4285.5
1132	31.0	31.0	31.0	1035,747,10,4	101.5	39.5005895	73.6049095	4259.6
1133	46.1	46.1	46.1	1705,300,7,7	101.5	39.5002703	73.6048514	4260.1
1134	74.1	71.1	74.1	905,961,4,8	101.5	39.5001290	73.6048209	4265.5
1135	119.1	116.1	121.1	601,259,7,6	101.5	39.4975346	73.6048943	4285.5
1136	24.0	24.0	24.0	732,135,11,6	101.3	39.5011472	73.6050101	4259.7
1137	84.1	84.1	85.1	98,1035,7,6	101.3	39.4994442	73.6047095	4280.1
1138	43.1	43.1	43.1	1527,923,8,4	101.2	39.5002687	73.6048515	4260.0
1139	105.1	105.1	105.1	24,234,7,7	101.0	39.4980127	73.6047551	4285.4
1140	9.0	5.0	9.0	1617,341,8,4	100.9	39.5023084	73.6052004	4258.2
1141	40.0	40.0	40.0	889,185,8,6	100.9	39.5002671	73.6048513	4259.7
1142	151.2	151.2	151.2	1177,59,6,4	100.7	39.4975187	73.6048990	4288.6
1143	66.1	66.1	66.1	1693,89,4,8	100.6	39.5002718	73.6048517	4260.8
1144	5.0	1.0	5.0	125,831,5,8	100.3	39.5025204	73.6052811	4258.2
1145	100.1	100.1	100.1	99,13,11,4	100.3	39.4984804	73.6046722	4285.4
1146	106.1	106.1	106.1	529,457,8,4	100.3	39.4979231	73.6047711	4285.4
1147	99.1	99.1	99.1	812,698,8,4	100.2	39.4985725	73.6046527	4285.4
1148	87.1	87.1	87.1	705,489,6,5	100.0	39.4992190	73.6046726	4283.8
1149	103.1	103.1	103.1	661,165,5,8	100.0	39.4981990	73.6047218	4285.4
1150	54.1	54.1	54.1	225,7,16,2	99.7	39.5002714	73.6048514	4260.6
1151	33.0	31.0	33.0	1241,603,8,4	99.6	39.5004489	73.6048841	4259.7
1152	32.0	32.0	34.0	1335,945,4,16	99.6	39.5005137	73.6048958	4259.6
1153	152.2	152.2	152.2	585,11,6,4	99.6	39.4975187	73.6048990	4288.6
1154	144.2	144.2	144.2	419,905,6,6	99.5	39.4975187	73.6048992	4286.6
1155	17.0	17.0	17.0	1897,33,6,8	99.3	39.5017370	73.6051121	4259.7
1156	55.1	54.1	55.1	919,0,4,9	99.3	39.5002717	73.6048514	4260.7
1157	80.1	76.1	82.1	81,727,7,9	99.3	39.4997500	73.6047594	4275.6
1158	46.1	46.1	46.1	1611,775,12,4	99.1	39.5002703	73.6048514	4260.1
1159	151.2	151.2	151.2	763,913,6,6	98.9	39.4975187	73.6048990	4288.6
1160	161.2	161.2	161.2	307,993,6,6	98.9	39.4975189	73.6048994	4287.8
1161	2.0	1.0	6.0	81,39,16,2	98.6	39.5026205	73.6053235	4258.1
1162	107.1	107.1	107.1	618,811,5,6	98.6	39.4978362	73.6047865	4285.4
1163	76.1	76.1	76.1	569,487,8,4	98.2	39.5000297	73.6048051	4269.4
1164	87.1	87.1	87.1	26,523,7,6	98.1	39.4992190	73.6046726	4283.8
1165	102.1	102.1	102.1	1841,217,8,6	98.1	39.4982943	73.6047053	4285.4
1166	118.1	118.1	120.1	1307,555,5,7	98.1	39.4975808	73.6048781	4285.5
1167	103.1	103.1	103.1	1281,1065,4,8	98.0	39.4981990	73.6047218	4285.4
1168	3.0	3.0	10.0	683,720,11,5	97.9	39.5025967	73.6053134	4258.2
1169	98.1	98.1	98.1	1555,33,5,6	97.9	39.4986637	73.6046346	4285.4
1170	101.1	101.1	101.1	1789,901,4,8	97.9	39.4983882	73.6046890	4285.4
1171	119.1	118.1	119.1	881,727,5,9	97.6	39.4975346	73.6048943	4285.5
1172	27.0	27.0	27.0	178,37,5,12	97.5	39.5008978	73.6049652	4259.7
1173	145.2	145.2	148.2	549,592,6,6	97.3	39.4975187	73.6048991	4287.3
1174	86.1	86.1	86.1	1131,1046,4,10	97.2	39.4992935	73.6046849	4282.6
1175	157.2	157.2	157.2	1869,876,13,4	96.8	39.4975191	73.6048989	4288.4
1176	25.0	25.0	25.0	0,969,6,8	96.1	39.5010628	73.6049949	4259.7
1177	24.0	24.0	24.0	1249,653,8,4	96.0	39.5011472	73.6050101	4259.7
1178	46.1	46.1	46.1	899,987,4,6	96.0	39.5002703	73.6048514	4260.1
1179	54.1	54.1	54.1	1231,616,6,7	95.8	39.5002714	73.6048514	4260.6
1180	117.1	117.1	117.1	787,450,6,7	95.7	39.4976286	73.6048575	4285.5
1181	167.2	167.2	167.2	625,861,7,4	95.7	39.4975186	73.6048994	4286.8
1182	102.1	102.1	103.1	561,675,6,4	95.6	39.4982943	73.6047053	4285.4
1183	97.1	97.1	97.1	1801,409,8,8	95.2	39.4987526	73.6046221	4285.4
1184	91.1	90.1	91.1	1681,591,7,10	95.1	39.4990265	73.6046446	4285.4
1185	138.2	138.2	138.2	721,1039,6,6	95.1	39.4975189	73.6048992	4285.4
1186	87.1	87.1	87.1	372,1011,8,4	95.0	39.4992190	73.6046726	4283.8
1187	103.1	99.1	103.1	692,1072,7,4	95.0	39.4981990	73.6047218	4285.4
1188	141.2	141.2	141.2	1917,383,3,10	95.0	39.4975190	73.6048990	4285.0
1189	13.0	13.0	13.0	1578,1059,5,8	94.9	39.5020496	73.6051610	4259.7
1190	152.2	152.2	152.2	74,1009,5,8	94.9	39.4975187	73.6048990	4288.6
1191	20.0	20.0	20.0	217,116,4,15	94.8	39.5014842	73.6050709	4259.7
1192	24.0	23.0	24.0	1611,1047,5,5	94.5	39.5011472	73.6050101	4259.7
1193	87.1	87.1	87.1	137,933,8,4	94.4	39.4992190	73.6046726	4283.8
1194	107.1	107.1	107.1	489,169,7,4	94.2	39.4978362	73.6047865	4285.4
1195	55.1	55.1	55.1	973,337,8,8	94.1	39.5002717	73.6048514	4260.7
1196	97.1	97.1	97.1	539,1028,4,9	94.1	39.4987526	73.6046221	4285.4
1197	47.1	47.1	47.1	667,531,6,4	93.9	39.5002706	73.6048515	4260.1
1198	66.1	66.1	66.1	1677,621,6,8	93.8	39.5002718	73.6048517	4260.8
1199	86.1	86.1	86.1	1733,78,8,4	93.6	39.4992935	73.6046849	4282.6
1200	129.2	126.2	129.2	303,690,5,6	93.1	39.4975174	73.6049005	4285.5
1201	55.1	55.1	55.1	643,985,6,6	93.0	39.5002717	73.6048514	4260.7
1202	55.1	55.1	55.1	811,1060,4,7	93.0	39.5002717	73.6048514	4260.7
1203	111.1	111.1	111.1	1795,1025,4,8	92.9	39.4977319	73.6048051	4285.4
1204	29.0	29.0	29.0	317,918,4,8	92.6	39.5007395	73.6049367	4259.7
1205	76.1	76.1	76.1	1753,33,5,6	92.2	39.5000297	73.6048051	4269.4
1206	151.2	151.2	151.2	1145,1069,4,11	92.0	39.4975187	73.6048990	4288.6
1207	35.0	35.0	35.0	1210,1014,7,5	91.6	39.5003274	73.6048619	4259.6
1208	144.2	144.2	144.2	1681,499,4,6	91.6	39.4975187	73.6048992	4286.6
1209	129.2	129.2	129.2	329,505,6,6	91.5	39.4975174	73.6049005	4285.5
1210	151.2	151.2	151.2	937,472,7,6	91.5	39.4975187	73.6048990	4288.6
1211	137.2	132.2	137.2	531,594,14,4	91.4	39.4975189	73.6048992	4285.5
1212	107.1	107.1	107.1	498,678,6,5	91.3	39.4978362	73.6047865	4285.4
1213	118.1	118.1	118.1	635,730,4,7	91.3	39.4975808	73.6048781	4285.5
1214	84.1	84.1	84.1	3,865,4,10	91.1	39.4994442	73.6047095	4280.1
1215	40.0	40.0	40.0	1154,0,5,8	91.0	39.5002671	73.6048513	4259.7
1216	53.1	53.1	53.1	345,729,6,4	91.0	39.5002712	73.6048512	4260.4
1217	101.1	101.1	101.1	747,1051,6,5	91.0	39.4983882	73.6046890	4285.4
1218	147.2	147.2	147.2	1035,479,6,5	91.0	39.4975185	73.6048990	4288.1
1219	82.1	82.1	82.1	1208,562,6,7	90.9	39.4995969	73.6047345	4277.8
1220	41.0	41.0	41.0	1569,1059,13,3	90.8	39.5002676	73.6048512	4259.7
1221	41.0	41.0	41.0	839,291,3,12	90.7	39.5002676	73.6048512	4259.7
1222	32.0	31.0	32.0	437,335,8,8	90.4	39.5005137	73.6048958	4259.6
1223	31.0	29.0	31.0	67,120,4,9	90.3	39.5005895	73.6049095	4259.6
1224	34.0	34.0	34.0	340,625,11,3	90.3	39.5003929	73.6048738	4259.7
1225	154.2	154.2	155.2	24,921,7,8	90.2	39.4975191	73.6048988	4288.5
1226	43.1	43.1	43.1	202,235,7,4	90.1	39.5002687	73.6048515	4260.0
1227	98.1	98.1	98.1	727,491,6,4	90.1	39.4986637	73.6046346	4285.4
1228	128.2	128.2	136.2	1260,101,5,6	89.8	39.4975171	73.6049006	4285.5
1229	153.2	153.2	153.2	578,1000,8,6	89.7	39.4975188	73.6048990	4288.6
1230	102.1	102.1	102.1	465,633,7,6	89.6	39.4982943	73.6047053	4285.4
1231	164.2	164.2	164.2	153,219,8,4	89.6	39.4975187	73.6048993	4287.2
1232	90.1	90.1	90.1	843,947,6,4	89.0	39.4990346	73.6046454	4285.3
1233	106.1	106.1	107.1	467,869,4,6	89.0	39.4979231	73.6047711	4285.4
1234	106.1	104.1	106.1	1813,913,4,6	88.9	39.4979231	73.6047711	4285.4
1235	105.1	105.1	105.1	1843,793,6,5	88.5	39.4980127	73.6047551	4285.4
1236	106.1	105.1	110.1	1915,957,5,6	88.5	39.4979231	73.6047711	4285.4
1237	115.1	112.1	115.1	1031,698,7,7	88.2	39.4977047	73.6048187	4285.4
1238	98.1	98.1	98.1	568,260,9,7	87.9	39.4986637	73.6046346	4285.4
1239	75.1	75.1	75.1	1813,686,6,7	87.7	39.5000838	73.6048138	4267.5
1240	111.1	111.1	111.1	45,121,6,8	87.7	39.4977319	73.6048051	4285.4
1241	138.2	138.2	138.2	459,987,5,6	87.6	39.4975189	73.6048992	4285.4
1242	146.2	146.2	146.2	1819,11,6,4	87.3	39.4975186	73.6048991	4287.7
1243	45.1	45.1	45.1	1135,1003,8,4	87.1	39.5002698	73.6048514	4260.1
1244	40.0	40.0	40.0	1175,339,2,13	86.8	39.5002671	73.6048513	4259.7
1245	90.1	90.1	90.1	1915,287,5,6	86.5	39.4990346	73.6046454	4285.3
1246	95.1	95.1	95.1	1755,753,6,6	86.5	39.4989094	73.6046282	4285.4
1247	40.0	39.0	40.0	1290,75,5,6	86.1	39.5002671	73.6048513	4259.7
1248	86.1	86.1	86.1	97,529,6,5	86.0	39.4992935	73.6046849	4282.6
1249	46.1	46.1	46.1	227,787,5,6	85.9	39.5002703	73.6048514	4260.1
1250	63.1	63.1	63.1	1363,649,5,7	85.9	39.5002726	73.6048520	4260.7
1251	54.1	54.1	54.1	1553,583,6,6	85.7	39.5002714	73.6048514	4260.6
1252	46.1	46.1	46.1	203,923,12,4	85.5	39.5002703	73.6048514	4260.1
1253	79.1	79.1	80.1	1326,385,7,4	85.5	39.4998254	73.6047716	4274.4
1254	39.0	39.0	39.0	116,872,8,6	85.3	39.5002668	73.6048510	4259.7
1255	32.0	32.0	32.0	253,1074,4,6	85.2	39.5005137	73.6048958	4259.6
1256	108.1	108.1	108.1	713,379,6,4	85.2	39.4977667	73.6047989	4285.4
1257	101.1	101.1	101.1	667,917,6,6	85.1	39.4983882	73.6046890	4285.4
1258	141.2	128.2	141.2	647,421,4,7	85.1	39.4975190	73.6048990	4285.0
1259	140.2	140.2	140.2	1321,681,8,4	85.0	39.4975189	73.6048991	4284.9
1260	80.1	80.1	83.1	43,329,6,5	84.9	39.4997500	73.6047594	4275.6
1261	44.1	44.1	44.1	1179,40,4,7	84.8	39.5002692	73.6048515	4260.1
1262	99.1	99.1	99.1	913,627,6,6	84.8	39.4985725	73.6046527	4285.4
1263	100.1	100.1	100.1	1736,187,3,13	84.8	39.4984804	73.6046722	4285.4
1264	40.0	40.0	40.0	854,939,5,6	84.6	39.5002671	73.6048513	4259.7
1265	47.1	47.1	47.1	1131,677,4,6	84.6	39.5002706	73.6048515	4260.1
1266	105.1	105.1	105.1	1005,725,6,4	84.2	39.4980127	73.6047551	4285.4
1267	127.2	127.2	127.2	209,869,4,7	84.0	39.4975167	73.6049010	4285.5
1268	11.0	7.0	13.0	1581,553,5,5	83.9	39.5021820	73.6051784	4258.6
1269	85.1	84.1	85.1	1246,684,5,7	83.8	39.4993681	73.6046970	4281.3
1270	88.1	85.1	88.1	1112,893,7,6	83.8	39.4991437	73.6046607	4284.9
1271	118.1	118.1	118.1	1335,1060,6,7	83.8	39.4975808	73.6048781	4285.5
1272	30.0	30.0	30.0	925,418,6,11	83.7	39.5006558	73.6049216	4259.7
1273	95.1	95.1	97.1	131,667,4,6	83.6	39.4989094	73.6046282	4285.4
1274	95.1	89.1	95.1	705,869,9,3	83.5	39.4989094	73.6046282	4285.4
1275	110.1	109.1	110.1	593,1067,6,9	83.5	39.4977340	73.6048048	4285.4
1276	106.1	106.1	106.1	125,11,4,6	83.4	39.4979231	73.6047711	4285.4
1277	3.0	0.0	7.0	7,161,10,4	83.2	39.5025967	73.6053134	4258.2
1278	118.1	118.1	118.1	579,771,4,7	83.1	39.4975808	73.6048781	4285.5
1279	109.1	109.1	109.1	289,1018,5,5	82.9	39.4977402	73.6048037	4285.3
1280	4.0	0.0	4.0	1890,825,7,4	82.8	39.5025621	73.6052987	4258.2
1281	101.1	101.1	101.1	507,441,4,6	82.8	39.4983882	73.6046890	4285.4
1282	31.0	31.0	31.0	1454,221,7,5	82.7	39.5005895	73.6049095	4259.6
1283	97.1	97.1	97.1	1769,765,6,4	82.7	39.4987526	73.6046221	4285.4
1284	88.1	88.1	88.1	843,947,6,4	82.4	39.4991437	73.6046607	4284.9
1285	106.1	106.1	106.1	615,689,8,6	82.4	39.4979231	73.6047711	4285.4
1286	54.1	54.1	54.1	1522,890,5,7	81.9	39.5002714	73.6048514	4260.6
1287	79.1	75.1	79.1	85,1073,4,7	81.5	39.4998254	73.6047716	4274.4
1288	64.1	64.1	64.1	842,946,3,11	81.2	39.5002726	73.6048521	4260.7
1289	8.0	8.0	8.0	1331,827,4,6	81.1	39.5023674	73.6052179	4258.2
1290	154.2	154.2	154.2	26,1074,6,6	81.1	39.4975191	73.6048988	4288.5
1291	64.1	64.1	64.1	762,441,7,6	81.0	39.5002726	73.6048521	4260.7
1292	138.2	138.2	138.2	379,905,6,4	81.0	39.4975189	73.6048992	4285.4
1293	47.1	47.1	47.1	1444,217,5,6	80.9	39.5002706	73.6048515	4260.1
1294	107.1	107.1	107.1	1684,929,5,4	80.8	39.4978362	73.6047865	4285.4
1295	40.0	40.0	40.0	1747,391,6,5	80.5	39.5002671	73.6048513	4259.7
1296	44.1	44.1	44.1	1873,180,8,5	80.5	39.5002692	73.6048515	4260.1
1297	7.0	7.0	7.0	129,485,8,3	80.4	39.5024226	73.6052397	4258.2
1298	123.1	122.1	124.1	401,1061,6,8	80.4	39.4975155	73.6049012	4285.5
1299	154.2	154.2	154.2	1315,155,6,6	80.4	39.4975191	73.6048988	4288.5
1300	118.1	118.1	118.1	84,67,7,6	80.3	39.4975808	73.6048781	4285.5
1301	124.1	122.1	125.1	749,878,6,7	80.3	39.4975158	73.6049014	4285.5
1302	34.0	34.0	37.0	883,659,4,6	80.2	39.5003929	73.6048738	4259.7
1303	1.0	1.0	2.0	825,411,7,4	80.1	39.5026307	73.6053278	4258.0
1304	78.1	78.1	78.1	1841,93,12,4	80.1	39.4998994	73.6047836	4272.8
1305	109.1	108.1	109.1	1025,1077,9,3	80.1	39.4977402	73.6048037	4285.3
1306	155.2	155.2	155.2	56,991,6,5	79.9	39.4975191	73.6048988	4288.5
1307	8.0	8.0	8.0	1295,1037,6,4	79.6	39.5023674	73.6052179	4258.2
1308	124.1	124.1	124.1	1737,869,4,6	79.2	39.4975158	73.6049014	4285.5
1309	99.1	99.1	99.1	475,423,5,7	79.1	39.4985725	73.6046527	4285.4
1310	122.1	119.1	122.1	821,753,5,6	78.9	39.4975152	73.6049010	4285.5
1311	75.1	75.1	75.1	1479,626,5,7	78.5	39.5000838	73.6048138	4267.5
1312	25.0	25.0	25.0	1209,369,4,7	78.4	39.5010628	73.6049949	4259.7
1313	84.1	84.1	84.1	1409,523,7,4	78.4	39.4994442	73.6047095	4280.1
1314	117.1	117.1	117.1	355,235,6,4	78.4	39.4976286	73.6048575	4285.5
1315	146.2	146.2	146.2	683,388,4,7	78.4	39.4975186	73.6048991	4287.7
1316	99.1	99.1	99.1	1793,0,6,4	78.2	39.4985725	73.6046527	4285.4
1317	117.1	117.1	120.1	1010,565,6,5	78.2	39.4976286	73.6048575	4285.5
1318	153.2	153.2	153.2	1869,1032,3,7	78.2	39.4975188	73.6048990	4288.6
1319	137.2	137.2	137.2	538,844,7,5	78.1	39.4975189	73.6048992	4285.5
1320	37.0	37.0	37.0	1617,1055,5,4	77.9	39.5002704	73.6048515	4259.6
1321	99.1	99.1	99.1	787,505,4,6	77.9	39.4985725	73.6046527	4285.4
1322	23.0	22.0	23.0	1652,1034,7,5	77.8	39.5012309	73.6050252	4259.7
1323	129.2	129.2	129.2	1044,741,7,5	77.8	39.4975174	73.6049005	4285.5
1324	131.2	131.2	131.2	704,656,6,7	77.7	39.4975178	73.6049004	4285.5
1325	153.2	153.2	153.2	109,985,8,5	77.7	39.4975188	73.6048990	4288.6
1326	116.1	116.1	120.1	1196,395,11,4	77.6	39.4976712	73.6048365	4285.5
1327	64.1	64.1	64.1	812,1027,5,5	77.5	39.5002726	73.6048521	4260.7
1328	102.1	102.1	102.1	1911,1075,5,5	77.5	39.4982943	73.6047053	4285.4
1329	81.1	81.1	81.1	1354,493,6,4	77.4	39.4996738	73.6047471	4276.7
1330	86.1	86.1	86.1	179,561,4,8	77.4	39.4992935	73.6046849	4282.6
1331	23.0	23.0	26.0	61,921,4,10	77.2	39.5012309	73.6050252	4259.7
1332	155.2	155.2	155.2	57,625,4,7	77.2	39.4975191	73.6048988	4288.5
1333	88.1	86.1	88.1	1547,963,6,4	77.1	39.4991437	73.6046607	4284.9
1334	104.1	104.1	104.1	1779,647,6,4	77.1	39.4981051	73.6047385	4285.4
1335	104.1	104.1	104.1	573,753,4,6	77.1	39.4981051	73.6047385	4285.4
1336	97.1	97.1	97.1	267,753,4,6	77.0	39.4987526	73.6046221	4285.4
1337	102.1	102.1	102.1	1905,313,4,8	77.0	39.4982943	73.6047053	4285.4
1338	95.1	95.1	95.1	742,933,4,7	76.9	39.4989094	73.6046282	4285.4
1339	90.1	90.1	90.1	1369,1067,6,6	76.8	39.4990346	73.6046454	4285.3
1340	28.0	28.0	28.0	1737,823,4,6	76.5	39.5008181	73.6049508	4259.7
1341	112.1	112.1	112.1	422,700,5,4	76.5	39.4977317	73.6048051	4285.4
1342	37.0	37.0	37.0	1655,457,8,8	76.3	39.5002704	73.6048515	4259.6
1343	44.1	44.1	44.1	675,1031,6,4	76.0	39.5002692	73.6048515	4260.1
1344	23.0	23.0	23.0	1093,199,6,5	75.9	39.5012309	73.6050252	4259.7
1345	34.0	34.0	34.0	46,404,3,9	75.9	39.5003929	73.6048738	4259.7
1346	121.1	121.1	126.2	404,803,6,5	75.9	39.4975160	73.6049005	4285.5
1347	83.1	83.1	83.1	1389,450,6,4	75.8	39.4995204	73.6047220	4279.0
1348	117.1	117.1	124.1	745,569,5,6	75.8	39.4976286	73.6048575	4285.5
1349	85.1	85.1	85.1	1697,853,3,8	75.5	39.4993681	73.6046970	4281.3
1350	86.1	86.1	86.1	241,314,4,9	75.3	39.4992935	73.6046849	4282.6
1351	164.2	164.2	164.2	783,1025,8,4	75.3	39.4975187	73.6048993	4287.2
1352	118.1	118.1	118.1	907,437,4,6	75.2	39.4975808	73.6048781	4285.5
1353	12.0	12.0	12.0	1041,467,7,4	74.9	39.5021172	73.6051700	4259.5
1354	34.0	34.0	34.0	1893,237,4,12	74.8	39.5003929	73.6048738	4259.7
1355	45.1	45.1	45.1	1662,19,5,6	74.8	39.5002698	73.6048514	4260.1
1356	88.1	86.1	88.1	931,883,7,4	74.8	39.4991437	73.6046607	4284.9
1357	156.2	156.2	156.2	47,677,6,4	74.7	39.4975192	73.6048988	4288.4
1358	44.1	44.1	44.1	1725,841,4,6	74.6	39.5002692	73.6048515	4260.1
1359	137.2	134.2	137.2	279,413,9,4	74.6	39.4975189	73.6048992	4285.5
1360	12.0	10.0	12.0	18,1073,7,3	74.5	39.5021172	73.6051700	4259.5
1361	28.0	28.0	28.0	209,1007,4,10	74.5	39.5008181	73.6049508	4259.7
1362	83.1	83.1	83.1	1637,881,5,8	74.5	39.4995204	73.6047220	4279.0
1363	138.2	138.2	138.2	231,1051,6,4	74.4	39.4975189	73.6048992	4285.4
1364	47.1	47.1	47.1	1907,459,6,6	74.3	39.5002706	73.6048515	4260.1
1365	25.0	25.0	25.0	1249,445,8,4	74.1	39.5010628	73.6049949	4259.7
1366	88.1	88.1	88.1	29,641,4,6	74.1	39.4991437	73.6046607	4284.9
1367	97.1	97.1	97.1	1913,142,7,3	74.0	39.4987526	73.6046221	4285.4
1368	133.2	133.2	133.2	140,808,5,5	74.0	39.4975182	73.6049001	4285.5
1369	158.2	158.2	158.2	554,423,9,6	73.9	39.4975190	73.6048990	4288.2
1370	9.0	8.0	9.0	254,3,3,7	73.8	39.5023084	73.6052004	4258.2
1371	21.0	21.0	21.0	1535,651,2,12	73.8	39.5013991	73.6050560	4259.7
1372	11.0	10.0	11.0	809,489,6,4	73.4	39.5021820	73.6051784	4258.6
1373	66.1	66.1	66.1	930,1075,5,5	73.2	39.5002718	73.6048517	4260.8
1374	27.0	27.0	27.0	13,609,4,10	73.1	39.5008978	73.6049652	4259.7
1375	69.1	69.1	69.1	1166,1063,4,8	73.1	39.5002513	73.6048424	4260.9
1376	82.1	82.1	82.1	329,34,8,3	73.1	39.4995969	73.6047345	4277.8
1377	116.1	116.1	116.1	1803,11,6,4	72.9	39.4976712	73.6048365	4285.5
1378	111.1	110.1	111.1	597,956,4,13	72.4	39.4977319	73.6048051	4285.4
1379	22.0	22.0	22.0	1577,629,4,5	72.3	39.5013153	73.6050405	4259.7
1380	28.0	28.0	28.0	1665,465,8,4	72.3	39.5008181	73.6049508	4259.7
1381	86.1	86.1	86.1	1830,42,5,5	72.3	39.4992935	73.6046849	4282.6
1382	88.1	88.1	88.1	1683,1003,5,5	72.3	39.4991437	73.6046607	4284.9
1383	106.1	106.1	106.1	1899,43,6,4	72.3	39.4979231	73.6047711	4285.4
1384	23.0	23.0	23.0	134,521,3,9	72.2	39.5012309	73.6050252	4259.7
1385	27.0	27.0	27.0	913,873,4,8	71.8	39.5008978	73.6049652	4259.7
1386	125.1	125.1	125.1	780,681,7,8	71.8	39.4975161	73.6049012	4285.5
1387	37.0	37.0	37.0	1827,211,3,7	71.7	39.5002704	73.6048515	4259.6
1388	37.0	37.0	37.0	310,793,3,6	71.7	39.5002704	73.6048515	4259.6
1389	12.0	12.0	15.0	1605,305,4,8	71.5	39.5021172	73.6051700	4259.5
1390	108.1	108.1	108.1	1225,937,8,4	71.5	39.4977667	73.6047989	4285.4
1391	122.1	122.1	122.1	1462,395,8,4	71.5	39.4975152	73.6049010	4285.5
1392	40.0	40.0	40.0	22,615,5,7	71.0	39.5002671	73.6048513	4259.7
1393	148.2	148.2	148.2	1687,262,10,3	71.0	39.4975186	73.6048992	4288.6
1394	116.1	116.1	116.1	1177,545,6,6	70.9	39.4976712	73.6048365	4285.5
1395	120.1	120.1	120.1	956,721,5,5	70.8	39.4975191	73.6048993	4285.4
1396	132.2	130.2	136.2	1217,531,6,4	70.8	39.4975180	73.6049002	4285.5
1397	2.0	0.0	6.0	721,571,9,3	70.7	39.5026205	73.6053235	4258.1
1398	115.1	115.1	115.1	1815,947,6,6	70.6	39.4977047	73.6048187	4285.4
1399	103.1	103.1	103.1	34,3,5,5	70.5	39.4981990	73.6047218	4285.4
1400	69.1	69.1	69.1	1400,729,6,5	70.3	39.5002513	73.6048424	4260.9
1401	137.2	134.2	138.2	1424,850,8,4	69.9	39.4975189	73.6048992	4285.5
1402	105.1	105.1	105.1	355,115,4,5	69.8	39.4980127	73.6047551	4285.4
1403	13.0	13.0	13.0	919,548,4,5	69.6	39.5020496	73.6051610	4259.7
1404	113.1	113.1	114.1	577,886,6,4	69.4	39.4977320	73.6048052	4285.4
1405	102.1	102.1	102.1	681,659,6,4	69.3	39.4982943	73.6047053	4285.4
1406	108.1	108.1	108.1	635,641,4,7	69.3	39.4977667	73.6047989	4285.4
1407	112.1	112.1	112.1	1186,712,4,7	69.3	39.4977317	73.6048051	4285.4
1408	134.2	130.2	137.2	1238,676,9,3	69.0	39.4975182	73.6048998	4285.5
1409	87.1	87.1	87.1	1060,756,6,6	68.9	39.4992190	73.6046726	4283.8
1410	103.1	103.1	103.1	1746,17,6,3	68.8	39.4981990	73.6047218	4285.4
1411	111.1	111.1	111.1	365,922,2,9	68.8	39.4977319	73.6048051	4285.4
1412	143.2	139.2	146.2	1239,956,8,3	68.8	39.4975188	73.6048992	4285.9
1413	37.0	37.0	37.0	443,910,6,5	68.6	39.5002704	73.6048515	4259.6
1414	11.0	11.0	11.0	5,658,4,7	68.3	39.5021820	73.6051784	4258.6
1415	31.0	31.0	31.0	17,570,8,7	68.3	39.5005895	73.6049095	4259.6
1416	135.2	135.2	135.2	1335,439,4,11	68.2	39.4975184	73.6048996	4285.5
1417	75.1	75.1	75.1	1285,987,6,5	68.1	39.5000838	73.6048138	4267.5
1418	20.0	20.0	24.0	1484,1041,4,8	67.7	39.5014842	73.6050709	4259.7
1419	127.2	127.2	128.2	674,871,7,6	67.7	39.4975167	73.6049010	4285.5
1420	72.1	70.1	72.1	969,833,6,5	67.5	39.5001911	73.6048301	4261.6
1421	1.0	1.0	1.0	345,46,7,3	67.4	39.5026307	73.6053278	4258.0
1422	12.0	12.0	12.0	1569,1049,5,3	67.4	39.5021172	73.6051700	4259.5
1423	45.1	45.1	45.1	1625,165,4,5	67.4	39.5002698	73.6048514	4260.1
1424	80.1	80.1	82.1	1025,654,8,3	67.4	39.4997500	73.6047594	4275.6
1425	85.1	85.1	85.1	1909,85,5,4	67.4	39.4993681	73.6046970	4281.3
1426	85.1	85.1	85.1	1031,627,7,4	67.2	39.4993681	73.6046970	4281.3
1427	135.2	135.2	135.2	193,647,8,6	67.2	39.4975184	73.6048996	4285.5
1428	27.0	25.0	27.0	1883,731,5,4	67.1	39.5008978	73.6049652	4259.7
1429	22.0	22.0	22.0	1889,845,6,4	67.0	39.5013153	73.6050405	4259.7
1430	85.1	85.1	85.1	1795,80,5,4	66.8	39.4993681	73.6046970	4281.3
1431	87.1	87.1	87.1	1797,747,6,4	66.7	39.4992190	73.6046726	4283.8
1432	38.0	38.0	38.0	1794,789,7,4	66.6	39.5002674	73.6048510	4259.7
1433	124.1	120.1	124.1	729,822,8,3	66.4	39.4975158	73.6049014	4285.5
1434	16.0	15.0	16.0	1326,431,3,9	66.3	39.5018197	73.6051255	4259.7
1435	111.1	111.1	115.1	1008,505,9,2	65.9	39.4977319	73.6048051	4285.4
1436	158.2	158.2	158.2	191,667,5,6	65.9	39.4975190	73.6048990	4288.2
1437	29.0	29.0	29.0	371,433,4,6	65.8	39.5007395	73.6049367	4259.7
1438	72.1	72.1	72.1	929,449,6,6	65.6	39.5001911	73.6048301	4261.6
1439	118.1	118.1	118.1	659,817,4,5	65.6	39.4975808	73.6048781	4285.5
1440	84.1	84.1	84.1	82,659,5,4	65.5	39.4994442	73.6047095	4280.1
1441	108.1	108.1	108.1	1225,535,4,6	65.4	39.4977667	73.6047989	4285.4
1442	127.2	127.2	127.2	248,99,6,4	65.3	39.4975167	73.6049010	4285.5
1443	78.1	78.1	78.1	957,1009,2,16	65.2	39.4998994	73.6047836	4272.8
1444	85.1	84.1	85.1	709,529,7,7	65.2	39.4993681	73.6046970	4281.3
1445	104.1	104.1	104.1	75,154,6,5	65.1	39.4981051	73.6047385	4285.4
1446	22.0	22.0	22.0	6,881,6,4	65.0	39.5013153	73.6050405	4259.7
1447	72.1	72.1	72.1	0,891,3,6	65.0	39.5001911	73.6048301	4261.6
1448	115.1	115.1	116.1	1140,616,7,3	65.0	39.4977047	73.6048187	4285.4
1449	39.0	38.0	39.0	647,755,10,3	64.8	39.5002668	73.6048510	4259.7
1450	87.1	87.1	87.1	1475,565,4,6	64.8	39.4992190	73.6046726	4283.8
1451	138.2	138.2	138.2	907,323,6,4	64.6	39.4975189	73.6048992	4285.4
1452	27.0	27.0	27.0	139,425,6,4	64.4	39.5008978	73.6049652	4259.7
1453	80.1	80.1	80.1	361,41,6,4	64.2	39.4997500	73.6047594	4275.6
1454	84.1	84.1	84.1	1229,316,4,5	64.2	39.4994442	73.6047095	4280.1
1455	39.0	39.0	39.0	1825,431,6,3	64.1	39.5002668	73.6048510	4259.7
1456	83.1	83.1	83.1	1884,184,6,3	63.8	39.4995204	73.6047220	4279.0
1457	84.1	84.1	84.1	1601,1039,4,10	63.8	39.4994442	73.6047095	4280.1
1458	122.1	122.1	127.2	845,425,4,4	63.8	39.4975152	73.6049010	4285.5
1459	80.1	80.1	80.1	1363,563,4,6	63.4	39.4997500	73.6047594	4275.6
1460	85.1	85.1	85.1	707,841,3,6	63.2	39.4993681	73.6046970	4281.3
1461	119.1	119.1	119.1	1571,941,4,4	62.9	39.4975346	73.6048943	4285.5
1462	14.0	14.0	14.0	1513,798,6,5	62.7	39.5019780	73.6051511	4259.7
1463	47.1	47.1	47.1	371,731,4,4	62.4	39.5002706	73.6048515	4260.1
1464	143.2	143.2	145.2	252,803,4,6	62.4	39.4975188	73.6048992	4285.9
1465	119.1	119.1	120.1	899,1053,3,6	62.3	39.4975346	73.6048943	4285.5
1466	79.1	79.1	79.1	666,356,5,4	62.1	39.4998254	73.6047716	4274.4
1467	84.1	84.1	84.1	1166,987,4,6	62.0	39.4994442	73.6047095	4280.1
1468	71.1	71.1	71.1	1045,474,4,7	61.9	39.5002140	73.6048336	4260.9
1469	87.1	87.1	87.1	1273,684,4,5	61.9	39.4992190	73.6046726	4283.8
1470	130.2	130.2	130.2	1169,727,7,3	61.7	39.4975176	73.6049004	4285.5
1471	20.0	20.0	20.0	37,873,4,5	61.3	39.5014842	73.6050709	4259.7
1472	47.1	47.1	47.1	529,451,4,4	61.2	39.5002706	73.6048515	4260.1
1473	156.2	156.2	156.2	532,1052,6,3	61.2	39.4975192	73.6048988	4288.4
1474	19.0	19.0	19.0	1202,412,6,5	61.1	39.5015687	73.6050846	4259.7
1475	91.1	91.1	91.1	1032,739,7,4	61.1	39.4990265	73.6046446	4285.4
1476	13.0	13.0	13.0	1211,497,6,3	61.0	39.5020496	73.6051610	4259.7
1477	83.1	83.1	83.1	625,425,4,4	61.0	39.4995204	73.6047220	4279.0
1478	87.1	87.1	87.1	1510,966,7,3	60.7	39.4992190	73.6046726	4283.8
1479	107.1	107.1	107.1	1755,49,4,5	60.6	39.4978362	73.6047865	4285.4
1480	109.1	109.1	109.1	1683,883,5,4	60.6	39.4977402	73.6048037	4285.3
1481	110.1	110.1	110.1	1025,469,4,4	60.6	39.4977340	73.6048048	4285.4
1482	17.0	17.0	17.0	1497,828,6,4	60.4	39.5017370	73.6051121	4259.7
1483	125.1	125.1	125.1	377,637,4,4	60.3	39.4975161	73.6049012	4285.5
1484	129.2	129.2	129.2	1443,23,4,6	60.3	39.4975174	73.6049005	4285.5
1485	139.2	139.2	139.2	377,339,10,3	60.3	39.4975189	73.6048991	4285.2
1486	115.1	113.1	115.1	1011,987,4,4	60.2	39.4977047	73.6048187	4285.4
1487	126.2	126.2	126.2	498,993,5,4	60.1	39.4975165	73.6049010	4285.5
1488	104.1	104.1	104.1	1883,245,6,3	59.9	39.4981051	73.6047385	4285.4
1489	156.2	156.2	156.2	699,723,5,3	59.9	39.4975192	73.6048988	4288.4
1490	127.2	127.2	127.2	139,585,4,4	59.8	39.4975167	73.6049010	4285.5
1491	6.0	6.0	6.0	1421,881,3,6	59.6	39.5024742	73.6052615	4258.2
1492	81.1	81.1	81.1	1865,998,8,3	59.6	39.4996738	73.6047471	4276.7
1493	86.1	86.1	86.1	1222,673,3,7	59.6	39.4992935	73.6046849	4282.6
1494	90.1	90.1	90.1	546,515,5,4	59.3	39.4990346	73.6046454	4285.3
1495	119.1	119.1	119.1	865,781,5,4	59.3	39.4975346	73.6048943	4285.5
1496	21.0	21.0	21.0	238,0,7,5	59.2	39.5013991	73.6050560	4259.7
1497	24.0	24.0	25.0	598,112,4,5	59.1	39.5011472	73.6050101	4259.7
1498	138.2	138.2	138.2	1059,536,7,3	59.1	39.4975189	73.6048992	4285.4
1499	85.1	85.1	85.1	1708,1075,4,5	59.0	39.4993681	73.6046970	4281.3
1500	65.1	65.1	65.1	1337,223,7,4	58.6	39.5002727	73.6048522	4260.7
1501	47.1	47.1	47.1	1091,987,4,4	58.5	39.5002706	73.6048515	4260.1
1502	47.1	47.1	47.1	1545,551,5,4	58.4	39.5002706	73.6048515	4260.1
1503	81.1	81.1	81.1	1053,753,4,5	58.4	39.4996738	73.6047471	4276.7
1504	138.2	136.2	138.2	1871,977,2,8	58.4	39.4975189	73.6048992	4285.4
1505	30.0	30.0	30.0	547,246,4,6	58.3	39.5006558	73.6049216	4259.7
1506	104.1	104.1	104.1	154,145,3,6	58.1	39.4981051	73.6047385	4285.4
1507	3.0	0.0	3.0	883,929,6,4	57.9	39.5025967	73.6053134	4258.2
1508	24.0	24.0	24.0	414,702,3,6	57.5	39.5011472	73.6050101	4259.7
1509	30.0	30.0	30.0	1433,581,5,4	57.5	39.5006558	73.6049216	4259.7
1510	104.1	104.1	104.1	451,441,6,4	57.2	39.4981051	73.6047385	4285.4
1511	105.1	105.1	105.1	1910,811,5,4	57.2	39.4980127	73.6047551	4285.4
1512	114.1	114.1	114.1	92,11,5,6	57.2	39.4977261	73.6048078	4285.4
1513	38.0	38.0	38.0	1251,67,4,5	57.0	39.5002674	73.6048510	4259.7
1514	26.0	26.0	26.0	969,875,4,4	56.8	39.5009796	73.6049800	4259.7
1515	27.0	27.0	27.0	1289,689,5,4	56.7	39.5008978	73.6049652	4259.7
1516	65.1	65.1	65.1	1089,638,8,3	56.7	39.5002727	73.6048522	4260.7
1517	107.1	107.1	109.1	861,781,2,8	56.4	39.4978362	73.6047865	4285.4
1518	125.1	125.1	125.1	1841,105,8,2	56.4	39.4975161	73.6049012	4285.5
1519	121.1	121.1	121.1	411,993,3,5	56.3	39.4975160	73.6049005	4285.5
1520	148.2	148.2	148.2	1452,449,3,6	56.3	39.4975186	73.6048992	4288.6
1521	84.1	84.1	84.1	449,523,4,5	56.1	39.4994442	73.6047095	4280.1
1522	107.1	107.1	109.1	751,653,4,8	55.8	39.4978362	73.6047865	4285.4
1523	81.1	81.1	81.1	126,1067,3,6	55.6	39.4996738	73.6047471	4276.7
1524	65.1	65.1	65.1	933,885,4,4	55.5	39.5002727	73.6048522	4260.7
1525	109.1	107.1	109.1	569,847,4,7	55.5	39.4977402	73.6048037	4285.3
1526	132.2	131.2	135.2	1248,444,6,4	55.5	39.4975180	73.6049002	4285.5
1527	79.1	79.1	79.1	1247,923,7,4	55.4	39.4998254	73.6047716	4274.4
1528	90.1	90.1	90.1	1891,633,4,6	55.0	39.4990346	73.6046454	4285.3
1529	85.1	85.1	85.1	21,772,6,3	54.7	39.4993681	73.6046970	4281.3
1530	73.1	73.1	73.1	1257,641,5,4	54.6	39.5001645	73.6048265	4263.4
1531	123.1	123.1	123.1	515,915,4,4	54.4	39.4975155	73.6049012	4285.5
1532	19.0	16.0	19.0	715,273,6,5	54.3	39.5015687	73.6050846	4259.7
1533	27.0	26.0	27.0	1385,449,4,5	54.0	39.5008978	73.6049652	4259.7
1534	107.1	107.1	107.1	925,73,4,5	54.0	39.4978362	73.6047865	4285.4
1535	120.1	119.1	120.1	921,363,8,2	54.0	39.4975191	73.6048993	4285.4
1536	134.2	134.2	134.2	329,990,8,3	54.0	39.4975182	73.6048998	4285.5
1537	132.2	132.2	132.2	489,225,4,4	53.9	39.4975180	73.6049002	4285.5
1538	109.1	108.1	109.1	531,1075,4,5	53.8	39.4977402	73.6048037	4285.3
1539	112.1	112.1	112.1	9,393,6,4	53.7	39.4977317	73.6048051	4285.4
1540	82.1	82.1	82.1	23,990,6,3	53.5	39.4995969	73.6047345	4277.8
1541	104.1	104.1	104.1	1915,193,5,3	53.5	39.4981051	73.6047385	4285.4
1542	65.1	65.1	65.1	553,913,2,8	53.4	39.5002727	73.6048522	4260.7
1543	127.2	121.1	127.2	1400,595,5,4	53.4	39.4975167	73.6049010	4285.5
1544	13.0	13.0	17.0	302,33,3,7	53.3	39.5020496	73.6051610	4259.7
1545	30.0	30.0	30.0	692,259,4,4	53.2	39.5006558	73.6049216	4259.7
1546	70.1	70.1	70.1	925,337,4,8	53.2	39.5002348	73.6048378	4260.9
1547	19.0	19.0	19.0	1737,856,9,5	53.0	39.5015687	73.6050846	4259.7
1548	27.0	27.0	27.0	46,717,5,4	52.9	39.5008978	73.6049652	4259.7
1549	17.0	17.0	17.0	624,178,5,7	52.7	39.5017370	73.6051121	4259.7
1550	14.0	14.0	14.0	106,290,3,7	52.5	39.5019780	73.6051511	4259.7
1551	27.0	27.0	27.0	243,263,5,4	52.3	39.5008978	73.6049652	4259.7
1552	140.2	140.2	140.2	1077,325,6,4	52.3	39.4975189	73.6048991	4284.9
1553	19.0	19.0	19.0	1109,306,4,4	52.0	39.5015687	73.6050846	4259.7
1554	107.1	107.1	107.1	747,577,6,6	51.9	39.4978362	73.6047865	4285.4
1555	139.2	139.2	139.2	395,1025,4,4	51.9	39.4975189	73.6048991	4285.2
1556	4.0	0.0	5.0	1012,533,3,7	51.6	39.5025621	73.6052987	4258.2
1557	77.1	77.1	77.1	61,501,4,4	51.4	39.4999675	73.6047950	4271.1
1558	143.2	143.2	143.2	343,617,4,6	51.4	39.4975188	73.6048992	4285.9
1559	17.0	17.0	17.0	1625,79,8,2	51.3	39.5017370	73.6051121	4259.7
1560	122.1	122.1	122.1	574,279,3,5	51.3	39.4975152	73.6049010	4285.5
1561	70.1	70.1	70.1	271,129,4,6	51.1	39.5002348	73.6048378	4260.9
1562	129.2	129.2	129.2	1183,933,8,2	51.1	39.4975174	73.6049005	4285.5
1563	19.0	19.0	19.0	33,1073,5,4	51.0	39.5015687	73.6050846	4259.7
1564	119.1	119.1	120.1	490,975,4,4	50.9	39.4975346	73.6048943	4285.5
1565	70.1	70.1	70.1	209,61,4,4	50.7	39.5002348	73.6048378	4260.9
1566	107.1	107.1	107.1	701,1071,4,6	50.5	39.4978362	73.6047865	4285.4
1567	138.2	138.2	138.2	717,907,4,4	50.4	39.4975189	73.6048992	4285.4
1568	140.2	140.2	140.2	1617,863,8,2	50.4	39.4975189	73.6048991	4284.9
1569	84.1	84.1	84.1	290,761,3,5	50.2	39.4994442	73.6047095	4280.1
1570	111.1	111.1	111.1	519,961,2,8	50.1	39.4977319	73.6048051	4285.4
1571	65.1	65.1	65.1	279,1025,2,8	50.0	39.5002727	73.6048522	4260.7
1572	113.1	113.1	113.1	1786,450,6,6	49.8	39.4977320	73.6048052	4285.4
1573	9.0	9.0	9.0	1313,397,4,4	49.7	39.5023084	73.6052004	4258.2
1574	25.0	25.0	25.0	493,315,4,4	49.6	39.5010628	73.6049949	4259.7
1575	110.1	110.1	110.1	1275,161,4,4	49.3	39.4977340	73.6048048	4285.4
1576	79.1	79.1	79.1	1263,991,5,3	49.1	39.4998254	73.6047716	4274.4
1577	79.1	79.1	79.1	865,326,6,3	49.0	39.4998254	73.6047716	4274.4
1578	135.2	135.2	135.2	1761,433,8,2	49.0	39.4975184	73.6048996	4285.5
1579	131.2	131.2	131.2	425,678,6,3	48.8	39.4975178	73.6049004	4285.5
1580	104.1	104.1	104.1	294,1052,3,5	48.6	39.4981051	73.6047385	4285.4
1581	124.1	124.1	124.1	258,201,4,5	48.5	39.4975158	73.6049014	4285.5
1582	143.2	143.2	143.2	515,971,4,4	48.5	39.4975188	73.6048992	4285.9
1583	76.1	72.1	76.1	12,510,5,3	48.3	39.5000297	73.6048051	4269.4
1584	25.0	25.0	25.0	1469,855,8,2	48.1	39.5010628	73.6049949	4259.7
1585	6.0	6.0	6.0	1286,366,3,4	47.8	39.5024742	73.6052615	4258.2
1586	116.1	116.1	116.1	138,561,7,2	47.7	39.4976712	73.6048365	4285.5
1587	133.2	133.2	133.2	1441,497,3,8	47.5	39.4975182	73.6049001	4285.5
1588	79.1	79.1	79.1	1761,113,4,4	47.4	39.4998254	73.6047716	4274.4
1589	110.1	110.1	112.1	926,540,4,5	47.4	39.4977340	73.6048048	4285.4
1590	112.1	112.1	112.1	1159,939,5,3	47.4	39.4977317	73.6048051	4285.4
1591	87.1	87.1	87.1	1787,912,4,5	47.3	39.4992190	73.6046726	4283.8
1592	130.2	130.2	130.2	541,1035,4,4	47.3	39.4975176	73.6049004	4285.5
1593	4.0	4.0	4.0	237,796,9,3	47.0	39.5025621	73.6052987	4258.2
1594	13.0	13.0	13.0	48,200,5,3	47.0	39.5020496	73.6051610	4259.7
1595	79.1	79.1	79.1	465,178,4,5	46.8	39.4998254	73.6047716	4274.4
1596	130.2	130.2	130.2	451,308,5,3	46.5	39.4975176	73.6049004	4285.5
1597	108.1	108.1	108.1	1093,731,4,4	46.3	39.4977667	73.6047989	4285.4
1598	136.2	136.2	136.2	367,595,5,4	46.3	39.4975186	73.6048994	4285.5
1599	137.2	137.2	137.2	331,497,4,4	46.3	39.4975189	73.6048992	4285.5
1600	140.2	140.2	140.2	803,269,8,2	46.3	39.4975189	73.6048991	4284.9
1601	135.2	135.2	135.2	1839,961,2,8	46.1	39.4975184	73.6048996	4285.5
1602	16.0	16.0	16.0	1532,1009,5,3	45.6	39.5018197	73.6051255	4259.7
1603	7.0	7.0	7.0	339,97,5,4	45.5	39.5024226	73.6052397	4258.2
1604	125.1	125.1	125.1	1737,29,8,2	45.5	39.4975161	73.6049012	4285.5
1605	146.2	146.2	146.2	881,1057,4,6	45.5	39.4975186	73.6048991	4287.7
1606	24.0	24.0	24.0	1015,599,7,4	45.4	39.5011472	73.6050101	4259.7
1607	110.1	110.1	110.1	1857,267,8,2	45.4	39.4977340	73.6048048	4285.4
1608	131.2	131.2	131.2	222,310,3,5	45.0	39.4975178	73.6049004	4285.5
1609	15.0	13.0	15.0	1873,423,8,2	44.6	39.5019003	73.6051392	4259.7
1610	124.1	124.1	124.1	1145,677,4,4	44.6	39.4975158	73.6049014	4285.5
1611	137.2	137.2	137.2	1569,969,6,4	44.6	39.4975189	73.6048992	4285.5
1612	120.1	120.1	120.1	787,851,4,9	44.5	39.4975191	73.6048993	4285.4
1613	122.1	122.1	122.1	689,547,6,4	44.0	39.4975152	73.6049010	4285.5
1614	121.1	121.1	121.1	590,129,3,6	43.8	39.4975160	73.6049005	4285.5
1615	1.0	1.0	1.0	1093,639,2,6	43.4	39.5026307	73.6053278	4258.0
1616	11.0	11.0	11.0	103,564,2,7	43.2	39.5021820	73.6051784	4258.6
1617	8.0	8.0	8.0	21,241,4,5	43.0	39.5023674	73.6052179	4258.2
1618	108.1	108.1	109.1	751,1001,5,4	43.0	39.4977667	73.6047989	4285.4
1619	112.1	112.1	112.1	17,295,8,2	43.0	39.4977317	73.6048051	4285.4
1620	18.0	18.0	18.0	1614,333,4,4	42.9	39.5016540	73.6050985	4259.7
1621	70.1	70.1	70.1	1844,844,4,4	42.9	39.5002348	73.6048378	4260.9
1622	104.1	104.1	104.1	641,381,3,4	42.3	39.4981051	73.6047385	4285.4
1623	87.1	87.1	87.1	985,810,2,7	42.2	39.4992190	73.6046726	4283.8
1624	70.1	70.1	70.1	1706,369,4,3	42.1	39.5002348	73.6048378	4260.9
1625	136.2	136.2	136.2	201,721,4,4	42.0	39.4975186	73.6048994	4285.5
1626	121.1	121.1	121.1	1427,721,4,6	41.9	39.4975160	73.6049005	4285.5
1627	110.1	109.1	110.1	531,913,5,3	41.7	39.4977340	73.6048048	4285.4
1628	104.1	104.1	104.1	678,1059,3,4	41.6	39.4981051	73.6047385	4285.4
1629	74.1	74.1	74.1	868,351,6,2	41.5	39.5001290	73.6048209	4265.5
1630	135.2	135.2	135.2	1841,129,2,6	41.3	39.4975184	73.6048996	4285.5
1631	108.1	108.1	109.1	582,684,4,3	40.8	39.4977667	73.6047989	4285.4
1632	125.1	125.1	125.1	1563,278,4,4	40.7	39.4975161	73.6049012	4285.5
1633	70.1	70.1	70.1	13,565,4,4	40.5	39.5002348	73.6048378	4260.9
1634	6.0	6.0	6.0	797,521,4,4	40.4	39.5024742	73.6052615	4258.2
1635	12.0	12.0	12.0	19,595,4,3	40.4	39.5021172	73.6051700	4259.5
1636	85.1	85.1	85.1	1821,406,6,3	40.4	39.4993681	73.6046970	4281.3
1637	86.1	86.1	86.1	84,749,4,3	40.4	39.4992935	73.6046849	4282.6
1638	133.2	133.2	133.2	756,809,3,6	40.4	39.4975182	73.6049001	4285.5
1639	104.1	104.1	104.1	1155,1022,4,3	39.9	39.4981051	73.6047385	4285.4
1640	0.0	0.0	0.0	906,773,3,4	39.6	39.5026349	73.6053297	4258.0
1641	18.0	18.0	18.0	1817,263,8,2	39.6	39.5016540	73.6050985	4259.7
1642	111.1	111.1	111.1	1080,581,2,5	39.3	39.4977319	73.6048051	4285.4
1643	112.1	112.1	112.1	155,548,3,5	39.1	39.4977317	73.6048051	4285.4
1644	7.0	7.0	7.0	746,978,4,4	38.9	39.5024226	73.6052397	4258.2
1645	111.1	111.1	111.1	1509,1075,2,5	38.6	39.4977319	73.6048051	4285.4
1646	123.1	123.1	123.1	247,20,4,3	38.6	39.4975155	73.6049012	4285.5
1647	12.0	12.0	12.0	1835,830,4,3	38.4	39.5021172	73.6051700	4259.5
1648	125.1	125.1	125.1	1513,869,4,4	38.1	39.4975161	73.6049012	4285.5
1649	1.0	1.0	1.0	54,706,3,5	38.0	39.5026307	73.6053278	4258.0
1650	72.1	72.1	72.1	785,583,8,2	38.0	39.5001911	73.6048301	4261.6
1651	112.1	112.1	112.1	977,731,4,3	37.7	39.4977317	73.6048051	4285.4
1652	123.1	123.1	123.1	759,773,6,4	37.6	39.4975155	73.6049012	4285.5
1653	1.0	1.0	1.0	678,1011,4,4	37.4	39.5026307	73.6053278	4258.0
1654	12.0	12.0	12.0	145,737,4,3	37.3	39.5021172	73.6051700	4259.5
1655	123.1	123.1	123.1	795,15,6,2	37.0	39.4975155	73.6049012	4285.5
1656	133.2	133.2	133.2	1052,497,3,4	36.9	39.4975182	73.6049001	4285.5
1657	72.1	72.1	72.1	10,302,4,3	36.8	39.5001911	73.6048301	4261.6
1658	82.1	82.1	82.1	1640,769,3,4	36.8	39.4995969	73.6047345	4277.8
1659	70.1	70.1	70.1	45,415,4,3	36.7	39.5002348	73.6048378	4260.9
1660	121.1	121.1	121.1	346,945,3,4	36.7	39.4975160	73.6049005	4285.5
1661	70.1	70.1	70.1	729,849,2,8	36.4	39.5002348	73.6048378	4260.9
1662	126.2	126.2	126.2	566,739,3,5	36.4	39.4975165	73.6049010	4285.5
1663	74.1	74.1	74.1	1215,249,2,8	36.0	39.5001290	73.6048209	4265.5
1664	85.1	85.1	85.1	1116,851,3,4	35.8	39.4993681	73.6046970	4281.3
1665	108.1	108.1	108.1	522,881,3,4	35.3	39.4977667	73.6047989	4285.4
1666	121.1	121.1	121.1	515,251,5,2	35.2	39.4975160	73.6049005	4285.5
1667	73.1	73.1	73.1	431,403,3,4	35.1	39.5001645	73.6048265	4263.4
1668	136.2	136.2	136.2	281,625,6,2	35.1	39.4975186	73.6048994	4285.5
1669	139.2	139.2	139.2	460,369,4,3	35.1	39.4975189	73.6048991	4285.2
1670	104.1	104.1	104.1	493,569,3,3	35.0	39.4981051	73.6047385	4285.4
1671	139.2	139.2	139.2	305,717,3,3	34.8	39.4975189	73.6048991	4285.2
1672	126.2	123.1	126.2	327,1011,3,4	34.6	39.4975165	73.6049010	4285.5
1673	148.2	148.2	148.2	1422,851,4,5	34.6	39.4975186	73.6048992	4288.6
1674	8.0	8.0	8.0	619,488,4,4	34.4	39.5023674	73.6052179	4258.2
1675	124.1	123.1	124.1	1165,547,3,4	33.9	39.4975158	73.6049014	4285.5
1676	125.1	125.1	125.1	1865,862,4,3	33.6	39.4975161	73.6049012	4285.5
1677	136.2	136.2	136.2	121,1058,3,3	33.4	39.4975186	73.6048994	4285.5
1678	104.1	104.1	104.1	393,387,4,4	33.3	39.4981051	73.6047385	4285.4
1679	82.1	82.1	82.1	1145,678,4,3	32.7	39.4995969	73.6047345	4277.8
1680	135.2	135.2	135.2	972,907,4,2	32.7	39.4975184	73.6048996	4285.5
1681	125.1	125.1	125.1	1370,607,7,2	32.6	39.4975161	73.6049012	4285.5
1682	73.1	73.1	73.1	839,843,3,3	32.3	39.5001645	73.6048265	4263.4
1683	110.1	110.1	110.1	768,926,3,3	32.1	39.4977340	73.6048048	4285.4
1684	82.1	82.1	82.1	893,668,4,3	31.5	39.4995969	73.6047345	4277.8
1685	123.1	123.1	123.1	783,413,4,2	31.0	39.4975155	73.6049012	4285.5
1686	72.1	72.1	72.1	1579,529,6,2	30.4	39.5001911	73.6048301	4261.6
1687	136.2	136.2	136.2	584,971,3,3	29.9	39.4975186	73.6048994	4285.5
1688	120.1	120.1	120.1	668,252,3,3	29.2	39.4975191	73.6048993	4285.4
1689	72.1	72.1	72.1	0,452,3,3	28.9	39.5001911	73.6048301	4261.6
1690	139.2	139.2	139.2	468,615,3,3	28.9	39.4975189	73.6048991	4285.2
1691	5.0	5.0	5.0	909,799,3,2	28.1	39.5025204	73.6052811	4258.2
1692	120.1	120.1	120.1	963,1068,4,4	27.3	39.4975191	73.6048993	4285.4
1693	120.1	120.1	120.1	1577,762,2,4	26.7	39.4975191	73.6048993	4285.4
1694	120.1	120.1	120.1	1210,952,3,3	25.5	39.4975191	73.6048993	4285.4
1695	109.1	109.1	109.1	884,708,4,2	24.8	39.4977402	73.6048037	4285.3
1696	120.1	120.1	120.1	1332,416,3,3	23.8	39.4975191	73.6048993	4285.4
