track	t_best	t0	t1	bbox	score	lat	lon	alt
0	408.4	408.4	410.4	0,751,33,142	7173.9	39.4796762	73.5945856	5318.2
1	381.4	370.4	381.4	55,0,72,153	6383.4	39.4796768	73.5945859	5318.2
2	102.1	101.1	103.1	315,981,42,55	4838.8	39.4796801	73.5945855	5318.3
3	418.4	418.4	418.4	0,673,43,168	4660.8	39.4796759	73.5945856	5318.2
4	52.1	51.1	53.1	43,25,154,120	4130.5	39.4796799	73.5945853	5314.1
5	437.4	437.4	441.4	110,598,53,107	3949.1	39.4796758	73.5945858	5318.2
6	372.4	369.4	376.4	37,57,92,80	3908.0	39.4796769	73.5945859	5318.2
7	70.1	70.1	70.1	153,21,147,110	3780.7	39.4796789	73.5945862	5318.1
8	389.4	389.4	404.4	121,173,58,96	3645.0	39.4796771	73.5945859	5318.2
9	107.1	107.1	107.1	481,1025,40,45	3519.1	39.4796808	73.5945854	5318.3
10	380.4	370.4	381.4	71,97,58,99	3438.0	39.4796769	73.5945860	5318.2
11	408.4	408.4	410.4	6,971,43,45	3367.4	39.4796762	73.5945856	5318.2
12	87.1	78.1	90.1	1755,33,54,52	3301.1	39.4796805	73.5945858	5318.3
13	422.4	422.4	422.4	137,29,56,68	3290.5	39.4796759	73.5945858	5318.3
14	362.4	362.4	362.4	3,193,33,70	3247.7	39.4796775	73.5945856	5318.2
15	226.2	223.2	230.2	397,33,108,54	3185.9	39.4796790	73.5945857	5318.2
16	63.1	59.1	74.1	1716,753,35,40	2914.3	39.4796799	73.5945856	5314.1
17	252.3	250.2	253.3	1227,71,200,18	2845.3	39.4796787	73.5945858	5318.2
18	428.4	424.4	431.4	1731,307,22,226	2828.6	39.4796758	73.5945856	5318.2
19	216.2	206.2	216.2	443,95,102,42	2822.2	39.4796795	73.5945854	5318.3
20	390.4	390.4	390.4	5,18,59,76	2805.0	39.4796770	73.5945859	5318.2
21	167.2	163.2	168.2	0,75,61,36	2724.3	39.4796799	73.5945844	5318.3
22	75.1	75.1	75.1	0,481,23,50	2710.7	39.4796796	73.5945858	5318.2
23	384.4	383.4	384.4	63,0,30,61	2684.7	39.4796768	73.5945857	5318.2
24	310.3	309.3	310.3	521,0,32,57	2611.8	39.4796782	73.5945855	5318.2
25	128.1	126.1	129.1	61,54,48,50	2571.3	39.4796805	73.5945848	5318.3
26	355.4	355.4	356.4	65,24,30,67	2562.6	39.4796776	73.5945862	5318.2
27	307.3	293.3	307.3	729,279,28,50	2561.4	39.4796787	73.5945855	5318.2
28	424.4	423.4	424.4	81,0,32,56	2508.3	39.4796759	73.5945854	5318.2
29	101.1	100.1	101.1	113,809,26,56	2470.0	39.4796801	73.5945856	5318.3
30	332.3	330.3	339.3	414,0,37,65	2454.1	39.4796774	73.5945855	5318.2
31	388.4	388.4	404.4	103,0,50,57	2417.6	39.4796772	73.5945859	5318.2
32	105.1	105.1	106.1	1335,410,40,39	2334.9	39.4796803	73.5945853	5318.3
33	418.4	418.4	418.4	0,632,45,25	2332.5	39.4796759	73.5945856	5318.2
34	329.3	326.3	334.3	1625,229,28,80	2321.6	39.4796775	73.5945857	5318.2
35	423.4	422.4	424.4	87,130,29,71	2321.5	39.4796759	73.5945857	5318.3
36	91.1	91.1	91.1	191,547,42,25	2303.4	39.4796809	73.5945856	5318.3
37	98.1	98.1	98.1	1149,0,35,33	2292.5	39.4796807	73.5945856	5318.3
38	57.1	54.1	57.1	0,0,39,41	2275.5	39.4796801	73.5945856	5314.1
39	329.3	328.3	333.3	1565,903,86,85	2254.3	39.4796775	73.5945857	5318.2
40	76.1	75.1	76.1	1625,965,38,55	2228.5	39.4796796	73.5945858	5318.2
41	103.1	102.1	104.1	61,247,48,38	2216.3	39.4796801	73.5945855	5318.3
42	366.4	363.4	369.4	1899,1029,21,51	2215.1	39.4796774	73.5945857	5318.2
43	11.0	11.0	11.0	1135,229,42,26	2174.6	39.4798434	73.5948518	5314.1
44	347.3	347.3	347.3	1901,985,19,56	2169.7	39.4796777	73.5945862	5318.2
45	17.0	17.0	17.0	1117,133,44,30	2152.0	39.4798431	73.5948517	5314.1
46	202.2	185.2	202.2	1217,55,100,22	2111.6	39.4796796	73.5945851	5318.2
47	63.1	60.1	68.1	1741,857,34,28	2102.9	39.4796799	73.5945856	5314.1
48	95.1	95.1	95.1	1696,56,39,39	2102.2	39.4796809	73.5945857	5318.3
49	451.5	447.4	451.5	29,913,22,88	2098.2	39.4796762	73.5945863	5318.3
50	246.2	239.2	249.2	321,317,40,64	2006.1	39.4796788	73.5945856	5318.2
51	134.1	131.1	153.2	1065,961,39,40	1998.7	39.4796800	73.5945850	5318.3
52	361.4	357.4	361.4	1751,366,35,37	1960.5	39.4796775	73.5945858	5318.2
53	104.1	101.1	104.1	335,1003,26,42	1956.7	39.4796802	73.5945852	5318.3
54	422.4	422.4	431.4	1753,969,30,111	1948.7	39.4796759	73.5945858	5318.3
55	446.4	446.4	446.4	405,1041,28,39	1927.0	39.4796759	73.5945863	5318.2
56	326.3	326.3	333.3	1534,751,29,38	1895.8	39.4796777	73.5945856	5318.2
57	194.2	184.2	195.2	1321,249,34,30	1874.1	39.4796797	73.5945847	5318.2
58	79.1	79.1	90.1	1817,965,48,28	1848.6	39.4796801	73.5945859	5318.3
59	54.1	51.1	54.1	101,0,48,79	1838.4	39.4796798	73.5945855	5314.1
60	371.4	363.4	377.4	149,185,23,54	1828.3	39.4796768	73.5945858	5318.2
61	356.4	356.4	356.4	61,5,56,56	1813.7	39.4796773	73.5945860	5318.2
62	16.0	16.0	16.0	1145,171,40,32	1808.0	39.4798432	73.5948517	5314.1
63	308.3	304.3	308.3	1873,913,32,56	1800.1	39.4796786	73.5945855	5318.2
64	430.4	423.4	431.4	1735,19,14,150	1791.2	39.4796758	73.5945854	5318.3
65	331.3	326.3	331.3	1401,22,29,39	1787.9	39.4796773	73.5945854	5318.2
66	281.3	281.3	281.3	501,721,38,22	1767.4	39.4796786	73.5945860	5318.2
67	356.4	356.4	356.4	3,0,48,25	1761.9	39.4796773	73.5945860	5318.2
68	219.2	219.2	219.2	275,343,26,52	1752.0	39.4796794	73.5945854	5318.2
69	423.4	423.4	423.4	0,11,21,54	1730.1	39.4796759	73.5945857	5318.3
70	422.4	422.4	423.4	0,193,29,64	1725.3	39.4796759	73.5945858	5318.3
71	77.1	69.1	77.1	1480,869,33,48	1725.0	39.4796796	73.5945860	5318.2
72	94.1	94.1	94.1	337,537,28,23	1721.9	39.4796810	73.5945855	5318.3
73	363.4	363.4	374.4	55,93,34,48	1719.4	39.4796777	73.5945854	5318.2
74	382.4	379.4	383.4	67,223,24,62	1718.7	39.4796767	73.5945858	5318.2
75	325.3	325.3	325.3	83,31,40,44	1715.2	39.4796777	73.5945856	5318.2
76	167.2	167.2	167.2	17,0,32,21	1712.6	39.4796799	73.5945844	5318.3
77	111.1	108.1	118.1	855,489,22,26	1712.3	39.4796807	73.5945851	5318.3
78	19.0	19.0	22.0	1201,176,36,32	1682.9	39.4798425	73.5948518	5314.1
79	336.3	335.3	337.3	1892,1015,28,65	1675.1	39.4796774	73.5945856	5318.2
80	13.0	13.0	15.0	1332,395,20,38	1670.0	39.4798434	73.5948517	5314.1
81	213.2	210.2	218.2	609,673,20,48	1670.0	39.4796796	73.5945853	5318.2
82	445.4	443.4	445.4	1835,539,22,38	1655.8	39.4796759	73.5945861	5318.2
83	217.2	215.2	217.2	325,477,36,20	1648.1	39.4796794	73.5945854	5318.2
84	283.3	282.3	286.3	1167,34,26,47	1644.5	39.4796788	73.5945859	5318.2
85	367.4	365.4	369.4	53,69,12,60	1641.1	39.4796769	73.5945858	5318.2
86	58.1	56.1	59.1	131,19,70,71	1638.0	39.4796800	73.5945857	5314.1
87	86.1	86.1	91.1	865,1027,24,24	1629.9	39.4796802	73.5945858	5318.3
88	160.2	156.2	160.2	1233,9,32,32	1623.2	39.4796800	73.5945845	5318.3
89	239.2	228.2	239.2	1813,71,100,44	1605.3	39.4796785	73.5945856	5318.2
90	400.4	390.4	404.4	13,584,42,59	1600.5	39.4796767	73.5945859	5318.2
91	262.3	262.3	272.3	1763,1057,35,23	1593.1	39.4796786	73.5945864	5318.2
92	282.3	281.3	283.3	1453,973,20,60	1581.0	39.4796788	73.5945860	5318.2
93	370.4	370.4	374.4	1705,1025,24,33	1580.4	39.4796767	73.5945858	5318.2
94	376.4	375.4	376.4	43,9,30,48	1578.7	39.4796769	73.5945858	5318.2
95	334.3	334.3	334.3	1807,947,46,56	1573.4	39.4796776	73.5945855	5318.2
96	184.2	183.2	200.2	1245,929,39,36	1560.0	39.4796795	73.5945848	5318.3
97	19.0	19.0	20.0	1209,29,18,37	1553.9	39.4798425	73.5948518	5314.1
98	94.1	94.1	94.1	98,73,31,32	1550.0	39.4796810	73.5945855	5318.3
99	246.2	236.2	248.2	1569,137,35,40	1544.8	39.4796788	73.5945856	5318.2
100	148.1	147.1	153.2	1561,225,22,40	1534.4	39.4796801	73.5945851	5318.3
101	219.2	219.2	219.2	79,425,18,32	1530.6	39.4796794	73.5945854	5318.2
102	90.1	87.1	90.1	837,927,24,29	1529.5	39.4796810	73.5945857	5318.3
103	410.4	410.4	410.4	47,1014,30,21	1527.9	39.4796761	73.5945857	5318.2
104	12.0	12.0	12.0	1249,106,44,15	1511.2	39.4798434	73.5948517	5314.1
105	311.3	311.3	311.3	1685,1027,24,22	1510.7	39.4796784	73.5945855	5318.2
106	447.4	447.4	448.4	87,9,22,35	1506.8	39.4796758	73.5945863	5318.2
107	356.4	355.4	356.4	177,33,36,24	1505.0	39.4796773	73.5945860	5318.2
108	137.1	135.1	138.1	365,33,28,40	1504.4	39.4796799	73.5945849	5318.3
109	344.3	340.3	344.3	169,124,32,41	1494.0	39.4796773	73.5945857	5318.2
110	378.4	377.4	383.4	11,483,34,46	1493.2	39.4796769	73.5945859	5318.2
111	319.3	312.3	322.3	675,225,22,72	1487.7	39.4796779	73.5945858	5318.2
112	250.2	239.2	251.3	1425,33,88,16	1487.1	39.4796789	73.5945857	5318.2
113	201.2	196.2	201.2	1323,35,32,22	1483.1	39.4796796	73.5945851	5318.2
114	334.3	328.3	334.3	1881,757,31,56	1482.6	39.4796776	73.5945855	5318.2
115	77.1	69.1	77.1	0,19,41,50	1474.4	39.4796796	73.5945860	5318.2
116	354.4	344.3	356.4	1721,365,32,26	1470.3	39.4796778	73.5945862	5318.2
117	388.4	388.4	390.4	73,279,20,50	1459.6	39.4796772	73.5945859	5318.2
118	290.3	287.3	291.3	1067,917,46,30	1458.7	39.4796786	73.5945860	5318.2
119	107.1	107.1	107.1	487,909,20,33	1457.7	39.4796808	73.5945854	5318.3
120	75.1	75.1	76.1	1649,881,34,50	1455.3	39.4796796	73.5945858	5318.2
121	156.2	155.2	160.2	1081,561,40,22	1435.8	39.4796797	73.5945849	5318.3
122	310.3	309.3	310.3	1551,1033,28,28	1433.0	39.4796782	73.5945855	5318.2
123	72.1	69.1	74.1	173,117,48,61	1425.8	39.4796796	73.5945856	5318.3
124	363.4	363.4	369.4	131,9,50,25	1423.2	39.4796777	73.5945854	5318.2
125	354.4	354.4	355.4	1842,833,23,56	1423.1	39.4796778	73.5945862	5318.2
126	93.1	93.1	93.1	1783,893,30,30	1420.9	39.4796810	73.5945855	5318.3
127	319.3	312.3	325.3	1794,993,23,40	1400.2	39.4796779	73.5945858	5318.2
128	20.0	19.0	22.0	1187,313,22,43	1399.6	39.4798425	73.5948518	5314.1
129	57.1	51.1	59.1	127,83,50,62	1398.4	39.4796801	73.5945856	5314.1
130	320.3	310.3	325.3	1793,937,18,35	1393.5	39.4796778	73.5945859	5318.2
131	115.1	105.1	116.1	307,53,42,100	1393.1	39.4796804	73.5945853	5318.3
132	102.1	101.1	103.1	249,909,39,28	1387.5	39.4796801	73.5945855	5318.3
133	12.0	12.0	12.0	1260,397,21,28	1386.0	39.4798434	73.5948517	5314.1
134	344.3	342.3	344.3	201,79,24,44	1380.8	39.4796773	73.5945857	5318.2
135	392.4	392.4	392.4	1881,819,28,30	1371.1	39.4796771	73.5945860	5318.2
136	92.1	91.1	93.1	1879,916,41,37	1365.1	39.4796810	73.5945856	5318.3
137	333.3	326.3	337.3	11,13,26,60	1340.7	39.4796776	73.5945855	5318.2
138	241.2	234.2	246.2	1692,223,29,34	1332.7	39.4796785	73.5945857	5318.2
139	327.3	327.3	328.3	1895,961,25,60	1329.7	39.4796775	73.5945857	5318.2
140	323.3	320.3	325.3	1397,821,22,20	1329.5	39.4796776	73.5945857	5318.2
141	433.4	428.4	433.4	1881,219,8,102	1328.9	39.4796759	73.5945854	5318.2
142	422.4	422.4	422.4	17,105,26,64	1327.4	39.4796759	73.5945858	5318.3
143	55.1	51.1	60.1	129,97,42,59	1326.0	39.4796798	73.5945854	5314.1
144	287.3	286.3	294.3	169,1025,11,48	1324.5	39.4796789	73.5945855	5318.2
145	372.4	363.4	377.4	93,105,54,60	1324.1	39.4796769	73.5945859	5318.2
146	151.2	147.1	154.2	1337,449,30,24	1317.4	39.4796801	73.5945850	5318.3
147	251.3	250.2	251.3	1737,84,58,28	1313.9	39.4796788	73.5945859	5318.2
148	449.4	449.4	451.5	855,33,66,22	1313.4	39.4796760	73.5945862	5318.2
149	371.4	371.4	376.4	191,0,34,29	1311.5	39.4796768	73.5945858	5318.2
150	362.4	362.4	362.4	53,0,36,16	1309.5	39.4796775	73.5945856	5318.2
151	178.2	177.2	192.2	1349,945,48,40	1309.4	39.4796797	73.5945847	5318.2
152	333.3	329.3	333.3	1393,105,24,24	1306.5	39.4796776	73.5945855	5318.2
153	76.1	51.1	76.1	1513,723,24,30	1304.4	39.4796796	73.5945858	5318.2
154	277.3	277.3	279.3	1349,301,22,20	1290.7	39.4796783	73.5945861	5318.2
155	229.2	224.2	230.2	1740,1053,28,27	1283.4	39.4796795	73.5945859	5318.2
156	204.2	201.2	214.2	1309,851,22,30	1280.7	39.4796794	73.5945854	5318.2
157	391.4	389.4	404.4	13,579,28,36	1268.0	39.4796770	73.5945860	5318.2
158	305.3	303.3	307.3	1201,815,28,42	1267.5	39.4796787	73.5945857	5318.2
159	148.1	139.1	158.2	1658,135,25,28	1266.9	39.4796801	73.5945851	5318.3
160	319.3	312.3	325.3	57,529,33,44	1264.3	39.4796779	73.5945858	5318.2
161	123.1	114.1	130.1	261,413,15,44	1260.0	39.4796806	73.5945846	5318.3
162	271.3	270.3	276.3	1875,851,30,21	1259.5	39.4796787	73.5945860	5318.2
163	365.4	363.4	369.4	21,93,26,44	1251.8	39.4796776	73.5945856	5318.2
164	391.4	389.4	391.4	0,487,28,36	1250.1	39.4796770	73.5945860	5318.2
165	374.4	363.4	376.4	9,57,26,40	1240.8	39.4796769	73.5945859	5318.2
166	431.4	423.4	431.4	1871,221,32,32	1240.5	39.4796760	73.5945853	5318.3
167	339.3	336.3	343.3	1697,973,20,20	1238.7	39.4796772	73.5945857	5318.2
168	382.4	382.4	387.4	1711,1009,14,71	1236.4	39.4796767	73.5945858	5318.2
169	449.4	446.4	451.5	737,65,88,13	1232.1	39.4796760	73.5945862	5318.2
170	76.1	76.1	76.1	1681,896,35,49	1231.7	39.4796796	73.5945858	5318.2
171	378.4	370.4	381.4	131,417,32,56	1227.5	39.4796769	73.5945859	5318.2
172	129.1	123.1	140.1	9,333,30,36	1225.0	39.4796806	73.5945849	5318.3
173	134.1	130.1	138.1	441,209,17,48	1220.8	39.4796800	73.5945850	5318.3
174	74.1	46.0	74.1	1561,421,40,20	1218.3	39.4796795	73.5945857	5318.3
175	362.4	362.4	362.4	79,145,35,26	1212.3	39.4796775	73.5945856	5318.2
176	135.1	132.1	135.1	0,49,28,32	1210.2	39.4796800	73.5945850	5318.3
177	215.2	207.2	215.2	497,193,50,42	1209.4	39.4796795	73.5945853	5318.2
178	122.1	116.1	123.1	277,25,52,48	1209.2	39.4796805	73.5945848	5318.3
179	250.2	249.2	251.3	1235,9,78,22	1208.0	39.4796789	73.5945857	5318.2
180	332.3	331.3	333.3	1665,981,26,14	1204.3	39.4796774	73.5945855	5318.2
181	356.4	346.3	356.4	1869,966,26,27	1203.6	39.4796773	73.5945860	5318.2
182	75.1	75.1	78.1	1705,729,19,39	1201.5	39.4796796	73.5945858	5318.2
183	371.4	363.4	376.4	0,81,21,38	1200.1	39.4796768	73.5945858	5318.2
184	121.1	118.1	129.1	1901,681,19,63	1197.0	39.4796807	73.5945850	5318.3
185	138.1	125.1	138.1	45,33,48,20	1190.0	39.4796799	73.5945849	5318.3
186	410.4	409.4	410.4	0,913,35,22	1189.1	39.4796761	73.5945857	5318.2
187	336.3	334.3	339.3	473,53,44,30	1187.1	39.4796774	73.5945856	5318.2
188	296.3	296.3	298.3	1563,487,28,24	1186.3	39.4796785	73.5945856	5318.2
189	409.4	409.4	409.4	0,985,16,24	1178.0	39.4796761	73.5945857	5318.2
190	120.1	108.1	120.1	201,0,44,51	1166.7	39.4796808	73.5945850	5318.3
191	405.4	405.4	406.4	1878,332,42,29	1165.1	39.4796763	73.5945858	5318.2
192	125.1	122.1	126.1	237,49,52,42	1163.6	39.4796808	73.5945846	5318.3
193	390.4	388.4	390.4	0,521,17,50	1151.9	39.4796770	73.5945859	5318.2
194	20.0	19.0	21.0	49,153,28,52	1144.9	39.4798425	73.5948518	5314.1
195	95.1	91.1	95.1	1853,257,36,16	1135.2	39.4796809	73.5945857	5318.3
196	104.1	102.1	104.1	66,393,27,13	1133.4	39.4796802	73.5945852	5318.3
197	253.3	252.3	255.3	1265,213,18,28	1124.0	39.4796787	73.5945858	5318.2
198	386.4	385.4	387.4	1709,513,10,80	1121.0	39.4796772	73.5945858	5318.2
199	130.1	126.1	133.1	121,47,40,44	1119.6	39.4796804	73.5945849	5318.3
200	221.2	221.2	221.2	1371,1009,22,30	1112.8	39.4796795	73.5945854	5318.2
201	105.1	105.1	106.1	1729,699,28,31	1112.4	39.4796803	73.5945853	5318.3
202	369.4	369.4	369.4	99,353,30,26	1108.9	39.4796767	73.5945857	5318.2
203	334.3	334.3	334.3	263,129,36,56	1107.5	39.4796776	73.5945855	5318.2
204	35.0	34.0	43.0	399,0,28,29	1098.7	39.4797012	73.5946208	5314.1
205	375.4	375.4	375.4	17,65,24,44	1098.2	39.4796768	73.5945859	5318.2
206	387.4	386.4	390.4	1777,993,36,44	1096.6	39.4796773	73.5945858	5318.2
207	77.1	75.1	77.1	177,497,23,16	1092.6	39.4796796	73.5945860	5318.2
208	72.1	70.1	72.1	49,41,34,32	1089.3	39.4796796	73.5945856	5318.3
209	310.3	309.3	311.3	73,943,18,46	1085.2	39.4796782	73.5945855	5318.2
210	391.4	391.4	392.4	1789,803,26,30	1082.2	39.4796770	73.5945860	5318.2
211	335.3	335.3	342.3	1641,983,18,19	1077.7	39.4796776	73.5945856	5318.2
212	309.3	309.3	319.3	1575,943,20,22	1059.9	39.4796781	73.5945856	5318.2
213	91.1	91.1	91.1	86,649,27,37	1058.6	39.4796809	73.5945856	5318.3
214	432.4	432.4	433.4	0,281,26,16	1058.5	39.4796758	73.5945854	5318.2
215	94.1	94.1	104.1	391,997,17,24	1058.1	39.4796810	73.5945855	5318.3
216	353.4	350.4	353.4	1863,899,34,34	1056.0	39.4796778	73.5945861	5318.2
217	130.1	118.1	130.1	1841,161,12,58	1054.3	39.4796804	73.5945849	5318.3
218	67.1	62.1	74.1	1873,33,18,31	1053.6	39.4796791	73.5945858	5314.1
219	450.4	450.4	451.5	35,1033,18,42	1051.1	39.4796761	73.5945862	5318.3
220	377.4	377.4	377.4	229,0,34,13	1050.6	39.4796770	73.5945859	5318.2
221	309.3	309.3	311.3	826,305,19,32	1049.7	39.4796781	73.5945856	5318.2
222	308.3	308.3	308.3	1599,941,18,24	1046.8	39.4796786	73.5945855	5318.2
223	431.4	429.4	433.4	765,129,34,20	1045.3	39.4796760	73.5945853	5318.3
224	382.4	382.4	383.4	0,0,25,31	1042.3	39.4796767	73.5945858	5318.2
225	375.4	375.4	375.4	49,21,28,26	1039.4	39.4796768	73.5945859	5318.2
226	369.4	363.4	377.4	0,581,17,42	1039.1	39.4796767	73.5945857	5318.2
227	305.3	303.3	308.3	1475,995,18,23	1031.0	39.4796787	73.5945857	5318.2
228	61.1	51.1	84.1	353,385,16,32	1029.6	39.4796801	73.5945853	5314.1
229	105.1	105.1	106.1	253,1057,28,20	1028.4	39.4796803	73.5945853	5318.3
230	350.4	343.3	353.4	1873,5,32,22	1024.8	39.4796777	73.5945861	5318.2
231	179.2	177.2	192.2	1823,916,22,60	1019.7	39.4796797	73.5945846	5318.2
232	322.3	321.3	325.3	1729,921,20,20	1015.5	39.4796776	73.5945858	5318.2
233	23.0	23.0	23.0	1033,177,24,18	1011.5	39.4798422	73.5948518	5314.1
234	146.1	146.1	146.1	1729,241,16,24	1009.7	39.4796797	73.5945853	5318.3
235	22.0	19.0	22.0	1151,49,46,18	1006.4	39.4798421	73.5948519	5314.1
236	423.4	422.4	426.4	183,290,18,37	1005.3	39.4796759	73.5945857	5318.3
237	138.1	138.1	138.1	117,41,32,48	1003.5	39.4796799	73.5945849	5318.3
238	124.1	112.1	125.1	329,33,64,28	1001.9	39.4796809	73.5945847	5318.3
239	174.2	174.2	174.2	17,241,18,24	1000.1	39.4796795	73.5945849	5318.3
240	259.3	251.3	260.3	1480,9,21,24	994.5	39.4796785	73.5945861	5318.2
241	83.1	83.1	90.1	89,1021,30,52	992.6	39.4796803	73.5945857	5318.3
242	230.2	229.2	236.2	1741,1057,20,23	985.5	39.4796796	73.5945858	5318.2
243	219.2	219.2	219.2	185,417,20,24	984.1	39.4796794	73.5945854	5318.2
244	390.4	390.4	395.4	93,9,29,16	983.3	39.4796770	73.5945859	5318.2
245	362.4	362.4	362.4	25,97,24,17	980.2	39.4796775	73.5945856	5318.2
246	257.3	254.3	258.3	1545,11,88,6	975.5	39.4796786	73.5945860	5318.2
247	139.1	138.1	139.1	523,7,34,18	973.6	39.4796799	73.5945849	5318.3
248	143.1	136.1	144.1	1203,647,26,20	972.4	39.4796797	73.5945852	5318.3
249	346.3	346.3	354.4	1413,1003,26,22	970.8	39.4796776	73.5945859	5318.2
250	275.3	274.3	276.3	377,657,12,56	970.1	39.4796784	73.5945860	5318.2
251	401.4	399.4	404.4	57,531,16,46	967.4	39.4796765	73.5945858	5318.2
252	407.4	406.4	407.4	1815,47,21,23	965.6	39.4796763	73.5945856	5318.2
253	180.2	177.2	193.2	1358,853,25,25	965.2	39.4796796	73.5945846	5318.2
254	20.0	19.0	20.0	1253,0,30,13	964.7	39.4798425	73.5948518	5314.1
255	92.1	87.1	92.1	1837,949,28,24	961.5	39.4796810	73.5945856	5318.3
256	273.3	272.3	276.3	377,925,36,18	955.0	39.4796784	73.5945859	5318.2
257	325.3	325.3	329.3	1899,913,21,21	954.8	39.4796777	73.5945856	5318.2
258	57.1	56.1	57.1	199,49,34,44	953.3	39.4796801	73.5945856	5314.1
259	345.3	345.3	353.4	1849,893,20,44	952.6	39.4796774	73.5945858	5318.2
260	210.2	210.2	210.2	1141,35,52,20	951.4	39.4796797	73.5945856	5318.2
261	77.1	77.1	77.1	67,213,14,50	946.0	39.4796796	73.5945860	5318.2
262	176.2	175.2	176.2	1469,0,25,33	945.7	39.4796799	73.5945848	5318.3
263	255.3	254.3	255.3	1121,97,56,16	943.3	39.4796786	73.5945861	5318.2
264	107.1	107.1	110.1	255,411,33,26	942.7	39.4796808	73.5945854	5318.3
265	241.2	241.2	241.2	65,85,16,32	940.1	39.4796785	73.5945857	5318.2
266	332.3	327.3	336.3	0,165,21,60	938.6	39.4796774	73.5945855	5318.2
267	161.2	160.2	161.2	1337,27,53,12	936.0	39.4796800	73.5945846	5318.3
268	95.1	95.1	95.1	863,893,20,20	931.1	39.4796809	73.5945857	5318.3
269	115.1	113.1	116.1	73,977,26,29	929.4	39.4796804	73.5945853	5318.3
270	445.4	444.4	447.4	1682,963,35,44	927.6	39.4796759	73.5945861	5318.2
271	353.4	345.3	357.4	1821,427,20,49	927.3	39.4796778	73.5945861	5318.2
272	310.3	309.3	310.3	1885,397,10,40	927.1	39.4796782	73.5945855	5318.2
273	293.3	289.3	296.3	1091,867,28,24	925.2	39.4796785	73.5945856	5318.2
274	266.3	263.3	270.3	1769,737,36,23	924.3	39.4796786	73.5945862	5318.2
275	58.1	51.1	58.1	29,0,24,42	921.2	39.4796800	73.5945857	5314.1
276	102.1	101.1	104.1	182,641,27,36	921.0	39.4796801	73.5945855	5318.3
277	204.2	195.2	210.2	1521,665,16,24	917.6	39.4796794	73.5945854	5318.2
278	76.1	76.1	76.1	9,953,27,28	916.8	39.4796796	73.5945858	5318.2
279	98.1	98.1	103.1	247,897,18,24	913.9	39.4796807	73.5945856	5318.3
280	94.1	94.1	94.1	275,809,10,32	909.8	39.4796810	73.5945855	5318.3
281	167.2	165.2	172.2	105,433,25,26	909.4	39.4796799	73.5945844	5318.3
282	147.1	147.1	153.2	872,239,25,18	908.0	39.4796799	73.5945852	5318.3
283	271.3	270.3	276.3	1883,993,22,50	907.6	39.4796787	73.5945860	5318.2
284	84.1	84.1	84.1	1751,993,22,34	901.5	39.4796803	73.5945857	5318.3
285	438.4	436.4	438.4	215,0,26,23	899.6	39.4796758	73.5945858	5318.2
286	327.3	326.3	327.3	78,563,9,50	898.5	39.4796775	73.5945857	5318.2
287	307.3	302.3	307.3	1265,767,24,17	889.7	39.4796787	73.5945855	5318.2
288	386.4	380.4	391.4	489,41,30,20	880.5	39.4796772	73.5945858	5318.2
289	157.2	155.2	160.2	1310,639,19,22	879.0	39.4796797	73.5945848	5318.3
290	355.4	355.4	356.4	37,677,20,44	878.1	39.4796776	73.5945862	5318.2
291	420.4	419.4	420.4	137,461,18,28	875.0	39.4796760	73.5945857	5318.2
292	308.3	308.3	308.3	1289,737,22,20	874.7	39.4796786	73.5945855	5318.2
293	71.1	71.1	72.1	149,0,16,44	869.3	39.4796791	73.5945859	5318.3
294	364.4	363.4	376.4	189,271,36,26	868.9	39.4796777	73.5945855	5318.2
295	231.2	225.2	233.2	383,297,26,24	866.0	39.4796795	73.5945857	5318.2
296	403.4	393.4	404.4	1891,444,29,25	864.4	39.4796766	73.5945857	5318.2
297	80.1	78.1	83.1	1293,465,20,32	860.4	39.4796802	73.5945859	5318.3
298	295.3	295.3	297.3	1652,996,12,39	860.4	39.4796785	73.5945856	5318.2
299	253.3	250.2	253.3	1237,33,32,22	855.4	39.4796787	73.5945858	5318.2
300	243.2	237.2	248.2	1697,425,12,24	851.7	39.4796786	73.5945858	5318.2
301	342.3	342.3	349.3	1857,1010,20,35	848.1	39.4796776	73.5945856	5318.2
302	418.4	418.4	418.4	0,517,15,24	843.4	39.4796759	73.5945856	5318.2
303	411.4	411.4	414.4	1900,967,17,18	842.2	39.4796758	73.5945856	5318.2
304	107.1	107.1	107.1	441,963,23,30	841.6	39.4796808	73.5945854	5318.3
305	212.2	203.2	212.2	1593,37,56,12	841.6	39.4796796	73.5945854	5318.2
306	106.1	106.1	106.1	1018,35,31,16	841.4	39.4796806	73.5945853	5318.3
307	423.4	423.4	423.4	167,61,32,34	840.5	39.4796759	73.5945857	5318.3
308	103.1	102.1	104.1	32,453,15,28	837.8	39.4796801	73.5945855	5318.3
309	371.4	371.4	372.4	1890,983,22,26	837.8	39.4796768	73.5945858	5318.2
310	259.3	254.3	259.3	1817,65,48,16	837.7	39.4796785	73.5945861	5318.2
311	69.1	69.1	74.1	1882,130,11,39	836.0	39.4796790	73.5945858	5316.2
312	340.3	335.3	341.3	1815,167,10,45	835.8	39.4796773	73.5945857	5318.2
313	104.1	102.1	104.1	113,741,13,32	834.7	39.4796802	73.5945852	5318.3
314	52.1	51.1	59.1	1850,717,19,28	832.8	39.4796799	73.5945853	5314.1
315	382.4	381.4	383.4	1723,876,30,53	831.9	39.4796767	73.5945858	5318.2
316	230.2	223.2	230.2	85,33,15,40	829.0	39.4796796	73.5945858	5318.2
317	345.3	343.3	345.3	1897,65,23,28	826.3	39.4796774	73.5945858	5318.2
318	415.4	411.4	417.4	1899,813,18,16	825.3	39.4796760	73.5945857	5318.2
319	161.2	155.2	161.2	1253,13,28,10	824.8	39.4796800	73.5945846	5318.3
320	131.1	131.1	135.1	89,47,40,26	824.7	39.4796803	73.5945852	5318.3
321	322.3	321.3	325.3	789,1029,24,32	823.5	39.4796776	73.5945858	5318.2
322	117.1	108.1	118.1	737,33,24,30	821.5	39.4796806	73.5945851	5318.3
323	224.2	223.2	234.2	555,431,22,18	817.1	39.4796791	73.5945854	5318.2
324	130.1	122.1	130.1	299,13,32,18	815.8	39.4796804	73.5945849	5318.3
325	388.4	388.4	403.4	151,169,26,64	814.9	39.4796772	73.5945859	5318.2
326	436.4	434.4	436.4	1739,665,14,30	812.0	39.4796758	73.5945856	5318.3
327	239.2	234.2	239.2	1795,0,14,49	810.5	39.4796785	73.5945856	5318.2
328	332.3	331.3	336.3	243,97,18,55	810.4	39.4796774	73.5945855	5318.2
329	326.3	322.3	331.3	225,479,20,46	809.1	39.4796777	73.5945856	5318.2
330	329.3	327.3	334.3	1609,813,14,22	807.1	39.4796775	73.5945857	5318.2
331	342.3	342.3	346.3	1425,909,15,19	806.4	39.4796776	73.5945856	5318.2
332	236.2	236.2	237.2	1897,1007,23,26	805.6	39.4796791	73.5945856	5318.2
333	329.3	326.3	329.3	143,281,14,40	802.0	39.4796775	73.5945857	5318.2
334	170.2	162.2	172.2	113,51,35,15	798.7	39.4796797	73.5945848	5318.3
335	248.2	237.2	249.2	1292,169,29,18	798.2	39.4796788	73.5945855	5318.2
336	405.4	405.4	405.4	0,15,9,26	797.8	39.4796763	73.5945858	5318.2
337	353.4	345.3	353.4	1879,385,10,44	796.3	39.4796778	73.5945861	5318.2
338	308.3	308.3	319.3	715,253,14,22	795.7	39.4796786	73.5945855	5318.2
339	224.2	220.2	224.2	1905,897,8,51	794.4	39.4796791	73.5945854	5318.2
340	5.0	5.0	5.0	501,129,30,34	793.2	39.4798442	73.5948516	5314.1
341	81.1	78.1	82.1	458,113,15,26	792.3	39.4796804	73.5945857	5318.3
342	93.1	92.1	104.1	590,969,11,29	791.9	39.4796810	73.5945855	5318.3
343	20.0	20.0	22.0	121,147,17,38	791.7	39.4798425	73.5948518	5314.1
344	234.2	232.2	235.2	489,93,32,38	790.3	39.4796790	73.5945857	5318.2
345	329.3	328.3	332.3	1755,901,16,48	789.7	39.4796775	73.5945857	5318.2
346	247.2	244.2	247.2	1569,41,20,16	788.4	39.4796787	73.5945855	5318.2
347	329.3	328.3	330.3	1833,1000,37,31	787.8	39.4796775	73.5945857	5318.2
348	118.1	108.1	120.1	653,105,20,18	787.6	39.4796806	73.5945851	5318.3
349	339.3	335.3	340.3	1857,291,10,54	786.7	39.4796772	73.5945857	5318.2
350	248.2	243.2	248.2	285,65,23,17	784.1	39.4796788	73.5945855	5318.2
351	283.3	282.3	299.3	1156,837,21,13	782.6	39.4796788	73.5945859	5318.2
352	402.4	393.4	404.4	1816,855,21,16	782.2	39.4796765	73.5945857	5318.2
353	126.1	121.1	126.1	155,0,30,25	781.8	39.4796807	73.5945846	5318.3
354	58.1	51.1	60.1	353,65,28,42	781.3	39.4796800	73.5945857	5314.1
355	344.3	344.3	345.3	1869,997,20,36	781.1	39.4796773	73.5945857	5318.2
356	42.0	42.0	45.0	0,337,9,32	780.7	39.4796787	73.5945847	5314.1
357	196.2	195.2	196.2	1278,0,50,7	779.3	39.4796798	73.5945849	5318.2
358	328.3	326.3	331.3	161,161,10,40	775.4	39.4796775	73.5945857	5318.2
359	102.1	101.1	102.1	417,961,8,48	772.2	39.4796801	73.5945855	5318.3
360	436.4	436.4	436.4	102,215,11,26	772.2	39.4796758	73.5945856	5318.3
361	169.2	164.2	172.2	617,81,16,31	771.9	39.4796798	73.5945847	5318.3
362	155.2	155.2	159.2	1224,396,25,20	770.8	39.4796798	73.5945850	5318.3
363	52.1	51.1	52.1	9,0,16,47	768.9	39.4796799	73.5945853	5314.1
364	431.4	425.4	433.4	363,129,12,29	763.3	39.4796760	73.5945853	5318.3
365	344.3	344.3	353.4	1859,941,18,24	761.4	39.4796773	73.5945857	5318.2
366	18.0	18.0	18.0	1023,129,10,30	760.4	39.4798426	73.5948518	5314.1
367	72.1	70.1	73.1	123,99,30,38	759.1	39.4796796	73.5945856	5318.3
368	129.1	129.1	129.1	457,0,36,21	758.8	39.4796806	73.5945849	5318.3
369	427.4	427.4	427.4	1853,993,14,36	757.1	39.4796759	73.5945856	5318.2
370	118.1	116.1	119.1	179,71,22,32	753.4	39.4796806	73.5945851	5318.3
371	1.0	0.0	4.0	1879,31,32,18	752.2	39.4798449	73.5948511	5314.1
372	81.1	78.1	81.1	1626,22,33,25	751.8	39.4796804	73.5945857	5318.3
373	18.0	18.0	18.0	1237,177,20,22	750.2	39.4798426	73.5948518	5314.1
374	248.2	240.2	249.2	1809,197,10,32	748.4	39.4796788	73.5945855	5318.2
375	135.1	134.1	135.1	1169,1065,40,10	748.1	39.4796800	73.5945850	5318.3
376	220.2	220.2	220.2	0,1025,25,14	747.8	39.4796795	73.5945854	5318.2
377	168.2	167.2	172.2	483,49,30,32	746.3	39.4796799	73.5945844	5318.3
378	154.2	154.2	154.2	1793,968,34,9	746.0	39.4796798	73.5945851	5318.3
379	367.4	363.4	377.4	17,781,8,46	745.9	39.4796769	73.5945858	5318.2
380	449.4	447.4	451.5	923,29,50,14	745.6	39.4796760	73.5945862	5318.2
381	97.1	96.1	97.1	1071,243,18,33	745.5	39.4796807	73.5945855	5318.3
382	446.4	446.4	446.4	1629,541,19,23	745.1	39.4796759	73.5945863	5318.2
383	4.0	0.0	4.0	672,265,13,32	744.1	39.4798441	73.5948515	5314.1
384	401.4	393.4	404.4	21,11,24,18	744.1	39.4796765	73.5945858	5318.2
385	14.0	14.0	14.0	1345,37,71,8	743.1	39.4798433	73.5948518	5314.1
386	271.3	271.3	276.3	1881,907,8,46	743.1	39.4796787	73.5945860	5318.2
387	385.4	383.4	385.4	159,30,25,15	742.8	39.4796769	73.5945858	5318.2
388	278.3	277.3	278.3	1625,984,40,21	740.7	39.4796784	73.5945860	5318.2
389	327.3	326.3	327.3	1657,821,28,21	740.1	39.4796775	73.5945857	5318.2
390	85.1	85.1	89.1	879,1045,26,20	738.5	39.4796802	73.5945858	5318.3
391	325.3	325.3	325.3	407,45,10,20	734.3	39.4796777	73.5945856	5318.2
392	127.1	126.1	128.1	23,21,22,28	732.9	39.4796805	73.5945847	5318.3
393	81.1	81.1	84.1	1288,353,19,31	732.7	39.4796804	73.5945857	5318.3
394	375.4	375.4	375.4	133,97,28,24	732.7	39.4796768	73.5945859	5318.2
395	381.4	377.4	381.4	1873,306,16,15	730.1	39.4796768	73.5945859	5318.2
396	320.3	312.3	321.3	409,386,10,39	728.9	39.4796778	73.5945859	5318.2
397	243.2	240.2	244.2	1809,33,42,22	725.6	39.4796786	73.5945858	5318.2
398	431.4	429.4	432.4	393,321,4,64	725.5	39.4796760	73.5945853	5318.3
399	282.3	281.3	282.3	703,587,19,24	725.4	39.4796788	73.5945860	5318.2
400	263.3	262.3	271.3	1753,949,13,36	724.3	39.4796786	73.5945865	5318.2
401	246.2	244.2	250.2	1425,1023,52,32	723.9	39.4796788	73.5945856	5318.2
402	419.4	419.4	419.4	1735,93,22,20	719.7	39.4796760	73.5945856	5318.2
403	63.1	63.1	63.1	1393,0,44,15	718.6	39.4796799	73.5945856	5314.1
404	57.1	51.1	61.1	97,205,22,36	717.8	39.4796801	73.5945856	5314.1
405	105.1	105.1	105.1	1457,541,21,18	717.8	39.4796803	73.5945853	5318.3
406	249.2	239.2	253.3	1851,241,12,32	717.0	39.4796791	73.5945855	5318.2
407	78.1	78.1	85.1	1833,781,14,36	713.3	39.4796799	73.5945859	5318.3
408	427.4	427.4	431.4	1687,996,26,34	712.4	39.4796759	73.5945856	5318.2
409	311.3	311.3	311.3	359,73,24,16	712.0	39.4796784	73.5945855	5318.2
410	373.4	371.4	378.4	1878,858,24,35	711.0	39.4796769	73.5945859	5318.2
411	220.2	220.2	223.2	521,171,60,11	710.9	39.4796795	73.5945854	5318.2
412	326.3	326.3	326.3	1869,123,12,38	709.6	39.4796777	73.5945856	5318.2
413	64.1	61.1	68.1	419,65,30,20	709.1	39.4796796	73.5945855	5314.1
414	91.1	91.1	91.1	73,507,12,22	708.5	39.4796809	73.5945856	5318.3
415	259.3	256.3	261.3	1521,57,10,25	708.4	39.4796785	73.5945861	5318.2
416	110.1	107.1	110.1	197,49,20,32	707.0	39.4796808	73.5945851	5318.3
417	447.4	447.4	451.5	1401,389,18,16	706.2	39.4796758	73.5945863	5318.2
418	186.2	176.2	191.2	1365,455,20,18	705.6	39.4796796	73.5945847	5318.2
419	21.0	20.0	22.0	1321,47,64,6	705.3	39.4798425	73.5948518	5314.1
420	165.2	162.2	172.2	801,79,43,6	703.5	39.4796797	73.5945843	5318.3
421	183.2	180.2	187.2	1330,1025,17,23	703.2	39.4796794	73.5945847	5318.2
422	219.2	219.2	219.2	53,497,24,24	703.1	39.4796794	73.5945854	5318.2
423	112.1	108.1	112.1	161,53,16,28	701.6	39.4796808	73.5945852	5318.3
424	50.1	40.0	50.1	1169,179,14,28	701.5	39.4796800	73.5945849	5314.1
425	410.4	409.4	410.4	0,457,6,40	700.3	39.4796761	73.5945857	5318.2
426	151.2	151.2	151.2	495,493,26,12	698.9	39.4796801	73.5945850	5318.3
427	422.4	422.4	422.4	1901,501,16,16	697.5	39.4796759	73.5945858	5318.3
428	371.4	371.4	372.4	213,139,32,18	696.7	39.4796768	73.5945858	5318.2
429	157.2	151.2	157.2	331,17,31,10	695.6	39.4796797	73.5945848	5318.3
430	367.4	367.4	369.4	0,0,13,21	694.6	39.4796769	73.5945858	5318.2
431	378.4	377.4	383.4	47,663,12,34	692.7	39.4796769	73.5945859	5318.2
432	338.3	336.3	342.3	1775,981,18,38	691.7	39.4796772	73.5945857	5318.2
433	215.2	209.2	217.2	275,255,17,30	691.6	39.4796795	73.5945853	5318.2
434	118.1	113.1	119.1	231,23,46,26	688.9	39.4796806	73.5945851	5318.3
435	330.3	330.3	330.3	1809,995,16,40	687.1	39.4796774	73.5945855	5318.2
436	107.1	107.1	107.1	121,127,21,30	686.9	39.4796808	73.5945854	5318.3
437	324.3	321.3	324.3	479,201,19,21	684.8	39.4796776	73.5945856	5318.2
438	72.1	71.1	72.1	1729,997,39,22	684.6	39.4796796	73.5945856	5318.3
439	424.4	424.4	430.4	1869,961,12,32	684.1	39.4796759	73.5945854	5318.2
440	194.2	194.2	203.2	1195,381,24,24	682.1	39.4796797	73.5945847	5318.2
441	355.4	355.4	356.4	21,904,12,41	681.9	39.4796776	73.5945862	5318.2
442	145.1	129.1	145.1	1381,337,12,24	678.8	39.4796796	73.5945853	5318.3
443	334.3	334.3	339.3	453,113,16,26	677.9	39.4796776	73.5945855	5318.2
444	129.1	116.1	133.1	71,123,18,32	676.9	39.4796806	73.5945849	5318.3
445	356.4	356.4	356.4	0,689,15,36	676.9	39.4796773	73.5945860	5318.2
446	328.3	327.3	329.3	89,405,12,40	675.7	39.4796775	73.5945857	5318.2
447	62.1	62.1	62.1	1676,0,15,43	675.5	39.4796800	73.5945855	5314.1
448	355.4	355.4	356.4	13,0,28,17	675.4	39.4796776	73.5945862	5318.2
449	87.1	87.1	89.1	171,1017,14,24	673.9	39.4796805	73.5945858	5318.3
450	311.3	309.3	311.3	59,905,14,44	673.3	39.4796784	73.5945855	5318.2
451	160.2	159.2	160.2	1342,131,35,6	673.2	39.4796800	73.5945845	5318.3
452	174.2	174.2	174.2	196,121,24,10	672.6	39.4796795	73.5945849	5318.3
453	391.4	390.4	404.4	193,975,24,26	671.5	39.4796770	73.5945860	5318.2
454	379.4	377.4	380.4	161,178,15,19	671.1	39.4796770	73.5945860	5318.2
455	299.3	299.3	304.3	1881,1065,16,15	670.8	39.4796786	73.5945856	5318.2
456	96.1	96.1	97.1	1258,337,13,35	670.5	39.4796808	73.5945855	5318.3
457	279.3	277.3	280.3	1335,119,26,20	670.5	39.4796785	73.5945860	5318.2
458	77.1	69.1	77.1	101,177,22,22	667.5	39.4796796	73.5945860	5318.2
459	71.1	70.1	72.1	115,17,26,28	666.4	39.4796791	73.5945859	5318.3
460	379.4	378.4	381.4	1713,769,8,72	665.4	39.4796770	73.5945860	5318.2
461	313.3	312.3	325.3	1501,1045,16,14	664.9	39.4796779	73.5945857	5318.2
462	77.1	77.1	77.1	1533,817,16,25	664.8	39.4796796	73.5945860	5318.2
463	333.3	331.3	333.3	109,111,28,41	662.3	39.4796776	73.5945855	5318.2
464	435.4	435.4	435.4	1041,15,21,12	659.9	39.4796759	73.5945856	5318.2
465	237.2	234.2	241.2	1601,668,16,41	658.6	39.4796789	73.5945856	5318.2
466	21.0	20.0	22.0	1575,0,42,15	658.5	39.4798425	73.5948518	5314.1
467	191.2	182.2	193.2	1409,355,20,22	658.4	39.4796798	73.5945846	5318.2
468	292.3	291.3	297.3	993,996,12,20	657.5	39.4796785	73.5945858	5318.2
469	130.1	130.1	135.1	37,173,18,16	656.5	39.4796804	73.5945849	5318.3
470	333.3	332.3	333.3	301,215,36,42	655.9	39.4796776	73.5945855	5318.2
471	222.2	222.2	222.2	263,972,13,27	654.0	39.4796793	73.5945854	5318.2
472	277.3	277.3	280.3	31,257,16,20	654.0	39.4796783	73.5945861	5318.2
473	432.4	429.4	433.4	1835,609,12,56	653.0	39.4796758	73.5945854	5318.2
474	172.2	172.2	172.2	777,129,40,6	652.8	39.4796794	73.5945847	5318.3
475	274.3	274.3	275.3	1617,353,24,16	652.0	39.4796783	73.5945861	5318.2
476	6.0	6.0	10.0	615,112,16,24	650.4	39.4798443	73.5948517	5314.1
477	53.1	52.1	53.1	169,0,26,25	649.6	39.4796799	73.5945853	5314.1
478	331.3	330.3	333.3	181,161,12,50	649.4	39.4796773	73.5945854	5318.2
479	354.4	354.4	354.4	1888,84,17,19	649.3	39.4796778	73.5945862	5318.2
480	212.2	211.2	214.2	483,135,42,22	648.8	39.4796796	73.5945854	5318.2
481	131.1	131.1	131.1	0,0,25,17	648.0	39.4796803	73.5945852	5318.3
482	242.2	242.2	243.2	113,67,32,30	647.4	39.4796786	73.5945857	5318.2
483	217.2	217.2	217.2	321,43,41,17	646.8	39.4796794	73.5945854	5318.2
484	217.2	216.2	217.2	481,375,14,30	646.7	39.4796794	73.5945854	5318.2
485	19.0	19.0	21.0	133,161,13,40	646.1	39.4798425	73.5948518	5314.1
486	75.1	75.1	76.1	1849,985,24,14	646.0	39.4796796	73.5945858	5318.2
487	149.1	149.1	156.2	1741,7,16,18	644.6	39.4796802	73.5945851	5318.3
488	272.3	272.3	272.3	1905,1021,12,31	643.4	39.4796787	73.5945858	5318.2
489	373.4	370.4	376.4	1742,951,19,18	642.9	39.4796769	73.5945859	5318.2
490	429.4	428.4	430.4	1891,255,6,42	642.8	39.4796758	73.5945855	5318.3
491	103.1	103.1	103.1	0,217,13,24	642.5	39.4796801	73.5945855	5318.3
492	15.0	15.0	15.0	1321,601,20,20	640.9	39.4798433	73.5948517	5314.1
493	329.3	329.3	329.3	1899,473,14,40	640.4	39.4796775	73.5945857	5318.2
494	363.4	363.4	364.4	1747,1055,14,18	639.8	39.4796777	73.5945854	5318.2
495	174.2	172.2	174.2	1053,73,19,16	638.4	39.4796795	73.5945849	5318.3
496	105.1	105.1	106.1	1505,473,12,22	637.9	39.4796803	73.5945853	5318.3
497	76.1	76.1	76.1	1877,1011,16,14	637.6	39.4796796	73.5945858	5318.2
498	14.0	13.0	16.0	1819,75,30,25	636.2	39.4798433	73.5948518	5314.1
499	101.1	101.1	103.1	153,1063,20,14	635.4	39.4796801	73.5945856	5318.3
500	77.1	77.1	77.1	1569,699,14,27	633.4	39.4796796	73.5945860	5318.2
501	340.3	340.3	340.3	584,13,27,8	632.4	39.4796773	73.5945857	5318.2
502	58.1	55.1	74.1	115,965,18,44	629.8	39.4796800	73.5945857	5314.1
503	225.2	220.2	231.2	545,161,24,20	628.7	39.4796791	73.5945857	5318.2
504	108.1	108.1	110.1	75,209,14,20	628.0	39.4796808	73.5945854	5318.3
505	401.4	394.4	404.4	81,115,22,18	627.9	39.4796765	73.5945858	5318.2
506	430.4	426.4	431.4	379,369,6,48	627.5	39.4796758	73.5945854	5318.3
507	332.3	332.3	333.3	1881,989,12,22	626.1	39.4796774	73.5945855	5318.2
508	289.3	281.3	297.3	645,399,24,12	625.2	39.4796789	73.5945859	5318.2
509	430.4	430.4	431.4	1891,621,12,34	623.2	39.4796758	73.5945854	5318.3
510	40.0	40.0	49.0	985,912,12,25	622.7	39.4796785	73.5945845	5314.1
511	87.1	81.1	89.1	193,381,26,28	622.3	39.4796805	73.5945858	5318.3
512	435.4	435.4	435.4	658,289,24,20	622.1	39.4796759	73.5945856	5318.2
513	19.0	19.0	22.0	193,137,14,48	621.6	39.4798425	73.5948518	5314.1
514	69.1	69.1	74.1	133,83,22,34	621.4	39.4796790	73.5945858	5316.2
515	253.3	252.3	253.3	1905,30,15,15	618.1	39.4796787	73.5945858	5318.2
516	158.2	155.2	158.2	503,0,26,7	614.9	39.4796797	73.5945845	5318.3
517	50.1	50.1	50.1	99,105,18,48	612.1	39.4796800	73.5945849	5314.1
518	339.3	335.3	339.3	1841,0,30,17	612.1	39.4796772	73.5945857	5318.2
519	188.2	186.2	194.2	1349,929,36,16	611.6	39.4796799	73.5945847	5318.2
520	102.1	102.1	104.1	145,717,8,34	611.0	39.4796801	73.5945855	5318.3
521	443.4	439.4	445.4	1686,1034,21,23	610.9	39.4796761	73.5945860	5318.3
522	370.4	370.4	376.4	1897,21,23,18	610.6	39.4796767	73.5945858	5318.2
523	140.1	139.1	153.2	695,555,26,28	610.5	39.4796798	73.5945849	5318.3
524	330.3	324.3	331.3	301,45,22,36	610.0	39.4796774	73.5945855	5318.2
525	355.4	355.4	355.4	13,189,16,38	609.1	39.4796776	73.5945862	5318.2
526	146.1	146.1	153.2	1831,829,30,32	608.3	39.4796797	73.5945853	5318.3
527	106.1	106.1	115.1	317,590,12,31	605.5	39.4796806	73.5945853	5318.3
528	106.1	105.1	106.1	495,913,14,24	604.9	39.4796806	73.5945853	5318.3
529	70.1	70.1	70.1	74,67,15,18	604.5	39.4796789	73.5945862	5318.1
530	354.4	354.4	354.4	109,977,22,26	604.5	39.4796778	73.5945862	5318.2
531	13.0	13.0	15.0	1901,169,19,23	604.3	39.4798434	73.5948517	5314.1
532	429.4	428.4	429.4	1769,0,24,27	603.0	39.4796758	73.5945855	5318.3
533	234.2	231.2	234.2	1909,431,8,46	602.3	39.4796790	73.5945857	5318.2
534	367.4	364.4	369.4	0,287,13,26	601.5	39.4796769	73.5945858	5318.2
535	297.3	297.3	307.3	785,1065,16,15	598.7	39.4796785	73.5945856	5318.2
536	384.4	384.4	388.4	1809,885,18,12	598.3	39.4796768	73.5945857	5318.2
537	252.3	252.3	252.3	1873,41,16,16	597.3	39.4796787	73.5945858	5318.2
538	14.0	13.0	15.0	1778,347,15,16	596.9	39.4798433	73.5948518	5314.1
539	161.2	161.2	161.2	1447,9,42,10	596.1	39.4796800	73.5945846	5318.3
540	269.3	266.3	270.3	1761,802,24,15	595.6	39.4796788	73.5945859	5318.2
541	125.1	121.1	126.1	83,121,22,20	595.3	39.4796808	73.5945846	5318.3
542	423.4	423.4	423.4	1737,947,6,40	595.1	39.4796759	73.5945857	5318.3
543	239.2	239.2	239.2	1465,1045,40,8	593.8	39.4796785	73.5945856	5318.2
544	105.1	105.1	105.1	1165,193,14,14	593.2	39.4796803	73.5945853	5318.3
545	405.4	405.4	405.4	1871,860,18,15	592.5	39.4796763	73.5945858	5318.2
546	334.3	327.3	339.3	535,65,22,32	592.3	39.4796776	73.5945855	5318.2
547	254.3	253.3	258.3	1805,255,10,22	590.6	39.4796786	73.5945859	5318.2
548	94.1	94.1	94.1	249,641,16,16	589.6	39.4796810	73.5945855	5318.3
549	284.3	282.3	292.3	1267,385,14,22	589.6	39.4796787	73.5945858	5318.2
550	428.4	421.4	428.4	428,0,25,19	586.9	39.4796758	73.5945856	5318.2
551	193.2	184.2	200.2	1207,241,14,25	586.5	39.4796796	73.5945846	5318.2
552	281.3	281.3	281.3	1249,936,24,15	586.3	39.4796786	73.5945860	5318.2
553	146.1	146.1	146.1	1811,161,18,16	585.9	39.4796797	73.5945853	5318.3
554	405.4	405.4	406.4	1841,247,16,25	585.8	39.4796763	73.5945858	5318.2
555	234.2	233.2	236.2	1865,345,24,32	585.5	39.4796790	73.5945857	5318.2
556	334.3	334.3	334.3	297,219,18,36	585.4	39.4796776	73.5945855	5318.2
557	435.4	435.4	435.4	273,241,16,13	585.1	39.4796759	73.5945856	5318.2
558	244.2	237.2	247.2	253,145,12,20	584.7	39.4796786	73.5945857	5318.2
559	79.1	79.1	80.1	369,145,16,24	583.8	39.4796801	73.5945859	5318.3
560	62.1	61.1	74.1	279,53,34,22	583.3	39.4796800	73.5945855	5314.1
561	429.4	428.4	430.4	1897,677,12,36	583.3	39.4796758	73.5945855	5318.3
562	157.2	157.2	157.2	1881,5,39,24	582.6	39.4796797	73.5945848	5318.3
563	106.1	105.1	106.1	645,989,14,20	582.3	39.4796806	73.5945853	5318.3
564	242.2	241.2	242.2	121,0,12,21	581.9	39.4796786	73.5945857	5318.2
565	79.1	78.1	79.1	261,0,40,9	580.4	39.4796801	73.5945859	5318.3
566	58.1	55.1	58.1	1849,205,14,36	580.0	39.4796800	73.5945857	5314.1
567	7.0	6.0	15.0	616,113,15,23	579.9	39.4798440	73.5948518	5314.1
568	21.0	21.0	21.0	1771,73,46,21	579.8	39.4798425	73.5948518	5314.1
569	78.1	78.1	78.1	209,81,22,32	578.8	39.4796799	73.5945859	5318.3
570	229.2	229.2	239.2	121,969,24,24	578.2	39.4796795	73.5945859	5318.2
571	154.2	154.2	154.2	1305,417,16,20	577.9	39.4796798	73.5945851	5318.3
572	363.4	363.4	363.4	205,65,17,24	577.5	39.4796777	73.5945854	5318.2
573	66.1	64.1	68.1	132,1029,21,20	577.1	39.4796795	73.5945855	5314.1
574	327.3	327.3	327.3	1889,489,14,34	576.7	39.4796775	73.5945857	5318.2
575	79.1	79.1	79.1	345,51,24,30	576.2	39.4796801	73.5945859	5318.3
576	171.2	171.2	171.2	761,73,12,31	574.8	39.4796795	73.5945846	5318.3
577	433.4	432.4	433.4	1853,515,8,48	574.0	39.4796759	73.5945854	5318.2
578	77.1	77.1	77.1	843,539,14,20	571.9	39.4796796	73.5945860	5318.2
579	392.4	389.4	394.4	17,500,16,29	571.0	39.4796771	73.5945860	5318.2
580	447.4	447.4	449.4	1909,417,11,64	570.9	39.4796758	73.5945863	5318.2
581	103.1	103.1	103.1	19,1025,14,24	570.5	39.4796801	73.5945855	5318.3
582	109.1	109.1	115.1	5,995,8,22	569.7	39.4796808	73.5945853	5318.3
583	101.1	101.1	103.1	210,991,9,50	567.9	39.4796801	73.5945856	5318.3
584	206.2	202.2	206.2	1083,59,40,6	567.0	39.4796794	73.5945855	5318.2
585	108.1	108.1	108.1	1709,49,20,10	565.6	39.4796808	73.5945854	5318.3
586	19.0	19.0	22.0	87,327,8,42	562.8	39.4798425	73.5948518	5314.1
587	110.1	108.1	117.1	169,689,12,24	556.6	39.4796808	73.5945851	5318.3
588	375.4	375.4	375.4	1903,1001,17,24	553.1	39.4796768	73.5945859	5318.2
589	363.4	363.4	363.4	193,160,16,19	553.0	39.4796777	73.5945854	5318.2
590	166.2	164.2	166.2	465,297,28,16	552.5	39.4796798	73.5945845	5318.3
591	60.1	60.1	60.1	1639,0,26,25	552.4	39.4796801	73.5945854	5314.1
592	249.2	249.2	249.2	1659,179,14,14	552.2	39.4796791	73.5945855	5318.2
593	209.2	209.2	209.2	1281,9,36,18	551.9	39.4796797	73.5945856	5318.2
594	71.1	70.1	72.1	333,89,18,34	551.8	39.4796791	73.5945859	5318.3
595	121.1	117.1	121.1	275,0,12,33	551.6	39.4796807	73.5945850	5318.3
596	400.4	392.4	404.4	41,83,8,24	551.6	39.4796767	73.5945859	5318.2
597	332.3	332.3	332.3	1661,1037,20,43	551.0	39.4796774	73.5945855	5318.2
598	90.1	85.1	90.1	133,333,16,28	550.4	39.4796810	73.5945857	5318.3
599	273.3	272.3	273.3	1848,49,25,12	549.7	39.4796784	73.5945859	5318.2
600	249.2	247.2	251.3	1689,123,38,18	547.8	39.4796791	73.5945855	5318.2
601	219.2	219.2	219.2	33,51,16,14	547.5	39.4796794	73.5945854	5318.2
602	137.1	136.1	138.1	97,0,20,21	546.6	39.4796799	73.5945849	5318.3
603	249.2	249.2	249.2	181,5,12,20	546.3	39.4796791	73.5945855	5318.2
604	88.1	86.1	91.1	281,138,19,23	545.6	39.4796808	73.5945857	5318.3
605	51.1	51.1	52.1	177,41,20,18	545.1	39.4796799	73.5945850	5314.1
606	350.4	346.3	353.4	1426,542,19,19	544.8	39.4796777	73.5945861	5318.2
607	61.1	59.1	73.1	1749,729,20,16	543.6	39.4796801	73.5945853	5314.1
608	222.2	222.2	222.2	1689,951,24,26	543.5	39.4796793	73.5945854	5318.2
609	107.1	107.1	107.1	125,365,16,36	543.0	39.4796808	73.5945854	5318.3
610	353.4	352.4	357.4	1801,243,20,26	541.8	39.4796778	73.5945861	5318.2
611	124.1	123.1	124.1	299,0,24,15	541.2	39.4796809	73.5945847	5318.3
612	334.3	334.3	339.3	409,155,29,44	539.8	39.4796776	73.5945855	5318.2
613	127.1	127.1	128.1	97,79,16,16	538.6	39.4796805	73.5945847	5318.3
614	428.4	424.4	431.4	1813,701,12,28	538.0	39.4796758	73.5945856	5318.2
615	333.3	332.3	333.3	1823,1033,21,18	537.8	39.4796776	73.5945855	5318.2
616	81.1	80.1	81.1	501,0,40,23	537.6	39.4796804	73.5945857	5318.3
617	379.4	379.4	381.4	1881,758,21,19	537.6	39.4796770	73.5945860	5318.2
618	38.0	34.0	39.0	1721,851,22,8	537.3	39.4796787	73.5945845	5314.1
619	362.4	362.4	362.4	0,769,9,16	537.0	39.4796775	73.5945856	5318.2
620	310.3	309.3	311.3	85,1039,11,32	536.6	39.4796782	73.5945855	5318.2
621	61.1	53.1	74.1	1435,305,18,12	536.3	39.4796801	73.5945853	5314.1
622	128.1	128.1	128.1	1327,0,50,13	535.3	39.4796805	73.5945848	5318.3
623	218.2	218.2	218.2	759,343,17,16	534.3	39.4796793	73.5945854	5318.2
624	259.3	257.3	263.3	1863,301,22,28	533.8	39.4796785	73.5945861	5318.2
625	348.3	346.3	353.4	1743,853,10,35	531.4	39.4796777	73.5945862	5318.2
626	256.3	256.3	257.3	1641,209,16,10	530.3	39.4796785	73.5945861	5318.2
627	79.1	78.1	79.1	0,57,9,31	530.0	39.4796801	73.5945859	5318.3
628	82.1	82.1	82.1	135,991,15,18	528.6	39.4796803	73.5945857	5318.3
629	98.1	98.1	98.1	243,827,14,18	527.1	39.4796807	73.5945856	5318.3
630	13.0	12.0	15.0	1327,493,42,8	526.8	39.4798434	73.5948517	5314.1
631	64.1	58.1	69.1	1225,383,22,24	526.8	39.4796796	73.5945855	5314.1
632	202.2	193.2	202.2	1155,17,17,21	525.3	39.4796796	73.5945851	5318.2
633	439.4	434.4	441.4	247,0,16,13	525.3	39.4796757	73.5945859	5318.2
634	80.1	80.1	83.1	11,967,10,40	524.6	39.4796802	73.5945859	5318.3
635	439.4	437.4	441.4	165,567,10,26	524.4	39.4796757	73.5945859	5318.2
636	287.3	284.3	287.3	154,131,23,14	524.1	39.4796789	73.5945855	5318.2
637	257.3	257.3	258.3	1633,17,40,16	522.3	39.4796786	73.5945860	5318.2
638	309.3	309.3	310.3	1805,913,16,12	521.1	39.4796781	73.5945856	5318.2
639	87.1	86.1	88.1	97,703,7,26	520.9	39.4796805	73.5945858	5318.3
640	399.4	393.4	404.4	39,83,10,24	520.3	39.4796767	73.5945860	5318.2
641	159.2	159.2	159.2	1413,65,44,10	520.2	39.4796798	73.5945845	5318.2
642	5.0	4.0	5.0	1137,487,12,26	520.0	39.4798442	73.5948516	5314.1
643	56.1	51.1	74.1	1239,763,14,26	519.1	39.4796799	73.5945856	5314.1
644	63.1	62.1	63.1	1587,25,46,16	518.5	39.4796799	73.5945856	5314.1
645	220.2	220.2	222.2	1829,1041,12,24	518.2	39.4796795	73.5945854	5318.2
646	427.4	426.4	427.4	1897,433,10,34	517.7	39.4796759	73.5945856	5318.2
647	383.4	383.4	387.4	1715,1033,8,47	516.1	39.4796767	73.5945858	5318.2
648	21.0	19.0	22.0	1197,21,28,18	514.9	39.4798425	73.5948518	5314.1
649	189.2	189.2	190.2	1150,1031,32,8	514.2	39.4796799	73.5945845	5318.2
650	324.3	317.3	325.3	491,11,16,40	512.0	39.4796776	73.5945856	5318.2
651	328.3	312.3	328.3	1721,9,16,20	511.7	39.4796775	73.5945857	5318.2
652	99.1	99.1	100.1	25,463,11,17	511.2	39.4796806	73.5945857	5318.3
653	344.3	344.3	347.3	1661,1029,18,34	510.2	39.4796773	73.5945857	5318.2
654	10.0	10.0	10.0	977,329,14,10	509.7	39.4798435	73.5948517	5314.1
655	294.3	293.3	300.3	980,1028,15,14	509.7	39.4796785	73.5945857	5318.2
656	263.3	261.3	270.3	1794,745,11,32	508.4	39.4796786	73.5945865	5318.2
657	332.3	331.3	332.3	1879,767,20,24	507.7	39.4796774	73.5945855	5318.2
658	75.1	75.1	76.1	67,153,10,24	507.3	39.4796796	73.5945858	5318.2
659	325.3	323.3	325.3	1693,709,12,12	505.9	39.4796777	73.5945856	5318.2
660	340.3	340.3	343.3	1697,943,16,31	505.7	39.4796773	73.5945857	5318.2
661	327.3	327.3	327.3	1805,951,20,22	505.0	39.4796775	73.5945857	5318.2
662	390.4	388.4	390.4	39,625,10,22	504.6	39.4796770	73.5945859	5318.2
663	206.2	189.2	206.2	1574,0,19,20	503.4	39.4796794	73.5945855	5318.2
664	110.1	110.1	110.1	241,865,14,16	503.0	39.4796808	73.5945851	5318.3
665	449.4	449.4	451.5	145,343,16,10	501.6	39.4796760	73.5945862	5318.2
666	310.3	309.3	310.3	317,709,18,24	500.9	39.4796782	73.5945855	5318.2
667	354.4	354.4	354.4	233,1034,6,46	499.6	39.4796778	73.5945862	5318.2
668	80.1	79.1	80.1	1705,17,32,12	499.3	39.4796802	73.5945859	5318.3
669	275.3	273.3	276.3	1623,225,16,10	499.3	39.4796784	73.5945860	5318.2
670	72.1	72.1	72.1	245,102,16,23	499.0	39.4796796	73.5945856	5318.3
671	334.3	332.3	339.3	717,151,20,12	498.8	39.4796776	73.5945855	5318.2
672	98.1	98.1	98.1	1171,101,18,10	498.7	39.4796807	73.5945856	5318.3
673	133.1	131.1	135.1	425,5,24,12	498.3	39.4796800	73.5945851	5318.3
674	290.3	282.3	292.3	1145,469,20,12	497.6	39.4796786	73.5945860	5318.2
675	59.1	52.1	65.1	265,305,16,24	497.1	39.4796800	73.5945857	5314.1
676	22.0	22.0	22.0	1217,43,35,12	495.9	39.4798421	73.5948519	5314.1
677	98.1	98.1	98.1	225,965,14,13	495.9	39.4796807	73.5945856	5318.3
678	362.4	362.4	362.4	1716,740,35,29	494.0	39.4796775	73.5945856	5318.2
679	14.0	13.0	14.0	1218,3,55,12	492.7	39.4798433	73.5948518	5314.1
680	18.0	18.0	18.0	1895,759,14,26	492.2	39.4798426	73.5948518	5314.1
681	372.4	371.4	372.4	1905,1069,15,11	491.9	39.4796769	73.5945859	5318.2
682	376.4	369.4	376.4	149,81,16,16	491.3	39.4796769	73.5945858	5318.2
683	14.0	14.0	15.0	247,535,16,26	491.1	39.4798433	73.5948518	5314.1
684	122.1	120.1	122.1	258,0,15,15	490.4	39.4796805	73.5945848	5318.3
685	405.4	405.4	405.4	67,1065,14,15	490.3	39.4796763	73.5945858	5318.2
686	418.4	418.4	418.4	1375,1057,18,8	490.1	39.4796759	73.5945856	5318.2
687	140.1	140.1	140.1	1822,33,35,8	488.3	39.4796798	73.5945849	5318.3
688	353.4	350.4	353.4	1899,989,18,28	488.3	39.4796778	73.5945861	5318.2
689	393.4	392.4	404.4	1891,985,12,24	488.1	39.4796771	73.5945860	5318.2
690	111.1	108.1	112.1	367,145,26,30	487.7	39.4796807	73.5945851	5318.3
691	389.4	389.4	390.4	81,537,10,16	487.3	39.4796771	73.5945859	5318.2
692	219.2	219.2	219.2	29,257,10,32	486.9	39.4796794	73.5945854	5318.2
693	377.4	371.4	377.4	17,121,20,16	486.9	39.4796770	73.5945859	5318.2
694	233.2	228.2	234.2	673,225,19,20	485.2	39.4796791	73.5945857	5318.2
695	378.4	364.4	378.4	147,0,10,21	484.2	39.4796769	73.5945859	5318.2
696	184.2	184.2	201.2	1229,1061,22,14	483.8	39.4796795	73.5945848	5318.3
697	205.2	191.2	208.2	1401,307,24,14	482.8	39.4796793	73.5945854	5318.2
698	327.3	326.3	327.3	1881,17,11,32	482.2	39.4796775	73.5945857	5318.2
699	246.2	241.2	246.2	1457,57,36,8	481.6	39.4796788	73.5945856	5318.2
700	417.4	413.4	417.4	1903,911,17,18	481.6	39.4796759	73.5945857	5318.3
701	34.0	34.0	47.0	369,97,12,16	480.9	39.4797263	73.5946617	5314.1
702	440.4	439.4	441.4	137,0,12,13	478.1	39.4796757	73.5945859	5318.2
703	171.2	166.2	173.2	117,461,12,14	478.0	39.4796795	73.5945846	5318.3
704	334.3	334.3	334.3	1833,451,24,14	477.5	39.4796776	73.5945855	5318.2
705	168.2	161.2	168.2	403,25,23,16	476.9	39.4796799	73.5945844	5318.3
706	120.1	118.1	120.1	563,9,36,22	476.5	39.4796808	73.5945850	5318.3
707	433.4	432.4	433.4	957,117,20,8	475.9	39.4796759	73.5945854	5318.2
708	70.1	70.1	70.1	121,0,8,33	475.0	39.4796789	73.5945862	5318.1
709	345.3	345.3	353.4	1445,815,12,18	474.8	39.4796774	73.5945858	5318.2
710	126.1	112.1	127.1	241,113,32,16	474.6	39.4796807	73.5945846	5318.3
711	89.1	85.1	92.1	165,527,12,22	474.4	39.4796809	73.5945856	5318.3
712	95.1	95.1	95.1	209,319,12,22	474.3	39.4796809	73.5945857	5318.3
713	422.4	422.4	422.4	1865,81,16,16	471.4	39.4796759	73.5945858	5318.3
714	255.3	254.3	255.3	1537,53,32,12	471.2	39.4796786	73.5945861	5318.2
715	94.1	93.1	94.1	5,681,12,20	470.7	39.4796810	73.5945855	5318.3
716	20.0	19.0	20.0	1805,0,24,25	470.0	39.4798425	73.5948518	5314.1
717	437.4	437.4	441.4	48,691,11,13	469.6	39.4796758	73.5945858	5318.2
718	254.3	252.3	254.3	1277,3,20,8	468.5	39.4796786	73.5945859	5318.2
719	327.3	321.3	333.3	1789,469,14,14	468.2	39.4796775	73.5945857	5318.2
720	377.4	370.4	379.4	1699,655,14,34	467.7	39.4796770	73.5945859	5318.2
721	405.4	405.4	405.4	106,999,16,14	466.7	39.4796763	73.5945858	5318.2
722	102.1	100.1	104.1	1775,5,18,8	466.4	39.4796801	73.5945855	5318.3
723	134.1	130.1	139.1	574,309,35,20	466.3	39.4796800	73.5945850	5318.3
724	247.2	247.2	247.2	1081,0,36,7	466.3	39.4796787	73.5945855	5318.2
725	248.2	248.2	248.2	241,105,22,20	466.1	39.4796788	73.5945855	5318.2
726	18.0	18.0	18.0	79,303,28,22	465.9	39.4798426	73.5948518	5314.1
727	342.3	342.3	342.3	1237,17,28,8	465.8	39.4796776	73.5945856	5318.2
728	1.0	0.0	3.0	1825,0,28,8	465.2	39.4798449	73.5948511	5314.1
729	15.0	13.0	15.0	1323,464,22,21	465.0	39.4798433	73.5948517	5314.1
730	253.3	253.3	253.3	1169,4,32,13	464.6	39.4796787	73.5945858	5318.2
731	344.3	344.3	344.3	1213,59,29,6	463.6	39.4796773	73.5945857	5318.2
732	106.1	105.1	110.1	513,461,16,20	462.2	39.4796806	73.5945853	5318.3
733	357.4	357.4	357.4	1698,567,11,24	462.0	39.4796773	73.5945859	5318.2
734	146.1	146.1	146.1	1553,341,16,12	461.3	39.4796797	73.5945853	5318.3
735	387.4	385.4	387.4	409,57,36,12	460.6	39.4796773	73.5945858	5318.2
736	391.4	391.4	391.4	1863,853,28,29	460.6	39.4796770	73.5945860	5318.2
737	241.2	234.2	246.2	1785,273,12,14	459.1	39.4796785	73.5945857	5318.2
738	59.1	54.1	60.1	49,65,12,22	457.3	39.4796800	73.5945857	5314.1
739	98.1	98.1	99.1	97,61,16,29	457.2	39.4796807	73.5945856	5318.3
740	327.3	326.3	341.3	943,833,16,10	457.2	39.4796775	73.5945857	5318.2
741	280.3	280.3	280.3	0,1042,9,28	457.1	39.4796786	73.5945860	5318.2
742	108.1	108.1	109.1	209,125,14,20	456.6	39.4796808	73.5945854	5318.3
743	130.1	130.1	131.1	5,41,16,14	456.6	39.4796804	73.5945849	5318.3
744	271.3	271.3	275.3	1845,961,4,38	456.2	39.4796787	73.5945860	5318.2
745	273.3	273.3	276.3	1293,133,12,20	455.9	39.4796784	73.5945859	5318.2
746	63.1	60.1	69.1	105,482,8,31	455.6	39.4796799	73.5945856	5314.1
747	272.3	271.3	276.3	339,881,10,28	455.4	39.4796787	73.5945858	5318.2
748	68.1	68.1	68.1	785,97,37,12	455.1	39.4796789	73.5945857	5314.3
749	392.4	391.4	404.4	113,153,12,20	454.7	39.4796771	73.5945860	5318.2
750	5.0	5.0	5.0	1225,921,16,12	454.6	39.4798442	73.5948516	5314.1
751	164.2	164.2	164.2	0,785,9,24	454.6	39.4796797	73.5945844	5318.3
752	310.3	310.3	310.3	1905,945,8,24	454.6	39.4796782	73.5945855	5318.2
753	24.0	24.0	33.0	1177,325,16,12	453.6	39.4798423	73.5948517	5314.1
754	26.0	26.0	28.0	979,0,13,17	452.2	39.4798425	73.5948517	5314.1
755	171.2	167.2	171.2	89,609,14,12	452.2	39.4796795	73.5945846	5318.3
756	228.2	225.2	233.2	405,297,12,23	452.1	39.4796791	73.5945857	5318.2
757	444.4	444.4	444.4	258,1063,15,17	451.0	39.4796760	73.5945861	5318.3
758	381.4	381.4	383.4	1849,995,24,14	450.8	39.4796768	73.5945859	5318.2
759	21.0	21.0	22.0	1401,56,38,13	449.4	39.4798425	73.5948518	5314.1
760	138.1	132.1	138.1	1705,49,32,16	449.3	39.4796799	73.5945849	5318.3
761	319.3	312.3	322.3	709,433,12,24	449.3	39.4796779	73.5945858	5318.2
762	154.2	154.2	154.2	1185,487,16,10	449.0	39.4796798	73.5945851	5318.3
763	443.4	443.4	448.4	1017,145,16,23	448.7	39.4796761	73.5945860	5318.3
764	231.2	225.2	232.2	297,103,22,16	448.5	39.4796795	73.5945857	5318.2
765	150.2	149.1	150.2	146,989,27,16	446.3	39.4796801	73.5945851	5318.3
766	280.3	273.3	280.3	1813,629,12,36	445.9	39.4796786	73.5945860	5318.2
767	311.3	311.3	311.3	1703,847,11,20	445.6	39.4796784	73.5945855	5318.2
768	20.0	19.0	20.0	1519,33,26,16	445.0	39.4798425	73.5948518	5314.1
769	137.1	136.1	137.1	631,57,18,20	444.8	39.4796799	73.5945849	5318.3
770	115.1	108.1	115.1	9,17,12,16	444.7	39.4796804	73.5945853	5318.3
771	180.2	179.2	183.2	1389,927,18,8	444.7	39.4796796	73.5945846	5318.2
772	420.4	419.4	420.4	216,284,17,27	444.5	39.4796760	73.5945857	5318.2
773	354.4	354.4	354.4	1394,0,19,11	444.0	39.4796778	73.5945862	5318.2
774	205.2	191.2	207.2	409,225,19,20	443.3	39.4796793	73.5945854	5318.2
775	114.1	112.1	115.1	439,39,22,26	443.2	39.4796806	73.5945852	5318.3
776	22.0	22.0	23.0	1881,609,12,28	442.6	39.4798421	73.5948519	5314.1
777	7.0	7.0	9.0	1409,129,16,20	442.1	39.4798440	73.5948518	5314.1
778	144.1	144.1	144.1	1870,97,11,16	441.7	39.4796796	73.5945853	5318.3
779	78.1	78.1	79.1	1780,181,7,28	441.3	39.4796799	73.5945859	5318.3
780	46.0	46.0	46.0	1713,193,10,16	441.2	39.4796794	73.5945850	5314.1
781	83.1	83.1	84.1	1191,85,34,18	440.8	39.4796803	73.5945857	5318.3
782	308.3	308.3	308.3	1741,409,16,16	440.4	39.4796786	73.5945855	5318.2
783	54.1	54.1	63.1	1793,1069,15,11	440.3	39.4796798	73.5945855	5314.1
784	451.5	450.4	451.5	0,107,7,28	440.1	39.4796762	73.5945863	5318.3
785	161.2	160.2	161.2	49,161,10,16	439.6	39.4796800	73.5945846	5318.3
786	145.1	145.1	145.1	1637,159,12,18	439.5	39.4796796	73.5945853	5318.3
787	231.2	225.2	235.2	265,421,12,28	439.0	39.4796795	73.5945857	5318.2
788	422.4	422.4	426.4	1799,513,6,40	438.7	39.4796759	73.5945858	5318.3
789	116.1	116.1	116.1	17,949,18,12	438.4	39.4796804	73.5945852	5318.3
790	388.4	388.4	389.4	89,73,14,19	437.5	39.4796772	73.5945859	5318.2
791	321.3	318.3	321.3	799,207,26,20	437.4	39.4796777	73.5945859	5318.2
792	328.3	328.3	328.3	1881,1003,24,10	437.3	39.4796775	73.5945857	5318.2
793	64.1	63.1	65.1	498,129,13,32	436.0	39.4796796	73.5945855	5314.1
794	381.4	380.4	383.4	65,329,16,10	436.0	39.4796768	73.5945859	5318.2
795	422.4	422.4	422.4	1785,949,16,20	435.8	39.4796759	73.5945858	5318.3
796	98.1	98.1	98.1	17,489,14,26	435.6	39.4796807	73.5945856	5318.3
797	129.1	127.1	133.1	89,273,12,32	435.6	39.4796806	73.5945849	5318.3
798	68.1	60.1	69.1	245,743,6,26	435.5	39.4796789	73.5945857	5314.3
799	388.4	388.4	388.4	1717,1024,6,33	435.5	39.4796772	73.5945859	5318.2
800	208.2	202.2	214.2	401,593,12,16	435.4	39.4796796	73.5945857	5318.2
801	121.1	121.1	121.1	21,45,12,24	435.2	39.4796807	73.5945850	5318.3
802	51.1	51.1	54.1	23,1027,6,43	435.1	39.4796799	73.5945850	5314.1
803	98.1	98.1	98.1	107,502,14,21	434.7	39.4796807	73.5945856	5318.3
804	116.1	115.1	116.1	87,969,6,32	434.3	39.4796804	73.5945852	5318.3
805	333.3	333.3	333.3	1729,573,11,32	433.6	39.4796776	73.5945855	5318.2
806	99.1	99.1	100.1	321,155,12,22	433.5	39.4796806	73.5945857	5318.3
807	271.3	268.3	271.3	1840,618,5,53	432.9	39.4796787	73.5945860	5318.2
808	368.4	366.4	370.4	1689,753,24,10	432.7	39.4796769	73.5945857	5318.2
809	171.2	171.2	171.2	35,64,8,41	432.6	39.4796795	73.5945846	5318.3
810	447.4	447.4	451.5	601,715,16,14	431.1	39.4796758	73.5945863	5318.2
811	124.1	122.1	124.1	129,933,28,24	430.9	39.4796809	73.5945847	5318.3
812	321.3	319.3	321.3	707,0,10,53	430.9	39.4796777	73.5945859	5318.2
813	226.2	225.2	229.2	1901,921,6,31	430.8	39.4796790	73.5945857	5318.2
814	83.1	83.1	90.1	39,1051,14,24	430.2	39.4796803	73.5945857	5318.3
815	275.3	272.3	276.3	333,673,14,26	429.3	39.4796784	73.5945860	5318.2
816	75.1	69.1	76.1	317,44,12,19	428.4	39.4796796	73.5945858	5318.2
817	82.1	81.1	82.1	1745,75,30,14	427.6	39.4796803	73.5945857	5318.3
818	78.1	78.1	78.1	461,0,20,33	427.2	39.4796799	73.5945859	5318.3
819	121.1	109.1	121.1	595,22,14,19	427.2	39.4796807	73.5945850	5318.3
820	52.1	52.1	52.1	53,967,24,30	426.8	39.4796799	73.5945853	5314.1
821	447.4	434.4	451.5	1869,689,10,38	426.7	39.4796758	73.5945863	5318.2
822	13.0	13.0	14.0	189,0,15,15	426.4	39.4798434	73.5948517	5314.1
823	432.4	432.4	433.4	793,225,8,16	426.4	39.4796758	73.5945854	5318.2
824	138.1	138.1	138.1	1675,0,22,7	426.2	39.4796799	73.5945849	5318.3
825	281.3	281.3	281.3	1423,457,22,16	425.8	39.4796786	73.5945860	5318.2
826	275.3	272.3	276.3	1873,25,24,20	425.3	39.4796784	73.5945860	5318.2
827	224.2	224.2	224.2	17,805,14,28	425.1	39.4796791	73.5945854	5318.2
828	329.3	329.3	329.3	391,41,23,24	425.1	39.4796775	73.5945857	5318.2
829	310.3	309.3	310.3	1873,807,16,22	424.8	39.4796782	73.5945855	5318.2
830	240.2	234.2	243.2	69,158,12,20	424.2	39.4796784	73.5945856	5318.2
831	120.1	118.1	120.1	75,339,6,28	423.6	39.4796808	73.5945850	5318.3
832	301.3	299.3	307.3	1455,871,12,13	423.4	39.4796786	73.5945855	5318.2
833	356.4	346.3	356.4	1880,915,13,12	423.0	39.4796773	73.5945860	5318.2
834	362.4	362.4	362.4	1897,923,11,14	422.8	39.4796775	73.5945856	5318.2
835	139.1	139.1	140.1	615,43,25,22	422.4	39.4796799	73.5945849	5318.3
836	235.2	226.2	235.2	441,105,20,14	422.1	39.4796791	73.5945855	5318.2
837	304.3	299.3	308.3	1601,523,10,20	421.6	39.4796786	73.5945855	5318.2
838	335.3	335.3	335.3	521,17,20,12	421.5	39.4796776	73.5945856	5318.2
839	143.1	143.1	144.1	145,89,8,16	421.2	39.4796797	73.5945852	5318.3
840	107.1	107.1	107.1	193,81,24,24	421.1	39.4796808	73.5945854	5318.3
841	255.3	252.3	255.3	1297,33,24,8	421.1	39.4796786	73.5945861	5318.2
842	56.1	51.1	57.1	289,41,10,30	420.4	39.4796799	73.5945856	5314.1
843	405.4	405.4	405.4	1829,159,12,17	420.1	39.4796763	73.5945858	5318.2
844	175.2	175.2	180.2	1528,493,15,27	419.6	39.4796797	73.5945849	5318.3
845	50.1	50.1	50.1	1371,915,24,14	419.5	39.4796800	73.5945849	5314.1
846	82.1	82.1	82.1	569,29,38,10	419.4	39.4796803	73.5945857	5318.3
847	247.2	247.2	249.2	1329,969,34,12	418.7	39.4796787	73.5945855	5318.2
848	250.2	248.2	251.3	1777,21,34,10	417.8	39.4796789	73.5945857	5318.2
849	230.2	229.2	234.2	417,375,24,20	417.5	39.4796796	73.5945858	5318.2
850	130.1	127.1	130.1	1845,114,18,25	416.5	39.4796804	73.5945849	5318.3
851	184.2	184.2	184.2	889,5,24,11	416.3	39.4796795	73.5945848	5318.3
852	304.3	304.3	307.3	1848,390,15,22	414.6	39.4796786	73.5945855	5318.2
853	165.2	163.2	166.2	577,89,24,18	413.4	39.4796797	73.5945843	5318.3
854	161.2	158.2	161.2	111,81,10,16	412.9	39.4796800	73.5945846	5318.3
855	135.1	130.1	135.1	345,105,24,12	412.8	39.4796800	73.5945850	5318.3
856	146.1	146.1	153.2	1897,897,16,20	412.4	39.4796797	73.5945853	5318.3
857	419.4	411.4	420.4	1853,733,12,12	412.2	39.4796760	73.5945856	5318.2
858	99.1	99.1	101.1	60,617,9,16	412.0	39.4796806	73.5945857	5318.3
859	277.3	277.3	280.3	1691,798,20,33	411.7	39.4796783	73.5945861	5318.2
860	387.4	385.4	391.4	481,177,24,20	411.7	39.4796773	73.5945858	5318.2
861	170.2	170.2	170.2	1859,854,19,19	411.5	39.4796797	73.5945848	5318.3
862	90.1	90.1	93.1	411,1057,10,23	410.7	39.4796810	73.5945857	5318.3
863	141.1	139.1	141.1	1825,47,24,10	410.1	39.4796799	73.5945850	5318.3
864	421.4	421.4	421.4	109,849,8,16	409.9	39.4796760	73.5945857	5318.2
865	349.3	349.3	352.4	1799,1041,10,32	409.7	39.4796777	73.5945861	5318.2
866	149.1	149.1	149.1	1273,245,12,14	409.4	39.4796802	73.5945851	5318.3
867	199.2	196.2	200.2	1869,153,12,17	409.0	39.4796795	73.5945849	5318.2
868	327.3	327.3	327.3	1455,1013,26,6	408.7	39.4796775	73.5945857	5318.2
869	194.2	194.2	208.2	1722,991,11,26	408.6	39.4796797	73.5945847	5318.2
870	205.2	205.2	206.2	335,191,17,22	408.2	39.4796793	73.5945854	5318.2
871	111.1	105.1	112.1	717,111,20,10	408.1	39.4796807	73.5945851	5318.3
872	141.1	141.1	142.1	217,49,28,6	407.5	39.4796799	73.5945850	5318.3
873	449.4	449.4	451.5	1737,1017,14,32	407.3	39.4796760	73.5945862	5318.2
874	309.3	309.3	310.3	323,271,12,18	406.8	39.4796781	73.5945856	5318.2
875	123.1	122.1	124.1	625,77,24,30	406.5	39.4796806	73.5945846	5318.3
876	146.1	146.1	146.1	1716,1033,17,30	406.5	39.4796797	73.5945853	5318.3
877	20.0	20.0	20.0	7,39,16,12	406.1	39.4798425	73.5948518	5314.1
878	274.3	274.3	275.3	1355,67,30,6	405.6	39.4796783	73.5945861	5318.2
879	106.1	105.1	106.1	1151,71,10,14	405.1	39.4796806	73.5945853	5318.3
880	194.2	194.2	195.2	1246,1013,33,13	404.9	39.4796797	73.5945847	5318.2
881	120.1	119.1	124.1	125,311,10,18	404.4	39.4796808	73.5945850	5318.3
882	64.1	63.1	68.1	177,455,6,26	404.3	39.4796796	73.5945855	5314.1
883	334.3	334.3	334.3	122,173,9,20	404.2	39.4796776	73.5945855	5318.2
884	273.3	273.3	276.3	1881,361,6,36	403.5	39.4796784	73.5945859	5318.2
885	179.2	176.2	179.2	281,17,19,12	403.4	39.4796797	73.5945846	5318.2
886	326.3	326.3	326.3	1859,533,14,28	403.4	39.4796777	73.5945856	5318.2
887	385.4	384.4	385.4	439,45,18,12	403.3	39.4796769	73.5945858	5318.2
888	213.2	211.2	213.2	1267,7,30,12	403.2	39.4796796	73.5945853	5318.2
889	57.1	54.1	57.1	1729,925,7,22	403.0	39.4796801	73.5945856	5314.1
890	365.4	365.4	369.4	1817,73,16,24	403.0	39.4796776	73.5945856	5318.2
891	356.4	355.4	356.4	98,297,11,24	401.7	39.4796773	73.5945860	5318.2
892	78.1	78.1	78.1	153,51,16,22	401.5	39.4796799	73.5945859	5318.3
893	329.3	329.3	329.3	1681,933,36,18	400.7	39.4796775	73.5945857	5318.2
894	16.0	16.0	16.0	221,143,18,16	400.4	39.4798432	73.5948517	5314.1
895	266.3	263.3	270.3	1680,849,19,34	400.4	39.4796786	73.5945862	5318.2
896	249.2	249.2	249.2	57,225,8,16	400.2	39.4796791	73.5945855	5318.2
897	309.3	309.3	310.3	1659,1053,22,12	399.8	39.4796781	73.5945856	5318.2
898	346.3	345.3	353.4	1873,901,8,28	399.5	39.4796776	73.5945859	5318.2
899	76.1	75.1	76.1	97,265,20,21	399.4	39.4796796	73.5945858	5318.2
900	367.4	365.4	367.4	1841,847,10,12	398.8	39.4796769	73.5945858	5318.2
901	347.3	344.3	349.3	1629,543,8,32	398.0	39.4796777	73.5945862	5318.2
902	451.5	443.4	451.5	1793,583,8,26	397.9	39.4796762	73.5945863	5318.3
903	275.3	272.3	276.3	1833,113,18,16	397.8	39.4796784	73.5945860	5318.2
904	310.3	309.3	311.3	1773,465,12,12	397.6	39.4796782	73.5945855	5318.2
905	127.1	126.1	127.1	425,51,16,22	396.9	39.4796805	73.5945847	5318.3
906	333.3	331.3	333.3	1809,92,10,35	396.6	39.4796776	73.5945855	5318.2
907	172.2	172.2	172.2	697,9,30,11	396.4	39.4796794	73.5945847	5318.3
908	430.4	426.4	431.4	609,57,9,16	395.2	39.4796758	73.5945854	5318.3
909	356.4	355.4	359.4	1892,105,5,24	394.9	39.4796773	73.5945860	5318.2
910	217.2	210.2	219.2	185,405,14,16	394.6	39.4796794	73.5945854	5318.2
911	90.1	90.1	90.1	105,1015,8,18	394.5	39.4796810	73.5945857	5318.3
912	71.1	71.1	71.1	1644,5,37,10	394.3	39.4796791	73.5945859	5318.3
913	334.3	334.3	336.3	941,1039,43,10	394.3	39.4796776	73.5945855	5318.2
914	122.1	120.1	125.1	367,175,46,8	394.2	39.4796805	73.5945848	5318.3
915	387.4	387.4	387.4	297,537,6,32	393.8	39.4796773	73.5945858	5318.2
916	119.1	117.1	119.1	339,0,30,17	393.0	39.4796810	73.5945850	5318.3
917	309.3	309.3	310.3	209,841,9,24	392.9	39.4796781	73.5945856	5318.2
918	252.3	252.3	252.3	1545,93,40,8	392.6	39.4796787	73.5945858	5318.2
919	251.3	250.2	251.3	1321,33,24,10	392.5	39.4796788	73.5945859	5318.2
920	18.0	18.0	18.0	1905,947,8,22	392.2	39.4798426	73.5948518	5314.1
921	91.1	91.1	93.1	0,25,5,28	392.2	39.4796809	73.5945856	5318.3
922	422.4	422.4	422.4	121,81,12,15	392.0	39.4796759	73.5945858	5318.3
923	113.1	107.1	119.1	363,347,18,28	391.8	39.4796807	73.5945852	5318.3
924	88.1	86.1	88.1	1907,174,13,19	391.4	39.4796808	73.5945857	5318.3
925	426.4	426.4	427.4	1841,961,20,16	391.1	39.4796759	73.5945855	5318.2
926	243.2	243.2	248.2	1515,1054,47,7	391.0	39.4796786	73.5945858	5318.2
927	251.3	237.2	251.3	1345,97,24,15	390.9	39.4796788	73.5945859	5318.2
928	233.2	224.2	233.2	273,193,20,15	390.3	39.4796791	73.5945857	5318.2
929	138.1	138.1	138.1	1879,8,26,9	390.0	39.4796799	73.5945849	5318.3
930	58.1	58.1	62.1	0,887,9,22	388.8	39.4796800	73.5945857	5314.1
931	222.2	222.2	222.2	1831,919,10,18	388.8	39.4796793	73.5945854	5318.2
932	209.2	206.2	209.2	1481,3,24,12	388.6	39.4796797	73.5945856	5318.2
933	28.0	27.0	33.0	1505,355,16,25	388.2	39.4798403	73.5948484	5314.1
934	104.1	103.1	104.1	87,1041,10,12	388.2	39.4796802	73.5945852	5318.3
935	69.1	69.1	73.1	273,199,20,26	388.0	39.4796790	73.5945858	5316.2
936	376.4	375.4	376.4	0,265,9,16	388.0	39.4796769	73.5945858	5318.2
937	12.0	12.0	12.0	145,71,18,12	387.3	39.4798434	73.5948517	5314.1
938	69.1	58.1	70.1	1163,610,12,23	387.1	39.4796790	73.5945858	5316.2
939	88.1	88.1	90.1	727,473,16,8	386.8	39.4796808	73.5945857	5318.3
940	419.4	419.4	421.4	36,51,13,21	386.4	39.4796760	73.5945856	5318.2
941	56.1	55.1	56.1	429,217,12,30	386.1	39.4796799	73.5945856	5314.1
942	61.1	61.1	61.1	217,865,32,14	385.8	39.4796801	73.5945853	5314.1
943	85.1	85.1	86.1	1815,173,14,12	385.8	39.4796802	73.5945858	5318.3
944	286.3	283.3	293.3	1828,963,11,12	385.5	39.4796788	73.5945856	5318.2
945	345.3	344.3	353.4	1771,839,6,31	385.5	39.4796774	73.5945858	5318.2
946	334.3	334.3	334.3	1569,5,10,12	385.4	39.4796776	73.5945855	5318.2
947	140.1	136.1	140.1	55,71,26,8	385.2	39.4796798	73.5945849	5318.3
948	197.2	183.2	199.2	1195,0,26,9	385.2	39.4796796	73.5945849	5318.2
949	333.3	333.3	333.3	201,0,20,17	384.3	39.4796776	73.5945855	5318.2
950	319.3	313.3	323.3	469,523,16,26	384.2	39.4796779	73.5945858	5318.2
951	421.4	421.4	421.4	16,428,13,24	384.2	39.4796760	73.5945857	5318.2
952	325.3	324.3	325.3	509,241,12,20	384.1	39.4796777	73.5945856	5318.2
953	296.3	288.3	296.3	1405,547,4,28	384.0	39.4796785	73.5945856	5318.2
954	131.1	129.1	131.1	1815,9,20,15	383.3	39.4796803	73.5945852	5318.3
955	91.1	91.1	93.1	125,865,8,16	382.9	39.4796809	73.5945856	5318.3
956	433.4	428.4	433.4	1889,177,6,32	382.9	39.4796759	73.5945854	5318.2
957	214.2	211.2	215.2	1333,41,20,12	382.7	39.4796795	73.5945853	5318.2
958	15.0	15.0	15.0	1915,283,5,21	382.6	39.4798433	73.5948517	5314.1
959	429.4	429.4	433.4	281,385,20,13	381.3	39.4796758	73.5945855	5318.3
960	75.1	75.1	75.1	1581,1015,12,14	381.2	39.4796796	73.5945858	5318.2
961	77.1	77.1	77.1	1393,685,12,16	380.8	39.4796796	73.5945860	5318.2
962	326.3	326.3	326.3	673,228,10,25	380.6	39.4796777	73.5945856	5318.2
963	444.4	442.4	446.4	418,47,7,18	380.3	39.4796760	73.5945861	5318.3
964	234.2	232.2	234.2	1879,833,8,20	379.3	39.4796790	73.5945857	5318.2
965	65.1	65.1	74.1	97,401,6,30	379.2	39.4796796	73.5945855	5314.1
966	366.4	365.4	366.4	1609,1041,12,12	379.0	39.4796774	73.5945857	5318.2
967	412.4	411.4	418.4	1850,485,7,20	378.9	39.4796757	73.5945857	5318.2
968	22.0	20.0	22.0	13,373,12,12	378.7	39.4798421	73.5948519	5314.1
969	33.0	33.0	33.0	1601,25,16,16	378.7	39.4797545	73.5947078	5314.1
970	88.1	85.1	89.1	353,641,6,24	378.5	39.4796808	73.5945857	5318.3
971	353.4	353.4	353.4	1319,1057,18,16	377.9	39.4796778	73.5945861	5318.2
972	224.2	221.2	226.2	1637,881,24,24	377.8	39.4796791	73.5945854	5318.2
973	318.3	316.3	318.3	1776,720,17,9	377.1	39.4796779	73.5945857	5318.2
974	310.3	310.3	310.3	179,985,8,16	376.9	39.4796782	73.5945855	5318.2
975	189.2	189.2	189.2	1203,969,16,24	376.8	39.4796799	73.5945845	5318.2
976	323.3	323.3	326.3	1862,1021,18,12	375.9	39.4796776	73.5945857	5318.2
977	339.3	334.3	343.3	1733,865,10,12	374.7	39.4796772	73.5945857	5318.2
978	29.0	26.0	34.0	179,785,10,16	374.4	39.4798337	73.5948377	5314.1
979	224.2	224.2	224.2	269,1033,12,14	374.4	39.4796791	73.5945854	5318.2
980	206.2	206.2	207.2	1084,141,21,8	374.1	39.4796794	73.5945855	5318.2
981	92.1	92.1	92.1	1889,273,16,8	373.9	39.4796810	73.5945856	5318.3
982	14.0	13.0	14.0	45,45,28,16	373.6	39.4798433	73.5948518	5314.1
983	231.2	231.2	240.2	1766,1049,15,12	373.4	39.4796795	73.5945857	5318.2
984	18.0	18.0	18.0	1237,431,12,22	372.9	39.4798426	73.5948518	5314.1
985	115.1	115.1	115.1	1585,1049,24,18	372.8	39.4796804	73.5945853	5318.3
986	384.4	384.4	386.4	1849,945,10,22	372.8	39.4796768	73.5945857	5318.2
987	80.1	79.1	83.1	226,635,11,22	372.7	39.4796802	73.5945859	5318.3
988	281.3	281.3	291.3	579,733,12,28	372.6	39.4796786	73.5945860	5318.2
989	76.1	75.1	76.1	201,415,12,14	372.3	39.4796796	73.5945858	5318.2
990	275.3	274.3	276.3	1899,881,6,16	371.9	39.4796784	73.5945860	5318.2
991	297.3	291.3	297.3	205,97,4,34	371.9	39.4796785	73.5945856	5318.2
992	20.0	20.0	20.0	0,184,9,29	371.5	39.4798425	73.5948518	5314.1
993	187.2	184.2	190.2	921,841,16,16	371.5	39.4796799	73.5945847	5318.2
994	224.2	224.2	226.2	457,841,8,22	371.0	39.4796791	73.5945854	5318.2
995	140.1	139.1	140.1	461,57,22,6	370.9	39.4796798	73.5945849	5318.3
996	0.0	0.0	3.0	1843,1069,14,11	370.8	39.4798451	73.5948511	5314.1
997	103.1	103.1	103.1	0,969,9,18	370.8	39.4796801	73.5945855	5318.3
998	145.1	141.1	145.1	1193,499,18,14	370.7	39.4796796	73.5945853	5318.3
999	287.3	287.3	290.3	209,177,8,16	370.2	39.4796789	73.5945855	5318.2
1000	92.1	88.1	92.1	1624,676,9,15	369.7	39.4796810	73.5945856	5318.3
1001	97.1	97.1	97.1	588,609,13,11	369.1	39.4796807	73.5945855	5318.3
1002	253.3	250.2	254.3	1909,889,11,18	368.7	39.4796787	73.5945858	5318.2
1003	137.1	133.1	138.1	129,0,20,7	367.7	39.4796799	73.5945849	5318.3
1004	314.3	314.3	314.3	705,121,8,16	367.7	39.4796779	73.5945858	5318.2
1005	13.0	13.0	15.0	1777,197,12,17	367.1	39.4798434	73.5948517	5314.1
1006	22.0	22.0	22.0	227,85,20,12	367.1	39.4798421	73.5948519	5314.1
1007	86.1	81.1	86.1	18,79,7,24	367.1	39.4796802	73.5945858	5318.3
1008	83.1	83.1	83.1	257,393,6,23	366.6	39.4796803	73.5945857	5318.3
1009	388.4	384.4	404.4	1845,337,8,18	366.5	39.4796772	73.5945859	5318.2
1010	426.4	421.4	427.4	281,177,12,16	366.5	39.4796759	73.5945855	5318.2
1011	100.1	99.1	100.1	305,679,6,26	365.0	39.4796801	73.5945856	5318.3
1012	171.2	166.2	171.2	417,233,21,8	365.0	39.4796795	73.5945846	5318.3
1013	337.3	337.3	338.3	1663,29,10,18	364.9	39.4796772	73.5945857	5318.2
1014	233.2	233.2	233.2	1635,1072,21,8	364.6	39.4796791	73.5945857	5318.2
1015	296.3	296.3	297.3	1813,839,14,16	364.3	39.4796785	73.5945856	5318.2
1016	302.3	295.3	302.3	785,81,16,24	363.6	39.4796786	73.5945855	5318.2
1017	61.1	59.1	61.1	161,107,6,22	363.3	39.4796801	73.5945853	5314.1
1018	138.1	137.1	138.1	1789,85,20,16	363.2	39.4796799	73.5945849	5318.3
1019	229.2	226.2	237.2	1791,761,14,23	362.7	39.4796795	73.5945859	5318.2
1020	302.3	298.3	302.3	617,25,19,16	362.7	39.4796786	73.5945855	5318.2
1021	343.3	340.3	345.3	1889,403,16,18	362.3	39.4796776	73.5945856	5318.2
1022	94.1	94.1	94.1	657,219,8,18	362.2	39.4796810	73.5945855	5318.3
1023	382.4	379.4	383.4	31,128,8,13	361.9	39.4796767	73.5945858	5318.2
1024	341.3	341.3	341.3	1127,105,30,8	361.7	39.4796773	73.5945857	5318.2
1025	98.1	98.1	98.1	433,721,8,16	361.5	39.4796807	73.5945856	5318.3
1026	186.2	185.2	188.2	1223,1044,14,17	361.4	39.4796796	73.5945847	5318.2
1027	78.1	78.1	78.1	1747,41,22,18	361.1	39.4796799	73.5945859	5318.3
1028	416.4	415.4	416.4	1869,313,12,8	361.1	39.4796760	73.5945856	5318.3
1029	141.1	140.1	144.1	23,129,34,10	360.9	39.4796799	73.5945850	5318.3
1030	231.2	231.2	231.2	1907,939,13,14	360.3	39.4796795	73.5945857	5318.2
1031	405.4	405.4	405.4	1909,0,11,11	360.2	39.4796763	73.5945858	5318.2
1032	390.4	390.4	404.4	1823,363,9,30	359.4	39.4796770	73.5945859	5318.2
1033	307.3	303.3	307.3	1281,677,16,10	359.0	39.4796787	73.5945855	5318.2
1034	70.1	70.1	70.1	0,12,8,17	357.4	39.4796789	73.5945862	5318.1
1035	130.1	130.1	130.1	1842,339,19,16	357.2	39.4796804	73.5945849	5318.3
1036	78.1	78.1	82.1	1347,618,10,23	357.0	39.4796799	73.5945859	5318.3
1037	105.1	105.1	106.1	606,689,8,17	356.8	39.4796803	73.5945853	5318.3
1038	287.3	287.3	296.3	817,803,8,14	356.8	39.4796789	73.5945855	5318.2
1039	90.1	90.1	90.1	91,273,11,18	356.7	39.4796810	73.5945857	5318.3
1040	274.3	274.3	275.3	1854,1041,21,16	356.2	39.4796783	73.5945861	5318.2
1041	378.4	378.4	379.4	61,1009,11,24	355.9	39.4796769	73.5945859	5318.2
1042	242.2	240.2	242.2	1716,11,21,20	355.7	39.4796786	73.5945857	5318.2
1043	290.3	290.3	294.3	231,929,9,24	355.7	39.4796786	73.5945860	5318.2
1044	384.4	384.4	387.4	1789,1020,13,13	355.7	39.4796768	73.5945857	5318.2
1045	74.1	69.1	74.1	241,23,12,18	355.5	39.4796795	73.5945857	5318.3
1046	88.1	84.1	90.1	225,171,20,14	355.3	39.4796808	73.5945857	5318.3
1047	65.1	64.1	67.1	431,303,14,29	354.6	39.4796796	73.5945855	5314.1
1048	445.4	445.4	446.4	417,113,16,8	353.2	39.4796759	73.5945861	5318.2
1049	354.4	354.4	354.4	17,313,8,16	352.5	39.4796778	73.5945862	5318.2
1050	99.1	99.1	99.1	497,731,20,22	352.4	39.4796806	73.5945857	5318.3
1051	287.3	283.3	290.3	1609,165,14,12	352.2	39.4796789	73.5945855	5318.2
1052	334.3	334.3	334.3	1677,833,4,24	351.8	39.4796776	73.5945855	5318.2
1053	147.1	147.1	147.1	583,125,12,12	351.6	39.4796799	73.5945852	5318.3
1054	129.1	126.1	129.1	1573,9,16,16	351.5	39.4796806	73.5945849	5318.3
1055	350.4	348.3	353.4	1771,616,10,25	351.1	39.4796777	73.5945861	5318.2
1056	106.1	106.1	106.1	1224,167,9,18	351.0	39.4796806	73.5945853	5318.3
1057	377.4	369.4	377.4	1891,123,6,22	351.0	39.4796770	73.5945859	5318.2
1058	259.3	259.3	265.3	1801,1033,25,15	350.9	39.4796785	73.5945861	5318.2
1059	220.2	220.2	226.2	39,899,10,22	350.7	39.4796795	73.5945854	5318.2
1060	255.3	254.3	255.3	1457,27,16,6	350.5	39.4796786	73.5945861	5318.2
1061	311.3	311.3	311.3	1841,573,8,20	350.4	39.4796784	73.5945855	5318.2
1062	447.4	447.4	451.5	1745,625,8,24	350.4	39.4796758	73.5945863	5318.2
1063	123.1	121.1	123.1	217,25,22,18	349.9	39.4796806	73.5945846	5318.3
1064	364.4	364.4	364.4	74,995,20,14	349.9	39.4796777	73.5945855	5318.2
1065	114.1	111.1	114.1	481,725,10,24	349.7	39.4796806	73.5945852	5318.3
1066	207.2	204.2	207.2	1361,37,24,10	349.4	39.4796795	73.5945855	5318.2
1067	22.0	19.0	22.0	1100,139,25,11	349.3	39.4798421	73.5948519	5314.1
1068	443.4	443.4	444.4	733,233,12,8	349.3	39.4796761	73.5945860	5318.3
1069	287.3	287.3	290.3	1025,1057,6,16	348.7	39.4796789	73.5945855	5318.2
1070	239.2	238.2	239.2	1829,945,8,26	348.5	39.4796785	73.5945856	5318.2
1071	328.3	328.3	328.3	1903,929,17,17	348.5	39.4796775	73.5945857	5318.2
1072	367.4	366.4	367.4	1804,574,21,9	348.3	39.4796769	73.5945858	5318.2
1073	128.1	123.1	129.1	212,333,5,36	347.6	39.4796805	73.5945848	5318.3
1074	248.2	243.2	248.2	1757,28,14,13	347.4	39.4796788	73.5945855	5318.2
1075	321.3	315.3	321.3	1385,161,20,16	347.1	39.4796777	73.5945859	5318.2
1076	70.1	70.1	70.1	279,0,14,11	347.0	39.4796789	73.5945862	5318.1
1077	78.1	78.1	78.1	307,5,14,22	347.0	39.4796799	73.5945859	5318.3
1078	127.1	127.1	127.1	0,45,9,18	346.6	39.4796805	73.5945847	5318.3
1079	354.4	354.4	354.4	73,41,14,8	346.5	39.4796778	73.5945862	5318.2
1080	78.1	78.1	78.1	321,966,32,11	346.1	39.4796799	73.5945859	5318.3
1081	292.3	292.3	292.3	961,945,8,16	345.2	39.4796785	73.5945858	5318.2
1082	259.3	258.3	259.3	1681,41,16,10	345.1	39.4796785	73.5945861	5318.2
1083	108.1	108.1	111.1	319,393,10,32	345.0	39.4796808	73.5945854	5318.3
1084	91.1	86.1	94.1	711,869,6,20	344.8	39.4796809	73.5945856	5318.3
1085	265.3	264.3	266.3	1891,951,20,18	344.8	39.4796785	73.5945863	5318.2
1086	229.2	224.2	229.2	425,132,18,17	344.7	39.4796795	73.5945859	5318.2
1087	338.3	338.3	338.3	1787,777,14,8	344.4	39.4796772	73.5945857	5318.2
1088	290.3	290.3	294.3	215,1053,36,14	344.0	39.4796786	73.5945860	5318.2
1089	15.0	13.0	15.0	1433,393,26,10	343.7	39.4798433	73.5948517	5314.1
1090	309.3	309.3	311.3	1745,345,6,20	343.4	39.4796781	73.5945856	5318.2
1091	52.1	52.1	52.1	89,1053,14,27	343.2	39.4796799	73.5945853	5314.1
1092	324.3	324.3	324.3	345,1061,12,16	343.2	39.4796776	73.5945856	5318.2
1093	425.4	421.4	427.4	529,213,14,12	342.7	39.4796759	73.5945855	5318.2
1094	319.3	312.3	324.3	505,754,11,19	342.6	39.4796779	73.5945858	5318.2
1095	57.1	57.1	57.1	1675,313,4,28	342.0	39.4796801	73.5945856	5314.1
1096	236.2	223.2	236.2	197,55,12,12	342.0	39.4796791	73.5945856	5318.2
1097	433.4	429.4	433.4	1861,385,6,16	342.0	39.4796759	73.5945854	5318.2
1098	208.2	208.2	209.2	345,641,14,15	341.6	39.4796796	73.5945857	5318.2
1099	386.4	386.4	387.4	425,137,18,10	341.0	39.4796772	73.5945858	5318.2
1100	71.1	48.0	73.1	1621,677,16,12	340.5	39.4796791	73.5945859	5318.3
1101	18.0	18.0	18.0	1550,1065,21,15	340.4	39.4798426	73.5948518	5314.1
1102	447.4	447.4	451.5	1687,585,14,42	340.3	39.4796758	73.5945863	5318.2
1103	238.2	235.2	238.2	105,17,10,14	339.6	39.4796787	73.5945855	5318.2
1104	309.3	309.3	309.3	1809,161,10,14	339.3	39.4796781	73.5945856	5318.2
1105	96.1	96.1	96.1	584,75,11,14	338.7	39.4796808	73.5945855	5318.3
1106	203.2	201.2	206.2	362,381,11,16	338.1	39.4796795	73.5945853	5318.2
1107	133.1	133.1	134.1	91,37,14,20	337.8	39.4796800	73.5945851	5318.3
1108	147.1	147.1	151.2	972,942,21,13	337.6	39.4796799	73.5945852	5318.3
1109	107.1	107.1	107.1	771,0,30,5	337.4	39.4796808	73.5945854	5318.3
1110	303.3	300.3	306.3	641,137,36,16	337.4	39.4796786	73.5945855	5318.2
1111	154.2	154.2	154.2	1415,223,12,18	337.2	39.4796798	73.5945851	5318.3
1112	79.1	78.1	80.1	489,133,24,6	337.1	39.4796801	73.5945859	5318.3
1113	363.4	363.4	363.4	0,1059,12,14	336.9	39.4796777	73.5945854	5318.2
1114	175.2	175.2	176.2	1345,87,24,10	336.6	39.4796797	73.5945849	5318.3
1115	392.4	391.4	392.4	1895,1005,12,12	336.0	39.4796771	73.5945860	5318.2
1116	110.1	110.1	110.1	1833,961,10,28	335.8	39.4796808	73.5945851	5318.3
1117	98.1	98.1	98.1	359,401,12,26	335.6	39.4796807	73.5945856	5318.3
1118	295.3	295.3	303.3	1663,941,9,14	335.1	39.4796785	73.5945856	5318.2
1119	19.0	19.0	19.0	241,545,12,16	334.8	39.4798425	73.5948518	5314.1
1120	344.3	343.3	344.3	1105,57,16,8	334.3	39.4796773	73.5945857	5318.2
1121	9.0	6.0	9.0	963,387,22,11	334.2	39.4798436	73.5948517	5314.1
1122	376.4	375.4	376.4	293,133,16,28	334.2	39.4796769	73.5945858	5318.2
1123	80.1	80.1	80.1	1911,115,9,30	334.0	39.4796802	73.5945859	5318.3
1124	166.2	166.2	166.2	1797,664,12,27	333.6	39.4796798	73.5945845	5318.3
1125	385.4	384.4	385.4	551,89,12,12	333.4	39.4796769	73.5945858	5318.2
1126	220.2	220.2	220.2	1833,857,8,16	333.2	39.4796795	73.5945854	5318.2
1127	418.4	418.4	418.4	1878,677,19,12	333.0	39.4796759	73.5945856	5318.2
1128	87.1	87.1	87.1	349,9,28,8	332.8	39.4796805	73.5945858	5318.3
1129	424.4	423.4	424.4	197,0,10,17	332.5	39.4796759	73.5945854	5318.2
1130	91.1	91.1	91.1	1845,430,12,11	332.2	39.4796809	73.5945856	5318.3
1131	54.1	54.1	54.1	241,421,15,20	332.1	39.4796798	73.5945855	5314.1
1132	309.3	309.3	310.3	1589,793,11,22	332.1	39.4796781	73.5945856	5318.2
1133	338.3	338.3	338.3	1402,118,14,21	331.2	39.4796772	73.5945857	5318.2
1134	80.1	80.1	80.1	1649,0,20,9	330.9	39.4796802	73.5945859	5318.3
1135	378.4	378.4	378.4	1881,837,12,18	330.8	39.4796769	73.5945859	5318.2
1136	166.2	165.2	167.2	431,231,10,18	330.7	39.4796798	73.5945845	5318.3
1137	159.2	159.2	159.2	1513,49,24,8	330.5	39.4796798	73.5945845	5318.2
1138	130.1	127.1	135.1	519,57,18,16	330.4	39.4796804	73.5945849	5318.3
1139	314.3	313.3	323.3	113,309,8,12	329.9	39.4796779	73.5945858	5318.2
1140	342.3	342.3	342.3	1127,73,24,6	329.9	39.4796776	73.5945856	5318.2
1141	116.1	116.1	116.1	53,309,16,16	329.8	39.4796804	73.5945852	5318.3
1142	229.2	223.2	231.2	337,0,16,10	329.8	39.4796795	73.5945859	5318.2
1143	200.2	196.2	202.2	1165,115,20,7	329.7	39.4796795	73.5945850	5318.2
1144	177.2	173.2	179.2	1742,953,11,10	329.0	39.4796798	73.5945847	5318.3
1145	217.2	217.2	219.2	173,249,6,20	329.0	39.4796794	73.5945854	5318.2
1146	113.1	113.1	116.1	545,93,16,20	328.5	39.4796807	73.5945852	5318.3
1147	416.4	411.4	417.4	1780,745,13,8	328.4	39.4796760	73.5945856	5318.3
1148	78.1	78.1	78.1	1897,847,12,10	328.2	39.4796799	73.5945859	5318.3
1149	355.4	355.4	356.4	1603,651,12,31	328.2	39.4796776	73.5945862	5318.2
1150	212.2	211.2	212.2	1089,13,20,6	327.8	39.4796796	73.5945854	5318.2
1151	85.1	85.1	85.1	265,53,16,16	327.4	39.4796802	73.5945858	5318.3
1152	108.1	108.1	110.1	149,233,12,20	326.8	39.4796808	73.5945854	5318.3
1153	253.3	252.3	253.3	1281,137,24,6	326.7	39.4796787	73.5945858	5318.2
1154	107.1	107.1	107.1	209,385,6,24	325.7	39.4796808	73.5945854	5318.3
1155	364.4	363.4	367.4	295,234,12,19	325.7	39.4796777	73.5945855	5318.2
1156	69.1	69.1	69.1	237,961,20,16	325.5	39.4796790	73.5945858	5316.2
1157	73.1	73.1	73.1	537,49,30,16	325.3	39.4796795	73.5945857	5318.3
1158	353.4	353.4	353.4	1017,69,16,6	325.3	39.4796778	73.5945861	5318.2
1159	311.3	311.3	312.3	1620,618,8,16	324.9	39.4796784	73.5945855	5318.2
1160	119.1	119.1	119.1	1279,3,40,4	324.8	39.4796810	73.5945850	5318.3
1161	76.1	75.1	76.1	77,1025,12,10	324.7	39.4796796	73.5945858	5318.2
1162	160.2	160.2	160.2	1021,5,22,12	324.7	39.4796800	73.5945845	5318.3
1163	4.0	0.0	6.0	1761,1055,12,10	324.6	39.4798441	73.5948515	5314.1
1164	80.1	80.1	80.1	1539,137,14,12	324.6	39.4796802	73.5945859	5318.3
1165	118.1	118.1	120.1	97,673,7,16	323.8	39.4796806	73.5945851	5318.3
1166	335.3	335.3	339.3	1723,143,6,34	323.8	39.4796776	73.5945856	5318.2
1167	425.4	425.4	426.4	571,121,12,12	323.7	39.4796759	73.5945855	5318.2
1168	72.1	72.1	72.1	359,45,10,19	323.2	39.4796796	73.5945856	5318.3
1169	194.2	194.2	196.2	1187,1049,22,8	323.2	39.4796797	73.5945847	5318.2
1170	136.1	135.1	136.1	995,923,38,6	323.0	39.4796799	73.5945849	5318.3
1171	366.4	366.4	379.4	1659,982,14,15	322.8	39.4796774	73.5945857	5318.2
1172	276.3	276.3	276.3	481,387,16,12	322.6	39.4796783	73.5945861	5318.2
1173	103.1	102.1	104.1	61,753,12,16	322.5	39.4796801	73.5945855	5318.3
1174	15.0	15.0	15.0	213,609,6,32	322.4	39.4798433	73.5948517	5314.1
1175	141.1	140.1	141.1	25,33,16,8	322.4	39.4796799	73.5945850	5318.3
1176	340.3	339.3	340.3	1595,33,4,32	322.2	39.4796773	73.5945857	5318.2
1177	194.2	191.2	194.2	1401,685,32,14	322.1	39.4796797	73.5945847	5318.2
1178	324.3	321.3	324.3	457,173,20,12	322.1	39.4796776	73.5945856	5318.2
1179	53.1	53.1	53.1	361,81,30,8	321.9	39.4796799	73.5945853	5314.1
1180	140.1	140.1	140.1	1761,29,24,12	321.9	39.4796798	73.5945849	5318.3
1181	24.0	24.0	31.0	1361,111,16,10	321.7	39.4798423	73.5948517	5314.1
1182	69.1	69.1	74.1	1707,185,4,27	321.4	39.4796790	73.5945858	5316.2
1183	50.1	50.1	50.1	1889,1029,16,8	321.1	39.4796800	73.5945849	5314.1
1184	57.1	57.1	57.1	161,903,6,26	320.0	39.4796801	73.5945856	5314.1
1185	216.2	214.2	216.2	601,305,12,16	319.7	39.4796795	73.5945854	5318.3
1186	294.3	290.3	294.3	49,860,4,21	319.7	39.4796785	73.5945857	5318.2
1187	217.2	217.2	217.2	9,829,11,23	319.3	39.4796794	73.5945854	5318.2
1188	102.1	96.1	102.1	1153,0,15,13	319.2	39.4796801	73.5945855	5318.3
1189	23.0	23.0	23.0	229,139,15,18	318.5	39.4798422	73.5948518	5314.1
1190	71.1	71.1	71.1	465,11,32,6	318.4	39.4796791	73.5945859	5318.3
1191	219.2	219.2	219.2	402,356,9,14	318.4	39.4796794	73.5945854	5318.2
1192	13.0	13.0	14.0	1457,88,12,9	318.2	39.4798434	73.5948517	5314.1
1193	56.1	56.1	56.1	453,301,12,16	318.2	39.4796799	73.5945856	5314.1
1194	316.3	312.3	316.3	1401,1033,9,15	318.2	39.4796778	73.5945858	5318.2
1195	82.1	82.1	86.1	437,1029,20,12	318.0	39.4796803	73.5945857	5318.3
1196	105.1	105.1	105.1	169,865,14,16	317.3	39.4796803	73.5945853	5318.3
1197	229.2	228.2	235.2	1867,501,6,20	317.3	39.4796795	73.5945859	5318.2
1198	326.3	326.3	326.3	1761,185,8,18	317.3	39.4796777	73.5945856	5318.2
1199	118.1	118.1	118.1	83,1041,6,22	317.1	39.4796806	73.5945851	5318.3
1200	388.4	388.4	389.4	427,711,10,18	316.3	39.4796772	73.5945859	5318.2
1201	449.4	448.4	449.4	1913,281,7,16	316.2	39.4796760	73.5945862	5318.2
1202	62.1	62.1	62.1	503,137,14,22	316.1	39.4796800	73.5945855	5314.1
1203	333.3	333.3	333.3	1833,193,6,24	316.0	39.4796776	73.5945855	5318.2
1204	331.3	331.3	331.3	465,29,8,18	315.7	39.4796773	73.5945854	5318.2
1205	296.3	296.3	296.3	1033,45,24,4	315.1	39.4796785	73.5945856	5318.2
1206	83.1	83.1	83.1	273,1045,16,20	314.5	39.4796803	73.5945857	5318.3
1207	167.2	155.2	167.2	293,9,12,8	314.0	39.4796799	73.5945844	5318.3
1208	256.3	254.3	256.3	1473,80,13,13	314.0	39.4796785	73.5945861	5318.2
1209	326.3	326.3	326.3	1899,737,12,15	313.9	39.4796777	73.5945856	5318.2
1210	98.1	98.1	98.1	117,17,16,19	313.6	39.4796807	73.5945856	5318.3
1211	124.1	119.1	124.1	527,117,10,13	313.5	39.4796809	73.5945847	5318.3
1212	62.1	62.1	62.1	169,177,14,8	313.4	39.4796800	73.5945855	5314.1
1213	132.1	131.1	136.1	269,413,8,14	313.2	39.4796802	73.5945852	5318.3
1214	53.1	53.1	53.1	285,0,10,21	312.6	39.4796799	73.5945853	5314.1
1215	90.1	90.1	90.1	165,203,6,14	312.1	39.4796810	73.5945857	5318.3
1216	310.3	310.3	310.3	161,793,7,18	312.1	39.4796782	73.5945855	5318.2
1217	348.3	348.3	348.3	1405,935,16,18	312.1	39.4796777	73.5945862	5318.2
1218	326.3	323.3	326.3	325,777,10,18	311.5	39.4796777	73.5945856	5318.2
1219	364.4	364.4	364.4	117,405,12,16	311.5	39.4796777	73.5945855	5318.2
1220	295.3	295.3	298.3	1771,1037,10,16	311.3	39.4796785	73.5945856	5318.2
1221	191.2	189.2	191.2	1915,559,5,18	311.2	39.4796798	73.5945846	5318.2
1222	196.2	194.2	196.2	1313,85,16,8	310.7	39.4796798	73.5945849	5318.2
1223	388.4	388.4	390.4	87,229,10,16	310.0	39.4796772	73.5945859	5318.2
1224	95.1	95.1	95.1	325,229,12,16	309.8	39.4796809	73.5945857	5318.3
1225	78.1	78.1	83.1	321,1039,8,16	309.7	39.4796799	73.5945859	5318.3
1226	98.1	98.1	98.1	49,11,8,16	309.6	39.4796807	73.5945856	5318.3
1227	362.4	362.4	362.4	1846,348,21,11	309.6	39.4796775	73.5945856	5318.2
1228	15.0	14.0	15.0	1323,33,26,6	309.5	39.4798433	73.5948517	5314.1
1229	50.1	50.1	50.1	69,0,12,13	309.5	39.4796800	73.5945849	5314.1
1230	18.0	18.0	18.0	837,1073,26,7	309.2	39.4798426	73.5948518	5314.1
1231	27.0	24.0	30.0	1505,361,10,16	309.2	39.4798424	73.5948517	5314.1
1232	116.1	116.1	116.1	6,1045,27,20	308.4	39.4796804	73.5945852	5318.3
1233	59.1	59.1	59.1	277,97,12,16	308.0	39.4796800	73.5945857	5314.1
1234	259.3	259.3	261.3	1739,107,15,6	307.9	39.4796785	73.5945861	5318.2
1235	59.1	59.1	65.1	1731,969,22,8	307.8	39.4796800	73.5945857	5314.1
1236	143.1	141.1	144.1	447,115,20,10	307.4	39.4796797	73.5945852	5318.3
1237	311.3	311.3	311.3	207,741,10,12	307.4	39.4796784	73.5945855	5318.2
1238	113.1	113.1	114.1	753,781,8,12	307.3	39.4796807	73.5945852	5318.3
1239	203.2	203.2	203.2	1703,479,10,18	307.2	39.4796795	73.5945853	5318.2
1240	381.4	381.4	387.4	345,961,12,24	307.1	39.4796768	73.5945859	5318.2
1241	215.2	214.2	215.2	1169,17,16,6	306.9	39.4796795	73.5945853	5318.2
1242	352.4	351.4	352.4	1617,509,7,28	306.8	39.4796777	73.5945862	5318.2
1243	206.2	203.2	206.2	469,5,28,11	306.6	39.4796794	73.5945855	5318.2
1244	212.2	196.2	212.2	1237,0,16,13	306.4	39.4796796	73.5945854	5318.2
1245	103.1	103.1	103.1	0,581,9,12	306.3	39.4796801	73.5945855	5318.3
1246	166.2	165.2	171.2	501,179,10,25	306.3	39.4796798	73.5945845	5318.3
1247	179.2	179.2	183.2	1574,1029,11,12	306.0	39.4796797	73.5945846	5318.2
1248	58.1	58.1	58.1	57,986,8,15	305.9	39.4796800	73.5945857	5314.1
1249	355.4	346.3	355.4	1869,643,10,12	305.8	39.4796776	73.5945862	5318.2
1250	429.4	421.4	429.4	437,0,28,9	305.5	39.4796758	73.5945855	5318.3
1251	97.1	96.1	97.1	877,537,12,8	305.4	39.4796807	73.5945855	5318.3
1252	385.4	382.4	385.4	385,321,5,32	305.1	39.4796769	73.5945858	5318.2
1253	215.2	211.2	215.2	565,21,12,12	305.0	39.4796795	73.5945853	5318.2
1254	81.1	81.1	81.1	1856,91,17,6	304.9	39.4796804	73.5945857	5318.3
1255	398.4	392.4	404.4	1901,17,6,16	304.8	39.4796767	73.5945859	5318.2
1256	75.1	75.1	75.1	249,161,8,23	304.4	39.4796796	73.5945858	5318.2
1257	365.4	365.4	367.4	1776,132,15,29	304.4	39.4796776	73.5945856	5318.2
1258	297.3	295.3	299.3	1019,267,18,11	304.2	39.4796785	73.5945856	5318.2
1259	255.3	255.3	256.3	1849,145,12,16	304.1	39.4796786	73.5945861	5318.2
1260	16.0	16.0	16.0	385,15,18,24	303.8	39.4798432	73.5948517	5314.1
1261	16.0	16.0	16.0	147,317,10,30	303.3	39.4798432	73.5948517	5314.1
1262	154.2	154.2	158.2	687,161,8,16	303.2	39.4796798	73.5945851	5318.3
1263	124.1	123.1	124.1	425,61,20,19	303.1	39.4796809	73.5945847	5318.3
1264	66.1	64.1	66.1	457,1031,22,10	303.0	39.4796795	73.5945855	5314.1
1265	95.1	95.1	95.1	69,5,11,22	303.0	39.4796809	73.5945857	5318.3
1266	430.4	430.4	430.4	1914,483,6,20	303.0	39.4796758	73.5945854	5318.3
1267	66.1	65.1	66.1	1779,175,10,21	302.9	39.4796795	73.5945855	5314.1
1268	147.1	147.1	147.1	1089,489,10,16	302.9	39.4796799	73.5945852	5318.3
1269	287.3	286.3	289.3	1195,1029,20,8	302.8	39.4796789	73.5945855	5318.2
1270	118.1	117.1	119.1	562,69,31,12	302.7	39.4796806	73.5945851	5318.3
1271	330.3	330.3	330.3	881,0,23,7	302.2	39.4796774	73.5945855	5318.2
1272	106.1	105.1	106.1	1462,778,10,15	301.8	39.4796806	73.5945853	5318.3
1273	428.4	427.4	428.4	473,81,36,14	301.7	39.4796758	73.5945856	5318.2
1274	91.1	91.1	91.1	1844,507,9,14	301.4	39.4796809	73.5945856	5318.3
1275	116.1	116.1	122.1	229,447,12,10	301.4	39.4796804	73.5945852	5318.3
1276	83.1	82.1	83.1	513,41,11,20	301.3	39.4796803	73.5945857	5318.3
1277	65.1	65.1	66.1	305,669,6,20	300.9	39.4796796	73.5945855	5314.1
1278	161.2	158.2	161.2	1649,553,8,26	300.9	39.4796800	73.5945846	5318.3
1279	233.2	229.2	233.2	5,163,12,14	300.9	39.4796791	73.5945857	5318.2
1280	348.3	348.3	352.4	1625,1069,14,11	300.8	39.4796777	73.5945862	5318.2
1281	206.2	204.2	208.2	1713,721,16,12	300.3	39.4796794	73.5945855	5318.2
1282	76.1	76.1	76.1	45,49,18,6	299.8	39.4796796	73.5945858	5318.2
1283	148.1	148.1	151.2	1818,921,19,24	299.8	39.4796801	73.5945851	5318.3
1284	379.4	379.4	380.4	1793,681,8,16	299.8	39.4796770	73.5945860	5318.2
1285	347.3	347.3	352.4	1758,1041,7,31	299.7	39.4796777	73.5945862	5318.2
1286	354.4	351.4	354.4	1905,343,6,24	299.7	39.4796778	73.5945862	5318.2
1287	309.3	303.3	309.3	1197,837,10,12	299.6	39.4796781	73.5945856	5318.2
1288	93.1	93.1	93.1	540,553,8,21	299.2	39.4796810	73.5945855	5318.3
1289	18.0	18.0	18.0	1851,1025,14,16	298.9	39.4798426	73.5948518	5314.1
1290	98.1	97.1	98.1	201,619,10,14	298.8	39.4796807	73.5945856	5318.3
1291	161.2	154.2	161.2	1361,157,24,4	298.5	39.4796800	73.5945846	5318.3
1292	252.3	252.3	252.3	1905,771,15,11	297.9	39.4796787	73.5945858	5318.2
1293	285.3	283.3	289.3	179,193,12,16	297.7	39.4796788	73.5945857	5318.2
1294	152.2	151.2	155.2	1397,9,12,10	297.5	39.4796800	73.5945851	5318.3
1295	340.3	340.3	340.3	1455,73,18,8	297.5	39.4796773	73.5945857	5318.2
1296	419.4	419.4	420.4	65,777,8,8	297.5	39.4796760	73.5945856	5318.2
1297	140.1	140.1	144.1	1473,129,18,6	297.4	39.4796798	73.5945849	5318.3
1298	211.2	211.2	215.2	603,1051,14,16	297.4	39.4796797	73.5945855	5318.2
1299	175.2	175.2	175.2	19,31,14,12	297.2	39.4796797	73.5945849	5318.3
1300	217.2	217.2	217.2	89,556,10,19	297.2	39.4796794	73.5945854	5318.2
1301	375.4	375.4	375.4	1795,484,20,9	297.1	39.4796768	73.5945859	5318.2
1302	39.0	38.0	39.0	1457,132,10,13	297.0	39.4796786	73.5945844	5314.1
1303	217.2	217.2	217.2	493,681,12,8	296.6	39.4796794	73.5945854	5318.2
1304	360.4	360.4	360.4	321,89,12,16	296.5	39.4796776	73.5945859	5318.2
1305	343.3	338.3	343.3	1410,37,15,8	296.4	39.4796776	73.5945856	5318.2
1306	78.1	78.1	78.1	237,29,12,18	296.3	39.4796799	73.5945859	5318.3
1307	87.1	87.1	88.1	1689,225,8,20	296.3	39.4796805	73.5945858	5318.3
1308	55.1	55.1	55.1	75,945,8,16	296.1	39.4796798	73.5945854	5314.1
1309	363.4	363.4	363.4	1877,55,16,18	296.1	39.4796777	73.5945854	5318.2
1310	90.1	90.1	90.1	820,999,13,12	295.1	39.4796810	73.5945857	5318.3
1311	100.1	100.1	104.1	553,765,8,14	294.8	39.4796801	73.5945856	5318.3
1312	78.1	78.1	78.1	1913,246,7,19	294.7	39.4796799	73.5945859	5318.3
1313	200.2	200.2	200.2	1334,142,11,11	294.2	39.4796795	73.5945850	5318.2
1314	449.4	449.4	449.4	577,9,10,16	293.9	39.4796760	73.5945862	5318.2
1315	248.2	248.2	248.2	1861,1049,8,31	293.6	39.4796788	73.5945855	5318.2
1316	158.2	158.2	158.2	173,201,12,10	293.5	39.4796797	73.5945845	5318.3
1317	75.1	75.1	75.1	0,801,9,10	293.3	39.4796796	73.5945858	5318.2
1318	110.1	106.1	113.1	747,403,10,20	293.1	39.4796808	73.5945851	5318.3
1319	205.2	203.2	206.2	1829,37,16,10	292.9	39.4796793	73.5945854	5318.2
1320	138.1	136.1	139.1	910,1041,21,4	292.7	39.4796799	73.5945849	5318.3
1321	219.2	219.2	219.2	838,425,17,14	292.7	39.4796794	73.5945854	5318.2
1322	162.2	162.2	165.2	1603,961,10,26	292.6	39.4796799	73.5945846	5318.3
1323	440.4	439.4	441.4	381,529,8,24	292.3	39.4796757	73.5945859	5318.2
1324	335.3	335.3	335.3	1625,177,4,32	292.0	39.4796776	73.5945856	5318.2
1325	100.1	100.1	100.1	1184,1025,10,17	291.9	39.4796801	73.5945856	5318.3
1326	345.3	342.3	345.3	1693,249,12,10	291.7	39.4796774	73.5945858	5318.2
1327	60.1	60.1	60.1	1841,937,16,12	291.5	39.4796801	73.5945854	5314.1
1328	247.2	236.2	249.2	265,249,8,16	291.5	39.4796787	73.5945855	5318.2
1329	66.1	66.1	66.1	1911,143,9,10	290.6	39.4796795	73.5945855	5314.1
1330	435.4	435.4	435.4	983,65,12,16	290.2	39.4796759	73.5945856	5318.2
1331	62.1	62.1	62.1	1567,39,16,6	289.9	39.4796800	73.5945855	5314.1
1332	158.2	158.2	161.2	1531,553,14,12	288.9	39.4796797	73.5945845	5318.3
1333	83.1	80.1	83.1	1220,29,11,12	288.7	39.4796803	73.5945857	5318.3
1334	339.3	337.3	340.3	1825,379,8,22	288.2	39.4796772	73.5945857	5318.2
1335	18.0	18.0	18.0	1719,85,14,18	287.7	39.4798426	73.5948518	5314.1
1336	240.2	240.2	240.2	1769,249,8,16	287.7	39.4796784	73.5945856	5318.2
1337	386.4	386.4	386.4	592,984,26,9	287.7	39.4796772	73.5945858	5318.2
1338	385.4	383.4	385.4	1907,185,13,8	287.3	39.4796769	73.5945858	5318.2
1339	386.4	386.4	387.4	1911,969,9,20	287.3	39.4796772	73.5945858	5318.2
1340	423.4	421.4	423.4	453,137,16,14	286.8	39.4796759	73.5945857	5318.3
1341	15.0	15.0	15.0	1265,493,16,9	286.7	39.4798433	73.5948517	5314.1
1342	276.3	272.3	276.3	1849,208,14,17	286.7	39.4796783	73.5945861	5318.2
1343	110.1	110.1	110.1	425,81,24,10	286.2	39.4796808	73.5945851	5318.3
1344	98.1	98.1	98.1	175,914,8,23	285.5	39.4796807	73.5945856	5318.3
1345	103.1	103.1	104.1	325,6,8,13	285.3	39.4796801	73.5945855	5318.3
1346	58.1	58.1	58.1	481,65,16,12	285.0	39.4796800	73.5945857	5314.1
1347	9.0	6.0	12.0	917,427,11,13	284.8	39.4798436	73.5948517	5314.1
1348	5.0	5.0	5.0	1190,385,17,13	284.6	39.4798442	73.5948516	5314.1
1349	277.3	277.3	277.3	0,276,17,13	284.6	39.4796783	73.5945861	5318.2
1350	311.3	311.3	311.3	1739,693,11,12	284.6	39.4796784	73.5945855	5318.2
1351	311.3	311.3	311.3	1429,869,12,12	284.5	39.4796784	73.5945855	5318.2
1352	241.2	240.2	246.2	217,203,16,10	284.4	39.4796785	73.5945857	5318.2
1353	87.1	87.1	87.1	1249,11,29,6	284.2	39.4796805	73.5945858	5318.3
1354	253.3	253.3	253.3	1827,121,14,8	283.6	39.4796787	73.5945858	5318.2
1355	254.3	253.3	254.3	1901,25,12,8	283.6	39.4796786	73.5945859	5318.2
1356	442.4	442.4	442.4	231,705,10,14	283.4	39.4796762	73.5945860	5318.2
1357	220.2	220.2	220.2	1897,629,8,20	283.3	39.4796795	73.5945854	5318.2
1358	308.3	308.3	308.3	1719,763,14,10	283.2	39.4796786	73.5945855	5318.2
1359	79.1	79.1	79.1	267,61,4,20	283.0	39.4796801	73.5945859	5318.3
1360	102.1	102.1	102.1	181,1033,8,24	283.0	39.4796801	73.5945855	5318.3
1361	84.1	84.1	85.1	1769,182,8,17	282.7	39.4796803	73.5945857	5318.3
1362	234.2	231.2	234.2	1895,93,6,22	282.7	39.4796790	73.5945857	5318.2
1363	158.2	157.2	159.2	1175,329,18,20	282.5	39.4796797	73.5945845	5318.3
1364	341.3	341.3	341.3	1523,7,14,6	282.4	39.4796773	73.5945857	5318.2
1365	90.1	89.1	90.1	203,689,6,24	281.9	39.4796810	73.5945857	5318.3
1366	259.3	251.3	261.3	1809,141,12,12	281.9	39.4796785	73.5945861	5318.2
1367	91.1	91.1	91.1	259,1073,16,7	281.8	39.4796809	73.5945856	5318.3
1368	311.3	311.3	311.3	201,223,10,18	281.8	39.4796784	73.5945855	5318.2
1369	90.1	88.1	90.1	405,117,8,16	281.4	39.4796810	73.5945857	5318.3
1370	101.1	99.1	101.1	473,621,8,18	281.4	39.4796801	73.5945856	5318.3
1371	90.1	90.1	90.1	341,449,4,24	281.2	39.4796810	73.5945857	5318.3
1372	290.3	290.3	293.3	979,1008,14,7	280.9	39.4796786	73.5945860	5318.2
1373	428.4	428.4	428.4	497,21,16,8	280.9	39.4796758	73.5945856	5318.2
1374	77.1	73.1	77.1	21,97,8,23	280.7	39.4796796	73.5945860	5318.2
1375	371.4	370.4	372.4	1871,921,7,29	280.6	39.4796768	73.5945858	5318.2
1376	84.1	83.1	84.1	1825,55,22,10	280.5	39.4796803	73.5945857	5318.3
1377	85.1	85.1	85.1	671,17,18,12	280.5	39.4796802	73.5945858	5318.3
1378	153.2	148.1	153.2	1337,151,8,10	280.5	39.4796799	73.5945850	5318.3
1379	433.4	432.4	433.4	1881,831,4,34	280.4	39.4796759	73.5945854	5318.2
1380	64.1	64.1	65.1	223,77,6,24	280.3	39.4796796	73.5945855	5314.1
1381	337.3	337.3	341.3	1863,451,10,8	280.3	39.4796772	73.5945857	5318.2
1382	378.4	378.4	378.4	1914,686,6,15	280.3	39.4796769	73.5945859	5318.2
1383	278.3	277.3	279.3	1530,1031,23,26	280.2	39.4796784	73.5945860	5318.2
1384	216.2	216.2	216.2	601,233,14,12	280.1	39.4796795	73.5945854	5318.3
1385	390.4	386.4	390.4	1876,913,13,7	279.9	39.4796770	73.5945859	5318.2
1386	355.4	355.4	355.4	0,566,16,10	279.8	39.4796776	73.5945862	5318.2
1387	70.1	70.1	70.1	387,25,12,20	279.6	39.4796789	73.5945862	5318.1
1388	191.2	191.2	191.2	1369,1041,10,12	279.6	39.4796798	73.5945846	5318.2
1389	172.2	172.2	172.2	1816,835,21,21	279.4	39.4796794	73.5945847	5318.3
1390	17.0	17.0	17.0	1158,21,19,12	279.0	39.4798431	73.5948517	5314.1
1391	115.1	115.1	115.1	7,481,4,26	278.9	39.4796804	73.5945853	5318.3
1392	199.2	192.2	200.2	1535,329,6,30	278.7	39.4796795	73.5945849	5318.2
1393	130.1	130.1	130.1	25,249,16,12	278.6	39.4796804	73.5945849	5318.3
1394	60.1	60.1	61.1	1589,707,12,10	278.4	39.4796801	73.5945854	5314.1
1395	374.4	374.4	375.4	1605,793,12,14	278.2	39.4796769	73.5945859	5318.2
1396	149.1	149.1	149.1	1897,1077,23,3	278.0	39.4796802	73.5945851	5318.3
1397	64.1	61.1	64.1	33,93,12,16	277.8	39.4796796	73.5945855	5314.1
1398	384.4	384.4	384.4	534,81,19,8	277.6	39.4796768	73.5945857	5318.2
1399	204.2	200.2	204.2	1513,529,10,24	277.4	39.4796794	73.5945854	5318.2
1400	310.3	310.3	310.3	5,29,8,16	277.3	39.4796782	73.5945855	5318.2
1401	99.1	99.1	99.1	565,9,10,14	276.6	39.4796806	73.5945857	5318.3
1402	388.4	388.4	388.4	231,49,10,12	276.5	39.4796772	73.5945859	5318.2
1403	83.1	83.1	89.1	1885,985,8,16	276.0	39.4796803	73.5945857	5318.3
1404	32.0	32.0	38.0	1557,431,8,17	275.9	39.4797815	73.5947523	5314.1
1405	150.2	147.1	153.2	1633,529,16,18	275.8	39.4796801	73.5945851	5318.3
1406	174.2	174.2	174.2	105,135,13,10	275.8	39.4796795	73.5945849	5318.3
1407	93.1	93.1	93.1	1913,582,7,11	275.7	39.4796810	73.5945855	5318.3
1408	368.4	365.4	368.4	110,1041,13,13	275.6	39.4796769	73.5945857	5318.2
1409	90.1	90.1	90.1	325,565,6,23	275.3	39.4796810	73.5945857	5318.3
1410	110.1	110.1	110.1	1761,991,18,10	275.3	39.4796808	73.5945851	5318.3
1411	168.2	167.2	168.2	695,177,7,20	275.0	39.4796799	73.5945844	5318.3
1412	145.1	131.1	145.1	513,37,12,12	274.5	39.4796796	73.5945853	5318.3
1413	282.3	282.3	285.3	1027,933,30,8	274.5	39.4796788	73.5945860	5318.2
1414	250.2	250.2	250.2	1401,298,8,19	274.0	39.4796789	73.5945857	5318.2
1415	77.1	74.1	77.1	57,279,14,14	273.7	39.4796796	73.5945860	5318.2
1416	209.2	209.2	209.2	501,973,12,19	273.7	39.4796797	73.5945856	5318.2
1417	449.4	448.4	449.4	725,836,6,21	273.7	39.4796760	73.5945862	5318.2
1418	46.0	46.0	48.0	349,1063,20,10	273.6	39.4796794	73.5945850	5314.1
1419	65.1	62.1	68.1	455,137,16,28	273.4	39.4796796	73.5945855	5314.1
1420	63.1	63.1	63.1	1147,1041,17,8	272.9	39.4796799	73.5945856	5314.1
1421	354.4	354.4	356.4	1673,0,6,17	272.9	39.4796778	73.5945862	5318.2
1422	5.0	5.0	5.0	1169,565,12,12	272.8	39.4798442	73.5948516	5314.1
1423	338.3	338.3	343.3	1202,1059,18,7	272.7	39.4796772	73.5945857	5318.2
1424	144.1	137.1	144.1	421,157,12,12	272.5	39.4796796	73.5945853	5318.3
1425	244.2	243.2	244.2	1289,921,16,10	272.5	39.4796786	73.5945857	5318.2
1426	421.4	421.4	421.4	315,139,22,12	272.4	39.4796760	73.5945857	5318.2
1427	429.4	425.4	431.4	1889,428,6,13	272.4	39.4796758	73.5945855	5318.3
1428	22.0	22.0	22.0	1878,193,21,16	272.3	39.4798421	73.5948519	5314.1
1429	159.2	159.2	159.2	1425,201,16,8	272.1	39.4796798	73.5945845	5318.2
1430	138.1	138.1	142.1	1847,249,10,17	272.0	39.4796799	73.5945849	5318.3
1431	378.4	378.4	378.4	109,745,6,17	271.9	39.4796769	73.5945859	5318.2
1432	143.1	141.1	144.1	839,101,22,10	271.7	39.4796797	73.5945852	5318.3
1433	291.3	289.3	294.3	159,929,11,16	271.6	39.4796787	73.5945860	5318.2
1434	297.3	297.3	297.3	1009,83,14,8	271.5	39.4796785	73.5945856	5318.2
1435	61.1	61.1	61.1	457,65,12,16	271.2	39.4796801	73.5945853	5314.1
1436	22.0	22.0	22.0	1889,817,8,26	271.1	39.4798421	73.5948519	5314.1
1437	163.2	162.2	163.2	1713,22,16,11	270.8	39.4796797	73.5945845	5318.3
1438	389.4	389.4	389.4	1729,585,8,16	270.7	39.4796771	73.5945859	5318.2
1439	433.4	432.4	433.4	505,996,8,13	270.3	39.4796759	73.5945854	5318.2
1440	378.4	378.4	380.4	329,841,12,20	270.2	39.4796769	73.5945859	5318.2
1441	79.1	79.1	79.1	561,17,10,14	269.9	39.4796801	73.5945859	5318.3
1442	112.1	112.1	112.1	1539,769,12,12	269.9	39.4796808	73.5945852	5318.3
1443	137.1	137.1	137.1	7,209,12,16	269.9	39.4796799	73.5945849	5318.3
1444	237.2	235.2	237.2	35,41,12,10	269.3	39.4796789	73.5945856	5318.2
1445	77.1	73.1	77.1	57,93,18,12	269.2	39.4796796	73.5945860	5318.2
1446	199.2	194.2	201.2	1073,111,8,10	269.1	39.4796795	73.5945849	5318.2
1447	121.1	120.1	125.1	29,1001,10,15	268.7	39.4796807	73.5945850	5318.3
1448	133.1	133.1	134.1	1173,1065,14,8	268.7	39.4796800	73.5945851	5318.3
1449	353.4	353.4	353.4	293,329,6,30	268.7	39.4796778	73.5945861	5318.2
1450	112.1	111.1	112.1	89,161,4,20	268.3	39.4796808	73.5945852	5318.3
1451	353.4	346.3	353.4	1667,409,6,16	267.8	39.4796778	73.5945861	5318.2
1452	76.1	76.1	76.1	1569,911,10,18	267.6	39.4796796	73.5945858	5318.2
1453	433.4	432.4	433.4	985,177,32,8	267.4	39.4796759	73.5945854	5318.2
1454	218.2	218.2	218.2	612,1031,13,10	267.1	39.4796793	73.5945854	5318.2
1455	294.3	293.3	294.3	261,49,12,22	266.9	39.4796785	73.5945857	5318.2
1456	172.2	172.2	172.2	579,279,14,18	266.4	39.4796794	73.5945847	5318.3
1457	449.4	449.4	449.4	90,785,11,16	266.3	39.4796760	73.5945862	5318.2
1458	86.1	86.1	86.1	429,1025,12,12	266.1	39.4796802	73.5945858	5318.3
1459	119.1	119.1	119.1	1861,909,12,18	266.1	39.4796810	73.5945850	5318.3
1460	253.3	253.3	253.3	1825,1033,4,20	265.5	39.4796787	73.5945858	5318.2
1461	210.2	209.2	210.2	1483,73,22,8	265.2	39.4796797	73.5945856	5318.2
1462	388.4	388.4	388.4	569,968,12,19	265.1	39.4796772	73.5945859	5318.2
1463	273.3	273.3	276.3	1721,985,10,14	264.9	39.4796784	73.5945859	5318.2
1464	122.1	121.1	122.1	409,11,20,10	264.8	39.4796805	73.5945848	5318.3
1465	130.1	130.1	131.1	169,745,8,16	264.8	39.4796804	73.5945849	5318.3
1466	182.2	181.2	188.2	1377,1053,26,8	264.6	39.4796794	73.5945846	5318.2
1467	14.0	9.0	14.0	1897,525,8,14	264.4	39.4798433	73.5948518	5314.1
1468	246.2	243.2	246.2	0,83,9,14	264.2	39.4796788	73.5945856	5318.2
1469	391.4	389.4	391.4	151,877,6,20	264.2	39.4796770	73.5945860	5318.2
1470	280.3	277.3	280.3	6,297,11,16	263.9	39.4796786	73.5945860	5318.2
1471	386.4	386.4	387.4	1869,689,6,18	263.9	39.4796772	73.5945858	5318.2
1472	183.2	180.2	183.2	1001,53,22,12	263.5	39.4796794	73.5945847	5318.2
1473	67.1	67.1	67.1	399,573,8,20	263.2	39.4796791	73.5945858	5314.1
1474	218.2	218.2	218.2	475,1025,6,16	263.2	39.4796793	73.5945854	5318.2
1475	85.1	85.1	85.1	1911,237,9,14	263.0	39.4796802	73.5945858	5318.3
1476	211.2	209.2	211.2	1505,3,12,10	263.0	39.4796797	73.5945855	5318.2
1477	112.1	112.1	112.1	1361,25,32,4	262.8	39.4796808	73.5945852	5318.3
1478	215.2	212.2	215.2	401,49,16,6	262.7	39.4796795	73.5945853	5318.2
1479	421.4	421.4	428.4	51,747,6,22	262.3	39.4796760	73.5945857	5318.2
1480	273.3	273.3	273.3	1829,1023,8,18	262.0	39.4796784	73.5945859	5318.2
1481	124.1	124.1	124.1	97,1009,16,14	261.7	39.4796809	73.5945847	5318.3
1482	57.1	57.1	57.1	1451,625,10,8	261.5	39.4796801	73.5945856	5314.1
1483	252.3	252.3	253.3	975,22,26,5	261.5	39.4796787	73.5945858	5318.2
1484	85.1	85.1	85.1	247,507,8,22	261.4	39.4796802	73.5945858	5318.3
1485	384.4	384.4	384.4	205,0,9,17	261.3	39.4796768	73.5945857	5318.2
1486	106.1	106.1	106.1	363,775,11,10	261.2	39.4796806	73.5945853	5318.3
1487	439.4	439.4	442.4	1361,1065,8,12	261.2	39.4796757	73.5945859	5318.2
1488	176.2	175.2	176.2	1105,36,16,13	260.4	39.4796799	73.5945848	5318.3
1489	349.3	349.3	349.3	967,0,13,5	260.2	39.4796777	73.5945861	5318.2
1490	88.1	87.1	89.1	39,945,9,16	260.0	39.4796808	73.5945857	5318.3
1491	302.3	302.3	307.3	1809,969,14,16	259.8	39.4796786	73.5945855	5318.2
1492	211.2	211.2	211.2	1641,3,16,8	259.4	39.4796797	73.5945855	5318.2
1493	95.1	95.1	95.1	389,706,4,21	259.0	39.4796809	73.5945857	5318.3
1494	101.1	101.1	101.1	33,411,12,10	258.9	39.4796801	73.5945856	5318.3
1495	77.1	77.1	77.1	217,880,12,9	258.7	39.4796796	73.5945860	5318.2
1496	139.1	139.1	140.1	821,9,18,6	258.5	39.4796799	73.5945849	5318.3
1497	65.1	65.1	65.1	1601,493,16,16	258.3	39.4796796	73.5945855	5314.1
1498	9.0	8.0	12.0	1034,175,11,12	258.1	39.4798436	73.5948517	5314.1
1499	388.4	388.4	388.4	1905,903,15,10	258.1	39.4796772	73.5945859	5318.2
1500	19.0	19.0	19.0	1741,0,18,9	257.7	39.4798425	73.5948518	5314.1
1501	194.2	194.2	194.2	515,17,14,26	257.4	39.4796797	73.5945847	5318.2
1502	255.3	255.3	255.3	1889,49,12,16	257.4	39.4796786	73.5945861	5318.2
1503	12.0	12.0	15.0	0,0,9,13	257.2	39.4798434	73.5948517	5314.1
1504	447.4	447.4	448.4	1881,953,6,16	257.1	39.4796758	73.5945863	5318.2
1505	261.3	256.3	261.3	1677,65,10,13	256.8	39.4796786	73.5945862	5318.2
1506	236.2	233.2	236.2	1825,33,8,22	256.7	39.4796791	73.5945856	5318.2
1507	447.4	447.4	448.4	1907,857,13,16	256.6	39.4796758	73.5945863	5318.2
1508	421.4	420.4	421.4	338,325,7,16	256.3	39.4796760	73.5945857	5318.2
1509	133.1	133.1	135.1	1909,0,11,12	256.1	39.4796800	73.5945851	5318.3
1510	201.2	196.2	201.2	1869,43,12,6	256.0	39.4796796	73.5945851	5318.2
1511	6.0	6.0	8.0	1473,121,8,8	255.9	39.4798443	73.5948517	5314.1
1512	145.1	145.1	145.1	1537,153,16,8	255.8	39.4796796	73.5945853	5318.3
1513	55.1	55.1	55.1	577,177,12,12	255.6	39.4796798	73.5945854	5314.1
1514	419.4	419.4	420.4	196,68,13,11	255.5	39.4796760	73.5945856	5318.2
1515	259.3	259.3	260.3	1813,0,14,9	255.4	39.4796785	73.5945861	5318.2
1516	257.3	256.3	258.3	1785,44,16,9	255.3	39.4796786	73.5945860	5318.2
1517	13.0	12.0	13.0	1697,521,14,14	255.1	39.4798434	73.5948517	5314.1
1518	90.1	90.1	90.1	721,705,8,20	255.1	39.4796810	73.5945857	5318.3
1519	305.3	305.3	305.3	689,41,18,16	254.7	39.4796787	73.5945857	5318.2
1520	145.1	145.1	145.1	453,65,20,18	254.5	39.4796796	73.5945853	5318.3
1521	241.2	241.2	241.2	99,21,14,12	254.2	39.4796785	73.5945857	5318.2
1522	104.1	102.1	104.1	129,960,8,16	254.0	39.4796802	73.5945852	5318.3
1523	129.1	128.1	129.1	201,81,14,10	253.8	39.4796806	73.5945849	5318.3
1524	273.3	273.3	276.3	1774,89,19,8	253.8	39.4796784	73.5945859	5318.2
1525	137.1	137.1	137.1	767,1027,26,9	253.7	39.4796799	73.5945849	5318.3
1526	111.1	111.1	111.1	1905,941,8,16	252.4	39.4796807	73.5945851	5318.3
1527	53.1	53.1	53.1	1071,873,10,14	252.2	39.4796799	73.5945853	5314.1
1528	154.2	154.2	154.2	1619,129,10,12	252.1	39.4796798	73.5945851	5318.3
1529	234.2	234.2	236.2	27,353,10,14	252.0	39.4796790	73.5945857	5318.2
1530	392.4	388.4	392.4	73,897,8,13	251.8	39.4796771	73.5945860	5318.2
1531	84.1	84.1	84.1	171,113,5,24	251.3	39.4796803	73.5945857	5318.3
1532	252.3	252.3	252.3	1851,809,6,19	251.2	39.4796787	73.5945858	5318.2
1533	21.0	21.0	21.0	841,1025,10,12	250.9	39.4798425	73.5948518	5314.1
1534	182.2	182.2	182.2	1577,1009,8,8	250.9	39.4796794	73.5945846	5318.2
1535	69.1	69.1	69.1	1825,45,12,12	250.6	39.4796790	73.5945858	5316.2
1536	101.1	101.1	101.1	209,875,8,14	250.6	39.4796801	73.5945856	5318.3
1537	41.0	41.0	42.0	29,333,14,12	250.5	39.4796787	73.5945846	5314.1
1538	156.2	156.2	161.2	113,816,11,9	250.5	39.4796797	73.5945849	5318.3
1539	353.4	353.4	353.4	1917,745,3,32	250.1	39.4796778	73.5945861	5318.2
1540	265.3	261.3	269.3	1777,681,8,14	249.8	39.4796785	73.5945863	5318.2
1541	325.3	325.3	325.3	943,937,10,8	249.5	39.4796777	73.5945856	5318.2
1542	361.4	361.4	361.4	1783,813,10,12	249.5	39.4796775	73.5945858	5318.2
1543	87.1	85.1	88.1	753,733,6,16	249.4	39.4796805	73.5945858	5318.3
1544	102.1	102.1	102.1	33,1065,8,8	249.0	39.4796801	73.5945855	5318.3
1545	181.2	174.2	182.2	889,31,24,9	249.0	39.4796795	73.5945846	5318.2
1546	450.4	450.4	451.5	1719,1047,8,33	249.0	39.4796761	73.5945862	5318.3
1547	325.3	325.3	325.3	1594,849,7,16	248.6	39.4796777	73.5945856	5318.2
1548	98.1	98.1	98.1	1857,393,12,12	248.5	39.4796807	73.5945856	5318.3
1549	339.3	338.3	339.3	1841,185,8,16	248.3	39.4796772	73.5945857	5318.2
1550	21.0	19.0	21.0	1685,49,16,9	248.2	39.4798425	73.5948518	5314.1
1551	259.3	257.3	259.3	1905,59,15,10	248.2	39.4796785	73.5945861	5318.2
1552	50.1	50.1	50.1	0,780,13,9	247.8	39.4796800	73.5945849	5314.1
1553	101.1	101.1	101.1	1217,449,6,16	247.7	39.4796801	73.5945856	5318.3
1554	85.1	84.1	85.1	1877,65,14,16	247.3	39.4796802	73.5945858	5318.3
1555	19.0	19.0	23.0	1723,700,6,21	247.2	39.4798425	73.5948518	5314.1
1556	311.3	311.3	311.3	1889,313,6,19	247.2	39.4796784	73.5945855	5318.2
1557	108.1	108.1	108.1	379,87,22,10	247.1	39.4796808	73.5945854	5318.3
1558	415.4	411.4	417.4	1847,374,7,11	247.0	39.4796760	73.5945857	5318.2
1559	167.2	167.2	168.2	103,678,14,10	246.6	39.4796799	73.5945844	5318.3
1560	81.1	81.1	81.1	1721,801,8,8	246.5	39.4796804	73.5945857	5318.3
1561	91.1	91.1	91.1	1517,291,6,28	246.4	39.4796809	73.5945856	5318.3
1562	95.1	95.1	95.1	247,381,10,14	246.4	39.4796809	73.5945857	5318.3
1563	103.1	102.1	104.1	135,704,10,11	246.4	39.4796801	73.5945855	5318.3
1564	108.1	108.1	108.1	289,55,14,13	246.3	39.4796808	73.5945854	5318.3
1565	126.1	125.1	126.1	519,67,24,4	246.2	39.4796807	73.5945846	5318.3
1566	296.3	296.3	296.3	697,147,13,22	246.2	39.4796785	73.5945856	5318.2
1567	378.4	378.4	378.4	119,673,6,16	246.2	39.4796769	73.5945859	5318.2
1568	65.1	62.1	67.1	791,205,8,12	245.8	39.4796796	73.5945855	5314.1
1569	99.1	99.1	99.1	273,43,16,8	245.5	39.4796806	73.5945857	5318.3
1570	231.2	231.2	231.2	1913,749,7,14	245.2	39.4796795	73.5945857	5318.2
1571	98.1	98.1	98.1	1275,19,19,6	245.0	39.4796807	73.5945856	5318.3
1572	299.3	298.3	299.3	751,35,23,9	245.0	39.4796786	73.5945856	5318.2
1573	139.1	139.1	145.1	1163,938,15,7	244.9	39.4796799	73.5945849	5318.3
1574	338.3	338.3	338.3	1611,261,6,28	244.8	39.4796772	73.5945857	5318.2
1575	98.1	98.1	98.1	499,957,18,14	244.7	39.4796807	73.5945856	5318.3
1576	89.1	89.1	89.1	371,529,6,17	244.5	39.4796809	73.5945856	5318.3
1577	335.3	335.3	335.3	1121,883,8,14	244.4	39.4796776	73.5945856	5318.2
1578	88.1	88.1	88.1	41,1057,7,12	244.2	39.4796808	73.5945857	5318.3
1579	427.4	427.4	427.4	1905,851,15,10	244.2	39.4796759	73.5945856	5318.2
1580	15.0	15.0	15.0	371,824,6,17	244.0	39.4798433	73.5948517	5314.1
1581	242.2	242.2	242.2	1793,1033,6,22	243.9	39.4796786	73.5945857	5318.2
1582	255.3	255.3	262.3	1873,753,12,18	243.6	39.4796786	73.5945861	5318.2
1583	99.1	99.1	100.1	929,778,12,13	243.5	39.4796806	73.5945857	5318.3
1584	422.4	422.4	422.4	293,7,20,18	243.5	39.4796759	73.5945858	5318.3
1585	280.3	280.3	280.3	1630,39,5,26	243.4	39.4796786	73.5945860	5318.2
1586	76.1	76.1	76.1	293,459,11,13	243.3	39.4796796	73.5945858	5318.2
1587	340.3	340.3	340.3	17,97,8,8	243.3	39.4796773	73.5945857	5318.2
1588	77.1	77.1	77.1	1701,1001,8,12	243.2	39.4796796	73.5945860	5318.2
1589	281.3	281.3	281.3	443,633,15,8	243.2	39.4796786	73.5945860	5318.2
1590	84.1	84.1	84.1	1153,83,20,4	243.1	39.4796803	73.5945857	5318.3
1591	207.2	203.2	215.2	1452,753,23,16	243.0	39.4796795	73.5945855	5318.2
1592	77.1	77.1	77.1	1897,501,8,12	242.9	39.4796796	73.5945860	5318.2
1593	109.1	109.1	109.1	449,969,16,7	242.9	39.4796808	73.5945853	5318.3
1594	150.2	146.1	153.2	1678,1023,9,18	242.7	39.4796801	73.5945851	5318.3
1595	108.1	108.1	108.1	153,163,12,14	242.6	39.4796808	73.5945854	5318.3
1596	239.2	235.2	239.2	113,0,11,9	242.4	39.4796785	73.5945856	5318.2
1597	367.4	364.4	367.4	1577,829,8,16	242.4	39.4796769	73.5945858	5318.2
1598	370.4	370.4	370.4	1506,921,7,16	242.2	39.4796767	73.5945858	5318.2
1599	324.3	324.3	324.3	737,585,8,24	241.9	39.4796776	73.5945856	5318.2
1600	365.4	365.4	365.4	1713,1025,12,20	241.1	39.4796776	73.5945856	5318.2
1601	386.4	386.4	386.4	1669,753,6,24	241.1	39.4796772	73.5945858	5318.2
1602	51.1	51.1	51.1	1009,1061,16,4	240.9	39.4796799	73.5945850	5314.1
1603	101.1	101.1	101.1	1281,657,8,12	240.9	39.4796801	73.5945856	5318.3
1604	16.0	16.0	16.0	113,717,8,14	240.7	39.4798432	73.5948517	5314.1
1605	188.2	184.2	190.2	1505,353,8,9	240.7	39.4796799	73.5945847	5318.2
1606	105.1	105.1	106.1	717,143,12,14	240.5	39.4796803	73.5945853	5318.3
1607	65.1	65.1	65.1	69,593,7,16	240.4	39.4796796	73.5945855	5314.1
1608	86.1	86.1	86.1	633,33,19,10	240.4	39.4796802	73.5945858	5318.3
1609	388.4	388.4	389.4	0,153,9,8	240.4	39.4796772	73.5945859	5318.2
1610	4.0	4.0	6.0	837,345,8,16	240.3	39.4798441	73.5948515	5314.1
1611	233.2	224.2	236.2	241,457,14,8	240.3	39.4796791	73.5945857	5318.2
1612	245.2	242.2	246.2	1602,825,9,20	239.8	39.4796789	73.5945856	5318.2
1613	76.1	76.1	76.1	211,589,10,12	239.6	39.4796796	73.5945858	5318.2
1614	66.1	66.1	66.1	519,1064,18,9	239.4	39.4796795	73.5945855	5314.1
1615	340.3	340.3	340.3	1201,115,13,12	239.4	39.4796773	73.5945857	5318.2
1616	171.2	171.2	174.2	73,465,8,8	239.1	39.4796795	73.5945846	5318.3
1617	285.3	283.3	288.3	129,393,16,14	239.1	39.4796788	73.5945857	5318.2
1618	343.3	343.3	343.3	1109,25,14,8	239.0	39.4796776	73.5945856	5318.2
1619	237.2	237.2	237.2	1215,1061,26,19	238.9	39.4796789	73.5945856	5318.2
1620	344.3	344.3	344.3	1245,71,12,6	238.6	39.4796773	73.5945857	5318.2
1621	390.4	386.4	398.4	1637,361,7,16	238.5	39.4796770	73.5945859	5318.2
1622	149.1	149.1	149.1	1617,1001,29,4	238.4	39.4796802	73.5945851	5318.3
1623	92.1	92.1	92.1	534,293,13,11	238.1	39.4796810	73.5945856	5318.3
1624	255.3	255.3	256.3	1905,669,8,20	238.1	39.4796786	73.5945861	5318.2
1625	86.1	86.1	86.1	1609,113,8,8	237.9	39.4796802	73.5945858	5318.3
1626	257.3	255.3	262.3	1870,318,7,19	237.9	39.4796786	73.5945860	5318.2
1627	109.1	109.1	109.1	677,937,22,12	237.4	39.4796808	73.5945853	5318.3
1628	128.1	128.1	128.1	549,0,16,9	237.1	39.4796805	73.5945848	5318.3
1629	238.2	232.2	238.2	1603,387,4,20	237.1	39.4796787	73.5945855	5318.2
1630	447.4	447.4	448.4	1703,147,8,22	236.7	39.4796758	73.5945863	5318.2
1631	267.3	267.3	271.3	1898,713,11,16	236.6	39.4796787	73.5945860	5318.2
1632	345.3	345.3	345.3	1681,813,12,16	236.6	39.4796774	73.5945858	5318.2
1633	82.1	82.1	82.1	1767,17,14,12	236.5	39.4796803	73.5945857	5318.3
1634	84.1	84.1	84.1	1409,19,12,9	236.5	39.4796803	73.5945857	5318.3
1635	347.3	347.3	347.3	1707,810,8,13	236.2	39.4796777	73.5945862	5318.2
1636	249.2	249.2	249.2	81,0,8,9	235.8	39.4796791	73.5945855	5318.2
1637	275.3	274.3	276.3	1787,1025,10,12	235.8	39.4796784	73.5945860	5318.2
1638	192.2	192.2	194.2	1425,1011,8,16	235.7	39.4796797	73.5945845	5318.2
1639	321.3	315.3	322.3	581,764,19,11	235.6	39.4796777	73.5945859	5318.2
1640	125.1	125.1	125.1	5,959,8,10	235.5	39.4796808	73.5945846	5318.3
1641	99.1	99.1	99.1	406,442,9,11	235.4	39.4796806	73.5945857	5318.3
1642	344.3	344.3	344.3	1618,451,15,6	235.3	39.4796773	73.5945857	5318.2
1643	209.2	209.2	209.2	1409,82,16,5	235.2	39.4796797	73.5945856	5318.2
1644	79.1	75.1	79.1	1412,1043,13,12	235.1	39.4796801	73.5945859	5318.3
1645	111.1	111.1	111.1	309,1060,8,13	235.1	39.4796807	73.5945851	5318.3
1646	428.4	428.4	428.4	514,165,27,6	234.9	39.4796758	73.5945856	5318.2
1647	239.2	239.2	239.2	289,97,18,12	234.8	39.4796785	73.5945856	5318.2
1648	203.2	203.2	206.2	1217,195,11,14	234.6	39.4796795	73.5945853	5318.2
1649	274.3	272.3	274.3	455,793,7,23	234.5	39.4796783	73.5945861	5318.2
1650	185.2	185.2	186.2	1877,1057,19,14	234.3	39.4796794	73.5945848	5318.2
1651	208.2	208.2	208.2	1585,177,8,8	234.3	39.4796796	73.5945857	5318.2
1652	262.3	262.3	269.3	1885,1063,28,10	234.3	39.4796786	73.5945864	5318.2
1653	423.4	423.4	425.4	1833,495,15,11	234.2	39.4796759	73.5945857	5318.3
1654	85.1	85.1	85.1	3,709,12,12	234.1	39.4796802	73.5945858	5318.3
1655	193.2	193.2	193.2	1273,105,16,8	234.1	39.4796796	73.5945846	5318.2
1656	429.4	429.4	435.4	313,593,4,16	233.9	39.4796758	73.5945855	5318.3
1657	82.1	82.1	82.1	437,289,12,15	233.7	39.4796803	73.5945857	5318.3
1658	269.3	268.3	270.3	1598,985,7,24	233.5	39.4796788	73.5945859	5318.2
1659	234.2	234.2	234.2	1837,233,6,24	233.4	39.4796790	73.5945857	5318.2
1660	251.3	251.3	252.3	1893,809,8,20	233.3	39.4796788	73.5945859	5318.2
1661	436.4	434.4	436.4	144,161,8,12	233.2	39.4796758	73.5945856	5318.3
1662	80.1	80.1	80.1	0,73,5,16	232.9	39.4796802	73.5945859	5318.3
1663	250.2	250.2	250.2	1162,43,19,4	232.6	39.4796789	73.5945857	5318.2
1664	89.1	89.1	89.1	251,937,6,15	232.4	39.4796809	73.5945856	5318.3
1665	77.1	77.1	77.1	125,885,8,20	232.1	39.4796796	73.5945860	5318.2
1666	267.3	267.3	267.3	1539,785,11,9	232.0	39.4796787	73.5945860	5318.2
1667	22.0	22.0	22.0	968,81,23,8	231.4	39.4798421	73.5948519	5314.1
1668	61.1	61.1	61.1	177,37,20,14	231.4	39.4796801	73.5945853	5314.1
1669	239.2	239.2	239.2	375,87,10,12	231.4	39.4796785	73.5945856	5318.2
1670	317.3	312.3	317.3	1714,92,18,8	231.4	39.4796778	73.5945857	5318.2
1671	301.3	298.3	307.3	473,840,8,9	231.3	39.4796786	73.5945855	5318.2
1672	232.2	232.2	232.2	327,501,17,10	231.2	39.4796795	73.5945857	5318.2
1673	96.1	96.1	97.1	1634,401,8,14	231.0	39.4796808	73.5945855	5318.3
1674	270.3	270.3	271.3	1761,1055,12,10	231.0	39.4796788	73.5945859	5318.2
1675	67.1	67.1	67.1	1651,285,4,20	230.9	39.4796791	73.5945858	5314.1
1676	95.1	95.1	95.1	859,829,10,12	230.5	39.4796809	73.5945857	5318.3
1677	418.4	414.4	418.4	1335,489,10,8	230.4	39.4796759	73.5945856	5318.2
1678	384.4	384.4	387.4	1553,995,10,16	230.3	39.4796768	73.5945857	5318.2
1679	350.4	350.4	352.4	1581,971,8,14	230.1	39.4796777	73.5945861	5318.2
1680	80.1	80.1	80.1	1713,457,8,8	230.0	39.4796802	73.5945859	5318.3
1681	14.0	13.0	16.0	1905,19,15,8	229.8	39.4798433	73.5948518	5314.1
1682	147.1	147.1	147.1	487,489,8,8	229.5	39.4796799	73.5945852	5318.3
1683	339.3	339.3	339.3	1867,81,8,32	229.5	39.4796772	73.5945857	5318.2
1684	355.4	355.4	355.4	1649,449,8,16	229.4	39.4796776	73.5945862	5318.2
1685	343.3	342.3	343.3	1558,863,13,12	229.3	39.4796776	73.5945856	5318.2
1686	387.4	385.4	387.4	595,449,4,16	229.3	39.4796773	73.5945858	5318.2
1687	246.2	246.2	246.2	1545,249,8,8	229.1	39.4796788	73.5945856	5318.2
1688	432.4	432.4	433.4	1317,661,8,12	229.1	39.4796758	73.5945854	5318.2
1689	384.4	384.4	384.4	377,337,8,8	228.8	39.4796768	73.5945857	5318.2
1690	442.4	442.4	442.4	869,1058,12,9	228.8	39.4796762	73.5945860	5318.2
1691	343.3	343.3	343.3	1001,105,10,12	228.5	39.4796776	73.5945856	5318.2
1692	129.1	128.1	129.1	19,213,10,12	228.1	39.4796806	73.5945849	5318.3
1693	218.2	218.2	218.2	32,176,13,11	228.1	39.4796793	73.5945854	5318.2
1694	424.4	424.4	424.4	1577,1021,8,12	227.7	39.4796759	73.5945854	5318.2
1695	222.2	222.2	222.2	639,297,10,16	227.6	39.4796793	73.5945854	5318.2
1696	48.0	47.0	49.0	585,257,11,8	227.5	39.4796795	73.5945848	5314.1
1697	257.3	257.3	258.3	1263,45,18,7	227.3	39.4796786	73.5945860	5318.2
1698	449.4	447.4	451.5	1881,781,6,20	227.3	39.4796760	73.5945862	5318.2
1699	203.2	198.2	207.2	881,660,13,8	227.1	39.4796795	73.5945853	5318.2
1700	5.0	5.0	5.0	1713,41,19,8	226.8	39.4798442	73.5948516	5314.1
1701	14.0	14.0	15.0	1851,1065,6,15	226.1	39.4798433	73.5948518	5314.1
1702	165.2	165.2	168.2	449,197,12,16	226.1	39.4796797	73.5945843	5318.3
1703	274.3	274.3	276.3	1105,1023,20,10	225.9	39.4796783	73.5945861	5318.2
1704	450.4	450.4	450.4	45,897,4,16	225.6	39.4796761	73.5945862	5318.3
1705	292.3	290.3	296.3	1048,957,15,8	225.5	39.4796785	73.5945858	5318.2
1706	283.3	283.3	283.3	305,49,8,8	225.3	39.4796788	73.5945859	5318.2
1707	389.4	389.4	389.4	1697,673,8,16	225.2	39.4796771	73.5945859	5318.2
1708	83.1	83.1	83.1	169,89,16,18	225.0	39.4796803	73.5945857	5318.3
1709	97.1	97.1	97.1	757,151,12,10	224.9	39.4796807	73.5945855	5318.3
1710	257.3	257.3	257.3	1419,100,14,7	224.5	39.4796786	73.5945860	5318.2
1711	43.0	41.0	43.0	707,47,16,10	224.3	39.4796788	73.5945849	5314.1
1712	217.2	217.2	217.2	241,161,10,16	224.2	39.4796794	73.5945854	5318.2
1713	75.1	75.1	76.1	169,321,10,8	224.1	39.4796796	73.5945858	5318.2
1714	220.2	220.2	224.2	97,705,8,16	224.1	39.4796795	73.5945854	5318.2
1715	74.1	74.1	74.1	205,795,4,20	223.8	39.4796795	73.5945857	5318.3
1716	80.1	80.1	80.1	881,19,24,4	223.8	39.4796802	73.5945859	5318.3
1717	265.3	265.3	265.3	1761,1025,8,14	223.6	39.4796785	73.5945863	5318.2
1718	126.1	126.1	126.1	41,125,8,14	222.6	39.4796807	73.5945846	5318.3
1719	425.4	421.4	426.4	457,77,16,11	222.6	39.4796759	73.5945855	5318.2
1720	103.1	103.1	103.1	0,877,9,13	222.5	39.4796801	73.5945855	5318.3
1721	158.2	157.2	158.2	1521,777,8,8	222.5	39.4796797	73.5945845	5318.3
1722	84.1	84.1	84.1	527,859,22,10	222.3	39.4796803	73.5945857	5318.3
1723	82.1	81.1	82.1	877,33,10,12	222.2	39.4796803	73.5945857	5318.3
1724	168.2	168.2	168.2	1140,1055,9,20	222.1	39.4796799	73.5945844	5318.3
1725	432.4	428.4	432.4	783,433,6,32	221.7	39.4796758	73.5945854	5318.2
1726	385.4	385.4	386.4	1385,1063,10,11	221.4	39.4796769	73.5945858	5318.2
1727	267.3	266.3	273.3	1851,801,10,16	221.0	39.4796787	73.5945860	5318.2
1728	87.1	87.1	87.1	1133,1027,20,4	220.9	39.4796805	73.5945858	5318.3
1729	99.1	99.1	100.1	377,213,14,6	220.9	39.4796806	73.5945857	5318.3
1730	352.4	352.4	352.4	1433,957,10,16	220.8	39.4796777	73.5945862	5318.2
1731	347.3	346.3	347.3	1039,25,8,16	220.7	39.4796777	73.5945862	5318.2
1732	272.3	272.3	272.3	1597,893,10,12	220.6	39.4796787	73.5945858	5318.2
1733	77.1	77.1	77.1	1393,767,8,10	220.5	39.4796796	73.5945860	5318.2
1734	138.1	136.1	138.1	19,49,14,11	220.5	39.4796799	73.5945849	5318.3
1735	90.1	90.1	90.1	311,91,16,10	220.0	39.4796810	73.5945857	5318.3
1736	115.1	113.1	115.1	1531,5,22,6	219.9	39.4796804	73.5945853	5318.3
1737	257.3	256.3	257.3	1499,109,14,12	219.9	39.4796786	73.5945860	5318.2
1738	80.1	80.1	82.1	1841,299,10,14	219.8	39.4796802	73.5945859	5318.3
1739	109.1	109.1	109.1	1911,65,9,12	219.8	39.4796808	73.5945853	5318.3
1740	50.1	50.1	50.1	0,929,9,16	219.7	39.4796800	73.5945849	5314.1
1741	148.1	148.1	152.2	462,377,11,13	219.6	39.4796801	73.5945851	5318.3
1742	364.4	364.4	364.4	1899,173,12,10	219.5	39.4796777	73.5945855	5318.2
1743	158.2	158.2	159.2	179,561,6,16	219.4	39.4796797	73.5945845	5318.3
1744	109.1	109.1	109.1	259,529,6,16	219.2	39.4796808	73.5945853	5318.3
1745	222.2	222.2	222.2	1841,587,8,16	218.6	39.4796793	73.5945854	5318.2
1746	393.4	392.4	397.4	1622,397,15,12	218.3	39.4796771	73.5945860	5318.2
1747	165.2	165.2	165.2	545,33,10,8	218.0	39.4796797	73.5945843	5318.3
1748	47.0	43.0	48.0	513,209,8,10	217.5	39.4796795	73.5945850	5314.1
1749	125.1	125.1	125.1	161,722,8,17	217.4	39.4796808	73.5945846	5318.3
1750	260.3	260.3	262.3	1625,245,12,11	217.0	39.4796786	73.5945862	5318.2
1751	107.1	107.1	107.1	309,713,8,8	216.6	39.4796808	73.5945854	5318.3
1752	266.3	266.3	269.3	1766,1014,27,11	216.6	39.4796786	73.5945862	5318.2
1753	88.1	88.1	88.1	919,49,18,8	216.4	39.4796808	73.5945857	5318.3
1754	418.4	414.4	418.4	673,825,8,8	216.4	39.4796759	73.5945856	5318.2
1755	222.2	222.2	222.2	1785,753,14,12	216.3	39.4796793	73.5945854	5318.2
1756	276.3	275.3	276.3	1908,229,5,20	216.3	39.4796783	73.5945861	5318.2
1757	178.2	178.2	182.2	1406,1053,9,12	216.2	39.4796797	73.5945847	5318.2
1758	31.0	30.0	32.0	1843,1063,14,13	216.1	39.4798043	73.5947896	5314.1
1759	212.2	211.2	214.2	455,105,9,13	216.1	39.4796796	73.5945854	5318.2
1760	240.2	240.2	240.2	225,145,8,14	216.1	39.4796784	73.5945856	5318.2
1761	290.3	290.3	290.3	1489,113,14,7	216.0	39.4796786	73.5945860	5318.2
1762	5.0	5.0	5.0	1395,897,14,10	215.9	39.4798442	73.5948516	5314.1
1763	109.1	109.1	109.1	737,11,16,6	215.9	39.4796808	73.5945853	5318.3
1764	265.3	260.3	265.3	1913,606,7,11	215.9	39.4796785	73.5945863	5318.2
1765	378.4	378.4	378.4	371,1017,8,16	215.9	39.4796769	73.5945859	5318.2
1766	387.4	387.4	387.4	711,537,12,8	215.8	39.4796773	73.5945858	5318.2
1767	430.4	427.4	431.4	367,473,10,16	215.8	39.4796758	73.5945854	5318.3
1768	279.3	277.3	279.3	1660,74,5,23	215.7	39.4796785	73.5945860	5318.2
1769	125.1	125.1	125.1	1595,77,16,10	215.5	39.4796808	73.5945846	5318.3
1770	66.1	66.1	66.1	1461,177,12,6	215.4	39.4796795	73.5945855	5314.1
1771	168.2	167.2	168.2	165,417,6,10	215.4	39.4796799	73.5945844	5318.3
1772	229.2	229.2	229.2	257,257,6,10	215.4	39.4796795	73.5945859	5318.2
1773	354.4	354.4	354.4	83,281,14,8	215.4	39.4796778	73.5945862	5318.2
1774	351.4	349.3	351.4	1792,581,5,25	215.2	39.4796777	73.5945861	5318.2
1775	10.0	10.0	10.0	873,458,5,15	215.1	39.4798435	73.5948517	5314.1
1776	143.1	143.1	143.1	9,169,8,8	215.1	39.4796797	73.5945852	5318.3
1777	109.1	109.1	109.1	1117,41,34,4	214.6	39.4796808	73.5945853	5318.3
1778	232.2	232.2	232.2	1677,1044,11,10	214.5	39.4796795	73.5945857	5318.2
1779	325.3	323.3	325.3	521,88,8,15	214.4	39.4796777	73.5945856	5318.2
1780	231.2	231.2	233.2	57,111,7,10	214.1	39.4796795	73.5945857	5318.2
1781	380.4	380.4	380.4	81,79,8,10	214.1	39.4796769	73.5945860	5318.2
1782	102.1	101.1	102.1	211,874,10,7	213.9	39.4796801	73.5945855	5318.3
1783	446.4	446.4	446.4	394,217,7,8	213.9	39.4796759	73.5945863	5318.2
1784	265.3	263.3	271.3	1889,766,8,12	213.8	39.4796785	73.5945863	5318.2
1785	281.3	281.3	281.3	1553,97,14,6	213.8	39.4796786	73.5945860	5318.2
1786	305.3	305.3	307.3	1837,1055,7,22	213.7	39.4796787	73.5945857	5318.2
1787	162.2	160.2	163.2	449,675,6,14	213.6	39.4796799	73.5945846	5318.3
1788	90.1	90.1	90.1	1783,693,8,20	213.4	39.4796810	73.5945857	5318.3
1789	42.0	40.0	42.0	561,9,8,14	213.3	39.4796787	73.5945847	5314.1
1790	217.2	217.2	217.2	243,625,6,8	213.1	39.4796794	73.5945854	5318.2
1791	275.3	275.3	275.3	481,433,12,10	213.1	39.4796784	73.5945860	5318.2
1792	306.3	306.3	308.3	1483,1038,10,8	213.1	39.4796787	73.5945856	5318.2
1793	81.1	81.1	81.1	875,7,20,5	213.0	39.4796804	73.5945857	5318.3
1794	291.3	283.3	294.3	261,185,10,16	213.0	39.4796787	73.5945860	5318.2
1795	207.2	207.2	207.2	1281,129,16,8	212.9	39.4796795	73.5945855	5318.2
1796	109.1	109.1	109.1	1019,111,30,4	212.6	39.4796808	73.5945853	5318.3
1797	375.4	375.4	375.4	1809,45,12,15	212.6	39.4796768	73.5945859	5318.2
1798	81.1	81.1	82.1	1693,109,6,12	212.4	39.4796804	73.5945857	5318.3
1799	364.4	364.4	364.4	1869,537,6,20	212.4	39.4796777	73.5945855	5318.2
1800	143.1	143.1	143.1	5,1049,6,12	212.3	39.4796797	73.5945852	5318.3
1801	144.1	143.1	144.1	185,97,8,8	212.2	39.4796796	73.5945853	5318.3
1802	94.1	94.1	94.1	109,475,8,22	212.1	39.4796810	73.5945855	5318.3
1803	323.3	316.3	323.3	905,57,12,14	211.9	39.4796776	73.5945857	5318.2
1804	36.0	35.0	38.0	1713,177,12,7	211.8	39.4796831	73.5945915	5314.1
1805	217.2	217.2	217.2	421,425,10,16	211.8	39.4796794	73.5945854	5318.2
1806	178.2	176.2	178.2	333,41,12,8	211.6	39.4796797	73.5945847	5318.2
1807	306.3	306.3	307.3	1823,882,8,15	211.6	39.4796787	73.5945856	5318.2
1808	0.0	0.0	0.0	1089,256,16,7	211.4	39.4798451	73.5948511	5314.1
1809	17.0	17.0	17.0	1122,415,13,10	211.4	39.4798431	73.5948517	5314.1
1810	248.2	247.2	248.2	1571,911,10,14	211.4	39.4796788	73.5945855	5318.2
1811	356.4	356.4	356.4	7,953,6,27	211.3	39.4796773	73.5945860	5318.2
1812	135.1	132.1	135.1	63,113,8,16	211.2	39.4796800	73.5945850	5318.3
1813	141.1	141.1	142.1	964,25,21,8	211.2	39.4796799	73.5945850	5318.3
1814	210.2	210.2	210.2	1281,9,17,8	211.2	39.4796797	73.5945856	5318.2
1815	240.2	240.2	240.2	1801,173,10,16	211.2	39.4796784	73.5945856	5318.2
1816	124.1	124.1	124.1	537,1065,16,8	211.1	39.4796809	73.5945847	5318.3
1817	360.4	357.4	360.4	1889,857,8,8	211.1	39.4796776	73.5945859	5318.2
1818	335.3	335.3	335.3	1077,1065,12,8	211.0	39.4796776	73.5945856	5318.2
1819	45.0	44.0	49.0	473,405,10,16	210.9	39.4796795	73.5945851	5314.1
1820	162.2	157.2	163.2	265,253,6,12	210.4	39.4796799	73.5945846	5318.3
1821	248.2	247.2	248.2	1809,335,4,18	210.3	39.4796788	73.5945855	5318.2
1822	176.2	175.2	177.2	237,155,8,12	210.2	39.4796799	73.5945848	5318.3
1823	387.4	387.4	387.4	323,753,2,32	210.2	39.4796773	73.5945858	5318.2
1824	425.4	425.4	425.4	393,245,8,19	210.1	39.4796759	73.5945855	5318.2
1825	159.2	159.2	159.2	1233,1049,18,8	209.8	39.4796798	73.5945845	5318.2
1826	222.2	222.2	222.2	482,249,10,8	209.7	39.4796793	73.5945854	5318.2
1827	14.0	14.0	14.0	1185,33,12,6	209.6	39.4798433	73.5948518	5314.1
1828	312.3	312.3	314.3	1643,329,11,12	209.6	39.4796784	73.5945857	5318.2
1829	447.4	447.4	450.4	119,1033,4,16	209.6	39.4796758	73.5945863	5318.2
1830	302.3	297.3	302.3	645,97,18,8	209.3	39.4796786	73.5945855	5318.2
1831	107.1	107.1	107.1	889,685,10,16	209.2	39.4796808	73.5945854	5318.3
1832	127.1	127.1	127.1	1137,217,16,6	209.2	39.4796805	73.5945847	5318.3
1833	449.4	444.4	451.5	1623,609,6,16	209.2	39.4796760	73.5945862	5318.2
1834	11.0	11.0	11.0	1187,121,15,8	209.1	39.4798434	73.5948518	5314.1
1835	432.4	432.4	432.4	0,129,9,13	208.9	39.4796758	73.5945854	5318.2
1836	435.4	435.4	435.4	1141,1049,8,8	208.7	39.4796759	73.5945856	5318.2
1837	14.0	14.0	14.0	1537,9,24,5	208.6	39.4798433	73.5948518	5314.1
1838	162.2	160.2	162.2	1567,735,14,14	208.5	39.4796799	73.5945846	5318.3
1839	250.2	250.2	251.3	1523,35,14,10	208.5	39.4796789	73.5945857	5318.2
1840	372.4	372.4	372.4	37,1065,4,15	208.3	39.4796769	73.5945859	5318.2
1841	172.2	166.2	172.2	1902,789,18,18	208.0	39.4796794	73.5945847	5318.3
1842	88.1	88.1	88.1	1117,151,31,5	207.9	39.4796808	73.5945857	5318.3
1843	100.1	100.1	100.1	253,35,12,14	207.9	39.4796801	73.5945856	5318.3
1844	324.3	324.3	324.3	657,345,8,12	207.9	39.4796776	73.5945856	5318.2
1845	117.1	117.1	117.1	193,923,24,10	207.5	39.4796806	73.5945851	5318.3
1846	222.2	222.2	222.2	1813,1061,14,12	207.5	39.4796793	73.5945854	5318.2
1847	18.0	18.0	18.0	179,985,14,8	207.0	39.4798426	73.5948518	5314.1
1848	394.4	394.4	394.4	1865,153,8,8	206.9	39.4796771	73.5945859	5318.2
1849	160.2	160.2	162.2	359,914,10,11	206.1	39.4796800	73.5945845	5318.3
1850	306.3	306.3	307.3	1244,1053,9,9	206.0	39.4796787	73.5945856	5318.2
1851	299.3	295.3	300.3	735,73,10,11	205.8	39.4796786	73.5945856	5318.2
1852	308.3	308.3	308.3	1327,689,10,9	205.7	39.4796786	73.5945855	5318.2
1853	184.2	184.2	187.2	1161,1041,8,10	205.5	39.4796795	73.5945848	5318.3
1854	449.4	449.4	451.5	33,829,16,9	205.5	39.4796760	73.5945862	5318.2
1855	117.1	117.1	117.1	485,165,12,12	205.4	39.4796806	73.5945851	5318.3
1856	125.1	125.1	125.1	95,569,6,22	204.9	39.4796808	73.5945846	5318.3
1857	270.3	270.3	272.3	1409,935,12,10	204.9	39.4796788	73.5945859	5318.2
1858	140.1	139.1	140.1	925,977,20,6	204.8	39.4796798	73.5945849	5318.3
1859	410.4	409.4	410.4	0,857,4,20	204.8	39.4796761	73.5945857	5318.2
1860	195.2	195.2	200.2	1070,65,15,11	204.5	39.4796798	73.5945848	5318.2
1861	232.2	232.2	232.2	1415,1051,18,8	204.4	39.4796795	73.5945857	5318.2
1862	387.4	383.4	387.4	407,261,14,12	204.4	39.4796773	73.5945858	5318.2
1863	176.2	176.2	177.2	1478,258,11,17	204.1	39.4796799	73.5945848	5318.3
1864	224.2	223.2	224.2	255,543,6,18	203.9	39.4796791	73.5945854	5318.2
1865	379.4	379.4	379.4	503,929,10,16	203.9	39.4796770	73.5945860	5318.2
1866	335.3	335.3	335.3	250,0,7,17	203.6	39.4796776	73.5945856	5318.2
1867	94.1	94.1	94.1	853,987,8,9	203.3	39.4796810	73.5945855	5318.3
1868	415.4	414.4	417.4	1841,573,16,4	203.3	39.4796760	73.5945857	5318.2
1869	16.0	16.0	16.0	1154,405,7,12	203.2	39.4798432	73.5948517	5314.1
1870	137.1	136.1	138.1	1159,1055,14,8	202.9	39.4796799	73.5945849	5318.3
1871	272.3	272.3	272.3	1619,1009,4,18	202.9	39.4796787	73.5945858	5318.2
1872	315.3	315.3	315.3	1721,33,7,11	202.9	39.4796779	73.5945859	5318.2
1873	292.3	289.3	296.3	1027,41,10,8	202.8	39.4796785	73.5945858	5318.2
1874	95.1	95.1	95.1	843,957,11,12	202.4	39.4796809	73.5945857	5318.3
1875	433.4	433.4	433.4	1885,1066,10,14	202.4	39.4796759	73.5945854	5318.2
1876	129.1	129.1	129.1	357,285,12,10	202.3	39.4796806	73.5945849	5318.3
1877	230.2	228.2	230.2	405,205,12,8	202.2	39.4796796	73.5945858	5318.2
1878	305.3	302.3	307.3	1791,714,8,14	202.1	39.4796787	73.5945857	5318.2
1879	219.2	219.2	219.2	89,865,8,8	201.8	39.4796794	73.5945854	5318.2
1880	15.0	15.0	15.0	1273,211,16,4	201.7	39.4798433	73.5948517	5314.1
1881	249.2	249.2	251.3	1913,161,7,8	201.6	39.4796791	73.5945855	5318.2
1882	257.3	257.3	257.3	1713,81,6,16	201.4	39.4796786	73.5945860	5318.2
1883	296.3	296.3	296.3	913,1057,8,14	201.4	39.4796785	73.5945856	5318.2
1884	135.1	132.1	135.1	0,113,11,12	200.9	39.4796800	73.5945850	5318.3
1885	105.1	105.1	105.1	993,141,10,8	200.7	39.4796803	73.5945853	5318.3
1886	224.2	223.2	224.2	1565,545,4,16	200.7	39.4796791	73.5945854	5318.2
1887	325.3	324.3	325.3	1839,1015,10,7	200.7	39.4796777	73.5945856	5318.2
1888	413.4	411.4	413.4	1425,41,8,8	200.4	39.4796758	73.5945856	5318.2
1889	322.3	322.3	322.3	1793,745,17,5	200.2	39.4796776	73.5945858	5318.2
1890	0.0	0.0	1.0	1153,305,8,8	199.9	39.4798451	73.5948511	5314.1
1891	14.0	12.0	14.0	29,545,10,18	199.8	39.4798433	73.5948518	5314.1
1892	120.1	120.1	120.1	301,17,12,10	199.6	39.4796808	73.5945850	5318.3
1893	231.2	231.2	231.2	1889,461,8,12	199.5	39.4796795	73.5945857	5318.2
1894	149.1	147.1	153.2	1474,629,8,12	199.2	39.4796802	73.5945851	5318.3
1895	390.4	389.4	390.4	463,1047,10,16	198.9	39.4796770	73.5945859	5318.2
1896	228.2	225.2	228.2	87,789,14,9	198.6	39.4796791	73.5945857	5318.2
1897	311.3	311.3	311.3	314,1001,5,19	198.1	39.4796784	73.5945855	5318.2
1898	171.2	169.2	171.2	697,836,12,5	197.8	39.4796795	73.5945846	5318.3
1899	127.1	127.1	127.1	1883,1033,10,16	197.6	39.4796805	73.5945847	5318.3
1900	271.3	270.3	271.3	1843,0,6,9	197.6	39.4796787	73.5945860	5318.2
1901	162.2	162.2	163.2	45,289,12,13	197.4	39.4796799	73.5945846	5318.3
1902	172.2	172.2	172.2	600,223,5,14	196.9	39.4796794	73.5945847	5318.3
1903	107.1	107.1	107.1	1281,627,7,14	196.6	39.4796808	73.5945854	5318.3
1904	426.4	426.4	426.4	457,11,13,10	196.6	39.4796759	73.5945855	5318.2
1905	338.3	338.3	338.3	0,449,9,8	196.5	39.4796772	73.5945857	5318.2
1906	26.0	26.0	29.0	497,317,20,12	196.3	39.4798425	73.5948517	5314.1
1907	317.3	315.3	317.3	532,613,21,6	195.8	39.4796778	73.5945857	5318.2
1908	174.2	174.2	174.2	25,552,8,9	195.7	39.4796795	73.5945849	5318.3
1909	99.1	99.1	99.1	77,783,8,13	195.5	39.4796806	73.5945857	5318.3
1910	449.4	449.4	449.4	1433,1024,8,9	195.4	39.4796760	73.5945862	5318.2
1911	27.0	27.0	27.0	1624,113,9,8	195.3	39.4798424	73.5948517	5314.1
1912	261.3	256.3	262.3	1746,111,7,12	195.3	39.4796786	73.5945862	5318.2
1913	397.4	397.4	404.4	67,810,4,23	195.3	39.4796767	73.5945858	5318.2
1914	16.0	16.0	16.0	1159,497,8,8	195.2	39.4798432	73.5948517	5314.1
1915	91.1	91.1	91.1	561,189,7,14	195.2	39.4796809	73.5945856	5318.3
1916	378.4	377.4	378.4	1515,409,10,12	195.2	39.4796769	73.5945859	5318.2
1917	88.1	88.1	91.1	680,1045,15,12	194.8	39.4796808	73.5945857	5318.3
1918	272.3	272.3	272.3	1409,1041,8,12	194.3	39.4796787	73.5945858	5318.2
1919	432.4	432.4	433.4	809,117,8,8	194.2	39.4796758	73.5945854	5318.2
1920	281.3	281.3	281.3	1325,710,5,17	194.1	39.4796786	73.5945860	5318.2
1921	305.3	305.3	306.3	1853,381,8,12	193.9	39.4796787	73.5945857	5318.2
1922	336.3	336.3	340.3	209,247,6,10	193.8	39.4796774	73.5945856	5318.2
1923	235.2	235.2	235.2	3,33,4,15	193.5	39.4796791	73.5945855	5318.2
1924	203.2	200.2	203.2	1507,766,5,17	193.4	39.4796795	73.5945853	5318.2
1925	237.2	237.2	237.2	529,43,12,4	193.4	39.4796789	73.5945856	5318.2
1926	449.4	449.4	449.4	1717,937,6,16	193.4	39.4796760	73.5945862	5318.2
1927	259.3	254.3	260.3	1615,41,10,8	193.1	39.4796785	73.5945861	5318.2
1928	404.4	404.4	404.4	7,204,10,9	193.1	39.4796763	73.5945858	5318.2
1929	133.1	133.1	134.1	353,533,8,12	193.0	39.4796800	73.5945851	5318.3
1930	156.2	155.2	156.2	1442,297,7,10	193.0	39.4796797	73.5945849	5318.3
1931	394.4	383.4	398.4	1738,668,6,13	193.0	39.4796771	73.5945859	5318.2
1932	111.1	111.1	111.1	69,613,8,12	192.9	39.4796807	73.5945851	5318.3
1933	2.0	2.0	4.0	1838,0,15,9	192.7	39.4798448	73.5948512	5314.1
1934	43.0	43.0	45.0	21,557,8,11	192.6	39.4796788	73.5945849	5314.1
1935	129.1	128.1	129.1	1833,257,13,8	192.6	39.4796806	73.5945849	5318.3
1936	311.3	311.3	311.3	241,967,6,10	192.5	39.4796784	73.5945855	5318.2
1937	11.0	11.0	11.0	1141,509,10,10	192.4	39.4798434	73.5948518	5314.1
1938	216.2	215.2	216.2	369,761,7,14	192.3	39.4796795	73.5945854	5318.3
1939	105.1	105.1	105.1	577,765,11,12	192.2	39.4796803	73.5945853	5318.3
1940	313.3	313.3	313.3	1900,118,6,11	192.2	39.4796779	73.5945857	5318.2
1941	341.3	341.3	342.3	1583,949,8,10	191.4	39.4796773	73.5945857	5318.2
1942	220.2	220.2	220.2	645,497,6,8	191.3	39.4796795	73.5945854	5318.2
1943	239.2	239.2	239.2	1569,1055,16,4	191.3	39.4796785	73.5945856	5318.2
1944	220.2	220.2	220.2	1817,729,8,16	191.2	39.4796795	73.5945854	5318.2
1945	155.2	155.2	158.2	295,113,6,14	191.1	39.4796798	73.5945850	5318.3
1946	281.3	281.3	281.3	1721,277,10,7	191.0	39.4796786	73.5945860	5318.2
1947	113.1	113.1	113.1	623,33,12,8	190.9	39.4796807	73.5945852	5318.3
1948	206.2	205.2	206.2	1257,45,24,4	190.8	39.4796794	73.5945855	5318.2
1949	193.2	193.2	193.2	1357,1009,12,8	190.7	39.4796796	73.5945846	5318.2
1950	341.3	341.3	341.3	1191,115,14,6	190.6	39.4796773	73.5945857	5318.2
1951	275.3	275.3	275.3	1162,363,11,10	190.5	39.4796784	73.5945860	5318.2
1952	128.1	128.1	128.1	741,1041,20,10	190.3	39.4796805	73.5945848	5318.3
1953	18.0	18.0	18.0	1179,269,8,12	190.2	39.4798426	73.5948518	5314.1
1954	242.2	242.2	242.2	1417,0,18,7	190.0	39.4796786	73.5945857	5318.2
1955	24.0	24.0	25.0	1290,41,10,8	189.9	39.4798423	73.5948517	5314.1
1956	188.2	186.2	188.2	1019,957,18,8	189.5	39.4796799	73.5945847	5318.2
1957	23.0	23.0	23.0	1045,103,6,10	189.4	39.4798422	73.5948518	5314.1
1958	388.4	388.4	388.4	1705,757,6,16	189.4	39.4796772	73.5945859	5318.2
1959	9.0	9.0	9.0	1835,1069,12,7	189.3	39.4798436	73.5948517	5314.1
1960	295.3	295.3	297.3	965,101,16,8	189.3	39.4796785	73.5945856	5318.2
1961	50.1	50.1	50.1	145,0,18,9	189.0	39.4796800	73.5945849	5314.1
1962	237.2	237.2	237.2	329,429,8,12	189.0	39.4796789	73.5945856	5318.2
1963	435.4	435.4	435.4	532,259,9,11	188.9	39.4796759	73.5945856	5318.2
1964	82.1	82.1	82.1	67,47,6,14	188.7	39.4796803	73.5945857	5318.3
1965	221.2	221.2	221.2	505,845,5,14	188.5	39.4796795	73.5945854	5318.2
1966	274.3	274.3	274.3	1779,309,6,12	188.4	39.4796783	73.5945861	5318.2
1967	140.1	140.1	140.1	810,1075,15,5	188.3	39.4796798	73.5945849	5318.3
1968	234.2	234.2	234.2	1335,931,12,6	188.0	39.4796790	73.5945857	5318.2
1969	99.1	99.1	99.1	139,611,4,14	187.7	39.4796806	73.5945857	5318.3
1970	222.2	222.2	222.2	1687,801,10,12	187.6	39.4796793	73.5945854	5318.2
1971	237.2	236.2	238.2	1569,817,8,8	187.6	39.4796789	73.5945856	5318.2
1972	281.3	281.3	281.3	1323,1013,13,6	187.6	39.4796786	73.5945860	5318.2
1973	259.3	259.3	259.3	1553,45,12,8	187.4	39.4796785	73.5945861	5318.2
1974	20.0	20.0	20.0	1233,1017,20,8	187.3	39.4798425	73.5948518	5314.1
1975	436.4	435.4	440.4	1619,1068,12,12	187.1	39.4796758	73.5945856	5318.3
1976	302.3	299.3	302.3	769,0,8,9	186.7	39.4796786	73.5945855	5318.2
1977	92.1	92.1	92.1	1041,465,7,12	186.6	39.4796810	73.5945856	5318.3
1978	220.2	213.2	220.2	97,1057,6,10	186.6	39.4796795	73.5945854	5318.2
1979	27.0	27.0	29.0	406,1001,10,9	186.0	39.4798424	73.5948517	5314.1
1980	169.2	169.2	169.2	1353,765,16,4	185.8	39.4796798	73.5945847	5318.3
1981	107.1	107.1	107.1	380,753,9,12	185.6	39.4796808	73.5945854	5318.3
1982	162.2	161.2	162.2	1627,49,12,6	185.5	39.4796799	73.5945846	5318.3
1983	126.1	126.1	126.1	1816,465,15,5	185.2	39.4796807	73.5945846	5318.3
1984	335.3	335.3	335.3	1577,454,4,19	185.2	39.4796776	73.5945856	5318.2
1985	16.0	16.0	16.0	347,473,9,20	185.1	39.4798432	73.5948517	5314.1
1986	44.0	42.0	48.0	385,445,8,9	184.9	39.4796790	73.5945850	5314.1
1987	20.0	20.0	20.0	0,121,12,8	184.8	39.4798425	73.5948518	5314.1
1988	168.2	167.2	168.2	189,473,8,9	184.8	39.4796799	73.5945844	5318.3
1989	16.0	16.0	16.0	156,537,7,18	184.7	39.4798432	73.5948517	5314.1
1990	222.2	222.2	222.2	1690,1073,9,7	184.7	39.4796793	73.5945854	5318.2
1991	129.1	129.1	129.1	1795,493,8,12	184.0	39.4796806	73.5945849	5318.3
1992	16.0	16.0	16.0	1410,379,7,8	183.8	39.4798432	73.5948517	5314.1
1993	18.0	18.0	18.0	1165,1057,22,14	183.8	39.4798426	73.5948518	5314.1
1994	257.3	257.3	261.3	1907,251,5,22	183.7	39.4796786	73.5945860	5318.2
1995	277.3	277.3	280.3	1564,980,19,5	183.7	39.4796783	73.5945861	5318.2
1996	271.3	271.3	272.3	551,949,10,8	183.3	39.4796787	73.5945860	5318.2
1997	445.4	443.4	445.4	1789,686,12,19	183.1	39.4796759	73.5945861	5318.2
1998	274.3	274.3	275.3	461,897,12,5	182.9	39.4796783	73.5945861	5318.2
1999	419.4	419.4	420.4	0,1041,9,6	182.9	39.4796760	73.5945856	5318.2
2000	131.1	131.1	131.1	1889,213,8,12	182.6	39.4796803	73.5945852	5318.3
2001	338.3	338.3	338.3	1369,177,8,15	182.6	39.4796772	73.5945857	5318.2
2002	385.4	378.4	385.4	365,145,12,8	182.0	39.4796769	73.5945858	5318.2
2003	7.0	1.0	8.0	1495,1057,10,8	181.9	39.4798440	73.5948518	5314.1
2004	129.1	129.1	129.1	182,145,5,18	181.9	39.4796806	73.5945849	5318.3
2005	12.0	12.0	13.0	1741,189,8,8	181.8	39.4798434	73.5948517	5314.1
2006	280.3	279.3	280.3	1909,635,11,18	181.7	39.4796786	73.5945860	5318.2
2007	315.3	315.3	315.3	1253,40,12,5	181.4	39.4796779	73.5945859	5318.2
2008	364.4	364.4	364.4	1526,724,5,13	181.4	39.4796777	73.5945855	5318.2
2009	355.4	355.4	355.4	15,993,4,17	181.2	39.4796776	73.5945862	5318.2
2010	105.1	105.1	105.1	177,945,10,12	180.9	39.4796803	73.5945853	5318.3
2011	214.2	214.2	214.2	123,521,8,16	180.9	39.4796795	73.5945853	5318.2
2012	141.1	141.1	141.1	1313,81,18,3	180.7	39.4796799	73.5945850	5318.3
2013	203.2	203.2	203.2	1808,17,9,9	180.6	39.4796795	73.5945853	5318.2
2014	18.0	18.0	18.0	1228,972,13,7	180.5	39.4798426	73.5948518	5314.1
2015	97.1	96.1	97.1	1177,145,4,14	180.4	39.4796807	73.5945855	5318.3
2016	218.2	218.2	218.2	10,1001,7,16	180.0	39.4796793	73.5945854	5318.2
2017	14.0	14.0	14.0	1433,203,16,4	179.8	39.4798433	73.5948518	5314.1
2018	270.3	270.3	270.3	1313,870,21,3	179.8	39.4796788	73.5945859	5318.2
2019	48.0	46.0	49.0	1053,1003,10,14	179.7	39.4796795	73.5945848	5314.1
2020	215.2	214.2	216.2	1689,1057,8,8	179.7	39.4796795	73.5945853	5318.2
2021	23.0	23.0	23.0	1032,379,14,5	179.6	39.4798422	73.5948518	5314.1
2022	145.1	145.1	145.1	183,551,6,10	179.6	39.4796796	73.5945853	5318.3
2023	6.0	3.0	9.0	1536,1065,9,8	179.5	39.4798443	73.5948517	5314.1
2024	419.4	419.4	420.4	113,807,12,10	179.4	39.4796760	73.5945856	5318.2
2025	305.3	301.3	306.3	1209,681,12,6	179.0	39.4796787	73.5945857	5318.2
2026	417.4	411.4	417.4	1881,49,8,8	179.0	39.4796759	73.5945857	5318.3
2027	133.1	133.1	133.1	1395,895,16,10	178.8	39.4796800	73.5945851	5318.3
2028	222.2	222.2	222.2	1813,841,8,8	178.7	39.4796793	73.5945854	5318.2
2029	404.4	404.4	404.4	1526,545,7,16	178.7	39.4796763	73.5945858	5318.2
2030	405.4	405.4	405.4	1862,773,11,8	178.7	39.4796763	73.5945858	5318.2
2031	11.0	11.0	11.0	453,471,6,18	178.6	39.4798434	73.5948518	5314.1
2032	157.2	157.2	157.2	97,25,5,16	178.5	39.4796797	73.5945848	5318.3
2033	234.2	234.2	235.2	1769,959,10,10	178.5	39.4796790	73.5945857	5318.2
2034	449.4	446.4	449.4	1899,889,14,6	178.2	39.4796760	73.5945862	5318.2
2035	208.2	208.2	208.2	1195,61,14,4	178.1	39.4796796	73.5945857	5318.2
2036	348.3	348.3	348.3	1609,631,4,16	178.1	39.4796777	73.5945862	5318.2
2037	211.2	211.2	211.2	347,39,18,14	177.8	39.4796797	73.5945855	5318.2
2038	422.4	422.4	423.4	1889,825,7,8	177.8	39.4796759	73.5945858	5318.3
2039	155.2	155.2	155.2	1585,797,10,7	177.7	39.4796798	73.5945850	5318.3
2040	287.3	285.3	297.3	1211,961,6,8	177.6	39.4796789	73.5945855	5318.2
2041	280.3	280.3	280.3	1909,994,8,15	177.5	39.4796786	73.5945860	5318.2
2042	89.1	89.1	89.1	699,589,4,12	177.2	39.4796809	73.5945856	5318.3
2043	159.2	158.2	159.2	223,25,6,10	177.2	39.4796798	73.5945845	5318.2
2044	157.2	156.2	157.2	929,105,12,6	176.9	39.4796797	73.5945848	5318.3
2045	338.3	338.3	338.3	1682,1073,13,7	176.4	39.4796772	73.5945857	5318.2
2046	46.0	40.0	46.0	1336,257,5,10	176.2	39.4796794	73.5945850	5314.1
2047	286.3	282.3	289.3	1157,912,10,6	176.0	39.4796788	73.5945856	5318.2
2048	158.2	158.2	158.2	1073,75,14,4	175.9	39.4796797	73.5945845	5318.3
2049	320.3	320.3	320.3	691,305,4,16	175.6	39.4796778	73.5945859	5318.2
2050	93.1	93.1	93.1	1110,89,9,8	175.5	39.4796810	73.5945855	5318.3
2051	196.2	196.2	196.2	1768,81,9,10	175.5	39.4796798	73.5945849	5318.2
2052	220.2	220.2	220.2	1281,0,9,5	175.5	39.4796795	73.5945854	5318.2
2053	234.2	234.2	236.2	1051,1065,22,10	175.4	39.4796790	73.5945857	5318.2
2054	425.4	425.4	425.4	1873,1013,12,8	174.9	39.4796759	73.5945855	5318.2
2055	404.4	404.4	404.4	1736,667,7,18	174.8	39.4796763	73.5945858	5318.2
2056	67.1	67.1	67.1	1233,981,12,6	174.7	39.4796791	73.5945858	5314.1
2057	296.3	296.3	296.3	773,807,8,10	174.7	39.4796785	73.5945856	5318.2
2058	50.1	43.0	50.1	270,219,19,20	174.3	39.4796800	73.5945849	5314.1
2059	220.2	220.2	220.2	457,43,12,4	174.3	39.4796795	73.5945854	5318.2
2060	204.2	204.2	204.2	1161,151,8,10	174.2	39.4796794	73.5945854	5318.2
2061	297.3	297.3	297.3	33,209,8,8	174.2	39.4796785	73.5945856	5318.2
2062	379.4	379.4	379.4	1791,373,7,18	173.9	39.4796770	73.5945860	5318.2
2063	405.4	405.4	405.4	1849,81,7,10	173.9	39.4796763	73.5945858	5318.2
2064	255.3	255.3	255.3	1604,113,9,16	173.7	39.4796786	73.5945861	5318.2
2065	273.3	273.3	273.3	1345,725,16,20	173.7	39.4796784	73.5945859	5318.2
2066	285.3	285.3	285.3	155,831,6,10	173.7	39.4796788	73.5945857	5318.2
2067	14.0	13.0	14.0	1907,305,6,8	173.4	39.4798433	73.5948518	5314.1
2068	192.2	192.2	192.2	1641,385,4,16	173.4	39.4796797	73.5945845	5318.2
2069	390.4	390.4	390.4	1893,973,9,10	173.3	39.4796770	73.5945859	5318.2
2070	340.3	340.3	340.3	1620,331,5,20	172.9	39.4796773	73.5945857	5318.2
2071	164.2	164.2	164.2	1074,353,6,12	172.8	39.4796797	73.5945844	5318.3
2072	201.2	201.2	201.2	1377,799,16,10	172.7	39.4796796	73.5945851	5318.2
2073	166.2	162.2	166.2	694,914,17,7	172.6	39.4796798	73.5945845	5318.3
2074	164.2	164.2	164.2	417,153,8,8	172.2	39.4796797	73.5945844	5318.3
2075	190.2	190.2	190.2	1905,585,8,8	172.2	39.4796799	73.5945846	5318.2
2076	177.2	175.2	177.2	1328,413,17,9	171.9	39.4796798	73.5945847	5318.3
2077	319.3	319.3	319.3	705,501,16,8	171.8	39.4796779	73.5945858	5318.2
2078	432.4	432.4	432.4	859,241,14,6	171.7	39.4796758	73.5945854	5318.2
2079	362.4	362.4	362.4	1838,930,3,15	171.5	39.4796775	73.5945856	5318.2
2080	431.4	431.4	431.4	1822,265,11,16	171.5	39.4796760	73.5945853	5318.3
2081	241.2	241.2	241.2	1227,983,12,10	171.4	39.4796785	73.5945857	5318.2
2082	143.1	143.1	143.1	1172,1041,13,8	171.1	39.4796797	73.5945852	5318.3
2083	28.0	26.0	32.0	1633,48,8,9	170.9	39.4798403	73.5948484	5314.1
2084	427.4	427.4	427.4	1897,761,6,12	170.5	39.4796759	73.5945856	5318.2
2085	12.0	12.0	12.0	1831,593,6,12	170.2	39.4798434	73.5948517	5314.1
2086	205.2	205.2	207.2	1539,521,6,18	170.2	39.4796793	73.5945854	5318.2
2087	136.1	136.1	136.1	99,193,6,16	170.1	39.4796799	73.5945849	5318.3
2088	307.3	305.3	307.3	479,289,6,10	170.1	39.4796787	73.5945855	5318.2
2089	18.0	18.0	18.0	1625,871,10,12	169.9	39.4798426	73.5948518	5314.1
2090	297.3	297.3	297.3	678,787,12,13	169.3	39.4796785	73.5945856	5318.2
2091	421.4	421.4	421.4	81,29,8,10	169.3	39.4796760	73.5945857	5318.2
2092	126.1	126.1	126.1	1889,64,16,9	169.2	39.4796807	73.5945846	5318.3
2093	300.3	295.3	305.3	1633,793,6,8	169.2	39.4796786	73.5945856	5318.2
2094	177.2	177.2	177.2	1138,207,7,10	168.9	39.4796798	73.5945847	5318.3
2095	305.3	301.3	306.3	1916,603,4,24	168.9	39.4796787	73.5945857	5318.2
2096	315.3	313.3	320.3	119,180,9,15	168.9	39.4796779	73.5945859	5318.2
2097	209.2	209.2	209.2	1721,33,18,6	168.5	39.4796797	73.5945856	5318.2
2098	340.3	340.3	340.3	1770,975,7,10	168.5	39.4796773	73.5945857	5318.2
2099	443.4	443.4	443.4	1121,0,8,9	168.5	39.4796761	73.5945860	5318.3
2100	343.3	343.3	343.3	1913,165,7,12	168.3	39.4796776	73.5945856	5318.2
2101	354.4	354.4	354.4	1457,849,8,8	168.3	39.4796778	73.5945862	5318.2
2102	23.0	23.0	23.0	1257,295,14,4	168.2	39.4798422	73.5948518	5314.1
2103	33.0	32.0	37.0	1701,71,12,8	168.2	39.4797545	73.5947078	5314.1
2104	143.1	143.1	144.1	331,209,6,8	168.0	39.4796797	73.5945852	5318.3
2105	341.3	341.3	341.3	1429,465,4,16	167.9	39.4796773	73.5945857	5318.2
2106	13.0	12.0	13.0	117,897,4,16	167.7	39.4798434	73.5948517	5314.1
2107	232.2	232.2	232.2	217,665,6,8	167.6	39.4796795	73.5945857	5318.2
2108	394.4	394.4	394.4	1873,588,8,13	167.6	39.4796771	73.5945859	5318.2
2109	426.4	422.4	426.4	79,186,14,9	167.3	39.4796759	73.5945855	5318.2
2110	67.1	67.1	67.1	1329,513,16,11	167.1	39.4796791	73.5945858	5314.1
2111	382.4	382.4	382.4	557,892,10,13	166.8	39.4796767	73.5945858	5318.2
2112	253.3	251.3	253.3	1873,945,4,12	166.3	39.4796787	73.5945858	5318.2
2113	161.2	161.2	161.2	1033,27,14,4	166.2	39.4796800	73.5945846	5318.3
2114	255.3	255.3	255.3	1657,147,16,4	165.9	39.4796786	73.5945861	5318.2
2115	410.4	410.4	410.4	1417,457,8,8	165.8	39.4796761	73.5945857	5318.2
2116	106.1	106.1	106.1	1525,649,8,8	165.7	39.4796806	73.5945853	5318.3
2117	299.3	299.3	300.3	817,49,12,6	165.3	39.4796786	73.5945856	5318.2
2118	432.4	432.4	432.4	1825,1033,8,10	165.3	39.4796758	73.5945854	5318.2
2119	96.1	96.1	96.1	319,1026,10,10	165.1	39.4796808	73.5945855	5318.3
2120	442.4	442.4	442.4	1041,69,6,13	165.0	39.4796762	73.5945860	5318.2
2121	205.2	204.2	208.2	1457,215,12,8	164.6	39.4796793	73.5945854	5318.2
2122	336.3	336.3	336.3	1801,1025,12,4	164.4	39.4796774	73.5945856	5318.2
2123	385.4	385.4	385.4	1905,1049,7,12	164.2	39.4796769	73.5945858	5318.2
2124	91.1	91.1	91.1	1367,197,14,4	164.1	39.4796809	73.5945856	5318.3
2125	196.2	196.2	197.2	657,97,8,6	164.1	39.4796798	73.5945849	5318.2
2126	223.2	222.2	223.2	469,953,6,8	164.1	39.4796791	73.5945854	5318.2
2127	114.1	114.1	114.1	657,113,10,6	163.8	39.4796806	73.5945852	5318.3
2128	248.2	248.2	248.2	1288,103,17,8	163.7	39.4796788	73.5945855	5318.2
2129	12.0	11.0	12.0	1217,511,10,6	163.6	39.4798434	73.5948517	5314.1
2130	341.3	341.3	341.3	1430,87,15,6	163.2	39.4796773	73.5945857	5318.2
2131	95.1	95.1	95.1	45,331,4,12	163.1	39.4796809	73.5945857	5318.3
2132	10.0	10.0	10.0	981,261,7,8	163.0	39.4798435	73.5948517	5314.1
2133	145.1	145.1	145.1	433,161,6,8	162.9	39.4796796	73.5945853	5318.3
2134	18.0	18.0	18.0	19,373,10,8	162.8	39.4798426	73.5948518	5314.1
2135	433.4	432.4	433.4	529,177,4,16	162.7	39.4796759	73.5945854	5318.2
2136	445.4	444.4	445.4	1489,937,12,6	162.6	39.4796759	73.5945861	5318.2
2137	143.1	143.1	143.1	1897,192,8,8	162.1	39.4796797	73.5945852	5318.3
2138	228.2	228.2	228.2	535,33,10,8	162.1	39.4796791	73.5945857	5318.2
2139	291.3	291.3	291.3	1201,1069,8,8	162.1	39.4796787	73.5945860	5318.2
2140	167.2	164.2	167.2	819,145,7,14	161.9	39.4796799	73.5945844	5318.3
2141	158.2	155.2	158.2	601,45,8,8	161.5	39.4796797	73.5945845	5318.3
2142	173.2	173.2	173.2	33,406,11,8	161.4	39.4796794	73.5945848	5318.3
2143	167.2	167.2	173.2	19,369,6,8	161.3	39.4796799	73.5945844	5318.3
2144	297.3	295.3	298.3	1609,934,8,6	161.3	39.4796785	73.5945856	5318.2
2145	100.1	96.1	100.1	33,0,11,4	161.2	39.4796801	73.5945856	5318.3
2146	422.4	422.4	422.4	1873,425,13,10	161.1	39.4796759	73.5945858	5318.3
2147	210.2	210.2	216.2	551,1029,10,6	161.0	39.4796797	73.5945856	5318.2
2148	342.3	342.3	342.3	1777,953,10,12	161.0	39.4796776	73.5945856	5318.2
2149	149.1	148.1	153.2	1781,897,12,8	160.9	39.4796802	73.5945851	5318.3
2150	336.3	336.3	336.3	1353,0,8,13	160.9	39.4796774	73.5945856	5318.2
2151	362.4	362.4	362.4	1785,686,8,11	160.9	39.4796775	73.5945856	5318.2
2152	340.3	340.3	340.3	210,193,8,8	160.8	39.4796773	73.5945857	5318.2
2153	24.0	24.0	24.0	1641,965,14,10	160.7	39.4798423	73.5948517	5314.1
2154	100.1	100.1	101.1	53,601,4,16	160.7	39.4796801	73.5945856	5318.3
2155	104.1	104.1	104.1	1310,665,7,13	160.6	39.4796802	73.5945852	5318.3
2156	145.1	145.1	147.1	0,793,9,8	160.6	39.4796796	73.5945853	5318.3
2157	49.0	49.0	49.0	535,367,12,8	160.4	39.4796798	73.5945848	5314.1
2158	10.0	10.0	10.0	1025,198,8,7	160.3	39.4798435	73.5948517	5314.1
2159	94.1	94.1	94.1	45,555,12,16	160.3	39.4796810	73.5945855	5318.3
2160	185.2	185.2	185.2	1759,977,10,8	160.2	39.4796794	73.5945848	5318.2
2161	203.2	203.2	203.2	1803,517,6,14	160.1	39.4796795	73.5945853	5318.2
2162	182.2	181.2	182.2	985,23,14,6	159.8	39.4796794	73.5945846	5318.2
2163	384.4	384.4	384.4	1737,33,8,8	159.8	39.4796768	73.5945857	5318.2
2164	431.4	431.4	431.4	1901,921,6,20	159.5	39.4796760	73.5945853	5318.3
2165	18.0	18.0	18.0	1326,301,14,4	159.4	39.4798426	73.5948518	5314.1
2166	255.3	254.3	255.3	1673,79,8,6	159.3	39.4796786	73.5945861	5318.2
2167	17.0	17.0	17.0	1121,337,13,9	159.0	39.4798431	73.5948517	5314.1
2168	45.0	44.0	46.0	425,553,6,12	159.0	39.4796795	73.5945851	5314.1
2169	107.1	107.1	107.1	225,1043,4,18	158.9	39.4796808	73.5945854	5318.3
2170	362.4	362.4	362.4	1630,785,11,14	158.9	39.4796775	73.5945856	5318.2
2171	48.0	48.0	48.0	1801,881,8,6	158.7	39.4796795	73.5945848	5314.1
2172	194.2	194.2	194.2	1377,1015,9,16	158.7	39.4796797	73.5945847	5318.2
2173	206.2	204.2	206.2	475,913,6,12	158.6	39.4796794	73.5945855	5318.2
2174	210.2	210.2	211.2	73,1021,8,8	158.5	39.4796797	73.5945856	5318.2
2175	128.1	128.1	128.1	1897,29,8,8	158.4	39.4796805	73.5945848	5318.3
2176	28.0	24.0	38.0	1598,225,13,6	158.1	39.4798403	73.5948484	5314.1
2177	162.2	162.2	162.2	1377,37,16,6	158.1	39.4796799	73.5945846	5318.3
2178	296.3	295.3	297.3	565,307,6,9	158.1	39.4796785	73.5945856	5318.2
2179	446.4	443.4	446.4	1514,883,7,10	157.7	39.4796759	73.5945863	5318.2
2180	95.1	95.1	95.1	1639,235,12,8	157.6	39.4796809	73.5945857	5318.3
2181	379.4	379.4	379.4	1809,29,4,20	157.6	39.4796770	73.5945860	5318.2
2182	290.3	289.3	290.3	707,87,14,6	157.5	39.4796786	73.5945860	5318.2
2183	177.2	175.2	179.2	1297,823,16,6	157.4	39.4796798	73.5945847	5318.3
2184	362.4	362.4	362.4	1611,924,4,21	157.3	39.4796775	73.5945856	5318.2
2185	382.4	380.4	383.4	1868,412,10,7	157.2	39.4796767	73.5945858	5318.2
2186	1.0	0.0	3.0	1481,153,7,8	157.0	39.4798449	73.5948511	5314.1
2187	171.2	169.2	171.2	1524,751,13,12	156.8	39.4796795	73.5945846	5318.3
2188	132.1	132.1	132.1	185,414,16,9	156.7	39.4796802	73.5945852	5318.3
2189	265.3	263.3	269.3	1836,670,8,9	156.6	39.4796785	73.5945863	5318.2
2190	284.3	284.3	287.3	1019,813,18,8	156.6	39.4796787	73.5945858	5318.2
2191	18.0	18.0	18.0	265,985,12,10	156.4	39.4798426	73.5948518	5314.1
2192	44.0	41.0	47.0	594,113,5,10	156.4	39.4796790	73.5945850	5314.1
2193	391.4	391.4	391.4	101,729,4,24	156.3	39.4796770	73.5945860	5318.2
2194	201.2	197.2	201.2	1601,533,4,16	155.9	39.4796796	73.5945851	5318.2
2195	220.2	220.2	220.2	498,189,5,10	155.6	39.4796795	73.5945854	5318.2
2196	191.2	191.2	191.2	1169,872,10,6	155.5	39.4796798	73.5945846	5318.2
2197	391.4	391.4	391.4	319,1049,4,16	155.5	39.4796770	73.5945860	5318.2
2198	155.2	155.2	155.2	417,219,8,6	155.2	39.4796798	73.5945850	5318.3
2199	13.0	13.0	13.0	1518,145,13,8	155.1	39.4798434	73.5948517	5314.1
2200	99.1	99.1	99.1	573,575,6,10	155.1	39.4796806	73.5945857	5318.3
2201	143.1	143.1	143.1	0,33,9,8	154.9	39.4796797	73.5945852	5318.3
2202	393.4	393.4	403.4	1749,325,4,12	154.9	39.4796771	73.5945860	5318.2
2203	152.2	149.1	152.2	55,697,2,24	154.7	39.4796800	73.5945851	5318.3
2204	283.3	283.3	286.3	213,1010,6,10	154.6	39.4796788	73.5945859	5318.2
2205	17.0	17.0	17.0	1121,481,12,12	154.5	39.4798431	73.5948517	5314.1
2206	18.0	18.0	18.0	1325,970,12,7	154.5	39.4798426	73.5948518	5314.1
2207	173.2	173.2	174.2	761,129,8,6	154.5	39.4796794	73.5945848	5318.3
2208	211.2	211.2	211.2	537,49,14,8	154.4	39.4796797	73.5945855	5318.2
2209	417.4	415.4	417.4	569,761,8,8	154.2	39.4796759	73.5945857	5318.3
2210	162.2	162.2	162.2	45,937,2,24	154.1	39.4796799	73.5945846	5318.3
2211	191.2	191.2	191.2	1358,559,9,14	154.1	39.4796798	73.5945846	5318.2
2212	320.3	320.3	320.3	1018,1047,7,10	154.0	39.4796778	73.5945859	5318.2
2213	282.3	282.3	284.3	313,1065,10,15	153.9	39.4796788	73.5945860	5318.2
2214	17.0	17.0	17.0	1350,315,7,6	153.6	39.4798431	73.5948517	5314.1
2215	11.0	11.0	11.0	1147,433,5,8	153.4	39.4798434	73.5948518	5314.1
2216	158.2	154.2	158.2	1253,404,12,15	153.3	39.4796797	73.5945845	5318.3
2217	222.2	222.2	222.2	1729,707,8,8	153.1	39.4796793	73.5945854	5318.2
2218	272.3	272.3	272.3	1905,897,4,16	152.7	39.4796787	73.5945858	5318.2
2219	316.3	312.3	316.3	1623,233,10,6	152.6	39.4796778	73.5945858	5318.2
2220	157.2	156.2	158.2	159,69,5,12	152.5	39.4796797	73.5945848	5318.3
2221	250.2	250.2	253.3	1835,939,6,22	152.5	39.4796789	73.5945857	5318.2
2222	107.1	107.1	107.1	1673,233,12,4	151.7	39.4796808	73.5945854	5318.3
2223	96.1	96.1	97.1	153,1052,8,5	151.5	39.4796808	73.5945855	5318.3
2224	144.1	142.1	144.1	1399,843,10,6	151.4	39.4796796	73.5945853	5318.3
2225	435.4	435.4	435.4	609,327,16,4	151.2	39.4796759	73.5945856	5318.2
2226	445.4	444.4	445.4	1638,855,6,10	151.0	39.4796759	73.5945861	5318.2
2227	4.0	0.0	4.0	73,187,6,14	150.8	39.4798441	73.5948515	5314.1
2228	91.1	91.1	91.1	1331,34,15,7	150.8	39.4796809	73.5945856	5318.3
2229	165.2	164.2	165.2	1121,97,6,8	150.8	39.4796797	73.5945843	5318.3
2230	300.3	300.3	301.3	1317,1013,6,8	150.4	39.4796786	73.5945856	5318.2
2231	425.4	425.4	425.4	311,561,6,16	150.4	39.4796759	73.5945855	5318.2
2232	202.2	201.2	202.2	1137,89,18,3	149.9	39.4796796	73.5945851	5318.2
2233	210.2	206.2	210.2	1375,71,10,10	149.9	39.4796797	73.5945856	5318.2
2234	437.4	437.4	438.4	1258,220,7,12	149.4	39.4796758	73.5945858	5318.2
2235	209.2	209.2	209.2	1681,81,8,6	149.3	39.4796797	73.5945856	5318.2
2236	391.4	391.4	391.4	1839,528,8,7	149.3	39.4796770	73.5945860	5318.2
2237	192.2	191.2	192.2	1253,841,12,14	149.2	39.4796797	73.5945845	5318.2
2238	17.0	17.0	17.0	1161,157,12,4	149.1	39.4798431	73.5948517	5314.1
2239	141.1	141.1	141.1	161,129,8,7	149.0	39.4796799	73.5945850	5318.3
2240	285.3	282.3	287.3	145,471,8,12	148.6	39.4796788	73.5945857	5318.2
2241	146.1	146.1	151.2	1757,528,7,14	148.5	39.4796797	73.5945853	5318.3
2242	11.0	11.0	13.0	111,80,10,9	148.4	39.4798434	73.5948518	5314.1
2243	161.2	161.2	161.2	1487,33,18,6	148.2	39.4796800	73.5945846	5318.3
2244	207.2	207.2	207.2	1595,225,6,8	148.2	39.4796795	73.5945855	5318.2
2245	157.2	157.2	157.2	65,443,9,6	148.1	39.4796797	73.5945848	5318.3
2246	220.2	220.2	220.2	601,21,6,8	148.1	39.4796795	73.5945854	5318.2
2247	237.2	237.2	237.2	1377,1037,8,4	148.0	39.4796789	73.5945856	5318.2
2248	451.5	451.5	451.5	641,769,6,8	147.8	39.4796762	73.5945863	5318.3
2249	220.2	220.2	220.2	9,965,4,12	147.7	39.4796795	73.5945854	5318.2
2250	305.3	304.3	307.3	529,800,6,19	147.6	39.4796787	73.5945857	5318.2
2251	166.2	165.2	166.2	609,197,10,8	147.3	39.4796798	73.5945845	5318.3
2252	180.2	178.2	181.2	1217,3,16,6	147.3	39.4796796	73.5945846	5318.2
2253	341.3	341.3	341.3	188,17,7,10	147.3	39.4796773	73.5945857	5318.2
2254	226.2	226.2	226.2	434,141,9,5	147.2	39.4796790	73.5945857	5318.2
2255	206.2	206.2	206.2	614,875,13,8	147.1	39.4796794	73.5945855	5318.2
2256	400.4	400.4	400.4	1915,801,5,8	147.0	39.4796767	73.5945859	5318.2
2257	154.2	154.2	154.2	1379,833,14,10	146.9	39.4796798	73.5945851	5318.3
2258	212.2	212.2	212.2	1577,33,8,6	146.9	39.4796796	73.5945854	5318.2
2259	444.4	444.4	445.4	1636,881,7,16	146.7	39.4796760	73.5945861	5318.3
2260	266.3	266.3	266.3	1828,957,7,12	146.5	39.4796786	73.5945862	5318.2
2261	167.2	167.2	167.2	121,896,4,17	146.3	39.4796799	73.5945844	5318.3
2262	11.0	11.0	11.0	999,411,2,20	146.2	39.4798434	73.5948518	5314.1
2263	162.2	162.2	162.2	21,23,8,9	146.1	39.4796799	73.5945846	5318.3
2264	101.1	97.1	101.1	153,493,8,12	145.9	39.4796801	73.5945856	5318.3
2265	217.2	217.2	217.2	545,843,14,6	145.9	39.4796794	73.5945854	5318.2
2266	210.2	210.2	210.2	1627,73,12,10	145.7	39.4796797	73.5945856	5318.2
2267	151.2	144.1	153.2	905,314,9,9	145.6	39.4796801	73.5945850	5318.3
2268	50.1	50.1	50.1	0,233,9,9	145.5	39.4796800	73.5945849	5314.1
2269	159.2	159.2	159.2	1681,41,8,8	145.2	39.4796798	73.5945845	5318.2
2270	156.2	156.2	160.2	1261,605,8,12	145.1	39.4796797	73.5945849	5318.3
2271	356.4	356.4	356.4	80,497,9,12	145.1	39.4796773	73.5945860	5318.2
2272	200.2	200.2	200.2	1431,473,10,6	145.0	39.4796795	73.5945850	5318.2
2273	95.1	95.1	95.1	695,1073,10,7	144.8	39.4796809	73.5945857	5318.3
2274	431.4	431.4	431.4	1569,245,4,12	144.8	39.4796760	73.5945853	5318.3
2275	205.2	205.2	205.2	1336,503,9,12	144.7	39.4796793	73.5945854	5318.2
2276	228.2	228.2	228.2	1811,647,4,11	144.2	39.4796791	73.5945857	5318.2
2277	237.2	237.2	238.2	1313,1021,12,6	144.0	39.4796789	73.5945856	5318.2
2278	210.2	210.2	210.2	1741,65,20,2	143.8	39.4796797	73.5945856	5318.2
2279	23.0	23.0	23.0	299,73,6,8	143.2	39.4798422	73.5948518	5314.1
2280	50.1	46.0	50.1	1463,103,10,10	143.2	39.4796800	73.5945849	5314.1
2281	225.2	223.2	227.2	81,306,6,11	143.2	39.4796791	73.5945857	5318.2
2282	281.3	281.3	283.3	1285,48,11,5	143.1	39.4796786	73.5945860	5318.2
2283	32.0	28.0	35.0	1873,922,8,7	143.0	39.4797815	73.5947523	5314.1
2284	213.2	213.2	217.2	275,561,6,6	143.0	39.4796796	73.5945853	5318.2
2285	279.3	277.3	280.3	1703,720,6,9	143.0	39.4796785	73.5945860	5318.2
2286	405.4	405.4	405.4	1788,385,11,8	142.9	39.4796763	73.5945858	5318.2
2287	50.1	50.1	50.1	1215,555,18,6	142.8	39.4796800	73.5945849	5314.1
2288	196.2	196.2	200.2	373,1001,6,8	142.8	39.4796798	73.5945849	5318.2
2289	427.4	427.4	427.4	1905,627,8,8	142.8	39.4796759	73.5945856	5318.2
2290	199.2	199.2	199.2	781,123,5,12	142.5	39.4796795	73.5945849	5318.2
2291	48.0	41.0	48.0	305,33,5,12	142.4	39.4796795	73.5945848	5314.1
2292	158.2	158.2	158.2	1133,1075,10,5	142.4	39.4796797	73.5945845	5318.3
2293	437.4	437.4	438.4	317,98,8,7	142.3	39.4796758	73.5945858	5318.2
2294	41.0	41.0	41.0	485,8,11,12	142.2	39.4796787	73.5945846	5314.1
2295	172.2	172.2	172.2	603,167,14,4	142.2	39.4796794	73.5945847	5318.3
2296	313.3	313.3	313.3	809,357,8,9	142.2	39.4796779	73.5945857	5318.2
2297	175.2	175.2	175.2	1119,0,10,5	142.0	39.4796797	73.5945849	5318.3
2298	302.3	302.3	307.3	1785,1022,8,10	141.9	39.4796786	73.5945855	5318.2
2299	427.4	427.4	427.4	1843,358,14,13	141.9	39.4796759	73.5945856	5318.2
2300	278.3	278.3	278.3	1619,379,10,14	141.7	39.4796784	73.5945860	5318.2
2301	165.2	165.2	165.2	481,101,5,8	141.6	39.4796797	73.5945843	5318.3
2302	338.3	338.3	338.3	1761,831,6,8	141.6	39.4796772	73.5945857	5318.2
2303	254.3	254.3	254.3	1749,5,12,8	141.5	39.4796786	73.5945859	5318.2
2304	217.2	217.2	217.2	189,823,5,10	141.4	39.4796794	73.5945854	5318.2
2305	154.2	154.2	154.2	177,1009,5,13	141.3	39.4796798	73.5945851	5318.3
2306	95.1	95.1	95.1	413,581,4,14	141.2	39.4796809	73.5945857	5318.3
2307	165.2	165.2	165.2	370,167,7,10	141.2	39.4796797	73.5945843	5318.3
2308	194.2	187.2	194.2	1501,297,6,12	141.0	39.4796797	73.5945847	5318.2
2309	205.2	204.2	205.2	1557,49,6,10	141.0	39.4796793	73.5945854	5318.2
2310	228.2	225.2	228.2	323,454,4,11	141.0	39.4796791	73.5945857	5318.2
2311	209.2	209.2	209.2	601,1025,8,8	140.9	39.4796797	73.5945856	5318.2
2312	154.2	154.2	154.2	1301,530,9,7	140.7	39.4796798	73.5945851	5318.3
2313	24.0	24.0	30.0	1419,1009,8,7	140.6	39.4798423	73.5948517	5314.1
2314	308.3	308.3	308.3	1569,1033,10,8	140.6	39.4796786	73.5945855	5318.2
2315	166.2	165.2	166.2	633,243,12,6	140.5	39.4796798	73.5945845	5318.3
2316	343.3	343.3	343.3	9,57,2,22	140.5	39.4796776	73.5945856	5318.2
2317	146.1	146.1	146.1	1717,411,10,5	140.3	39.4796797	73.5945853	5318.3
2318	437.4	437.4	438.4	689,60,8,5	140.2	39.4796758	73.5945858	5318.2
2319	434.4	434.4	434.4	586,346,7,7	140.1	39.4796759	73.5945855	5318.2
2320	293.3	293.3	293.3	1913,969,7,8	139.9	39.4796785	73.5945856	5318.2
2321	289.3	289.3	289.3	1139,21,12,4	139.7	39.4796789	73.5945859	5318.2
2322	16.0	16.0	16.0	209,417,6,10	139.6	39.4798432	73.5948517	5314.1
2323	94.1	94.1	94.1	1041,223,8,6	139.6	39.4796810	73.5945855	5318.3
2324	385.4	385.4	385.4	1501,803,6,8	139.4	39.4796769	73.5945858	5318.2
2325	293.3	293.3	296.3	1107,149,10,4	139.3	39.4796785	73.5945856	5318.2
2326	5.0	5.0	5.0	1185,235,8,6	139.0	39.4798442	73.5948516	5314.1
2327	9.0	6.0	9.0	1435,1025,6,8	138.9	39.4798436	73.5948517	5314.1
2328	165.2	165.2	165.2	825,293,8,6	138.9	39.4796797	73.5945843	5318.3
2329	338.3	338.3	338.3	1610,891,11,10	138.7	39.4796772	73.5945857	5318.2
2330	281.3	281.3	281.3	1849,0,8,9	138.6	39.4796786	73.5945860	5318.2
2331	281.3	281.3	281.3	130,993,5,11	138.6	39.4796786	73.5945860	5318.2
2332	34.0	25.0	38.0	1661,609,12,5	138.5	39.4797263	73.5946617	5314.1
2333	389.4	389.4	389.4	371,841,6,8	138.4	39.4796771	73.5945859	5318.2
2334	91.1	91.1	91.1	457,877,5,11	138.2	39.4796809	73.5945856	5318.3
2335	175.2	175.2	175.2	0,643,9,7	138.2	39.4796797	73.5945849	5318.3
2336	99.1	99.1	99.1	177,829,6,12	138.1	39.4796806	73.5945857	5318.3
2337	380.4	380.4	380.4	1715,985,10,8	138.0	39.4796769	73.5945860	5318.2
2338	100.1	100.1	100.1	0,937,9,6	137.9	39.4796801	73.5945856	5318.3
2339	294.3	294.3	294.3	0,385,12,8	137.8	39.4796785	73.5945857	5318.2
2340	405.4	405.4	405.4	1909,1033,6,8	137.7	39.4796763	73.5945858	5318.2
2341	4.0	3.0	4.0	1125,765,6,12	137.6	39.4798441	73.5948515	5314.1
2342	208.2	207.2	208.2	493,913,12,4	137.5	39.4796796	73.5945857	5318.2
2343	18.0	18.0	18.0	1905,649,6,12	137.4	39.4798426	73.5948518	5314.1
2344	216.2	215.2	216.2	601,33,8,8	137.3	39.4796795	73.5945854	5318.3
2345	18.0	18.0	18.0	1261,289,11,6	137.1	39.4798426	73.5948518	5314.1
2346	154.2	154.2	154.2	1426,763,9,8	137.1	39.4796798	73.5945851	5318.3
2347	194.2	194.2	194.2	1299,1074,10,6	137.1	39.4796797	73.5945847	5318.2
2348	287.3	282.3	287.3	874,896,10,5	137.1	39.4796789	73.5945855	5318.2
2349	91.1	91.1	91.1	74,1056,7,9	136.9	39.4796809	73.5945856	5318.3
2350	176.2	176.2	176.2	435,457,4,8	136.9	39.4796799	73.5945848	5318.3
2351	414.4	411.4	417.4	1885,596,4,13	136.7	39.4796757	73.5945856	5318.2
2352	37.0	26.0	39.0	967,299,7,9	136.6	39.4796797	73.5945861	5314.1
2353	97.1	95.1	97.1	457,203,8,6	136.5	39.4796807	73.5945855	5318.3
2354	128.1	128.1	128.1	425,483,6,9	136.5	39.4796805	73.5945848	5318.3
2355	354.4	354.4	354.4	1745,1037,4,12	136.4	39.4796778	73.5945862	5318.2
2356	143.1	141.1	143.1	915,151,20,4	136.3	39.4796797	73.5945852	5318.3
2357	184.2	184.2	184.2	1201,33,12,4	136.3	39.4796795	73.5945848	5318.3
2358	252.3	252.3	252.3	945,121,12,4	136.3	39.4796787	73.5945858	5318.2
2359	99.1	99.1	99.1	459,623,6,10	136.2	39.4796806	73.5945857	5318.3
2360	210.2	210.2	210.2	1201,51,13,4	136.2	39.4796797	73.5945856	5318.2
2361	256.3	256.3	256.3	1381,33,4,11	136.0	39.4796785	73.5945861	5318.2
2362	23.0	23.0	23.0	343,252,7,7	135.4	39.4798422	73.5948518	5314.1
2363	202.2	202.2	202.2	531,73,10,6	135.3	39.4796796	73.5945851	5318.2
2364	277.3	277.3	279.3	1719,982,10,11	135.3	39.4796783	73.5945861	5318.2
2365	175.2	175.2	175.2	1265,165,8,6	135.1	39.4796797	73.5945849	5318.3
2366	183.2	183.2	183.2	185,281,8,6	135.1	39.4796794	73.5945847	5318.2
2367	284.3	283.3	290.3	201,299,8,5	135.1	39.4796787	73.5945858	5318.2
2368	99.1	99.1	99.1	515,65,20,2	134.8	39.4796806	73.5945857	5318.3
2369	304.3	304.3	306.3	1872,879,7,10	134.7	39.4796786	73.5945855	5318.2
2370	254.3	254.3	254.3	1183,9,6,8	134.6	39.4796786	73.5945859	5318.2
2371	296.3	296.3	296.3	258,27,9,4	134.6	39.4796785	73.5945856	5318.2
2372	436.4	435.4	436.4	1525,1054,12,11	134.6	39.4796758	73.5945856	5318.3
2373	286.3	282.3	286.3	1063,874,10,5	134.5	39.4796788	73.5945856	5318.2
2374	29.0	29.0	32.0	1197,295,4,10	134.3	39.4798337	73.5948377	5314.1
2375	238.2	236.2	238.2	225,257,10,8	134.3	39.4796787	73.5945855	5318.2
2376	135.1	135.1	135.1	649,137,8,7	134.0	39.4796800	73.5945850	5318.3
2377	95.1	95.1	95.1	100,985,5,10	133.5	39.4796809	73.5945857	5318.3
2378	445.4	445.4	445.4	235,63,9,8	133.1	39.4796759	73.5945861	5318.2
2379	299.3	299.3	300.3	853,177,6,8	132.9	39.4796786	73.5945856	5318.2
2380	166.2	166.2	166.2	321,273,6,8	132.6	39.4796798	73.5945845	5318.3
2381	235.2	235.2	235.2	1473,942,15,3	132.6	39.4796791	73.5945855	5318.2
2382	45.0	45.0	49.0	325,649,8,8	132.3	39.4796795	73.5945851	5314.1
2383	208.2	208.2	208.2	1053,25,10,8	132.3	39.4796796	73.5945857	5318.2
2384	386.4	386.4	386.4	497,281,14,4	132.2	39.4796772	73.5945858	5318.2
2385	0.0	0.0	4.0	1913,113,7,8	131.6	39.4798451	73.5948511	5314.1
2386	359.4	359.4	362.4	1285,241,6,7	131.5	39.4796777	73.5945858	5318.2
2387	172.2	172.2	172.2	537,265,4,12	131.2	39.4796794	73.5945847	5318.3
2388	16.0	16.0	16.0	241,433,4,12	131.1	39.4798432	73.5948517	5314.1
2389	172.2	172.2	172.2	517,6,12,9	131.1	39.4796794	73.5945847	5318.3
2390	382.4	382.4	382.4	1761,367,4,18	130.8	39.4796767	73.5945858	5318.2
2391	209.2	209.2	209.2	969,50,12,5	130.7	39.4796797	73.5945856	5318.2
2392	202.2	202.2	202.2	1220,751,13,8	130.6	39.4796796	73.5945851	5318.2
2393	104.1	104.1	104.1	227,17,6,8	130.5	39.4796802	73.5945852	5318.3
2394	210.2	210.2	210.2	1865,1041,4,10	130.4	39.4796797	73.5945856	5318.2
2395	9.0	9.0	10.0	995,1027,6,6	130.3	39.4798436	73.5948517	5314.1
2396	43.0	43.0	46.0	555,873,6,8	130.1	39.4796788	73.5945849	5314.1
2397	93.1	93.1	93.1	1029,1033,6,7	130.1	39.4796810	73.5945855	5318.3
2398	235.2	235.2	236.2	71,1049,10,8	130.0	39.4796791	73.5945855	5318.2
2399	18.0	18.0	18.0	1111,929,10,8	129.4	39.4798426	73.5948518	5314.1
2400	220.2	220.2	221.2	665,113,8,8	129.4	39.4796795	73.5945854	5318.2
2401	312.3	312.3	313.3	1534,793,10,6	129.4	39.4796784	73.5945857	5318.2
2402	16.0	16.0	16.0	123,401,6,15	129.0	39.4798432	73.5948517	5314.1
2403	216.2	215.2	216.2	561,149,10,4	128.9	39.4796795	73.5945854	5318.3
2404	278.3	277.3	280.3	1837,916,6,15	128.6	39.4796784	73.5945860	5318.2
2405	288.3	286.3	288.3	169,209,8,8	128.5	39.4796789	73.5945858	5318.2
2406	143.1	142.1	143.1	1115,571,6,6	128.4	39.4796797	73.5945852	5318.3
2407	104.1	104.1	104.1	921,833,8,10	128.3	39.4796802	73.5945852	5318.3
2408	292.3	292.3	292.3	1085,817,8,7	128.3	39.4796785	73.5945858	5318.2
2409	436.4	434.4	436.4	1776,823,13,16	128.3	39.4796758	73.5945856	5318.3
2410	187.2	187.2	187.2	1154,1043,16,6	128.1	39.4796799	73.5945847	5318.2
2411	220.2	220.2	220.2	1129,19,16,6	128.1	39.4796795	73.5945854	5318.2
2412	426.4	426.4	427.4	1873,765,8,14	128.1	39.4796759	73.5945855	5318.2
2413	162.2	162.2	163.2	279,107,6,6	128.0	39.4796799	73.5945846	5318.3
2414	210.2	210.2	210.2	129,1069,6,11	128.0	39.4796797	73.5945856	5318.2
2415	18.0	18.0	18.0	1273,1015,12,8	127.9	39.4798426	73.5948518	5314.1
2416	235.2	235.2	235.2	29,849,6,8	127.9	39.4796791	73.5945855	5318.2
2417	156.2	156.2	156.2	1363,881,6,6	127.7	39.4796797	73.5945849	5318.3
2418	194.2	194.2	194.2	790,553,7,8	127.7	39.4796797	73.5945847	5318.2
2419	46.0	46.0	46.0	1409,169,13,4	127.6	39.4796794	73.5945850	5314.1
2420	143.1	143.1	143.1	25,746,8,7	127.6	39.4796797	73.5945852	5318.3
2421	141.1	141.1	141.1	1827,321,6,12	127.5	39.4796799	73.5945850	5318.3
2422	313.3	313.3	313.3	557,665,6,16	127.4	39.4796779	73.5945857	5318.2
2423	95.1	95.1	95.1	275,263,6,10	127.2	39.4796809	73.5945857	5318.3
2424	105.1	105.1	105.1	767,301,8,8	127.2	39.4796803	73.5945853	5318.3
2425	194.2	194.2	195.2	1441,977,14,6	127.2	39.4796797	73.5945847	5318.2
2426	423.4	423.4	423.4	147,114,13,7	127.0	39.4796759	73.5945857	5318.3
2427	159.2	159.2	159.2	0,273,4,10	126.9	39.4796798	73.5945845	5318.2
2428	436.4	436.4	436.4	1366,978,11,15	126.8	39.4796758	73.5945856	5318.3
2429	162.2	162.2	162.2	1327,55,16,5	126.5	39.4796799	73.5945846	5318.3
2430	289.3	287.3	292.3	1193,769,8,4	126.5	39.4796789	73.5945859	5318.2
2431	214.2	214.2	214.2	297,395,8,6	126.2	39.4796795	73.5945853	5318.2
2432	185.2	185.2	185.2	627,9,8,8	125.9	39.4796794	73.5945848	5318.2
2433	170.2	170.2	170.2	665,601,16,4	125.8	39.4796797	73.5945848	5318.3
2434	12.0	12.0	12.0	1389,191,10,6	125.7	39.4798434	73.5948517	5314.1
2435	194.2	194.2	194.2	753,830,6,9	125.6	39.4796797	73.5945847	5318.2
2436	171.2	171.2	171.2	1247,725,6,11	125.5	39.4796795	73.5945846	5318.3
2437	17.0	17.0	17.0	41,109,4,10	125.4	39.4798431	73.5948517	5314.1
2438	100.1	100.1	100.1	449,57,8,5	124.9	39.4796801	73.5945856	5318.3
2439	252.3	252.3	252.3	1017,103,6,6	124.9	39.4796787	73.5945858	5318.2
2440	177.2	177.2	177.2	1297,1041,8,6	124.8	39.4796798	73.5945847	5318.3
2441	214.2	214.2	214.2	341,83,6,6	124.8	39.4796795	73.5945853	5318.2
2442	306.3	306.3	306.3	1249,619,8,4	124.5	39.4796787	73.5945856	5318.2
2443	47.0	47.0	49.0	439,491,6,8	124.3	39.4796795	73.5945850	5314.1
2444	426.4	426.4	426.4	1825,218,6,8	124.2	39.4796759	73.5945855	5318.2
2445	172.2	172.2	174.2	433,305,7,8	124.1	39.4796794	73.5945847	5318.3
2446	174.2	174.2	174.2	63,453,5,11	124.0	39.4796795	73.5945849	5318.3
2447	410.4	410.4	418.4	1857,857,4,8	124.0	39.4796761	73.5945857	5318.2
2448	50.1	50.1	50.1	1153,0,8,7	123.7	39.4796800	73.5945849	5314.1
2449	301.3	301.3	303.3	745,340,12,9	123.7	39.4796786	73.5945855	5318.2
2450	192.2	192.2	192.2	1245,29,14,4	123.6	39.4796797	73.5945845	5318.2
2451	217.2	217.2	217.2	117,815,4,10	123.6	39.4796794	73.5945854	5318.2
2452	41.0	41.0	42.0	353,231,4,8	123.5	39.4796787	73.5945846	5314.1
2453	315.3	315.3	315.3	701,384,4,9	123.5	39.4796779	73.5945859	5318.2
2454	169.2	169.2	169.2	565,197,6,12	123.3	39.4796798	73.5945847	5318.3
2455	433.4	433.4	433.4	1613,417,4,8	123.3	39.4796759	73.5945854	5318.2
2456	158.2	158.2	158.2	323,465,4,12	122.9	39.4796797	73.5945845	5318.3
2457	184.2	184.2	184.2	1109,945,6,7	122.9	39.4796795	73.5945848	5318.3
2458	190.2	190.2	190.2	745,669,14,5	122.8	39.4796799	73.5945846	5318.2
2459	2.0	0.0	3.0	1404,775,7,8	122.7	39.4798448	73.5948512	5314.1
2460	176.2	176.2	179.2	1761,221,8,4	122.7	39.4796799	73.5945848	5318.3
2461	217.2	217.2	217.2	878,431,13,10	122.7	39.4796794	73.5945854	5318.2
2462	285.3	285.3	285.3	47,621,4,13	122.4	39.4796788	73.5945857	5318.2
2463	32.0	32.0	32.0	1844,35,5,6	122.3	39.4797815	73.5947523	5314.1
2464	281.3	281.3	281.3	1865,197,8,6	122.3	39.4796786	73.5945860	5318.2
2465	191.2	191.2	191.2	1557,65,5,8	122.2	39.4796798	73.5945846	5318.2
2466	281.3	280.3	281.3	1755,45,6,8	122.2	39.4796786	73.5945860	5318.2
2467	283.3	283.3	283.3	1356,314,6,7	122.2	39.4796788	73.5945859	5318.2
2468	47.0	47.0	47.0	1759,63,10,6	121.9	39.4796795	73.5945850	5314.1
2469	338.3	338.3	338.3	619,49,6,8	121.7	39.4796772	73.5945857	5318.2
2470	154.2	154.2	154.2	921,405,12,4	121.5	39.4796798	73.5945851	5318.3
2471	306.3	306.3	306.3	27,541,10,9	121.5	39.4796787	73.5945856	5318.2
2472	427.4	427.4	427.4	33,121,8,6	121.4	39.4796759	73.5945856	5318.2
2473	34.0	32.0	37.0	932,151,8,6	121.3	39.4797263	73.5946617	5314.1
2474	211.2	211.2	211.2	533,838,12,5	121.1	39.4796797	73.5945855	5318.2
2475	421.4	421.4	421.4	1707,709,10,7	121.1	39.4796760	73.5945857	5318.2
2476	236.2	236.2	236.2	0,817,4,9	121.0	39.4796791	73.5945856	5318.2
2477	209.2	209.2	209.2	1865,1046,4,11	120.9	39.4796797	73.5945856	5318.2
2478	304.3	304.3	304.3	1891,289,9,5	120.8	39.4796786	73.5945855	5318.2
2479	318.3	318.3	318.3	1537,792,7,7	120.8	39.4796779	73.5945857	5318.2
2480	287.3	283.3	287.3	1174,23,10,4	120.7	39.4796789	73.5945855	5318.2
2481	146.1	146.1	146.1	446,541,7,12	120.6	39.4796797	73.5945853	5318.3
2482	450.4	450.4	451.5	1811,533,6,6	120.6	39.4796761	73.5945862	5318.3
2483	362.4	362.4	362.4	1642,529,9,6	120.3	39.4796775	73.5945856	5318.2
2484	12.0	12.0	12.0	1917,985,3,16	120.0	39.4798434	73.5948517	5314.1
2485	167.2	167.2	167.2	809,1072,8,5	120.0	39.4796799	73.5945844	5318.3
2486	235.2	235.2	235.2	1853,995,4,8	119.9	39.4796791	73.5945855	5318.2
2487	442.4	442.4	442.4	260,97,5,15	119.7	39.4796762	73.5945860	5318.2
2488	381.4	381.4	381.4	1849,846,11,8	119.6	39.4796768	73.5945859	5318.2
2489	183.2	178.2	183.2	1297,61,8,6	119.5	39.4796794	73.5945847	5318.2
2490	278.3	278.3	279.3	1911,619,9,16	119.5	39.4796784	73.5945860	5318.2
2491	222.2	222.2	222.2	1813,977,8,8	119.2	39.4796793	73.5945854	5318.2
2492	308.3	308.3	308.3	1503,1035,10,8	119.2	39.4796786	73.5945855	5318.2
2493	50.1	50.1	50.1	1915,913,5,10	119.1	39.4796800	73.5945849	5314.1
2494	284.3	284.3	284.3	103,0,4,9	118.7	39.4796787	73.5945858	5318.2
2495	42.0	41.0	42.0	1594,695,15,4	118.6	39.4796787	73.5945847	5314.1
2496	193.2	193.2	193.2	1145,141,12,4	118.6	39.4796796	73.5945846	5318.2
2497	318.3	314.3	318.3	1369,93,8,4	118.3	39.4796779	73.5945857	5318.2
2498	235.2	235.2	235.2	65,41,4,12	118.2	39.4796791	73.5945855	5318.2
2499	155.2	155.2	155.2	1852,17,5,11	118.1	39.4796798	73.5945850	5318.3
2500	424.4	424.4	424.4	1593,613,8,4	118.1	39.4796759	73.5945854	5318.2
2501	200.2	200.2	200.2	897,59,8,4	118.0	39.4796795	73.5945850	5318.2
2502	412.4	411.4	417.4	1907,449,10,6	117.9	39.4796757	73.5945857	5318.2
2503	322.3	322.3	322.3	1633,153,4,8	117.6	39.4796776	73.5945858	5318.2
2504	172.2	172.2	172.2	551,89,10,8	117.5	39.4796794	73.5945847	5318.3
2505	226.2	226.2	226.2	1511,0,10,3	117.5	39.4796790	73.5945857	5318.2
2506	385.4	385.4	385.4	1575,829,6,6	117.2	39.4796769	73.5945858	5318.2
2507	432.4	432.4	432.4	1825,765,4,13	117.1	39.4796758	73.5945854	5318.2
2508	47.0	47.0	47.0	1711,231,4,17	117.0	39.4796795	73.5945850	5314.1
2509	5.0	5.0	5.0	1374,1017,11,4	116.9	39.4798442	73.5948516	5314.1
2510	32.0	32.0	41.0	383,103,8,6	116.8	39.4797815	73.5947523	5314.1
2511	313.3	313.3	313.3	727,969,2,16	116.5	39.4796779	73.5945857	5318.2
2512	420.4	420.4	420.4	31,959,4,18	116.2	39.4796760	73.5945857	5318.2
2513	45.0	45.0	47.0	1385,995,15,2	116.1	39.4796795	73.5945851	5314.1
2514	190.2	187.2	190.2	577,33,8,4	116.0	39.4796799	73.5945846	5318.2
2515	314.3	314.3	314.3	415,562,6,9	116.0	39.4796779	73.5945858	5318.2
2516	405.4	405.4	405.4	11,881,6,8	116.0	39.4796763	73.5945858	5318.2
2517	155.2	155.2	155.2	1441,41,8,4	115.9	39.4796798	73.5945850	5318.3
2518	308.3	308.3	308.3	1345,837,16,4	115.9	39.4796786	73.5945855	5318.2
2519	180.2	180.2	183.2	1301,1065,8,4	115.8	39.4796796	73.5945846	5318.2
2520	283.3	283.3	284.3	1385,1073,5,7	115.8	39.4796788	73.5945859	5318.2
2521	392.4	392.4	392.4	1913,391,7,5	115.8	39.4796771	73.5945860	5318.2
2522	196.2	196.2	196.2	1127,1061,9,4	115.7	39.4796798	73.5945849	5318.2
2523	11.0	11.0	11.0	175,332,8,7	115.5	39.4798434	73.5948518	5314.1
2524	12.0	12.0	12.0	1889,275,8,10	115.5	39.4798434	73.5948517	5314.1
2525	165.2	165.2	165.2	1853,598,4,11	115.5	39.4796797	73.5945843	5318.3
2526	209.2	209.2	209.2	263,833,7,8	115.5	39.4796797	73.5945856	5318.2
2527	362.4	357.4	362.4	1771,577,6,10	115.5	39.4796775	73.5945856	5318.2
2528	145.1	145.1	145.1	253,321,4,10	115.4	39.4796796	73.5945853	5318.3
2529	150.2	150.2	150.2	40,823,5,10	115.4	39.4796801	73.5945851	5318.3
2530	298.3	298.3	298.3	1864,924,8,10	115.4	39.4796786	73.5945856	5318.2
2531	241.2	241.2	241.2	1721,775,6,10	115.3	39.4796785	73.5945857	5318.2
2532	48.0	47.0	48.0	369,213,10,6	115.1	39.4796795	73.5945848	5314.1
2533	435.4	435.4	435.4	1033,999,8,6	115.1	39.4796759	73.5945856	5318.2
2534	207.2	207.2	207.2	1329,17,12,6	115.0	39.4796795	73.5945855	5318.2
2535	172.2	172.2	172.2	953,882,10,5	114.9	39.4796794	73.5945847	5318.3
2536	145.1	145.1	145.1	1642,881,15,8	114.7	39.4796796	73.5945853	5318.3
2537	222.2	222.2	222.2	1849,786,8,13	114.7	39.4796793	73.5945854	5318.2
2538	145.1	145.1	145.1	275,715,4,10	114.6	39.4796796	73.5945853	5318.3
2539	271.3	268.3	271.3	1484,673,5,8	114.5	39.4796787	73.5945860	5318.2
2540	407.4	407.4	407.4	53,49,4,8	114.5	39.4796763	73.5945856	5318.2
2541	199.2	199.2	199.2	721,103,8,6	114.3	39.4796795	73.5945849	5318.2
2542	166.2	166.2	166.2	1345,971,16,2	114.1	39.4796798	73.5945845	5318.3
2543	191.2	191.2	191.2	1345,59,16,4	114.1	39.4796798	73.5945846	5318.2
2544	33.0	33.0	34.0	1834,0,6,9	113.9	39.4797545	73.5947078	5314.1
2545	169.2	169.2	169.2	956,864,5,7	113.9	39.4796798	73.5945847	5318.3
2546	156.2	156.2	156.2	881,1051,8,4	113.6	39.4796797	73.5945849	5318.3
2547	409.4	409.4	410.4	1448,167,5,10	113.6	39.4796761	73.5945857	5318.2
2548	212.2	212.2	214.2	1877,237,8,8	113.5	39.4796796	73.5945854	5318.2
2549	293.3	293.3	296.3	1458,635,7,6	113.5	39.4796785	73.5945856	5318.2
2550	28.0	24.0	31.0	1573,969,8,8	113.3	39.4798403	73.5948484	5314.1
2551	95.1	95.1	95.1	585,560,4,8	113.3	39.4796809	73.5945857	5318.3
2552	451.5	450.4	451.5	1599,1059,8,14	113.3	39.4796762	73.5945863	5318.3
2553	437.4	437.4	439.4	1805,322,6,9	113.2	39.4796758	73.5945858	5318.2
2554	176.2	176.2	176.2	1337,266,5,7	113.1	39.4796799	73.5945848	5318.3
2555	142.1	142.1	142.1	989,477,6,12	112.7	39.4796798	73.5945852	5318.3
2556	164.2	164.2	164.2	481,77,8,4	112.5	39.4796797	73.5945844	5318.3
2557	392.4	392.4	392.4	87,816,2,17	112.5	39.4796771	73.5945860	5318.2
2558	190.2	190.2	190.2	1381,961,4,8	112.4	39.4796799	73.5945846	5318.2
2559	433.4	433.4	433.4	1539,465,8,8	112.3	39.4796759	73.5945854	5318.2
2560	410.4	410.4	410.4	68,284,13,5	112.0	39.4796761	73.5945857	5318.2
2561	10.0	10.0	10.0	1203,60,10,8	111.6	39.4798435	73.5948517	5314.1
2562	433.4	433.4	433.4	631,1073,4,7	111.6	39.4796759	73.5945854	5318.2
2563	203.2	203.2	203.2	471,953,6,8	111.4	39.4796795	73.5945853	5318.2
2564	281.3	281.3	281.3	1515,769,4,8	111.4	39.4796786	73.5945860	5318.2
2565	11.0	11.0	11.0	1206,273,5,6	111.3	39.4798434	73.5948518	5314.1
2566	299.3	299.3	301.3	715,201,4,12	111.2	39.4796786	73.5945856	5318.2
2567	208.2	208.2	208.2	481,481,4,8	111.0	39.4796796	73.5945857	5318.2
2568	436.4	434.4	436.4	1888,630,9,11	111.0	39.4796758	73.5945856	5318.3
2569	214.2	214.2	214.2	41,791,4,10	110.9	39.4796795	73.5945853	5318.2
2570	263.3	262.3	263.3	1795,831,6,14	110.6	39.4796786	73.5945865	5318.2
2571	92.1	92.1	92.1	497,41,5,10	110.1	39.4796810	73.5945856	5318.3
2572	142.1	142.1	142.1	993,271,7,8	110.0	39.4796798	73.5945852	5318.3
2573	23.0	23.0	23.0	933,307,3,12	109.9	39.4798422	73.5948518	5314.1
2574	43.0	43.0	43.0	467,843,14,6	109.9	39.4796788	73.5945849	5314.1
2575	291.3	291.3	294.3	27,937,5,10	109.6	39.4796787	73.5945860	5318.2
2576	356.4	356.4	359.4	1553,913,8,8	109.5	39.4796773	73.5945860	5318.2
2577	194.2	194.2	194.2	1525,899,12,6	109.3	39.4796797	73.5945847	5318.2
2578	252.3	252.3	252.3	1455,77,10,4	109.2	39.4796787	73.5945858	5318.2
2579	405.4	405.4	405.4	1813,449,4,8	109.2	39.4796763	73.5945858	5318.2
2580	9.0	9.0	9.0	1809,895,4,10	108.9	39.4798436	73.5948517	5314.1
2581	308.3	308.3	308.3	1345,585,4,12	108.4	39.4796786	73.5945855	5318.2
2582	416.4	416.4	416.4	1769,953,8,10	108.4	39.4796760	73.5945856	5318.3
2583	161.2	161.2	161.2	1553,25,6,6	107.9	39.4796800	73.5945846	5318.3
2584	396.4	396.4	396.4	138,349,10,10	107.8	39.4796767	73.5945858	5318.2
2585	4.0	4.0	4.0	1911,60,9,7	107.6	39.4798441	73.5948515	5314.1
2586	153.2	153.2	153.2	1447,489,4,8	107.4	39.4796799	73.5945850	5318.3
2587	208.2	208.2	208.2	585,913,4,8	107.4	39.4796796	73.5945857	5318.2
2588	225.2	225.2	226.2	1876,457,7,8	107.4	39.4796791	73.5945857	5318.2
2589	281.3	281.3	281.3	1681,161,12,4	107.3	39.4796786	73.5945860	5318.2
2590	322.3	322.3	322.3	1137,1014,12,7	107.2	39.4796776	73.5945858	5318.2
2591	170.2	170.2	170.2	1409,929,4,8	107.1	39.4796797	73.5945848	5318.3
2592	436.4	436.4	436.4	1393,1055,9,6	107.1	39.4796758	73.5945856	5318.3
2593	94.1	94.1	94.1	649,33,5,8	106.8	39.4796810	73.5945855	5318.3
2594	307.3	303.3	307.3	1617,789,8,5	106.8	39.4796787	73.5945855	5318.2
2595	451.5	448.4	451.5	1697,529,4,8	106.8	39.4796762	73.5945863	5318.3
2596	160.2	160.2	160.2	23,136,9,9	106.7	39.4796800	73.5945845	5318.3
2597	154.2	154.2	154.2	1745,840,5,9	106.2	39.4796798	73.5945851	5318.3
2598	193.2	193.2	193.2	1185,189,11,4	106.1	39.4796796	73.5945846	5318.2
2599	312.3	312.3	312.3	1661,465,6,12	106.1	39.4796784	73.5945857	5318.2
2600	435.4	435.4	436.4	1873,527,8,10	106.1	39.4796759	73.5945856	5318.2
2601	264.3	264.3	265.3	1825,630,16,3	106.0	39.4796785	73.5945864	5318.2
2602	97.1	97.1	97.1	491,638,4,11	105.8	39.4796807	73.5945855	5318.3
2603	146.1	146.1	146.1	1657,554,6,7	105.6	39.4796797	73.5945853	5318.3
2604	157.2	157.2	157.2	1681,1041,8,4	105.6	39.4796797	73.5945848	5318.3
2605	323.3	323.3	323.3	317,313,8,6	105.6	39.4796776	73.5945857	5318.2
2606	435.4	434.4	435.4	1166,833,7,12	105.6	39.4796759	73.5945856	5318.2
2607	40.0	40.0	40.0	1905,213,6,8	105.4	39.4796785	73.5945845	5314.1
2608	95.1	95.1	95.1	483,193,6,8	105.4	39.4796809	73.5945857	5318.3
2609	171.2	171.2	173.2	41,863,8,6	105.2	39.4796795	73.5945846	5318.3
2610	175.2	175.2	178.2	1199,253,7,9	104.9	39.4796797	73.5945849	5318.3
2611	201.2	201.2	201.2	1399,135,14,4	104.8	39.4796796	73.5945851	5318.2
2612	434.4	434.4	434.4	185,233,2,13	104.8	39.4796759	73.5945855	5318.2
2613	157.2	157.2	157.2	1657,17,15,2	104.7	39.4796797	73.5945848	5318.3
2614	193.2	193.2	193.2	1147,1059,9,6	104.4	39.4796796	73.5945846	5318.2
2615	222.2	222.2	222.2	1748,598,3,11	104.4	39.4796793	73.5945854	5318.2
2616	407.4	407.4	407.4	1807,681,2,20	104.4	39.4796763	73.5945856	5318.2
2617	194.2	194.2	194.2	775,921,4,12	104.3	39.4796797	73.5945847	5318.2
2618	399.4	399.4	399.4	131,825,4,10	104.1	39.4796767	73.5945860	5318.2
2619	210.2	210.2	210.2	1529,19,8,4	103.9	39.4796797	73.5945856	5318.2
2620	281.3	281.3	281.3	195,144,4,9	103.8	39.4796786	73.5945860	5318.2
2621	25.0	25.0	28.0	1673,1049,8,9	103.7	39.4798424	73.5948517	5314.1
2622	43.0	41.0	43.0	593,737,6,6	103.7	39.4796788	73.5945849	5314.1
2623	296.3	296.3	296.3	1017,824,8,9	103.7	39.4796785	73.5945856	5318.2
2624	48.0	48.0	48.0	117,1009,8,4	103.6	39.4796795	73.5945848	5314.1
2625	176.2	175.2	176.2	991,57,8,4	103.6	39.4796799	73.5945848	5318.3
2626	169.2	169.2	170.2	657,23,6,8	103.4	39.4796798	73.5945847	5318.3
2627	281.3	281.3	281.3	1717,97,4,6	103.4	39.4796786	73.5945860	5318.2
2628	142.1	142.1	142.1	1188,325,7,6	103.3	39.4796798	73.5945852	5318.3
2629	213.2	213.2	213.2	1427,51,14,2	102.9	39.4796796	73.5945853	5318.2
2630	97.1	97.1	97.1	1777,1061,7,5	102.4	39.4796807	73.5945855	5318.3
2631	153.2	153.2	153.2	105,377,5,8	102.4	39.4796799	73.5945850	5318.3
2632	154.2	154.2	154.2	1615,497,6,7	102.2	39.4796798	73.5945851	5318.3
2633	97.1	97.1	97.1	105,945,6,8	102.1	39.4796807	73.5945855	5318.3
2634	280.3	280.3	280.3	1868,454,7,11	101.9	39.4796786	73.5945860	5318.2
2635	436.4	434.4	436.4	1696,805,7,12	101.9	39.4796758	73.5945856	5318.3
2636	416.4	415.4	417.4	1903,452,7,8	101.8	39.4796760	73.5945856	5318.3
2637	157.2	157.2	157.2	1121,347,8,6	101.6	39.4796797	73.5945848	5318.3
2638	189.2	189.2	189.2	1345,1013,7,4	101.6	39.4796799	73.5945845	5318.2
2639	405.4	405.4	405.4	1763,544,7,10	101.6	39.4796763	73.5945858	5318.2
2640	279.3	279.3	279.3	1631,895,13,10	101.5	39.4796785	73.5945860	5318.2
2641	305.3	299.3	305.3	1265,495,6,4	101.2	39.4796787	73.5945857	5318.2
2642	37.0	36.0	37.0	1108,155,9,6	101.1	39.4796797	73.5945861	5314.1
2643	178.2	176.2	178.2	339,313,4,8	100.8	39.4796797	73.5945847	5318.2
2644	314.3	314.3	314.3	841,97,8,8	100.6	39.4796779	73.5945858	5318.2
2645	197.2	197.2	197.2	629,273,8,8	100.5	39.4796796	73.5945849	5318.2
2646	261.3	261.3	265.3	1595,1039,6,12	100.4	39.4796786	73.5945862	5318.2
2647	446.4	446.4	446.4	1831,401,4,12	100.1	39.4796759	73.5945863	5318.2
2648	161.2	161.2	161.2	1607,969,5,8	99.7	39.4796800	73.5945846	5318.3
2649	157.2	157.2	157.2	1303,489,6,8	99.4	39.4796797	73.5945848	5318.3
2650	442.4	442.4	442.4	1337,882,8,7	99.4	39.4796762	73.5945860	5318.2
2651	5.0	5.0	5.0	1286,301,9,7	99.2	39.4798442	73.5948516	5314.1
2652	142.1	142.1	142.1	441,716,6,5	99.2	39.4796798	73.5945852	5318.3
2653	179.2	179.2	181.2	1553,43,8,5	99.2	39.4796797	73.5945846	5318.2
2654	171.2	169.2	171.2	757,997,12,4	98.9	39.4796795	73.5945846	5318.3
2655	45.0	45.0	49.0	321,519,6,6	98.5	39.4796795	73.5945851	5314.1
2656	194.2	194.2	194.2	1271,426,6,7	98.5	39.4796797	73.5945847	5318.2
2657	221.2	221.2	221.2	1909,525,6,4	98.0	39.4796795	73.5945854	5318.2
2658	285.3	282.3	286.3	1169,493,5,6	98.0	39.4796788	73.5945857	5318.2
2659	197.2	197.2	197.2	1449,75,8,4	97.9	39.4796796	73.5945849	5318.2
2660	360.4	360.4	360.4	945,89,2,22	97.9	39.4796776	73.5945859	5318.2
2661	91.1	91.1	91.1	1333,653,8,4	97.7	39.4796809	73.5945856	5318.3
2662	139.1	139.1	139.1	920,61,9,4	97.7	39.4796799	73.5945849	5318.3
2663	145.1	145.1	145.1	1111,49,6,8	97.7	39.4796796	73.5945853	5318.3
2664	198.2	198.2	199.2	841,0,8,3	97.7	39.4796794	73.5945849	5318.2
2665	281.3	279.3	281.3	1087,1074,10,3	97.4	39.4796786	73.5945860	5318.2
2666	421.4	421.4	421.4	110,780,9,5	97.4	39.4796760	73.5945857	5318.2
2667	171.2	171.2	171.2	1166,833,9,8	97.3	39.4796795	73.5945846	5318.3
2668	164.2	164.2	164.2	1095,838,12,3	97.0	39.4796797	73.5945844	5318.3
2669	29.0	25.0	33.0	1723,413,9,4	96.9	39.4798337	73.5948377	5314.1
2670	95.1	95.1	95.1	84,651,3,12	96.9	39.4796809	73.5945857	5318.3
2671	145.1	142.1	145.1	1499,105,14,2	96.8	39.4796796	73.5945853	5318.3
2672	294.3	294.3	294.3	154,401,6,10	96.8	39.4796785	73.5945857	5318.2
2673	277.3	277.3	279.3	1302,504,11,5	96.7	39.4796783	73.5945861	5318.2
2674	360.4	360.4	360.4	89,981,12,8	96.7	39.4796776	73.5945859	5318.2
2675	96.1	96.1	96.1	465,952,4,7	96.5	39.4796808	73.5945855	5318.3
2676	175.2	173.2	175.2	955,385,4,6	96.4	39.4796797	73.5945849	5318.3
2677	43.0	43.0	43.0	41,9,4,8	96.3	39.4796788	73.5945849	5314.1
2678	44.0	44.0	44.0	605,205,6,8	96.2	39.4796790	73.5945850	5314.1
2679	188.2	188.2	188.2	897,625,8,8	96.1	39.4796799	73.5945847	5318.2
2680	443.4	443.4	443.4	761,1065,4,8	96.1	39.4796761	73.5945860	5318.3
2681	297.3	297.3	297.3	249,257,4,12	96.0	39.4796785	73.5945856	5318.2
2682	303.3	303.3	303.3	426,385,5,6	95.9	39.4796786	73.5945855	5318.2
2683	188.2	188.2	188.2	189,0,5,5	95.8	39.4796799	73.5945847	5318.2
2684	435.4	435.4	435.4	523,609,4,8	95.8	39.4796759	73.5945856	5318.2
2685	43.0	43.0	43.0	257,65,4,6	95.5	39.4796788	73.5945849	5314.1
2686	146.1	146.1	146.1	1033,908,9,5	95.2	39.4796797	73.5945853	5318.3
2687	169.2	169.2	171.2	1211,613,6,12	95.2	39.4796798	73.5945847	5318.3
2688	182.2	178.2	182.2	1169,703,8,6	95.1	39.4796794	73.5945846	5318.2
2689	294.3	294.3	294.3	161,73,6,9	95.1	39.4796785	73.5945857	5318.2
2690	362.4	362.4	362.4	1891,236,8,5	95.1	39.4796775	73.5945856	5318.2
2691	362.4	362.4	362.4	1794,369,3,16	95.1	39.4796775	73.5945856	5318.2
2692	17.0	17.0	17.0	33,233,8,4	94.7	39.4798431	73.5948517	5314.1
2693	156.2	156.2	156.2	1241,369,8,4	94.7	39.4796797	73.5945849	5318.3
2694	219.2	219.2	219.2	65,927,16,2	94.4	39.4796794	73.5945854	5318.2
2695	49.0	49.0	49.0	399,341,4,16	94.3	39.4796798	73.5945848	5314.1
2696	145.1	145.1	145.1	1621,637,10,4	93.9	39.4796796	73.5945853	5318.3
2697	49.0	49.0	49.0	617,373,8,6	93.8	39.4796798	73.5945848	5314.1
2698	173.2	173.2	173.2	180,174,5,11	93.8	39.4796794	73.5945848	5318.3
2699	207.2	207.2	207.2	1489,210,8,7	93.7	39.4796795	73.5945855	5318.2
2700	164.2	164.2	164.2	1370,615,7,6	93.5	39.4796797	73.5945844	5318.3
2701	280.3	280.3	280.3	1909,1073,11,7	93.5	39.4796786	73.5945860	5318.2
2702	42.0	41.0	42.0	541,241,4,10	93.4	39.4796787	73.5945847	5314.1
2703	41.0	41.0	42.0	361,75,8,5	93.3	39.4796787	73.5945846	5314.1
2704	443.4	443.4	443.4	1769,73,8,5	93.3	39.4796761	73.5945860	5318.3
2705	280.3	280.3	280.3	1635,778,6,13	93.2	39.4796786	73.5945860	5318.2
2706	298.3	298.3	301.3	461,447,13,2	93.2	39.4796786	73.5945856	5318.2
2707	305.3	305.3	305.3	1335,829,6,4	92.9	39.4796787	73.5945857	5318.2
2708	96.1	96.1	96.1	1470,203,3,12	92.7	39.4796808	73.5945855	5318.3
2709	302.3	300.3	302.3	897,7,8,4	92.6	39.4796786	73.5945855	5318.2
2710	49.0	49.0	49.0	1308,1014,3,8	92.5	39.4796798	73.5945848	5314.1
2711	144.1	144.1	144.1	1017,33,8,8	92.4	39.4796796	73.5945853	5318.3
2712	420.4	419.4	420.4	161,582,11,3	92.3	39.4796760	73.5945857	5318.2
2713	97.1	97.1	97.1	113,509,8,4	92.0	39.4796807	73.5945855	5318.3
2714	193.2	193.2	193.2	1079,982,10,5	92.0	39.4796796	73.5945846	5318.2
2715	198.2	198.2	198.2	1740,1059,7,6	92.0	39.4796794	73.5945849	5318.2
2716	174.2	174.2	174.2	152,297,7,4	91.9	39.4796795	73.5945849	5318.3
2717	287.3	287.3	287.3	1460,1002,5,7	91.8	39.4796789	73.5945855	5318.2
2718	49.0	49.0	49.0	361,551,5,6	91.7	39.4796798	73.5945848	5314.1
2719	302.3	300.3	302.3	697,17,6,6	91.7	39.4796786	73.5945855	5318.2
2720	415.4	412.4	418.4	1671,967,10,10	91.5	39.4796760	73.5945857	5318.2
2721	296.3	295.3	296.3	503,421,6,10	91.4	39.4796785	73.5945856	5318.2
2722	46.0	44.0	47.0	896,144,5,8	91.3	39.4796794	73.5945850	5314.1
2723	26.0	24.0	31.0	1825,89,5,7	91.2	39.4798425	73.5948517	5314.1
2724	177.2	177.2	177.2	1061,416,5,6	91.0	39.4796798	73.5945847	5318.3
2725	164.2	164.2	164.2	1261,627,4,8	90.9	39.4796797	73.5945844	5318.3
2726	91.1	91.1	91.1	1860,129,9,8	90.5	39.4796809	73.5945856	5318.3
2727	94.1	94.1	94.1	98,796,7,5	90.3	39.4796810	73.5945855	5318.3
2728	192.2	192.2	192.2	1015,391,6,10	90.3	39.4796797	73.5945845	5318.2
2729	287.3	287.3	287.3	1258,555,5,9	90.2	39.4796789	73.5945855	5318.2
2730	36.0	35.0	38.0	1812,77,5,7	89.9	39.4796831	73.5945915	5314.1
2731	208.2	208.2	208.2	1169,0,5,8	89.9	39.4796796	73.5945857	5318.2
2732	223.2	223.2	223.2	593,107,6,6	89.8	39.4796791	73.5945854	5318.2
2733	420.4	419.4	420.4	250,841,11,8	89.7	39.4796760	73.5945857	5318.2
2734	45.0	45.0	45.0	1077,29,4,10	89.6	39.4796795	73.5945851	5314.1
2735	262.3	262.3	263.3	1585,1066,14,7	89.4	39.4796786	73.5945864	5318.2
2736	292.3	292.3	292.3	209,659,3,10	89.3	39.4796785	73.5945858	5318.2
2737	35.0	34.0	35.0	749,30,8,7	89.1	39.4797012	73.5946208	5314.1
2738	406.4	406.4	406.4	969,41,5,8	88.8	39.4796763	73.5945857	5318.2
2739	24.0	24.0	24.0	1903,1017,6,8	88.7	39.4798423	73.5948517	5314.1
2740	225.2	225.2	225.2	359,233,3,8	88.6	39.4796791	73.5945857	5318.2
2741	192.2	192.2	195.2	1749,1061,4,6	88.1	39.4796797	73.5945845	5318.2
2742	92.1	92.1	92.1	523,113,6,8	87.9	39.4796810	73.5945856	5318.3
2743	35.0	32.0	35.0	1639,531,5,8	87.5	39.4797012	73.5946208	5314.1
2744	407.4	407.4	407.4	1841,375,16,2	87.3	39.4796763	73.5945856	5318.2
2745	303.3	303.3	303.3	1505,855,8,4	87.2	39.4796786	73.5945855	5318.2
2746	285.3	285.3	285.3	0,408,3,9	87.0	39.4796788	73.5945857	5318.2
2747	183.2	181.2	183.2	999,1003,12,2	86.9	39.4796794	73.5945847	5318.2
2748	45.0	45.0	45.0	49,981,8,8	86.8	39.4796795	73.5945851	5314.1
2749	216.2	216.2	216.2	393,305,6,6	86.7	39.4796795	73.5945854	5318.3
2750	181.2	181.2	182.2	1377,661,6,12	86.6	39.4796795	73.5945846	5318.2
2751	279.3	279.3	279.3	1163,321,6,6	86.6	39.4796785	73.5945860	5318.2
2752	45.0	42.0	45.0	553,0,8,5	86.4	39.4796795	73.5945851	5314.1
2753	297.3	297.3	297.3	273,373,4,10	86.4	39.4796785	73.5945856	5318.2
2754	193.2	193.2	193.2	677,37,12,6	86.2	39.4796796	73.5945846	5318.2
2755	30.0	30.0	34.0	1899,73,6,7	85.9	39.4798218	73.5948183	5314.1
2756	38.0	37.0	39.0	494,270,3,9	85.8	39.4796787	73.5945845	5314.1
2757	9.0	6.0	9.0	1155,123,5,6	85.6	39.4798436	73.5948517	5314.1
2758	278.3	277.3	279.3	1843,953,4,8	85.5	39.4796784	73.5945860	5318.2
2759	2.0	1.0	3.0	71,1010,2,15	85.1	39.4798448	73.5948512	5314.1
2760	3.0	3.0	3.0	686,105,11,4	84.4	39.4798444	73.5948512	5314.1
2761	27.0	26.0	28.0	1585,12,6,5	84.4	39.4798424	73.5948517	5314.1
2762	96.1	96.1	96.1	201,1001,4,7	84.3	39.4796808	73.5945855	5318.3
2763	96.1	96.1	97.1	593,179,6,4	84.2	39.4796808	73.5945855	5318.3
2764	358.4	358.4	358.4	955,27,6,6	84.1	39.4796774	73.5945857	5318.2
2765	163.2	163.2	163.2	1657,1005,14,4	83.9	39.4796797	73.5945845	5318.3
2766	285.3	285.3	285.3	1107,757,8,4	83.8	39.4796788	73.5945857	5318.2
2767	285.3	285.3	285.3	27,515,9,6	83.6	39.4796788	73.5945857	5318.2
2768	160.2	160.2	160.2	1823,161,2,12	83.5	39.4796800	73.5945845	5318.3
2769	308.3	308.3	308.3	1623,982,8,5	83.2	39.4796786	73.5945855	5318.2
2770	445.4	445.4	445.4	205,123,4,6	83.2	39.4796759	73.5945861	5318.2
2771	7.0	6.0	12.0	1326,309,6,4	83.1	39.4798440	73.5948518	5314.1
2772	175.2	175.2	176.2	1566,584,9,7	82.9	39.4796797	73.5945849	5318.3
2773	177.2	177.2	177.2	1633,28,12,3	82.9	39.4796798	73.5945847	5318.3
2774	308.3	308.3	308.3	1121,995,6,6	82.8	39.4796786	73.5945855	5318.2
2775	218.2	218.2	218.2	77,228,5,7	82.7	39.4796793	73.5945854	5318.2
2776	225.2	225.2	225.2	385,651,2,14	82.5	39.4796791	73.5945857	5318.2
2777	297.3	297.3	297.3	713,371,8,4	82.4	39.4796785	73.5945856	5318.2
2778	169.2	169.2	169.2	1254,1005,10,5	82.2	39.4796798	73.5945847	5318.3
2779	407.4	407.4	407.4	1890,539,7,6	82.2	39.4796763	73.5945856	5318.2
2780	5.0	5.0	5.0	1715,793,6,5	82.1	39.4798442	73.5948516	5314.1
2781	30.0	25.0	30.0	1722,123,6,6	82.1	39.4798218	73.5948183	5314.1
2782	92.1	92.1	92.1	432,49,4,8	81.9	39.4796810	73.5945856	5318.3
2783	223.2	223.2	223.2	371,555,4,6	81.7	39.4796791	73.5945854	5318.2
2784	280.3	280.3	280.3	1666,671,7,6	81.7	39.4796786	73.5945860	5318.2
2785	188.2	188.2	188.2	739,0,9,3	80.7	39.4796799	73.5945847	5318.2
2786	10.0	10.0	10.0	969,523,10,4	80.6	39.4798435	73.5948517	5314.1
2787	308.3	308.3	308.3	211,229,6,12	80.6	39.4796786	73.5945855	5318.2
2788	283.3	283.3	283.3	1564,168,8,10	80.4	39.4796788	73.5945859	5318.2
2789	12.0	12.0	12.0	1890,561,3,12	80.2	39.4798434	73.5948517	5314.1
2790	146.1	146.1	146.1	1913,1050,4,7	80.2	39.4796797	73.5945853	5318.3
2791	17.0	17.0	17.0	1031,167,6,4	80.0	39.4798431	73.5948517	5314.1
2792	219.2	219.2	219.2	365,1009,8,6	79.8	39.4796794	73.5945854	5318.2
2793	219.2	219.2	219.2	81,283,4,6	79.4	39.4796794	73.5945854	5318.2
2794	301.3	301.3	301.3	1225,957,4,6	79.4	39.4796786	73.5945855	5318.2
2795	441.4	437.4	441.4	1391,356,3,8	79.4	39.4796757	73.5945859	5318.2
2796	175.2	175.2	175.2	1497,0,3,7	79.2	39.4796797	73.5945849	5318.3
2797	434.4	434.4	434.4	1906,905,5,8	78.9	39.4796759	73.5945855	5318.2
2798	45.0	43.0	45.0	1723,669,8,6	78.8	39.4796795	73.5945851	5314.1
2799	96.1	96.1	96.1	621,9,4,11	78.6	39.4796808	73.5945855	5318.3
2800	297.3	297.3	298.3	859,183,4,10	78.2	39.4796785	73.5945856	5318.2
2801	446.4	438.4	446.4	343,3,7,6	78.0	39.4796759	73.5945863	5318.2
2802	41.0	41.0	41.0	1913,21,7,7	77.8	39.4796787	73.5945846	5314.1
2803	94.1	94.1	94.1	831,961,5,6	77.8	39.4796810	73.5945855	5318.3
2804	4.0	4.0	4.0	1449,809,4,8	77.7	39.4798441	73.5948515	5314.1
2805	48.0	48.0	48.0	871,209,6,6	77.6	39.4796795	73.5945848	5314.1
2806	94.1	94.1	94.1	1491,129,3,11	77.6	39.4796810	73.5945855	5318.3
2807	216.2	216.2	216.2	1191,17,10,2	77.2	39.4796795	73.5945854	5318.3
2808	267.3	267.3	269.3	1259,1076,6,4	77.2	39.4796787	73.5945860	5318.2
2809	446.4	446.4	446.4	1755,503,6,6	77.2	39.4796759	73.5945863	5318.2
2810	17.0	17.0	17.0	1264,129,7,4	77.1	39.4798431	73.5948517	5314.1
2811	222.2	222.2	222.2	1193,18,8,3	77.1	39.4796793	73.5945854	5318.2
2812	286.3	286.3	286.3	1202,508,4,7	76.9	39.4796788	73.5945856	5318.2
2813	23.0	23.0	23.0	1087,60,7,4	76.6	39.4798422	73.5948518	5314.1
2814	444.4	444.4	444.4	1140,1075,13,5	76.3	39.4796760	73.5945861	5318.3
2815	288.3	288.3	288.3	1463,1073,4,7	76.2	39.4796789	73.5945858	5318.2
2816	12.0	12.0	12.0	1887,479,2,11	76.1	39.4798434	73.5948517	5314.1
2817	362.4	362.4	362.4	0,838,3,10	76.1	39.4796775	73.5945856	5318.2
2818	154.2	154.2	154.2	1647,425,4,14	76.0	39.4796798	73.5945851	5318.3
2819	49.0	49.0	49.0	461,436,2,10	75.8	39.4796798	73.5945848	5314.1
2820	154.2	154.2	154.2	1257,632,6,5	75.7	39.4796798	73.5945851	5318.3
2821	298.3	298.3	298.3	497,145,8,6	75.7	39.4796786	73.5945856	5318.2
2822	11.0	11.0	11.0	380,505,3,8	75.5	39.4798434	73.5948518	5314.1
2823	292.3	292.3	295.3	1235,251,12,4	75.3	39.4796785	73.5945858	5318.2
2824	298.3	298.3	298.3	441,385,4,6	75.3	39.4796786	73.5945856	5318.2
2825	405.4	405.4	405.4	45,193,4,8	75.2	39.4796763	73.5945858	5318.2
2826	417.4	417.4	418.4	1255,165,10,4	75.1	39.4796759	73.5945857	5318.3
2827	421.4	421.4	421.4	217,65,10,3	75.0	39.4796760	73.5945857	5318.2
2828	152.2	152.2	152.2	1897,933,6,4	74.7	39.4796800	73.5945851	5318.3
2829	218.2	218.2	218.2	0,437,3,8	74.7	39.4796793	73.5945854	5318.2
2830	181.2	181.2	181.2	833,73,6,8	74.5	39.4796795	73.5945846	5318.2
2831	37.0	33.0	37.0	1069,319,7,6	74.3	39.4796797	73.5945861	5314.1
2832	168.2	168.2	168.2	1291,711,6,4	74.2	39.4796799	73.5945844	5318.3
2833	25.0	25.0	25.0	1760,933,6,4	74.0	39.4798424	73.5948517	5314.1
2834	435.4	435.4	435.4	781,299,12,2	73.7	39.4796759	73.5945856	5318.2
2835	45.0	45.0	46.0	97,1025,6,4	73.6	39.4796795	73.5945851	5314.1
2836	173.2	173.2	173.2	161,0,4,6	73.4	39.4796794	73.5945848	5318.3
2837	160.2	160.2	160.2	478,331,3,8	73.2	39.4796800	73.5945845	5318.3
2838	97.1	97.1	97.1	1677,437,4,6	73.1	39.4796807	73.5945855	5318.3
2839	5.0	5.0	5.0	595,221,6,4	73.0	39.4798442	73.5948516	5314.1
2840	43.0	41.0	43.0	370,60,7,5	72.9	39.4796788	73.5945849	5314.1
2841	448.4	448.4	448.4	1545,817,4,10	72.9	39.4796759	73.5945864	5318.2
2842	444.4	444.4	444.4	1393,968,8,5	72.8	39.4796760	73.5945861	5318.3
2843	178.2	178.2	178.2	1306,467,7,6	72.6	39.4796797	73.5945847	5318.2
2844	154.2	154.2	154.2	1713,785,6,6	72.5	39.4796798	73.5945851	5318.3
2845	153.2	153.2	153.2	1593,1006,8,3	72.4	39.4796799	73.5945850	5318.3
2846	23.0	23.0	23.0	1163,99,2,12	72.3	39.4798422	73.5948518	5314.1
2847	179.2	179.2	179.2	967,297,4,5	72.3	39.4796797	73.5945846	5318.2
2848	11.0	11.0	11.0	59,219,4,6	72.2	39.4798434	73.5948518	5314.1
2849	177.2	177.2	177.2	929,35,4,8	72.2	39.4796798	73.5945847	5318.3
2850	218.2	218.2	218.2	857,231,5,7	72.2	39.4796793	73.5945854	5318.2
2851	43.0	40.0	43.0	706,857,5,4	72.0	39.4796788	73.5945849	5314.1
2852	420.4	420.4	420.4	10,386,7,6	71.9	39.4796760	73.5945857	5318.2
2853	17.0	17.0	17.0	437,15,4,10	71.5	39.4798431	73.5948517	5314.1
2854	47.0	47.0	47.0	1561,189,4,6	71.2	39.4796795	73.5945850	5314.1
2855	17.0	17.0	17.0	1067,555,6,8	71.0	39.4798431	73.5948517	5314.1
2856	221.2	221.2	221.2	1171,943,6,8	71.0	39.4796795	73.5945854	5318.2
2857	450.4	450.4	450.4	148,305,5,5	70.6	39.4796761	73.5945862	5318.3
2858	173.2	173.2	173.2	885,711,6,6	70.5	39.4796794	73.5945848	5318.3
2859	448.4	448.4	448.4	1157,821,6,6	70.5	39.4796759	73.5945864	5318.2
2860	11.0	11.0	11.0	499,401,3,6	70.3	39.4798434	73.5948518	5314.1
2861	6.0	3.0	8.0	1555,104,5,6	70.2	39.4798443	73.5948517	5314.1
2862	26.0	25.0	31.0	1755,978,10,3	70.1	39.4798425	73.5948517	5314.1
2863	313.3	313.3	313.3	1918,4,2,12	70.0	39.4796779	73.5945857	5318.2
2864	146.1	146.1	147.1	1689,657,5,5	69.7	39.4796797	73.5945853	5318.3
2865	227.2	227.2	227.2	1180,0,7,3	69.7	39.4796791	73.5945857	5318.2
2866	181.2	180.2	181.2	1299,659,6,4	69.4	39.4796795	73.5945846	5318.2
2867	268.3	268.3	268.3	1893,806,4,10	69.3	39.4796788	73.5945860	5318.2
2868	195.2	195.2	195.2	1553,905,4,6	69.2	39.4796798	73.5945848	5318.2
2869	6.0	6.0	8.0	1275,540,2,9	68.9	39.4798443	73.5948517	5314.1
2870	284.3	284.3	284.3	802,714,7,3	68.9	39.4796787	73.5945858	5318.2
2871	361.4	361.4	361.4	1907,1028,7,5	68.9	39.4796775	73.5945858	5318.2
2872	450.4	450.4	450.4	841,923,7,6	68.9	39.4796761	73.5945862	5318.3
2873	23.0	23.0	23.0	1596,273,5,6	68.4	39.4798422	73.5948518	5314.1
2874	147.1	147.1	148.1	1549,737,8,4	68.0	39.4796799	73.5945852	5318.3
2875	279.3	277.3	279.3	1901,825,4,8	67.9	39.4796785	73.5945860	5318.2
2876	216.2	216.2	218.2	695,625,4,8	67.8	39.4796795	73.5945854	5318.3
2877	294.3	294.3	294.3	1904,1069,5,5	67.8	39.4796785	73.5945857	5318.2
2878	164.2	164.2	164.2	489,625,6,6	67.7	39.4796797	73.5945844	5318.3
2879	154.2	154.2	154.2	1627,840,6,5	67.3	39.4796798	73.5945851	5318.3
2880	216.2	216.2	216.2	521,465,4,8	67.2	39.4796795	73.5945854	5318.3
2881	10.0	10.0	10.0	905,387,4,8	67.1	39.4798435	73.5948517	5314.1
2882	29.0	26.0	29.0	1848,9,5,7	67.0	39.4798337	73.5948377	5314.1
2883	216.2	216.2	216.2	873,13,4,8	67.0	39.4796795	73.5945854	5318.3
2884	444.4	442.4	444.4	1054,892,8,6	66.9	39.4796760	73.5945861	5318.3
2885	221.2	221.2	221.2	1628,1034,5,7	66.8	39.4796795	73.5945854	5318.2
2886	294.3	294.3	294.3	321,1017,4,8	66.7	39.4796785	73.5945857	5318.2
2887	312.3	312.3	312.3	1629,400,5,6	66.7	39.4796784	73.5945857	5318.2
2888	443.4	443.4	443.4	1780,845,7,8	66.7	39.4796761	73.5945860	5318.3
2889	11.0	11.0	11.0	500,259,5,6	66.6	39.4798434	73.5948518	5314.1
2890	44.0	44.0	44.0	159,721,6,4	66.6	39.4796790	73.5945850	5314.1
2891	49.0	49.0	49.0	500,259,6,3	66.6	39.4796798	73.5945848	5314.1
2892	360.4	357.4	360.4	241,729,6,4	66.5	39.4796776	73.5945859	5318.2
2893	176.2	176.2	176.2	859,199,4,6	66.4	39.4796799	73.5945848	5318.3
2894	260.3	260.3	262.3	1826,178,3,7	66.2	39.4796786	73.5945862	5318.2
2895	295.3	295.3	295.3	433,99,6,4	66.0	39.4796785	73.5945856	5318.2
2896	169.2	169.2	169.2	1121,985,6,4	65.9	39.4796798	73.5945847	5318.3
2897	289.3	289.3	289.3	297,973,6,4	65.9	39.4796789	73.5945859	5318.2
2898	30.0	29.0	30.0	164,993,5,6	65.8	39.4798218	73.5948183	5314.1
2899	215.2	215.2	216.2	579,477,6,4	65.7	39.4796795	73.5945853	5318.2
2900	49.0	49.0	49.0	485,117,6,4	65.5	39.4796798	73.5945848	5314.1
2901	94.1	94.1	94.1	1881,145,7,3	65.5	39.4796810	73.5945855	5318.3
2902	149.1	149.1	149.1	679,1041,10,2	65.5	39.4796802	73.5945851	5318.3
2903	298.3	298.3	298.3	1449,375,4,6	65.5	39.4796786	73.5945856	5318.2
2904	437.4	437.4	437.4	1505,540,4,6	65.2	39.4796758	73.5945858	5318.2
2905	30.0	30.0	33.0	1721,15,4,6	65.1	39.4798218	73.5948183	5314.1
2906	0.0	0.0	0.0	23,793,4,5	64.8	39.4798451	73.5948511	5314.1
2907	38.0	38.0	38.0	1723,1057,6,4	64.8	39.4796787	73.5945845	5314.1
2908	154.2	154.2	154.2	1219,97,3,7	64.7	39.4796798	73.5945851	5318.3
2909	173.2	173.2	176.2	888,241,5,5	64.5	39.4796794	73.5945848	5318.3
2910	298.3	298.3	298.3	1916,9,4,8	64.4	39.4796786	73.5945856	5318.2
2911	23.0	23.0	23.0	338,317,7,4	64.3	39.4798422	73.5948518	5314.1
2912	168.2	168.2	168.2	0,913,3,6	64.3	39.4796799	73.5945844	5318.3
2913	5.0	5.0	5.0	1806,65,5,4	64.2	39.4798442	73.5948516	5314.1
2914	8.0	6.0	8.0	725,105,8,3	64.2	39.4798436	73.5948518	5314.1
2915	148.1	148.1	148.1	169,809,4,6	64.0	39.4796801	73.5945851	5318.3
2916	278.3	278.3	278.3	1404,964,5,5	63.6	39.4796784	73.5945860	5318.2
2917	216.2	216.2	216.2	689,457,4,7	63.5	39.4796795	73.5945854	5318.3
2918	49.0	49.0	49.0	689,193,4,6	63.3	39.4796798	73.5945848	5314.1
2919	286.3	286.3	286.3	115,931,3,6	63.1	39.4796788	73.5945856	5318.2
2920	154.2	154.2	154.2	1569,0,4,8	63.0	39.4796798	73.5945851	5318.3
2921	442.4	442.4	442.4	98,9,4,6	63.0	39.4796762	73.5945860	5318.2
2922	187.2	187.2	187.2	1437,615,6,10	62.9	39.4796799	73.5945847	5318.2
2923	357.4	357.4	357.4	1857,546,5,7	62.9	39.4796773	73.5945859	5318.2
2924	5.0	5.0	5.0	1685,1073,4,7	62.8	39.4798442	73.5948516	5314.1
2925	9.0	9.0	9.0	1905,1065,4,4	62.5	39.4798436	73.5948517	5314.1
2926	173.2	173.2	173.2	817,49,4,6	62.5	39.4796794	73.5945848	5318.3
2927	442.4	442.4	442.4	1788,1004,5,5	62.5	39.4796762	73.5945860	5318.2
2928	173.2	173.2	173.2	155,370,6,4	62.4	39.4796794	73.5945848	5318.3
2929	415.4	415.4	415.4	1757,91,4,6	62.4	39.4796760	73.5945857	5318.2
2930	24.0	24.0	24.0	1407,161,10,2	62.3	39.4798423	73.5948517	5314.1
2931	32.0	32.0	32.0	1899,867,4,4	62.3	39.4797815	73.5947523	5314.1
2932	96.1	96.1	96.1	1723,1027,6,3	62.2	39.4796808	73.5945855	5318.3
2933	23.0	23.0	23.0	1757,1025,7,5	61.9	39.4798422	73.5948518	5314.1
2934	437.4	434.4	437.4	1588,420,4,7	61.9	39.4796758	73.5945858	5318.2
2935	6.0	6.0	6.0	953,517,4,4	61.8	39.4798443	73.5948517	5314.1
2936	283.3	283.3	283.3	257,119,11,2	61.5	39.4796788	73.5945859	5318.2
2937	179.2	179.2	179.2	249,105,8,4	61.4	39.4796797	73.5945846	5318.2
2938	268.3	268.3	268.3	1882,65,3,8	61.4	39.4796788	73.5945860	5318.2
2939	41.0	41.0	41.0	571,683,3,6	60.9	39.4796787	73.5945846	5314.1
2940	215.2	215.2	215.2	21,866,4,9	60.9	39.4796795	73.5945853	5318.2
2941	26.0	26.0	26.0	1057,461,6,4	60.7	39.4798425	73.5948517	5314.1
2942	41.0	41.0	46.0	1203,382,4,6	60.6	39.4796787	73.5945846	5314.1
2943	295.3	295.3	295.3	55,226,2,11	60.6	39.4796785	73.5945856	5318.2
2944	269.3	269.3	269.3	1897,515,4,4	60.4	39.4796788	73.5945859	5318.2
2945	223.2	223.2	223.2	643,651,5,6	60.2	39.4796791	73.5945854	5318.2
2946	42.0	42.0	42.0	409,537,4,6	60.1	39.4796787	73.5945847	5314.1
2947	93.1	93.1	93.1	215,177,3,7	59.9	39.4796810	73.5945855	5318.3
2948	44.0	44.0	44.0	1319,303,12,3	59.8	39.4796790	73.5945850	5314.1
2949	5.0	2.0	5.0	1091,159,6,6	59.2	39.4798442	73.5948516	5314.1
2950	152.2	152.2	152.2	89,799,8,4	59.2	39.4796800	73.5945851	5318.3
2951	44.0	44.0	44.0	225,315,4,4	59.1	39.4796790	73.5945850	5314.1
2952	96.1	96.1	96.1	467,797,4,4	59.1	39.4796808	73.5945855	5318.3
2953	260.3	260.3	260.3	1908,299,5,6	59.1	39.4796786	73.5945862	5318.2
2954	170.2	170.2	170.2	1589,644,4,8	58.8	39.4796797	73.5945848	5318.3
2955	92.1	92.1	92.1	1101,387,4,6	58.7	39.4796810	73.5945856	5318.3
2956	450.4	450.4	450.4	1043,711,6,5	58.6	39.4796761	73.5945862	5318.3
2957	218.2	218.2	218.2	442,950,5,6	58.5	39.4796793	73.5945854	5318.2
2958	4.0	1.0	4.0	5,101,4,6	58.3	39.4798441	73.5948515	5314.1
2959	168.2	168.2	168.2	683,901,8,4	58.2	39.4796799	73.5945844	5318.3
2960	17.0	17.0	17.0	513,555,4,6	58.1	39.4798431	73.5948517	5314.1
2961	48.0	48.0	48.0	1646,281,7,2	58.1	39.4796795	73.5945848	5314.1
2962	415.4	410.4	415.4	1239,269,10,4	58.1	39.4796760	73.5945857	5318.2
2963	362.4	362.4	362.4	0,469,2,8	57.8	39.4796775	73.5945856	5318.2
2964	49.0	49.0	49.0	373,453,4,4	57.6	39.4796798	73.5945848	5314.1
2965	170.2	170.2	170.2	1166,1062,8,7	57.6	39.4796797	73.5945848	5318.3
2966	446.4	446.4	446.4	1116,39,8,2	57.6	39.4796759	73.5945863	5318.2
2967	34.0	34.0	36.0	1107,126,6,3	57.2	39.4797263	73.5946617	5314.1
2968	169.2	169.2	169.2	829,900,4,5	57.0	39.4796798	73.5945847	5318.3
2969	446.4	446.4	446.4	1373,865,6,8	57.0	39.4796759	73.5945863	5318.2
2970	49.0	49.0	49.0	399,383,2,8	56.9	39.4796798	73.5945848	5314.1
2971	270.3	270.3	270.3	1550,977,3,8	56.9	39.4796788	73.5945859	5318.2
2972	26.0	26.0	26.0	1035,254,7,4	56.8	39.4798425	73.5948517	5314.1
2973	0.0	0.0	2.0	121,938,3,7	56.6	39.4798451	73.5948511	5314.1
2974	180.2	180.2	180.2	841,697,8,2	56.6	39.4796796	73.5945846	5318.2
2975	1.0	1.0	4.0	33,705,2,8	56.5	39.4798449	73.5948511	5314.1
2976	149.1	147.1	149.1	803,1069,6,4	56.5	39.4796802	73.5945851	5318.3
2977	44.0	44.0	44.0	89,403,4,4	56.4	39.4796790	73.5945850	5314.1
2978	31.0	31.0	31.0	81,1001,4,6	56.3	39.4798043	73.5947896	5314.1
2979	17.0	17.0	17.0	1633,251,6,4	56.2	39.4798431	73.5948517	5314.1
2980	37.0	37.0	37.0	1521,89,4,8	56.0	39.4796797	73.5945861	5314.1
2981	45.0	45.0	45.0	539,113,2,8	55.8	39.4796795	73.5945851	5314.1
2982	358.4	358.4	358.4	921,593,2,8	55.8	39.4796774	73.5945857	5318.2
2983	6.0	6.0	6.0	1009,139,7,2	55.5	39.4798443	73.5948517	5314.1
2984	92.1	92.1	92.1	1625,545,4,6	55.5	39.4796810	73.5945856	5318.3
2985	178.2	178.2	178.2	385,465,2,8	55.3	39.4796797	73.5945847	5318.2
2986	174.2	173.2	174.2	1173,1068,3,5	55.2	39.4796795	73.5945849	5318.3
2987	283.3	283.3	283.3	1191,425,4,6	55.1	39.4796788	73.5945859	5318.2
2988	169.2	169.2	169.2	273,441,2,8	55.0	39.4796798	73.5945847	5318.3
2989	258.3	258.3	258.3	1873,115,2,6	55.0	39.4796786	73.5945860	5318.2
2990	150.2	150.2	150.2	847,115,5,3	54.9	39.4796801	73.5945851	5318.3
2991	441.4	440.4	441.4	337,580,5,5	54.8	39.4796757	73.5945859	5318.2
2992	7.0	7.0	8.0	1400,481,4,4	54.7	39.4798440	73.5948518	5314.1
2993	47.0	47.0	47.0	1681,313,4,6	54.3	39.4796795	73.5945850	5314.1
2994	168.2	168.2	168.2	300,926,5,3	54.2	39.4796799	73.5945844	5318.3
2995	11.0	11.0	11.0	457,153,10,2	53.7	39.4798434	73.5948518	5314.1
2996	445.4	445.4	445.4	1309,719,8,6	53.7	39.4796759	73.5945861	5318.2
2997	11.0	11.0	11.0	1093,231,4,6	53.6	39.4798434	73.5948518	5314.1
2998	28.0	27.0	28.0	1069,372,6,4	53.6	39.4798403	73.5948484	5314.1
2999	436.4	436.4	436.4	1625,849,4,4	53.6	39.4796758	73.5945856	5318.3
3000	42.0	42.0	42.0	397,0,4,3	53.3	39.4796787	73.5945847	5314.1
3001	36.0	36.0	36.0	1315,753,4,6	53.2	39.4796831	73.5945915	5314.1
3002	44.0	44.0	44.0	702,219,5,6	53.2	39.4796790	73.5945850	5314.1
3003	5.0	5.0	5.0	355,297,6,4	53.1	39.4798442	73.5948516	5314.1
3004	258.3	258.3	258.3	1714,41,7,2	53.0	39.4796786	73.5945860	5318.2
3005	442.4	442.4	442.4	1669,1055,8,2	53.0	39.4796762	73.5945860	5318.2
3006	438.4	437.4	441.4	49,194,4,5	52.9	39.4796758	73.5945858	5318.2
3007	4.0	4.0	4.0	1341,1033,8,2	52.8	39.4798441	73.5948515	5314.1
3008	266.3	266.3	266.3	1681,1003,7,2	52.7	39.4796786	73.5945862	5318.2
3009	443.4	443.4	443.4	1195,913,6,6	52.7	39.4796761	73.5945860	5318.3
3010	5.0	5.0	5.0	1249,1009,8,5	52.6	39.4798442	73.5948516	5314.1
3011	446.4	446.4	446.4	1898,330,3,7	52.4	39.4796759	73.5945863	5318.2
3012	44.0	44.0	44.0	53,813,2,7	52.3	39.4796790	73.5945850	5314.1
3013	260.3	260.3	260.3	1621,81,4,8	52.2	39.4796786	73.5945862	5318.2
3014	434.4	434.4	434.4	513,5,8,4	52.0	39.4796759	73.5945855	5318.2
3015	148.1	148.1	148.1	1471,393,2,8	51.8	39.4796801	73.5945851	5318.3
3016	42.0	42.0	42.0	545,167,3,6	51.7	39.4796787	73.5945847	5314.1
3017	221.2	221.2	221.2	1867,814,6,5	51.6	39.4796795	73.5945854	5318.2
3018	418.4	418.4	418.4	17,631,8,2	51.5	39.4796759	73.5945856	5318.2
3019	93.1	93.1	93.1	81,273,2,7	51.4	39.4796810	73.5945855	5318.3
3020	221.2	221.2	221.2	749,480,2,7	51.4	39.4796795	73.5945854	5318.2
3021	36.0	35.0	37.0	1596,86,4,4	51.3	39.4796831	73.5945915	5314.1
3022	446.4	446.4	446.4	1474,891,3,6	51.3	39.4796759	73.5945863	5318.2
3023	218.2	218.2	218.2	310,569,3,6	51.2	39.4796793	73.5945854	5318.2
3024	38.0	36.0	39.0	1545,326,4,5	50.9	39.4796787	73.5945845	5314.1
3025	43.0	43.0	43.0	593,761,2,8	50.9	39.4796788	73.5945849	5314.1
3026	218.2	218.2	218.2	1313,386,2,8	50.9	39.4796793	73.5945854	5318.2
3027	40.0	40.0	40.0	1021,745,4,4	50.7	39.4796785	73.5945845	5314.1
3028	258.3	258.3	258.3	1419,113,6,2	50.6	39.4796786	73.5945860	5318.2
3029	445.4	442.4	445.4	1626,935,5,8	50.6	39.4796759	73.5945861	5318.2
3030	93.1	93.1	93.1	361,161,3,5	50.5	39.4796810	73.5945855	5318.3
3031	411.4	411.4	412.4	1901,346,4,7	50.4	39.4796758	73.5945856	5318.2
3032	26.0	26.0	26.0	737,519,8,2	50.3	39.4798425	73.5948517	5314.1
3033	27.0	27.0	28.0	512,569,3,6	50.2	39.4798424	73.5948517	5314.1
3034	153.2	153.2	153.2	289,430,2,7	50.2	39.4796799	73.5945850	5318.3
3035	218.2	218.2	218.2	1367,562,2,11	50.2	39.4796793	73.5945854	5318.2
3036	40.0	40.0	40.0	593,817,4,4	50.1	39.4796785	73.5945845	5314.1
3037	44.0	44.0	44.0	625,659,6,2	50.1	39.4796790	73.5945850	5314.1
3038	221.2	221.2	221.2	1242,809,7,4	50.1	39.4796795	73.5945854	5318.2
3039	358.4	358.4	358.4	279,105,4,8	49.9	39.4796774	73.5945857	5318.2
3040	434.4	434.4	434.4	1061,14,3,6	49.8	39.4796759	73.5945855	5318.2
3041	9.0	9.0	9.0	577,433,4,4	49.7	39.4798436	73.5948517	5314.1
3042	173.2	173.2	173.2	859,129,6,2	49.2	39.4796794	73.5945848	5318.3
3043	9.0	7.0	9.0	1198,33,3,6	49.1	39.4798436	73.5948517	5314.1
3044	40.0	40.0	40.0	1049,905,8,2	49.0	39.4796785	73.5945845	5314.1
3045	434.4	434.4	434.4	1609,1007,8,6	49.0	39.4796759	73.5945855	5318.2
3046	40.0	40.0	40.0	1049,1007,8,2	48.8	39.4796785	73.5945845	5314.1
3047	420.4	420.4	420.4	49,659,8,2	48.6	39.4796760	73.5945857	5318.2
3048	434.4	434.4	434.4	1768,950,8,3	48.5	39.4796759	73.5945855	5318.2
3049	170.2	170.2	170.2	1294,995,5,6	48.3	39.4796797	73.5945848	5318.3
3050	434.4	434.4	434.4	1184,984,5,5	48.2	39.4796759	73.5945855	5318.2
3051	221.2	221.2	221.2	1109,877,6,4	47.9	39.4796795	73.5945854	5318.2
3052	11.0	11.0	11.0	417,561,2,8	47.8	39.4798434	73.5948518	5314.1
3053	358.4	358.4	360.4	925,139,4,4	47.5	39.4796774	73.5945857	5318.2
3054	411.4	411.4	411.4	1809,3,11,4	46.7	39.4796758	73.5945856	5318.2
3055	11.0	11.0	11.0	1411,243,4,4	46.6	39.4798434	73.5948518	5314.1
3056	408.4	408.4	408.4	1901,33,4,5	46.6	39.4796762	73.5945856	5318.2
3057	25.0	25.0	25.0	111,9,2,7	46.5	39.4798424	73.5948517	5314.1
3058	221.2	221.2	221.2	1352,913,3,4	46.4	39.4796795	73.5945854	5318.2
3059	44.0	44.0	44.0	345,105,5,4	46.3	39.4796790	73.5945850	5314.1
3060	4.0	2.0	4.0	9,295,4,6	46.1	39.4798441	73.5948515	5314.1
3061	31.0	31.0	31.0	1682,22,4,3	46.0	39.4798043	73.5947896	5314.1
3062	4.0	2.0	4.0	126,155,3,4	45.5	39.4798441	73.5948515	5314.1
3063	23.0	23.0	23.0	1665,1048,5,3	45.3	39.4798422	73.5948518	5314.1
3064	34.0	34.0	34.0	1053,422,5,3	45.2	39.4797263	73.5946617	5314.1
3065	148.1	148.1	148.1	417,297,4,4	45.2	39.4796801	73.5945851	5318.3
3066	8.0	8.0	8.0	1465,833,4,5	45.0	39.4798436	73.5948518	5314.1
3067	25.0	25.0	25.0	1911,957,6,2	44.8	39.4798424	73.5948517	5314.1
3068	42.0	42.0	42.0	461,137,4,4	44.7	39.4796787	73.5945847	5314.1
3069	180.2	180.2	180.2	1332,791,5,6	44.7	39.4796796	73.5945846	5318.2
3070	359.4	359.4	359.4	935,81,2,8	44.7	39.4796777	73.5945858	5318.2
3071	173.2	173.2	173.2	10,172,6,4	44.5	39.4796794	73.5945848	5318.3
3072	269.3	269.3	269.3	1319,964,2,9	44.4	39.4796788	73.5945859	5318.2
3073	435.4	435.4	435.4	925,89,4,6	44.3	39.4796759	73.5945856	5318.2
3074	180.2	180.2	180.2	937,97,6,2	44.2	39.4796796	73.5945846	5318.2
3075	358.4	358.4	358.4	931,273,2,8	44.2	39.4796774	73.5945857	5318.2
3076	282.3	282.3	282.3	1871,809,2,8	44.1	39.4796788	73.5945860	5318.2
3077	360.4	360.4	360.4	1162,250,4,4	44.1	39.4796776	73.5945859	5318.2
3078	437.4	437.4	437.4	395,105,6,2	44.1	39.4796758	73.5945858	5318.2
3079	41.0	41.0	41.0	457,737,2,8	44.0	39.4796787	73.5945846	5314.1
3080	5.0	5.0	5.0	1359,294,2,7	43.9	39.4798442	73.5948516	5314.1
3081	40.0	40.0	40.0	932,933,7,4	43.9	39.4796785	73.5945845	5314.1
3082	174.2	174.2	174.2	1049,483,4,6	43.7	39.4796795	73.5945849	5318.3
3083	218.2	218.2	218.2	1201,871,8,2	43.6	39.4796793	73.5945854	5318.2
3084	23.0	23.0	23.0	1739,401,4,8	43.2	39.4798422	73.5948518	5314.1
3085	146.1	146.1	146.1	1101,1057,4,5	43.2	39.4796797	73.5945853	5318.3
3086	436.4	436.4	436.4	1773,759,4,6	43.2	39.4796758	73.5945856	5318.3
3087	8.0	8.0	8.0	1093,685,4,4	43.0	39.4798436	73.5948518	5314.1
3088	218.2	218.2	218.2	48,687,5,2	43.0	39.4796793	73.5945854	5318.2
3089	361.4	361.4	361.4	1564,23,4,6	42.9	39.4796775	73.5945858	5318.2
3090	278.3	278.3	278.3	1670,297,3,8	42.5	39.4796784	73.5945860	5318.2
3091	40.0	40.0	40.0	0,39,3,4	42.4	39.4796785	73.5945845	5314.1
3092	96.1	96.1	96.1	1457,279,6,2	42.1	39.4796808	73.5945855	5318.3
3093	410.4	410.4	410.4	1833,23,8,2	42.1	39.4796761	73.5945857	5318.2
3094	40.0	40.0	40.0	601,149,3,4	41.8	39.4796785	73.5945845	5314.1
3095	10.0	10.0	10.0	1123,452,5,3	41.6	39.4798435	73.5948517	5314.1
3096	30.0	30.0	30.0	293,769,3,4	41.6	39.4798218	73.5948183	5314.1
3097	173.2	173.2	173.2	1862,121,4,4	41.6	39.4796794	73.5945848	5318.3
3098	35.0	35.0	35.0	641,793,6,2	41.3	39.4797012	73.5946208	5314.1
3099	35.0	35.0	35.0	299,985,2,5	41.2	39.4797012	73.5946208	5314.1
3100	218.2	218.2	218.2	33,1074,2,6	41.0	39.4796793	73.5945854	5318.2
3101	221.2	221.2	221.2	1724,513,3,7	41.0	39.4796795	73.5945854	5318.2
3102	30.0	30.0	30.0	705,312,4,3	40.9	39.4798218	73.5948183	5314.1
3103	420.4	420.4	420.4	131,175,6,2	40.8	39.4796760	73.5945857	5318.2
3104	39.0	39.0	39.0	1329,59,3,4	40.7	39.4796786	73.5945844	5314.1
3105	7.0	7.0	7.0	101,76,5,3	40.6	39.4798440	73.5948518	5314.1
3106	221.2	221.2	221.2	1838,857,3,6	40.6	39.4796795	73.5945854	5318.2
3107	169.2	169.2	170.2	795,45,4,4	40.5	39.4796798	73.5945847	5318.3
3108	441.4	441.4	441.4	1839,890,2,7	40.2	39.4796757	73.5945859	5318.2
3109	9.0	9.0	9.0	1039,297,3,4	40.1	39.4798436	73.5948517	5314.1
3110	412.4	412.4	416.4	1873,313,4,4	39.5	39.4796757	73.5945857	5318.2
3111	411.4	411.4	411.4	641,431,8,2	39.4	39.4796758	73.5945856	5318.2
3112	92.1	92.1	92.1	279,241,2,8	39.3	39.4796810	73.5945856	5318.3
3113	440.4	440.4	440.4	1788,1058,4,3	39.0	39.4796757	73.5945859	5318.2
3114	442.4	442.4	442.4	163,673,6,2	38.8	39.4796762	73.5945860	5318.2
3115	4.0	4.0	4.0	123,17,6,4	38.7	39.4798441	73.5948515	5314.1
3116	440.4	440.4	440.4	459,625,2,6	38.7	39.4796757	73.5945859	5318.2
3117	7.0	7.0	7.0	1326,449,3,4	38.6	39.4798440	73.5948518	5314.1
3118	39.0	39.0	39.0	589,171,4,4	38.3	39.4796786	73.5945844	5314.1
3119	28.0	28.0	28.0	1853,172,4,5	38.2	39.4798403	73.5948484	5314.1
3120	357.4	357.4	357.4	569,125,4,4	38.1	39.4796773	73.5945859	5318.2
3121	4.0	4.0	4.0	1621,989,4,4	38.0	39.4798441	73.5948515	5314.1
3122	27.0	27.0	27.0	1121,37,6,2	37.9	39.4798424	73.5948517	5314.1
3123	406.4	406.4	406.4	1141,103,4,4	37.9	39.4796763	73.5945857	5318.2
3124	31.0	29.0	31.0	1757,177,4,5	37.7	39.4798043	73.5947896	5314.1
3125	36.0	36.0	38.0	790,33,3,4	37.7	39.4796831	73.5945915	5314.1
3126	439.4	437.4	439.4	1817,63,3,4	37.7	39.4796757	73.5945859	5318.2
3127	40.0	40.0	40.0	1906,108,4,3	37.6	39.4796785	73.5945845	5314.1
3128	27.0	27.0	27.0	1581,260,4,3	37.4	39.4798424	73.5948517	5314.1
3129	9.0	9.0	9.0	1835,1009,4,4	37.0	39.4798436	73.5948517	5314.1
3130	1.0	1.0	1.0	20,891,3,4	36.9	39.4798449	73.5948511	5314.1
3131	406.4	406.4	406.4	1626,255,7,2	36.9	39.4796763	73.5945857	5318.2
3132	30.0	30.0	30.0	1771,1060,3,4	36.8	39.4798218	73.5948183	5314.1
3133	38.0	38.0	38.0	1743,411,2,6	36.8	39.4796787	73.5945845	5314.1
3134	442.4	442.4	442.4	1469,796,4,5	36.5	39.4796762	73.5945860	5318.2
3135	3.0	3.0	3.0	1205,731,3,4	36.4	39.4798444	73.5948512	5314.1
3136	357.4	357.4	357.4	1634,919,5,3	35.9	39.4796773	73.5945859	5318.2
3137	37.0	37.0	39.0	1299,609,4,3	35.8	39.4796797	73.5945861	5314.1
3138	360.4	358.4	360.4	911,633,2,8	35.8	39.4796776	73.5945859	5318.2
3139	358.4	358.4	360.4	1873,589,4,4	35.7	39.4796774	73.5945857	5318.2
3140	361.4	361.4	361.4	153,498,2,7	35.5	39.4796775	73.5945858	5318.2
3141	174.2	174.2	174.2	1337,669,3,4	35.0	39.4796795	73.5945849	5318.3
3142	264.3	264.3	264.3	1788,1020,5,3	34.8	39.4796785	73.5945864	5318.2
3143	218.2	218.2	218.2	39,919,4,4	34.7	39.4796793	73.5945854	5318.2
3144	282.3	282.3	282.3	956,991,5,2	34.7	39.4796788	73.5945860	5318.2
3145	437.4	437.4	437.4	93,1045,4,4	34.6	39.4796758	73.5945858	5318.2
3146	8.0	8.0	8.0	157,603,3,3	34.2	39.4798436	73.5948518	5314.1
3147	33.0	33.0	33.0	1137,465,2,6	34.1	39.4797545	73.5947078	5314.1
3148	419.4	419.4	419.4	127,882,2,7	34.1	39.4796760	73.5945856	5318.2
3149	7.0	7.0	7.0	1602,206,4,3	34.0	39.4798440	73.5948518	5314.1
3150	26.0	26.0	29.0	971,172,2,5	33.4	39.4798425	73.5948517	5314.1
3151	415.4	414.4	415.4	1857,929,8,2	33.3	39.4796760	73.5945857	5318.2
3152	415.4	415.4	415.4	1657,289,2,8	33.3	39.4796760	73.5945857	5318.2
3153	10.0	10.0	10.0	1012,185,3,4	33.2	39.4798435	73.5948517	5314.1
3154	33.0	33.0	33.0	675,327,4,2	32.7	39.4797545	73.5947078	5314.1
3155	437.4	437.4	437.4	1172,970,3,4	32.7	39.4796758	73.5945858	5318.2
3156	174.2	174.2	174.2	1279,709,4,4	32.4	39.4796795	73.5945849	5318.3
3157	38.0	38.0	38.0	1265,947,5,2	32.0	39.4796787	73.5945845	5314.1
3158	440.4	440.4	440.4	37,405,4,4	31.8	39.4796757	73.5945859	5318.2
3159	406.4	406.4	406.4	1718,314,3,4	31.1	39.4796763	73.5945857	5318.2
3160	40.0	40.0	40.0	1703,1049,4,4	30.2	39.4796785	73.5945845	5314.1
3161	221.2	221.2	221.2	1321,726,4,3	30.0	39.4796795	73.5945854	5318.2
3162	174.2	174.2	174.2	1107,231,4,2	29.6	39.4796795	73.5945849	5318.3
3163	1.0	1.0	1.0	234,133,3,4	29.5	39.4798449	73.5948511	5314.1
3164	360.4	360.4	360.4	1370,63,3,4	29.5	39.4796776	73.5945859	5318.2
3165	35.0	35.0	35.0	1205,129,4,2	29.0	39.4797012	73.5946208	5314.1
3166	8.0	8.0	8.0	517,217,4,2	28.7	39.4798436	73.5948518	5314.1
3167	40.0	40.0	40.0	959,661,2,4	28.6	39.4796785	73.5945845	5314.1
3168	437.4	437.4	437.4	1764,952,3,4	28.6	39.4796758	73.5945858	5318.2
3169	39.0	39.0	39.0	521,305,4,2	28.2	39.4796786	73.5945844	5314.1
3170	282.3	282.3	282.3	1245,769,2,4	28.2	39.4796788	73.5945860	5318.2
3171	2.0	2.0	2.0	1321,1065,4,2	27.2	39.4798448	73.5948512	5314.1
3172	170.2	170.2	170.2	1426,774,3,3	27.1	39.4796797	73.5945848	5318.3
3173	38.0	38.0	39.0	1754,778,3,3	26.8	39.4796787	73.5945845	5314.1
3174	415.4	415.4	416.4	1919,159,1,8	26.7	39.4796760	73.5945857	5318.2
3175	438.4	438.4	438.4	151,33,2,4	26.5	39.4796758	73.5945858	5318.2
3176	39.0	39.0	39.0	569,545,2,4	26.2	39.4796786	73.5945844	5314.1
3177	40.0	40.0	40.0	17,753,3,3	26.2	39.4796785	73.5945845	5314.1
3178	38.0	38.0	38.0	439,59,2,4	25.8	39.4796787	73.5945845	5314.1
3179	35.0	35.0	35.0	1042,318,3,3	25.5	39.4797012	73.5946208	5314.1
3180	38.0	38.0	38.0	521,527,2,4	24.9	39.4796787	73.5945845	5314.1
3181	282.3	282.3	282.3	1081,591,4,2	24.4	39.4796788	73.5945860	5318.2
3182	38.0	38.0	38.0	0,745,3,2	22.7	39.4796787	73.5945845	5314.1
3183	413.4	413.4	413.4	1305,1068,2,5	22.6	39.4796758	73.5945856	5318.2
3184	412.4	411.4	412.4	1822,677,2,4	22.1	39.4796757	73.5945857	5318.2
3185	407.4	407.4	407.4	1869,193,4,2	20.9	39.4796763	73.5945856	5318.2
3186	416.4	416.4	416.4	737,105,4,2	20.6	39.4796760	73.5945856	5318.3
3187	439.4	439.4	439.4	1388,654,3,2	19.6	39.4796757	73.5945859	5318.2
3188	360.4	360.4	360.4	1859,793,2,4	19.5	39.4796776	73.5945859	5318.2
3189	93.1	93.1	93.1	1265,797,2,4	19.3	39.4796810	73.5945855	5318.3
3190	406.4	406.4	406.4	1762,445,2,3	19.3	39.4796763	73.5945857	5318.2
3191	359.4	359.4	359.4	287,915,2,4	19.2	39.4796777	73.5945858	5318.2
3192	439.4	439.4	439.4	193,827,4,2	19.0	39.4796757	73.5945859	5318.2
3193	39.0	39.0	39.0	1401,298,2,3	18.1	39.4796786	73.5945844	5314.1
3194	361.4	361.4	361.4	1916,692,4,2	18.1	39.4796775	73.5945858	5318.2
3195	357.4	357.4	357.4	1869,295,4,2	17.7	39.4796773	73.5945859	5318.2
3196	357.4	357.4	357.4	1659,503,4,2	17.7	39.4796773	73.5945859	5318.2
3197	416.4	416.4	416.4	1279,973,2,4	17.4	39.4796760	73.5945856	5318.3
3198	357.4	357.4	360.4	15,285,2,4	16.5	39.4796773	73.5945859	5318.2
3199	360.4	360.4	360.4	173,497,4,4	16.5	39.4796776	73.5945859	5318.2
3200	357.4	357.4	357.4	603,61,4,2	16.2	39.4796773	73.5945859	5318.2
3201	416.4	416.4	416.4	1727,158,2,3	16.2	39.4796760	73.5945856	5318.3
3202	357.4	357.4	357.4	1602,305,2,3	16.1	39.4796773	73.5945859	5318.2
3203	360.4	360.4	360.4	257,151,3,2	14.5	39.4796776	73.5945859	5318.2
