track	t_best	t0	t1	bbox	score	lat	lon	alt
0	77.2	77.2	78.2	0,585,55,88	8784.5	39.4783245	73.5914190	5302.4
1	172.5	170.5	173.5	857,0,68,49	5795.0	39.4784207	73.5913544	5292.8
2	190.5	190.5	193.5	691,129,70,82	5735.4	39.4784198	73.5913522	5292.8
3	123.3	118.3	124.3	1572,708,39,56	4332.5	39.4783232	73.5914170	5302.5
4	10.0	7.0	12.0	0,123,73,42	4310.6	39.4783238	73.5914148	5302.4
5	193.5	191.5	193.5	732,200,53,49	4157.0	39.4784196	73.5913529	5292.8
6	171.5	170.5	171.5	901,49,44,62	3928.0	39.4784207	73.5913544	5292.8
7	163.4	162.4	163.4	449,291,44,58	3857.1	39.4784195	73.5913539	5292.8
8	162.4	155.4	162.4	527,237,44,52	3591.3	39.4784194	73.5913538	5292.8
9	116.3	116.3	124.3	1693,749,48,39	3320.0	39.4783237	73.5914165	5302.5
10	121.3	121.3	124.3	1569,705,36,42	3272.5	39.4783229	73.5914170	5302.5
11	117.3	110.3	120.3	1641,813,44,52	3197.1	39.4783236	73.5914167	5302.5
12	178.5	173.5	178.5	178,423,35,74	3180.0	39.4784200	73.5913542	5292.8
13	164.4	164.4	164.4	736,313,53,67	2894.7	39.4784197	73.5913539	5292.8
14	78.2	75.2	78.2	368,441,29,60	2852.6	39.4783244	73.5914187	5302.4
15	169.5	169.5	169.5	337,338,32,51	2682.2	39.4784206	73.5913540	5292.8
16	173.5	173.5	173.5	193,341,28,51	2667.3	39.4784207	73.5913546	5292.8
17	188.5	185.5	189.5	859,572,46,49	2547.2	39.4784204	73.5913519	5292.8
18	54.1	54.1	54.1	57,905,32,41	2525.2	39.4783242	73.5914181	5302.4
19	1.0	1.0	1.0	257,0,40,57	2324.0	39.4783214	73.5914138	5302.4
20	156.4	156.4	163.4	967,313,36,56	2313.8	39.4784198	73.5913537	5292.8
21	71.2	71.2	75.2	9,745,26,34	2262.4	39.4783255	73.5914201	5302.4
22	44.1	41.1	44.1	486,1013,36,52	2134.0	39.4783252	73.5914156	5302.4
23	190.5	190.5	193.5	738,64,49,35	2133.3	39.4784198	73.5913522	5292.8
24	31.1	31.1	33.1	75,140,56,87	2124.2	39.4783258	73.5914156	5302.4
25	165.4	165.4	168.5	437,169,40,96	2014.3	39.4784199	73.5913538	5292.8
26	127.3	126.3	128.3	1803,545,46,28	1866.4	39.4783225	73.5914166	5302.5
27	179.5	179.5	179.5	291,443,27,68	1755.6	39.4784199	73.5913540	5292.8
28	163.4	163.4	164.4	501,69,32,40	1737.8	39.4784195	73.5913539	5292.8
29	45.1	45.1	49.1	533,151,28,52	1737.6	39.4783252	73.5914155	5302.4
30	53.1	53.1	54.1	175,377,25,42	1678.6	39.4783242	73.5914181	5302.4
31	162.4	161.4	164.4	583,29,34,42	1673.8	39.4784194	73.5913538	5292.8
32	44.1	41.1	44.1	447,921,40,21	1658.4	39.4783252	73.5914156	5302.4
33	169.5	169.5	169.5	364,76,33,37	1609.8	39.4784206	73.5913540	5292.8
34	46.1	45.1	49.1	443,52,34,53	1596.1	39.4783248	73.5914158	5302.4
35	122.3	121.3	124.3	1816,826,39,41	1565.8	39.4783232	73.5914170	5302.5
36	159.4	156.4	160.4	1170,25,35,32	1562.6	39.4784195	73.5913535	5292.8
37	81.2	77.2	82.2	217,293,32,16	1475.7	39.4783237	73.5914179	5302.4
38	31.1	31.1	32.1	133,531,28,62	1420.7	39.4783258	73.5914156	5302.4
39	50.1	47.1	52.1	753,497,27,28	1408.4	39.4783244	73.5914171	5302.4
40	168.5	168.5	172.5	145,9,26,66	1349.0	39.4784205	73.5913539	5292.8
41	142.4	134.4	148.4	870,861,27,48	1335.8	39.4783221	73.5914159	5301.8
42	8.0	7.0	12.0	81,121,24,42	1320.8	39.4783231	73.5914150	5302.4
43	76.2	76.2	76.2	61,57,44,23	1320.4	39.4783244	73.5914190	5302.4
44	175.5	175.5	175.5	836,585,21,32	1299.8	39.4784206	73.5913546	5292.8
45	176.5	176.5	177.5	773,774,52,22	1279.8	39.4784202	73.5913544	5292.8
46	40.1	39.1	40.1	83,793,12,63	1223.0	39.4783261	73.5914154	5302.4
47	45.1	45.1	45.1	577,77,40,20	1220.4	39.4783252	73.5914155	5302.4
48	130.4	125.3	135.4	1857,706,38,13	1218.9	39.4783217	73.5914163	5302.5
49	16.0	14.0	16.0	473,1051,30,29	1208.1	39.4783244	73.5914155	5302.4
50	121.3	121.3	123.3	1871,853,20,28	1192.9	39.4783229	73.5914170	5302.5
51	0.0	0.0	0.0	0,679,41,42	1189.0	39.4783212	73.5914138	5302.4
52	117.3	116.3	117.3	1845,895,22,26	1184.7	39.4783236	73.5914167	5302.5
53	17.0	13.0	17.0	5,1000,26,27	1183.2	39.4783245	73.5914155	5302.4
54	23.1	23.1	23.1	65,17,34,27	1172.7	39.4783253	73.5914157	5302.4
55	161.4	161.4	164.4	648,36,25,22	1168.7	39.4784194	73.5913537	5292.8
56	94.3	94.3	95.3	434,980,45,25	1141.3	39.4783232	73.5914156	5302.4
57	48.1	46.1	49.1	533,299,30,36	1123.9	39.4783242	73.5914166	5302.4
58	46.1	46.1	49.1	523,134,26,19	1120.8	39.4783248	73.5914158	5302.4
59	50.1	47.1	52.1	794,416,35,27	1117.8	39.4783244	73.5914171	5302.4
60	192.5	191.5	193.5	745,0,28,17	1111.7	39.4784201	73.5913527	5292.8
61	51.1	51.1	57.2	613,1027,31,17	1044.5	39.4783243	73.5914176	5302.4
62	69.2	67.2	69.2	1865,421,24,26	1039.3	39.4783257	73.5914197	5302.4
63	85.2	85.2	86.2	205,519,30,34	1035.0	39.4783235	73.5914168	5302.4
64	31.1	31.1	32.1	199,395,28,44	1008.7	39.4783258	73.5914156	5302.4
65	130.4	125.3	136.4	630,709,23,29	973.4	39.4783217	73.5914163	5302.5
66	41.1	41.1	41.1	167,449,24,20	969.0	39.4783258	73.5914155	5302.4
67	191.5	191.5	193.5	137,69,20,60	932.4	39.4784201	73.5913523	5292.8
68	62.2	58.2	65.2	193,333,51,14	924.1	39.4783250	73.5914187	5302.4
69	172.5	171.5	172.5	1733,9,26,16	922.6	39.4784207	73.5913544	5292.8
70	160.4	159.4	162.4	874,374,23,28	912.2	39.4784194	73.5913536	5292.8
71	81.2	81.2	85.2	395,53,18,29	909.5	39.4783237	73.5914179	5302.4
72	113.3	111.3	113.3	1773,264,24,17	905.4	39.4783238	73.5914158	5302.4
73	31.1	31.1	33.1	205,23,14,42	899.1	39.4783258	73.5914156	5302.4
74	47.1	47.1	49.1	516,209,38,16	891.4	39.4783249	73.5914162	5302.4
75	74.2	72.2	74.2	515,805,29,24	886.3	39.4783248	73.5914193	5302.4
76	42.1	42.1	42.1	537,417,26,25	874.5	39.4783254	73.5914157	5302.4
77	184.5	181.5	184.5	0,921,29,29	863.3	39.4784201	73.5913527	5292.8
78	79.2	79.2	79.2	81,289,33,28	860.9	39.4783237	73.5914185	5302.4
79	31.1	31.1	31.1	89,923,24,14	856.5	39.4783258	73.5914156	5302.4
80	80.2	80.2	80.2	9,411,24,12	848.9	39.4783240	73.5914181	5302.4
81	3.0	1.0	13.0	1221,0,22,37	848.8	39.4783219	73.5914141	5302.4
82	104.3	104.3	106.3	439,953,42,32	846.2	39.4783232	73.5914136	5302.4
83	122.3	121.3	124.3	1755,809,22,24	835.6	39.4783232	73.5914170	5302.5
84	31.1	31.1	31.1	88,320,17,29	835.3	39.4783258	73.5914156	5302.4
85	118.3	118.3	123.3	39,713,26,16	831.7	39.4783233	73.5914167	5302.5
86	79.2	79.2	79.2	311,417,26,16	818.1	39.4783237	73.5914185	5302.4
87	173.5	173.5	173.5	149,573,22,19	802.6	39.4784207	73.5913546	5292.8
88	176.5	176.5	177.5	850,709,19,31	798.9	39.4784202	73.5913544	5292.8
89	31.1	31.1	33.1	313,569,10,49	798.4	39.4783258	73.5914156	5302.4
90	165.4	165.4	167.5	357,294,22,27	796.3	39.4784199	73.5913538	5292.8
91	189.5	189.5	189.5	448,835,25,16	794.8	39.4784201	73.5913521	5292.8
92	79.2	79.2	85.2	1368,153,31,28	794.7	39.4783237	73.5914185	5302.4
93	13.0	12.0	13.0	665,702,18,26	793.5	39.4783244	73.5914150	5302.4
94	12.0	12.0	12.0	0,61,44,16	776.8	39.4783238	73.5914150	5302.4
95	40.1	40.1	40.1	9,1043,24,21	776.4	39.4783261	73.5914154	5302.4
96	165.4	164.4	168.5	377,64,20,21	772.8	39.4784199	73.5913538	5292.8
97	163.4	163.4	163.4	407,506,17,23	762.1	39.4784195	73.5913539	5292.8
98	19.1	19.1	23.1	591,0,36,11	761.8	39.4783250	73.5914156	5302.5
99	164.4	164.4	164.4	849,453,30,11	761.6	39.4784197	73.5913539	5292.8
100	2.0	2.0	3.0	1315,1002,15,23	760.6	39.4783216	73.5914139	5302.4
101	50.1	47.1	50.1	799,448,17,16	745.0	39.4783244	73.5914171	5302.4
102	168.5	168.5	168.5	39,36,30,37	738.0	39.4784205	73.5913539	5292.8
103	170.5	169.5	171.5	955,0,20,19	727.4	39.4784207	73.5913542	5292.8
104	124.3	123.3	124.3	21,359,35,14	726.2	39.4783228	73.5914168	5302.5
105	165.4	165.4	167.5	429,275,14,34	725.1	39.4784199	73.5913538	5292.8
106	33.1	33.1	33.1	77,285,20,20	713.5	39.4783261	73.5914155	5302.4
107	116.3	114.3	120.3	169,697,32,18	688.3	39.4783237	73.5914165	5302.5
108	16.0	14.0	16.0	590,1055,9,25	682.7	39.4783244	73.5914155	5302.4
109	168.5	168.5	172.5	169,117,18,29	679.8	39.4784205	73.5913539	5292.8
110	12.0	7.0	12.0	547,579,20,14	678.5	39.4783238	73.5914150	5302.4
111	33.1	33.1	33.1	289,177,16,16	677.6	39.4783261	73.5914155	5302.4
112	44.1	44.1	44.1	804,268,25,21	671.5	39.4783252	73.5914156	5302.4
113	42.1	42.1	42.1	67,3,40,22	667.6	39.4783254	73.5914157	5302.4
114	39.1	39.1	40.1	369,277,16,20	661.0	39.4783262	73.5914155	5302.4
115	31.1	31.1	32.1	72,81,33,27	653.3	39.4783258	73.5914156	5302.4
116	164.4	160.4	164.4	855,341,18,20	652.8	39.4784197	73.5913539	5292.8
117	34.1	34.1	34.1	1237,67,28,14	651.4	39.4783261	73.5914153	5302.4
118	162.4	161.4	164.4	581,311,20,25	641.6	39.4784194	73.5913538	5292.8
119	166.5	166.5	168.5	433,37,18,16	636.8	39.4784201	73.5913538	5292.8
120	31.1	31.1	32.1	153,85,24,12	630.9	39.4783258	73.5914156	5302.4
121	33.1	33.1	33.1	371,9,17,30	630.8	39.4783261	73.5914155	5302.4
122	87.2	87.2	88.2	17,757,26,23	626.2	39.4783235	73.5914164	5302.4
123	155.4	155.4	156.4	1753,321,16,30	622.7	39.4784202	73.5913536	5292.8
124	14.0	14.0	16.0	463,641,34,9	620.0	39.4783242	73.5914152	5302.4
125	80.2	80.2	80.2	81,157,24,26	617.6	39.4783240	73.5914181	5302.4
126	116.3	116.3	120.3	1763,809,25,16	613.3	39.4783237	73.5914165	5302.5
127	7.0	7.0	13.0	678,766,18,27	604.7	39.4783228	73.5914149	5302.4
128	116.3	116.3	116.3	19,941,25,14	596.8	39.4783237	73.5914165	5302.5
129	1.0	1.0	1.0	1889,977,18,21	593.7	39.4783214	73.5914138	5302.4
130	24.1	23.1	29.1	758,243,18,24	593.1	39.4783258	73.5914158	5302.4
131	178.5	178.5	178.5	305,595,25,10	590.3	39.4784200	73.5913542	5292.8
132	155.4	155.4	155.4	1409,33,10,16	584.8	39.4784202	73.5913536	5292.8
133	118.3	118.3	130.4	73,777,24,13	583.5	39.4783233	73.5914167	5302.5
134	79.2	79.2	79.2	51,37,10,20	583.3	39.4783237	73.5914185	5302.4
135	20.1	18.0	20.1	0,257,9,16	582.2	39.4783250	73.5914157	5302.4
136	166.5	165.4	167.5	681,206,31,25	580.8	39.4784201	73.5913538	5292.8
137	173.5	173.5	173.5	9,976,24,17	579.3	39.4784207	73.5913546	5292.8
138	100.3	100.3	101.3	1894,375,15,20	579.1	39.4783239	73.5914140	5302.4
139	73.2	71.2	76.2	494,952,19,17	566.1	39.4783250	73.5914196	5302.4
140	20.1	19.1	20.1	177,263,22,20	563.4	39.4783250	73.5914157	5302.4
141	24.1	23.1	26.1	823,191,13,32	562.6	39.4783258	73.5914158	5302.4
142	168.5	168.5	168.5	0,823,5,34	558.2	39.4784205	73.5913539	5292.8
143	42.1	42.1	42.1	5,31,46,22	554.9	39.4783254	73.5914157	5302.4
144	20.1	19.1	20.1	473,45,34,24	548.5	39.4783250	73.5914157	5302.4
145	1.0	0.0	1.0	63,165,26,11	546.3	39.4783214	73.5914138	5302.4
146	155.4	155.4	155.4	1256,105,9,16	545.3	39.4784202	73.5913536	5292.8
147	152.4	150.4	153.4	490,767,22,10	544.0	39.4784186	73.5913546	5292.8
148	82.2	82.2	83.2	233,23,29,16	542.3	39.4783237	73.5914177	5302.4
149	165.4	165.4	167.5	857,309,26,20	540.4	39.4784199	73.5913538	5292.8
150	16.0	15.0	21.1	401,844,36,7	539.0	39.4783244	73.5914155	5302.4
151	104.3	104.3	106.3	660,494,13,21	538.2	39.4783232	73.5914136	5302.4
152	173.5	169.5	173.5	830,144,21,9	536.2	39.4784207	73.5913546	5292.8
153	83.2	83.2	83.2	490,425,22,12	535.9	39.4783236	73.5914174	5302.4
154	176.5	176.5	176.5	1353,28,20,22	535.0	39.4784202	73.5913544	5292.8
155	40.1	40.1	40.1	11,799,12,18	532.2	39.4783261	73.5914154	5302.4
156	103.3	103.3	103.3	241,225,32,18	532.1	39.4783232	73.5914136	5302.4
157	9.0	9.0	12.0	729,720,8,31	531.7	39.4783235	73.5914150	5302.4
158	18.0	18.0	25.1	241,89,24,12	531.0	39.4783251	73.5914155	5302.5
159	79.2	79.2	79.2	153,65,9,29	530.3	39.4783237	73.5914185	5302.4
160	0.0	0.0	0.0	1649,847,20,26	525.3	39.4783212	73.5914138	5302.4
161	1.0	1.0	1.0	1811,368,14,20	524.5	39.4783214	73.5914138	5302.4
162	95.3	94.3	95.3	532,903,19,17	522.8	39.4783234	73.5914154	5302.4
163	177.5	174.5	177.5	21,457,16,24	522.2	39.4784201	73.5913543	5292.8
164	18.0	18.0	19.1	162,161,27,26	518.8	39.4783251	73.5914155	5302.5
165	182.5	180.5	184.5	277,949,20,20	518.1	39.4784198	73.5913531	5292.8
166	8.0	8.0	12.0	189,1017,14,24	515.9	39.4783231	73.5914150	5302.4
167	101.3	100.3	101.3	1791,520,24,21	513.3	39.4783237	73.5914137	5302.4
168	145.4	130.4	150.4	865,1028,14,25	509.0	39.4783205	73.5914173	5298.4
169	156.4	156.4	156.4	1407,607,20,18	508.9	39.4784198	73.5913537	5292.8
170	6.0	3.0	10.0	0,290,12,13	499.7	39.4783226	73.5914148	5302.4
171	159.4	156.4	160.4	1136,25,23,14	498.8	39.4784195	73.5913535	5292.8
172	80.2	80.2	80.2	318,45,19,20	495.1	39.4783240	73.5914181	5302.4
173	182.5	182.5	183.5	777,49,32,9	494.5	39.4784198	73.5913531	5292.8
174	168.5	168.5	169.5	875,449,14,19	491.3	39.4784205	73.5913539	5292.8
175	178.5	174.5	178.5	381,572,28,21	489.6	39.4784200	73.5913542	5292.8
176	176.5	176.5	176.5	1041,681,24,10	485.4	39.4784202	73.5913544	5292.8
177	20.1	20.1	20.1	1409,251,16,14	482.8	39.4783250	73.5914157	5302.4
178	32.1	32.1	33.1	197,393,13,24	474.8	39.4783259	73.5914156	5302.4
179	34.1	34.1	34.1	37,553,14,14	472.7	39.4783261	73.5914153	5302.4
180	167.5	165.4	167.5	785,281,17,8	467.3	39.4784203	73.5913540	5292.8
181	118.3	116.3	131.4	0,953,19,12	461.9	39.4783233	73.5914167	5302.5
182	51.1	47.1	51.1	19,401,18,10	460.7	39.4783243	73.5914176	5302.4
183	177.5	177.5	177.5	229,553,8,32	455.5	39.4784201	73.5913543	5292.8
184	122.3	121.3	122.3	1909,649,11,16	454.4	39.4783232	73.5914170	5302.5
185	134.4	125.3	146.4	708,777,23,20	452.2	39.4783220	73.5914163	5302.5
186	166.5	165.4	168.5	602,137,19,16	452.1	39.4784201	73.5913538	5292.8
187	190.5	190.5	193.5	759,261,15,20	452.0	39.4784198	73.5913522	5292.8
188	1.0	0.0	1.0	80,61,21,14	451.1	39.4783214	73.5914138	5302.4
189	109.3	109.3	110.3	985,820,14,13	450.6	39.4783234	73.5914146	5302.4
190	68.2	68.2	70.2	1643,673,6,24	449.0	39.4783257	73.5914193	5302.4
191	82.2	82.2	82.2	227,169,9,21	448.9	39.4783237	73.5914177	5302.4
192	18.0	18.0	18.0	1011,435,13,14	444.0	39.4783251	73.5914155	5302.5
193	35.1	35.1	36.1	311,115,26,10	443.9	39.4783262	73.5914152	5302.4
194	107.3	107.3	107.3	1901,213,16,20	443.9	39.4783234	73.5914140	5302.5
195	22.1	22.1	22.1	17,161,8,16	443.6	39.4783251	73.5914158	5302.4
196	73.2	73.2	75.2	113,585,8,24	441.1	39.4783250	73.5914196	5302.4
197	126.3	125.3	129.4	366,849,11,18	437.7	39.4783227	73.5914167	5302.5
198	120.3	118.3	124.3	1421,947,14,18	434.9	39.4783233	73.5914170	5302.5
199	31.1	31.1	32.1	0,519,17,18	434.4	39.4783258	73.5914156	5302.4
200	156.4	156.4	157.4	1005,407,30,10	434.4	39.4784198	73.5913537	5292.8
201	183.5	179.5	183.5	974,501,13,19	431.7	39.4784200	73.5913529	5292.8
202	80.2	80.2	80.2	0,593,14,24	431.5	39.4783240	73.5914181	5302.4
203	79.2	79.2	82.2	1455,97,10,16	430.7	39.4783237	73.5914185	5302.4
204	31.1	31.1	33.1	721,8,8,17	429.7	39.4783258	73.5914156	5302.4
205	3.0	2.0	6.0	1175,25,18,16	428.8	39.4783219	73.5914141	5302.4
206	18.0	17.0	25.1	145,369,18,12	428.4	39.4783251	73.5914155	5302.5
207	77.2	72.2	77.2	681,0,21,9	426.5	39.4783245	73.5914190	5302.4
208	180.5	180.5	184.5	609,565,11,20	425.8	39.4784198	73.5913536	5292.8
209	44.1	44.1	44.1	127,429,9,28	425.7	39.4783252	73.5914156	5302.4
210	86.2	86.2	89.2	178,914,13,15	425.2	39.4783235	73.5914165	5302.4
211	24.1	24.1	24.1	705,545,16,8	425.0	39.4783258	73.5914158	5302.4
212	137.4	137.4	141.4	0,225,17,13	424.4	39.4783220	73.5914158	5302.5
213	174.5	174.5	174.5	343,389,18,22	422.0	39.4784207	73.5913548	5292.8
214	6.0	3.0	6.0	1299,0,14,20	421.3	39.4783226	73.5914148	5302.4
215	86.2	86.2	87.2	148,714,13,14	419.9	39.4783235	73.5914165	5302.4
216	103.3	103.3	103.3	897,593,16,16	417.1	39.4783232	73.5914136	5302.4
217	20.1	20.1	20.1	395,94,22,19	414.2	39.4783250	73.5914157	5302.4
218	106.3	104.3	109.3	781,305,22,12	412.1	39.4783234	73.5914138	5302.4
219	44.1	44.1	44.1	338,965,11,12	410.9	39.4783252	73.5914156	5302.4
220	43.1	43.1	43.1	111,783,20,14	410.1	39.4783254	73.5914155	5302.4
221	116.3	116.3	146.4	12,874,12,23	407.7	39.4783237	73.5914165	5302.5
222	21.1	21.1	21.1	575,1037,17,20	404.6	39.4783250	73.5914159	5302.4
223	117.3	112.3	117.3	25,781,14,22	402.9	39.4783236	73.5914167	5302.5
224	21.1	17.0	21.1	33,970,16,8	402.2	39.4783250	73.5914159	5302.4
225	145.4	144.4	145.4	165,797,12,12	402.2	39.4783205	73.5914173	5298.4
226	164.4	164.4	164.4	947,413,10,36	400.0	39.4784197	73.5913539	5292.8
227	33.1	33.1	33.1	269,0,10,13	399.0	39.4783261	73.5914155	5302.4
228	170.5	170.5	170.5	1779,125,10,16	398.5	39.4784207	73.5913542	5292.8
229	52.1	52.1	52.1	33,31,38,18	398.4	39.4783242	73.5914179	5302.4
230	19.1	19.1	19.1	723,23,16,12	397.3	39.4783250	73.5914156	5302.5
231	79.2	79.2	79.2	489,578,19,23	395.0	39.4783237	73.5914185	5302.4
232	2.0	2.0	5.0	281,213,24,8	394.9	39.4783216	73.5914139	5302.4
233	40.1	40.1	40.1	89,1071,15,9	393.2	39.4783261	73.5914154	5302.4
234	78.2	77.2	78.2	406,587,10,20	393.0	39.4783244	73.5914187	5302.4
235	162.4	162.4	162.4	1129,142,18,18	393.0	39.4784194	73.5913538	5292.8
236	171.5	170.5	171.5	925,157,26,10	391.6	39.4784207	73.5913544	5292.8
237	190.5	190.5	190.5	779,0,14,25	391.6	39.4784198	73.5913522	5292.8
238	150.4	148.4	150.4	1021,569,19,8	391.5	39.4783941	73.5913677	5293.6
239	23.1	23.1	23.1	546,561,21,19	391.2	39.4783253	73.5914157	5302.4
240	163.4	163.4	163.4	49,129,16,8	388.1	39.4784195	73.5913539	5292.8
241	32.1	31.1	32.1	204,781,8,17	387.7	39.4783259	73.5914156	5302.4
242	177.5	177.5	177.5	251,673,10,26	385.4	39.4784201	73.5913543	5292.8
243	119.3	115.3	120.3	857,887,16,8	385.1	39.4783232	73.5914168	5302.5
244	146.4	125.3	147.4	977,925,16,10	382.8	39.4783276	73.5914117	5297.4
245	16.0	16.0	16.0	527,951,13,17	380.2	39.4783244	73.5914155	5302.4
246	77.2	77.2	77.2	1041,17,16,8	380.2	39.4783245	73.5914190	5302.4
247	106.3	105.3	110.3	1909,553,8,36	380.0	39.4783234	73.5914138	5302.4
248	82.2	82.2	85.2	412,0,13,13	379.9	39.4783237	73.5914177	5302.4
249	16.0	16.0	16.0	618,977,7,24	379.8	39.4783244	73.5914155	5302.4
250	188.5	188.5	189.5	931,591,15,11	378.5	39.4784204	73.5913519	5292.8
251	111.3	110.3	112.3	1804,567,20,13	375.8	39.4783237	73.5914151	5302.4
252	185.5	185.5	185.5	907,712,13,17	374.9	39.4784202	73.5913525	5292.8
253	31.1	28.1	33.1	375,145,17,30	372.8	39.4783258	73.5914156	5302.4
254	34.1	34.1	34.1	1299,15,15,18	372.4	39.4783261	73.5914153	5302.4
255	3.0	2.0	3.0	713,163,16,8	368.8	39.4783219	73.5914141	5302.4
256	190.5	190.5	190.5	0,33,13,16	368.4	39.4784198	73.5913522	5292.8
257	82.2	82.2	82.2	127,0,26,5	368.1	39.4783237	73.5914177	5302.4
258	51.1	51.1	51.1	1865,1001,16,14	368.0	39.4783243	73.5914176	5302.4
259	189.5	189.5	189.5	488,366,18,16	367.0	39.4784201	73.5913521	5292.8
260	4.0	4.0	4.0	1313,965,15,8	366.5	39.4783222	73.5914142	5302.4
261	179.5	179.5	179.5	397,503,13,24	364.3	39.4784199	73.5913540	5292.8
262	115.3	115.3	115.3	1745,973,18,18	362.1	39.4783238	73.5914164	5302.5
263	27.1	27.1	27.1	1409,249,16,12	362.0	39.4783258	73.5914157	5302.4
264	1.0	1.0	1.0	1897,483,12,14	360.9	39.4783214	73.5914138	5302.4
265	153.4	153.4	153.4	1521,49,13,16	360.6	39.4784207	73.5913534	5292.8
266	11.0	7.0	13.0	722,820,13,12	359.7	39.4783239	73.5914149	5302.4
267	31.1	29.1	31.1	393,70,8,33	359.3	39.4783258	73.5914156	5302.4
268	101.3	101.3	101.3	265,497,16,10	356.5	39.4783237	73.5914137	5302.4
269	154.4	154.4	154.4	1029,867,13,13	354.3	39.4784206	73.5913535	5292.8
270	78.2	78.2	78.2	380,522,7,39	354.1	39.4783244	73.5914187	5302.4
271	128.3	126.3	136.4	774,670,7,23	353.6	39.4783223	73.5914165	5302.5
272	104.3	103.3	106.3	936,881,9,14	353.5	39.4783232	73.5914136	5302.4
273	40.1	40.1	40.1	0,915,11,22	351.8	39.4783261	73.5914154	5302.4
274	182.5	182.5	182.5	79,181,14,12	349.8	39.4784198	73.5913531	5292.8
275	115.3	114.3	116.3	449,709,15,16	349.6	39.4783238	73.5914164	5302.5
276	176.5	176.5	176.5	959,481,14,12	348.9	39.4784202	73.5913544	5292.8
277	75.2	75.2	75.2	48,836,19,9	348.5	39.4783246	73.5914192	5302.4
278	87.2	86.2	87.2	285,465,14,22	347.1	39.4783235	73.5914164	5302.4
279	183.5	182.5	183.5	277,313,12,18	347.1	39.4784200	73.5913529	5292.8
280	37.1	36.1	38.1	1759,108,18,11	347.0	39.4783262	73.5914152	5302.4
281	32.1	31.1	32.1	259,275,14,14	346.5	39.4783259	73.5914156	5302.4
282	20.1	19.1	20.1	553,37,27,12	345.2	39.4783250	73.5914157	5302.4
283	103.3	103.3	103.3	641,883,22,10	344.3	39.4783232	73.5914136	5302.4
284	98.3	98.3	98.3	45,251,8,26	343.1	39.4783238	73.5914148	5302.4
285	63.2	63.2	76.2	37,1049,12,14	342.2	39.4783252	73.5914188	5302.4
286	4.0	2.0	5.0	151,387,18,10	342.1	39.4783222	73.5914142	5302.4
287	85.2	85.2	85.2	28,311,13,16	341.6	39.4783235	73.5914168	5302.4
288	120.3	117.3	124.3	1560,1017,13,8	341.1	39.4783233	73.5914170	5302.5
289	181.5	181.5	182.5	376,0,9,13	340.9	39.4784198	73.5913533	5292.8
290	56.2	54.1	57.2	217,337,13,13	338.8	39.4783242	73.5914185	5302.4
291	51.1	51.1	51.1	394,688,28,7	337.6	39.4783243	73.5914176	5302.4
292	172.5	170.5	172.5	893,101,10,16	336.1	39.4784207	73.5913544	5292.8
293	8.0	8.0	11.0	701,651,12,13	335.8	39.4783231	73.5914150	5302.4
294	115.3	114.3	115.3	1523,980,14,9	334.9	39.4783238	73.5914164	5302.5
295	28.1	23.1	29.1	1137,113,11,22	334.8	39.4783258	73.5914158	5302.4
296	31.1	31.1	33.1	51,229,11,17	334.6	39.4783258	73.5914156	5302.4
297	91.2	90.2	91.2	9,25,12,16	334.5	39.4783233	73.5914161	5302.4
298	6.0	6.0	6.0	8,812,17,29	333.9	39.4783226	73.5914148	5302.4
299	174.5	174.5	174.5	500,482,13,29	333.4	39.4784207	73.5913548	5292.8
300	12.0	12.0	12.0	609,569,16,8	332.5	39.4783238	73.5914150	5302.4
301	15.0	14.0	16.0	553,759,22,10	328.2	39.4783243	73.5914154	5302.4
302	153.4	153.4	153.4	1194,55,7,18	327.8	39.4784207	73.5913534	5292.8
303	31.1	31.1	31.1	11,137,10,17	327.5	39.4783258	73.5914156	5302.4
304	119.3	114.3	131.4	151,943,24,10	327.2	39.4783232	73.5914168	5302.5
305	33.1	33.1	33.1	106,828,15,13	327.0	39.4783261	73.5914155	5302.4
306	46.1	46.1	46.1	242,202,22,9	326.4	39.4783248	73.5914158	5302.4
307	51.1	51.1	51.1	129,969,17,8	326.1	39.4783243	73.5914176	5302.4
308	69.2	68.2	69.2	1801,914,12,21	325.5	39.4783257	73.5914197	5302.4
309	189.5	189.5	189.5	217,0,19,7	325.5	39.4784201	73.5913521	5292.8
310	150.4	150.4	150.4	7,33,10,10	324.0	39.4783941	73.5913677	5293.6
311	94.3	94.3	95.3	609,849,6,30	323.8	39.4783232	73.5914156	5302.4
312	81.2	81.2	82.2	635,123,10,21	320.4	39.4783237	73.5914179	5302.4
313	181.5	180.5	184.5	505,873,11,15	319.9	39.4784198	73.5913533	5292.8
314	8.0	8.0	10.0	1010,0,13,7	319.3	39.4783231	73.5914150	5302.4
315	15.0	14.0	15.0	395,1001,14,16	319.0	39.4783243	73.5914154	5302.4
316	31.1	31.1	31.1	919,60,11,11	318.0	39.4783258	73.5914156	5302.4
317	109.3	109.3	109.3	9,279,9,14	317.7	39.4783234	73.5914146	5302.4
318	3.0	3.0	5.0	713,253,21,9	317.5	39.4783219	73.5914141	5302.4
319	116.3	116.3	116.3	92,859,9,22	316.9	39.4783237	73.5914165	5302.5
320	131.4	125.3	136.4	415,497,11,9	316.8	39.4783218	73.5914162	5302.5
321	118.3	118.3	118.3	142,709,11,20	316.7	39.4783233	73.5914167	5302.5
322	161.4	157.4	163.4	1025,577,14,9	315.9	39.4784194	73.5913537	5292.8
323	23.1	23.1	27.1	801,705,8,16	314.8	39.4783253	73.5914157	5302.4
324	124.3	122.3	124.3	1792,801,17,8	314.5	39.4783228	73.5914168	5302.5
325	81.2	81.2	81.2	701,441,6,33	312.8	39.4783237	73.5914179	5302.4
326	90.2	90.2	91.2	170,179,8,20	312.6	39.4783232	73.5914160	5302.4
327	12.0	11.0	12.0	373,0,22,11	311.7	39.4783238	73.5914150	5302.4
328	84.2	84.2	84.2	285,402,20,9	311.6	39.4783236	73.5914171	5302.4
329	75.2	75.2	75.2	213,241,16,16	309.1	39.4783246	73.5914192	5302.4
330	82.2	82.2	82.2	401,298,25,7	308.3	39.4783237	73.5914177	5302.4
331	172.5	172.5	172.5	697,211,12,14	308.0	39.4784207	73.5913544	5292.8
332	27.1	27.1	27.1	51,61,12,14	306.7	39.4783258	73.5914157	5302.4
333	34.1	34.1	34.1	1084,30,16,16	306.3	39.4783261	73.5914153	5302.4
334	38.1	36.1	38.1	737,159,8,10	306.2	39.4783262	73.5914152	5302.4
335	170.5	167.5	170.5	1003,1063,22,10	305.1	39.4784207	73.5913542	5292.8
336	0.0	0.0	0.0	1913,241,7,21	303.2	39.4783212	73.5914138	5302.4
337	82.2	82.2	85.2	217,423,16,8	303.2	39.4783237	73.5914177	5302.4
338	56.2	53.1	58.2	281,418,8,15	302.2	39.4783242	73.5914185	5302.4
339	177.5	177.5	177.5	135,565,11,18	300.7	39.4784201	73.5913543	5292.8
340	101.3	100.3	101.3	1697,606,8,11	299.9	39.4783237	73.5914137	5302.4
341	53.1	51.1	53.1	0,1065,17,5	298.6	39.4783242	73.5914181	5302.4
342	137.4	137.4	137.4	1115,845,8,14	297.1	39.4783220	73.5914158	5302.5
343	96.3	96.3	96.3	20,49,13,8	296.8	39.4783235	73.5914150	5302.5
344	33.1	33.1	33.1	327,97,10,16	295.4	39.4783261	73.5914155	5302.4
345	155.4	155.4	155.4	1873,25,12,12	295.2	39.4784202	73.5913536	5292.8
346	64.2	64.2	64.2	75,299,26,16	294.1	39.4783254	73.5914189	5302.4
347	0.0	0.0	0.0	1725,883,14,11	293.0	39.4783212	73.5914138	5302.4
348	17.0	17.0	17.0	1722,0,17,9	291.2	39.4783245	73.5914155	5302.4
349	22.1	20.1	22.1	539,737,14,13	290.2	39.4783251	73.5914158	5302.4
350	35.1	35.1	35.1	0,503,13,20	289.8	39.4783262	73.5914152	5302.4
351	102.3	102.3	102.3	1169,105,16,18	289.4	39.4783237	73.5914135	5302.4
352	36.1	34.1	37.1	0,219,6,14	289.3	39.4783262	73.5914152	5302.4
353	43.1	43.1	43.1	9,411,16,24	288.9	39.4783254	73.5914155	5302.4
354	23.1	23.1	23.1	176,22,21,9	288.6	39.4783253	73.5914157	5302.4
355	146.4	144.4	146.4	0,543,9,12	288.4	39.4783276	73.5914117	5297.4
356	36.1	35.1	36.1	107,145,7,13	286.9	39.4783262	73.5914152	5302.4
357	144.4	131.4	149.4	579,793,14,8	286.9	39.4783205	73.5914178	5299.5
358	169.5	168.5	169.5	375,413,20,10	286.1	39.4784206	73.5913540	5292.8
359	102.3	102.3	102.3	767,617,10,10	285.1	39.4783237	73.5914135	5302.4
360	177.5	177.5	177.5	161,425,12,14	284.6	39.4784201	73.5913543	5292.8
361	99.3	99.3	99.3	1895,937,12,8	284.4	39.4783239	73.5914145	5302.4
362	103.3	102.3	103.3	985,608,13,9	282.1	39.4783232	73.5914136	5302.4
363	1.0	1.0	5.0	117,113,11,20	281.7	39.4783214	73.5914138	5302.4
364	54.1	53.1	54.1	0,906,9,15	280.7	39.4783242	73.5914181	5302.4
365	189.5	189.5	189.5	925,553,14,16	280.3	39.4784201	73.5913521	5292.8
366	51.1	51.1	51.1	916,491,11,10	280.2	39.4783243	73.5914176	5302.4
367	107.3	103.3	107.3	705,1015,16,10	278.8	39.4783234	73.5914140	5302.5
368	183.5	183.5	183.5	1735,43,26,6	278.2	39.4784200	73.5913529	5292.8
369	84.2	84.2	84.2	377,400,10,11	277.1	39.4783236	73.5914171	5302.4
370	17.0	17.0	29.1	291,9,16,14	276.7	39.4783245	73.5914155	5302.4
371	159.4	155.4	160.4	1177,63,11,11	276.1	39.4784195	73.5913535	5292.8
372	27.1	24.1	29.1	617,503,12,13	275.8	39.4783258	73.5914157	5302.4
373	158.4	158.4	158.4	1777,697,16,8	274.1	39.4784198	73.5913536	5292.8
374	118.3	111.3	118.3	1881,873,12,8	274.0	39.4783233	73.5914167	5302.5
375	86.2	86.2	86.2	1761,913,14,20	273.7	39.4783235	73.5914165	5302.4
376	44.1	44.1	44.1	170,481,16,8	273.6	39.4783252	73.5914156	5302.4
377	150.4	138.4	150.4	1387,51,16,8	272.6	39.4783941	73.5913677	5293.6
378	12.0	7.0	12.0	265,45,16,9	272.1	39.4783238	73.5914150	5302.4
379	150.4	141.4	150.4	945,21,12,12	272.1	39.4783941	73.5913677	5293.6
380	38.1	38.1	39.1	1729,901,12,12	270.6	39.4783262	73.5914152	5302.4
381	177.5	177.5	177.5	357,705,8,24	268.9	39.4784201	73.5913543	5292.8
382	182.5	181.5	182.5	58,67,8,15	268.9	39.4784198	73.5913531	5292.8
383	182.5	181.5	182.5	502,0,11,17	268.0	39.4784198	73.5913531	5292.8
384	25.1	24.1	29.1	863,243,12,13	267.9	39.4783258	73.5914159	5302.4
385	82.2	82.2	82.2	130,329,19,6	267.6	39.4783237	73.5914177	5302.4
386	169.5	169.5	173.5	277,581,12,10	266.6	39.4784206	73.5913540	5292.8
387	8.0	6.0	12.0	501,771,13,14	265.8	39.4783231	73.5914150	5302.4
388	6.0	6.0	6.0	796,691,10,15	263.2	39.4783226	73.5914148	5302.4
389	61.2	55.1	63.2	393,26,12,13	261.9	39.4783248	73.5914189	5302.4
390	157.4	157.4	158.4	81,609,10,16	261.7	39.4784200	73.5913538	5292.8
391	83.2	83.2	83.2	1235,597,14,12	259.6	39.4783236	73.5914174	5302.4
392	181.5	181.5	184.5	713,226,6,15	259.6	39.4784198	73.5913533	5292.8
393	33.1	33.1	33.1	39,568,15,7	258.7	39.4783261	73.5914155	5302.4
394	38.1	38.1	38.1	1905,97,8,12	258.6	39.4783262	73.5914152	5302.4
395	172.5	172.5	172.5	797,58,10,15	256.7	39.4784207	73.5913544	5292.8
396	113.3	113.3	113.3	1588,353,14,15	256.5	39.4783238	73.5914158	5302.4
397	6.0	6.0	6.0	1681,33,16,8	255.5	39.4783226	73.5914148	5302.4
398	181.5	181.5	182.5	1089,33,34,6	254.4	39.4784198	73.5913533	5292.8
399	22.1	22.1	22.1	1649,434,22,13	254.2	39.4783251	73.5914158	5302.4
400	161.4	161.4	161.4	66,1068,15,12	254.2	39.4784194	73.5913537	5292.8
401	101.3	101.3	102.3	1473,606,12,15	253.6	39.4783237	73.5914137	5302.4
402	124.3	124.3	124.3	197,565,20,6	252.5	39.4783228	73.5914168	5302.5
403	118.3	118.3	121.3	213,817,8,14	251.5	39.4783233	73.5914167	5302.5
404	192.5	191.5	193.5	99,784,10,21	251.3	39.4784201	73.5913527	5292.8
405	119.3	114.3	122.3	249,929,8,12	251.1	39.4783232	73.5914168	5302.5
406	27.1	25.1	27.1	945,176,13,9	250.7	39.4783258	73.5914157	5302.4
407	43.1	43.1	43.1	25,65,10,10	250.7	39.4783254	73.5914155	5302.4
408	54.1	52.1	54.1	73,683,6,23	248.3	39.4783242	73.5914181	5302.4
409	2.0	2.0	5.0	1897,301,9,10	247.6	39.4783216	73.5914139	5302.4
410	82.2	81.2	85.2	70,499,9,14	246.9	39.4783237	73.5914177	5302.4
411	59.2	54.1	59.2	17,65,9,8	246.8	39.4783246	73.5914190	5302.4
412	192.5	191.5	193.5	55,576,9,11	246.5	39.4784201	73.5913527	5292.8
413	17.0	17.0	17.0	1843,0,14,7	244.6	39.4783245	73.5914155	5302.4
414	17.0	17.0	21.1	1697,196,16,7	243.7	39.4783245	73.5914155	5302.4
415	95.3	94.3	95.3	694,7,3,26	243.0	39.4783234	73.5914154	5302.4
416	173.5	172.5	173.5	761,78,8,11	241.4	39.4784207	73.5913546	5292.8
417	133.4	131.4	135.4	1792,621,13,10	241.2	39.4783220	73.5914163	5302.5
418	8.0	8.0	8.0	580,81,23,6	240.9	39.4783231	73.5914150	5302.4
419	68.2	67.2	69.2	37,382,12,24	240.8	39.4783257	73.5914193	5302.4
420	60.2	57.2	64.2	209,456,15,9	240.6	39.4783247	73.5914189	5302.4
421	107.3	107.3	107.3	1795,998,14,18	240.6	39.4783234	73.5914140	5302.5
422	149.4	149.4	149.4	1091,103,18,4	240.3	39.4783781	73.5913771	5294.4
423	17.0	16.0	17.0	497,1049,26,6	238.8	39.4783245	73.5914155	5302.4
424	112.3	110.3	112.3	1901,501,12,12	238.3	39.4783238	73.5914156	5302.5
425	137.4	137.4	137.4	1571,0,11,8	238.2	39.4783220	73.5914158	5302.5
426	21.1	17.0	21.1	1615,149,14,9	238.0	39.4783250	73.5914159	5302.4
427	31.1	31.1	31.1	83,719,8,16	238.0	39.4783258	73.5914156	5302.4
428	4.0	4.0	4.0	1769,49,8,12	237.7	39.4783222	73.5914142	5302.4
429	118.3	118.3	118.3	760,913,9,8	235.7	39.4783233	73.5914167	5302.5
430	15.0	14.0	15.0	261,1068,17,7	235.4	39.4783243	73.5914154	5302.4
431	80.2	80.2	80.2	257,33,7,16	234.8	39.4783240	73.5914181	5302.4
432	33.1	33.1	33.1	37,329,8,17	234.2	39.4783261	73.5914155	5302.4
433	3.0	2.0	5.0	61,281,16,10	233.8	39.4783219	73.5914141	5302.4
434	88.2	88.2	88.2	91,757,8,12	233.2	39.4783235	73.5914161	5302.4
435	31.1	31.1	31.1	71,563,22,10	232.7	39.4783258	73.5914156	5302.4
436	53.1	53.1	53.1	73,278,18,9	232.3	39.4783242	73.5914181	5302.4
437	67.2	67.2	70.2	63,916,10,12	232.3	39.4783257	73.5914191	5302.4
438	84.2	84.2	84.2	783,509,18,11	231.6	39.4783236	73.5914171	5302.4
439	93.3	93.3	96.3	809,534,18,7	231.6	39.4783230	73.5914159	5302.4
440	9.0	8.0	12.0	105,129,8,8	231.3	39.4783235	73.5914150	5302.4
441	172.5	172.5	172.5	31,0,10,10	230.3	39.4784207	73.5913544	5292.8
442	6.0	6.0	6.0	573,404,8,12	229.9	39.4783226	73.5914148	5302.4
443	124.3	124.3	124.3	0,295,7,10	229.5	39.4783228	73.5914168	5302.5
444	97.3	84.2	97.3	223,115,18,10	228.4	39.4783236	73.5914148	5302.5
445	130.4	130.4	130.4	17,897,8,8	228.1	39.4783217	73.5914163	5302.5
446	176.5	176.5	176.5	1313,337,8,8	227.9	39.4784202	73.5913544	5292.8
447	17.0	14.0	17.0	187,1009,12,8	227.8	39.4783245	73.5914155	5302.4
448	181.5	180.5	181.5	485,879,4,18	227.6	39.4784198	73.5913533	5292.8
449	44.1	44.1	44.1	262,920,9,13	226.9	39.4783252	73.5914156	5302.4
450	157.4	157.4	157.4	1385,17,8,8	226.9	39.4784200	73.5913538	5292.8
451	128.3	128.3	128.3	1089,345,8,8	226.7	39.4783223	73.5914165	5302.5
452	32.1	32.1	32.1	190,273,7,16	226.6	39.4783259	73.5914156	5302.4
453	83.2	83.2	83.2	1280,548,6,16	226.4	39.4783236	73.5914174	5302.4
454	57.2	57.2	57.2	1309,897,12,8	225.6	39.4783244	73.5914188	5302.4
455	82.2	82.2	82.2	1004,78,17,9	225.0	39.4783237	73.5914177	5302.4
456	83.2	83.2	83.2	0,20,17,13	224.9	39.4783236	73.5914174	5302.4
457	13.0	13.0	13.0	603,791,10,16	224.8	39.4783244	73.5914150	5302.4
458	29.1	29.1	29.1	1219,113,15,5	223.8	39.4783258	73.5914158	5302.4
459	83.2	83.2	83.2	1377,975,8,17	223.4	39.4783236	73.5914174	5302.4
460	32.1	32.1	32.1	169,505,9,16	222.3	39.4783259	73.5914156	5302.4
461	44.1	41.1	44.1	340,575,9,8	222.1	39.4783252	73.5914156	5302.4
462	178.5	174.5	178.5	247,423,14,12	221.0	39.4784200	73.5913542	5292.8
463	89.2	89.2	89.2	62,193,11,8	220.0	39.4783235	73.5914160	5302.4
464	21.1	21.1	21.1	619,1030,12,11	219.7	39.4783250	73.5914159	5302.4
465	165.4	165.4	165.4	713,481,14,8	219.5	39.4784199	73.5913538	5292.8
466	188.5	185.5	188.5	874,623,15,12	219.3	39.4784204	73.5913519	5292.8
467	115.3	114.3	116.3	1751,1042,10,11	219.2	39.4783238	73.5914164	5302.5
468	66.2	64.2	66.2	201,788,8,11	219.1	39.4783256	73.5914191	5302.4
469	99.3	99.3	99.3	1905,598,10,11	218.6	39.4783239	73.5914145	5302.4
470	73.2	73.2	74.2	631,669,9,12	217.2	39.4783250	73.5914196	5302.4
471	0.0	0.0	0.0	1737,955,12,38	216.7	39.4783212	73.5914138	5302.4
472	154.4	154.4	154.4	496,917,14,6	216.1	39.4784206	73.5913535	5292.8
473	127.3	126.3	129.4	1667,497,8,8	215.2	39.4783225	73.5914166	5302.5
474	93.3	93.3	93.3	1677,1027,18,8	214.8	39.4783230	73.5914159	5302.4
475	18.0	18.0	22.1	89,269,18,6	214.4	39.4783251	73.5914155	5302.5
476	0.0	0.0	0.0	41,644,9,9	214.1	39.4783212	73.5914138	5302.4
477	91.2	89.2	92.3	113,390,16,7	213.9	39.4783233	73.5914161	5302.4
478	27.1	27.1	30.1	399,433,12,14	213.4	39.4783258	73.5914157	5302.4
479	57.2	57.2	58.2	243,384,8,15	213.2	39.4783244	73.5914188	5302.4
480	169.5	169.5	169.5	565,115,12,14	213.1	39.4784206	73.5913540	5292.8
481	170.5	170.5	170.5	1763,304,12,9	213.1	39.4784207	73.5913542	5292.8
482	23.1	23.1	23.1	3,7,9,10	212.9	39.4783253	73.5914157	5302.4
483	173.5	173.5	173.5	160,471,10,10	212.9	39.4784207	73.5913546	5292.8
484	19.1	19.1	19.1	225,17,8,8	211.8	39.4783250	73.5914156	5302.5
485	150.4	150.4	152.4	907,504,14,19	210.4	39.4783941	73.5913677	5293.6
486	158.4	156.4	158.4	433,1065,16,4	210.1	39.4784198	73.5913536	5292.8
487	15.0	15.0	15.0	701,449,11,10	210.0	39.4783243	73.5914154	5302.4
488	43.1	43.1	43.1	0,543,7,17	209.5	39.4783254	73.5914155	5302.4
489	107.3	107.3	107.3	199,273,8,16	208.4	39.4783234	73.5914140	5302.5
490	172.5	172.5	172.5	949,1065,13,15	208.2	39.4784207	73.5913544	5292.8
491	179.5	179.5	183.5	515,585,4,16	208.2	39.4784199	73.5913540	5292.8
492	157.4	155.4	157.4	1171,289,6,16	206.8	39.4784200	73.5913538	5292.8
493	61.2	59.2	66.2	18,336,9,13	206.7	39.4783248	73.5914189	5302.4
494	40.1	40.1	40.1	65,56,14,9	206.5	39.4783261	73.5914154	5302.4
495	193.5	191.5	193.5	993,1045,16,12	205.9	39.4784196	73.5913529	5292.8
496	39.1	39.1	39.1	65,119,14,6	205.5	39.4783262	73.5914155	5302.4
497	173.5	173.5	173.5	1893,385,12,9	205.3	39.4784207	73.5913546	5292.8
498	34.1	34.1	34.1	1299,113,12,8	205.2	39.4783261	73.5914153	5302.4
499	90.2	90.2	92.3	105,65,20,8	204.7	39.4783232	73.5914160	5302.4
500	155.4	155.4	155.4	1281,501,10,16	204.7	39.4784202	73.5913536	5292.8
501	44.1	41.1	44.1	407,801,8,8	204.2	39.4783252	73.5914156	5302.4
502	86.2	85.2	86.2	143,101,11,12	203.9	39.4783235	73.5914165	5302.4
503	168.5	168.5	168.5	95,341,14,6	203.8	39.4784205	73.5913539	5292.8
504	32.1	32.1	33.1	326,440,9,12	202.9	39.4783259	73.5914156	5302.4
505	113.3	111.3	113.3	1544,285,9,14	202.7	39.4783238	73.5914158	5302.4
506	13.0	13.0	13.0	779,421,13,7	202.2	39.4783244	73.5914150	5302.4
507	2.0	2.0	11.0	1101,70,12,9	201.4	39.4783216	73.5914139	5302.4
508	130.4	129.4	130.4	585,1009,8,12	201.2	39.4783217	73.5914163	5302.5
509	32.1	32.1	32.1	305,743,8,10	200.8	39.4783259	73.5914156	5302.4
510	119.3	114.3	119.3	360,937,9,12	200.3	39.4783232	73.5914168	5302.5
511	117.3	117.3	123.3	89,584,10,9	200.3	39.4783236	73.5914167	5302.5
512	105.3	104.3	106.3	1697,917,15,8	200.2	39.4783234	73.5914137	5302.4
513	52.1	52.1	52.1	13,718,10,13	200.0	39.4783242	73.5914179	5302.4
514	77.2	77.2	77.2	1494,62,11,7	199.5	39.4783245	73.5914190	5302.4
515	51.1	51.1	51.1	545,945,20,10	199.3	39.4783243	73.5914176	5302.4
516	101.3	100.3	101.3	193,553,9,8	199.1	39.4783237	73.5914137	5302.4
517	85.2	83.2	85.2	269,544,8,16	198.6	39.4783235	73.5914168	5302.4
518	179.5	179.5	179.5	1797,9,10,8	198.6	39.4784199	73.5913540	5292.8
519	145.4	141.4	145.4	98,1059,7,12	198.5	39.4783205	73.5914173	5298.4
520	160.4	160.4	160.4	217,769,8,8	198.4	39.4784194	73.5913536	5292.8
521	106.3	105.3	106.3	281,549,8,15	198.0	39.4783234	73.5914138	5302.4
522	162.4	161.4	163.4	737,77,12,12	197.6	39.4784194	73.5913538	5292.8
523	1.0	1.0	1.0	1865,899,16,6	197.4	39.4783214	73.5914138	5302.4
524	14.0	14.0	15.0	529,767,13,6	197.4	39.4783242	73.5914152	5302.4
525	97.3	97.3	97.3	347,260,13,11	197.4	39.4783236	73.5914148	5302.5
526	155.4	155.4	155.4	1217,203,9,8	197.4	39.4784202	73.5913536	5292.8
527	7.0	6.0	7.0	1641,421,9,12	197.0	39.4783228	73.5914149	5302.4
528	164.4	162.4	164.4	1315,513,14,10	196.8	39.4784197	73.5913539	5292.8
529	106.3	106.3	106.3	937,359,8,10	196.5	39.4783234	73.5914138	5302.4
530	139.4	133.4	143.4	587,649,14,10	196.4	39.4783223	73.5914152	5302.5
531	35.1	35.1	35.1	230,123,11,10	196.2	39.4783262	73.5914152	5302.4
532	177.5	177.5	177.5	221,529,4,16	196.2	39.4784201	73.5913543	5292.8
533	154.4	154.4	154.4	1159,667,4,22	196.0	39.4784206	73.5913535	5292.8
534	15.0	14.0	15.0	123,976,13,15	195.7	39.4783243	73.5914154	5302.4
535	120.3	118.3	120.3	431,489,10,8	195.4	39.4783233	73.5914170	5302.5
536	98.3	98.3	98.3	0,470,17,9	195.3	39.4783238	73.5914148	5302.4
537	81.2	81.2	82.2	689,87,8,17	195.0	39.4783237	73.5914179	5302.4
538	116.3	114.3	116.3	576,291,17,6	195.0	39.4783237	73.5914165	5302.5
539	112.3	112.3	112.3	18,227,10,8	194.8	39.4783238	73.5914156	5302.5
540	8.0	8.0	8.0	1907,0,13,6	194.6	39.4783231	73.5914150	5302.4
541	84.2	84.2	84.2	0,894,12,8	193.7	39.4783236	73.5914171	5302.4
542	177.5	177.5	177.5	185,757,10,8	192.7	39.4784201	73.5913543	5292.8
543	17.0	17.0	17.0	1403,157,18,12	192.2	39.4783245	73.5914155	5302.4
544	108.3	108.3	108.3	812,1035,7,10	190.8	39.4783234	73.5914143	5302.5
545	18.0	18.0	20.1	754,50,11,13	190.4	39.4783251	73.5914155	5302.5
546	156.4	156.4	159.4	1787,99,6,11	190.1	39.4784198	73.5913537	5292.8
547	83.2	83.2	83.2	541,163,12,10	189.2	39.4783236	73.5914174	5302.4
548	80.2	80.2	80.2	1829,98,8,7	189.0	39.4783240	73.5914181	5302.4
549	42.1	42.1	42.1	197,401,12,8	188.6	39.4783254	73.5914157	5302.4
550	54.1	54.1	54.1	1073,913,8,8	188.1	39.4783242	73.5914181	5302.4
551	82.2	82.2	85.2	169,81,14,8	188.0	39.4783237	73.5914177	5302.4
552	146.4	145.4	146.4	1869,989,12,5	186.4	39.4783276	73.5914117	5297.4
553	33.1	33.1	33.1	151,393,10,10	185.9	39.4783261	73.5914155	5302.4
554	1.0	1.0	1.0	285,37,20,6	185.5	39.4783214	73.5914138	5302.4
555	174.5	174.5	178.5	513,513,4,18	185.3	39.4784207	73.5913548	5292.8
556	55.1	55.1	55.1	529,1041,8,8	184.8	39.4783242	73.5914182	5302.4
557	102.3	94.3	102.3	352,231,9,14	184.6	39.4783237	73.5914135	5302.4
558	113.3	113.3	113.3	1529,5,12,8	184.5	39.4783238	73.5914158	5302.4
559	20.1	20.1	20.1	1195,299,8,14	184.2	39.4783250	73.5914157	5302.4
560	30.1	30.1	30.1	641,451,16,6	184.0	39.4783258	73.5914156	5302.4
561	9.0	7.0	11.0	521,17,8,8	183.9	39.4783235	73.5914150	5302.4
562	30.1	30.1	30.1	731,495,6,20	183.9	39.4783258	73.5914156	5302.4
563	27.1	25.1	30.1	399,333,10,12	183.8	39.4783258	73.5914157	5302.4
564	156.4	156.4	158.4	43,41,12,16	183.8	39.4784198	73.5913537	5292.8
565	152.4	152.4	152.4	0,919,9,6	183.6	39.4784186	73.5913546	5292.8
566	22.1	22.1	22.1	561,97,11,7	183.2	39.4783251	73.5914158	5302.4
567	105.3	104.3	105.3	457,737,6,10	182.8	39.4783234	73.5914137	5302.4
568	169.5	169.5	171.5	1037,184,8,10	182.8	39.4784206	73.5913540	5292.8
569	42.1	42.1	42.1	73,1047,22,6	181.8	39.4783254	73.5914157	5302.4
570	28.1	24.1	30.1	859,417,6,8	181.6	39.4783258	73.5914158	5302.4
571	160.4	159.4	160.4	241,1009,8,8	181.5	39.4784194	73.5913536	5292.8
572	83.2	83.2	83.2	482,37,9,8	181.3	39.4783236	73.5914174	5302.4
573	189.5	189.5	189.5	0,481,7,12	180.8	39.4784201	73.5913521	5292.8
574	44.1	44.1	44.1	471,895,18,6	180.2	39.4783252	73.5914156	5302.4
575	101.3	100.3	101.3	50,548,13,5	180.2	39.4783237	73.5914137	5302.4
576	5.0	2.0	5.0	860,660,13,11	180.1	39.4783225	73.5914145	5302.4
577	68.2	68.2	68.2	1913,543,7,14	179.9	39.4783257	73.5914193	5302.4
578	90.2	90.2	91.2	65,178,6,23	179.9	39.4783232	73.5914160	5302.4
579	103.3	103.3	103.3	913,253,16,12	179.8	39.4783232	73.5914136	5302.4
580	76.2	74.2	76.2	60,532,5,18	179.7	39.4783244	73.5914190	5302.4
581	191.5	190.5	191.5	615,421,10,11	179.6	39.4784201	73.5913523	5292.8
582	177.5	177.5	177.5	1101,265,8,8	179.2	39.4784201	73.5913543	5292.8
583	51.1	51.1	51.1	21,729,16,8	179.1	39.4783243	73.5914176	5302.4
584	22.1	22.1	22.1	343,11,12,14	178.1	39.4783251	73.5914158	5302.4
585	104.3	104.3	104.3	57,29,10,11	178.0	39.4783232	73.5914136	5302.4
586	27.1	27.1	30.1	101,732,17,10	177.2	39.4783258	73.5914157	5302.4
587	23.1	19.1	23.1	1668,290,11,11	176.9	39.4783253	73.5914157	5302.4
588	119.3	119.3	120.3	242,757,9,9	176.5	39.4783232	73.5914168	5302.5
589	106.3	105.3	106.3	1225,233,16,6	176.2	39.4783234	73.5914138	5302.4
590	162.4	162.4	162.4	677,881,6,15	176.2	39.4784194	73.5913538	5292.8
591	22.1	22.1	22.1	417,77,16,6	176.0	39.4783251	73.5914158	5302.4
592	106.3	106.3	106.3	1594,82,7,15	175.9	39.4783234	73.5914138	5302.4
593	85.2	85.2	85.2	13,58,15,10	175.7	39.4783235	73.5914168	5302.4
594	68.2	62.2	69.2	93,322,10,7	172.0	39.4783257	73.5914193	5302.4
595	76.2	76.2	76.2	163,68,7,9	171.7	39.4783244	73.5914190	5302.4
596	191.5	191.5	192.5	955,105,8,10	171.7	39.4784201	73.5913523	5292.8
597	86.2	86.2	86.2	7,561,6,8	170.5	39.4783235	73.5914165	5302.4
598	154.4	154.4	154.4	1142,771,7,12	170.4	39.4784206	73.5913535	5292.8
599	57.2	56.2	58.2	303,477,8,11	170.3	39.4783244	73.5914188	5302.4
600	153.4	153.4	153.4	1183,111,6,20	170.1	39.4784207	73.5913534	5292.8
601	38.1	36.1	38.1	1870,49,7,11	169.8	39.4783262	73.5914152	5302.4
602	22.1	22.1	22.1	292,73,11,7	168.4	39.4783251	73.5914158	5302.4
603	40.1	40.1	40.1	151,5,10,8	168.2	39.4783261	73.5914154	5302.4
604	113.3	113.3	113.3	955,212,8,13	167.6	39.4783238	73.5914158	5302.4
605	182.5	182.5	184.5	301,1024,13,10	167.3	39.4784198	73.5913531	5292.8
606	22.1	22.1	22.1	273,337,8,10	166.6	39.4783251	73.5914158	5302.4
607	175.5	175.5	175.5	1188,129,10,6	166.6	39.4784206	73.5913546	5292.8
608	96.3	96.3	96.3	12,918,7,11	166.2	39.4783235	73.5914150	5302.5
609	5.0	4.0	5.0	1507,81,11,11	166.1	39.4783225	73.5914145	5302.4
610	160.4	160.4	160.4	852,503,11,10	165.9	39.4784194	73.5913536	5292.8
611	143.4	143.4	143.4	65,609,8,8	165.0	39.4783205	73.5914176	5300.8
612	108.3	108.3	108.3	227,549,10,14	163.9	39.4783234	73.5914143	5302.5
613	40.1	40.1	40.1	41,115,9,12	163.5	39.4783261	73.5914154	5302.4
614	22.1	22.1	22.1	147,153,12,6	163.1	39.4783251	73.5914158	5302.4
615	117.3	117.3	117.3	1893,431,18,9	162.4	39.4783236	73.5914167	5302.5
616	129.4	129.4	129.4	1737,881,6,16	162.2	39.4783222	73.5914166	5302.5
617	133.4	125.3	136.4	1027,909,13,5	162.1	39.4783220	73.5914163	5302.5
618	7.0	7.0	11.0	379,93,19,10	161.7	39.4783228	73.5914149	5302.4
619	143.4	134.4	150.4	1025,997,10,8	161.6	39.4783205	73.5914176	5300.8
620	44.1	43.1	44.1	0,899,5,10	161.3	39.4783252	73.5914156	5302.4
621	193.5	193.5	193.5	97,789,12,16	160.9	39.4784196	73.5913529	5292.8
622	47.1	47.1	50.1	583,24,12,5	160.7	39.4783249	73.5914162	5302.4
623	149.4	149.4	149.4	1041,233,8,6	160.6	39.4783781	73.5913771	5294.4
624	161.4	161.4	161.4	26,887,5,10	160.3	39.4784194	73.5913537	5292.8
625	143.4	143.4	143.4	161,689,9,8	160.2	39.4783205	73.5914176	5300.8
626	147.4	147.4	151.4	1187,923,14,9	160.2	39.4783432	73.5914004	5296.2
627	125.3	125.3	126.3	1845,955,6,10	160.0	39.4783227	73.5914168	5302.5
628	43.1	43.1	43.1	57,569,12,9	159.7	39.4783254	73.5914155	5302.4
629	3.0	3.0	3.0	593,0,12,11	159.6	39.4783219	73.5914141	5302.4
630	34.1	34.1	34.1	609,281,8,8	159.6	39.4783261	73.5914153	5302.4
631	171.5	165.4	172.5	964,1045,9,12	159.5	39.4784207	73.5913544	5292.8
632	2.0	2.0	2.0	451,569,6,14	159.2	39.4783216	73.5914139	5302.4
633	108.3	108.3	108.3	281,667,10,11	159.2	39.4783234	73.5914143	5302.5
634	79.2	79.2	79.2	279,329,6,8	158.9	39.4783237	73.5914185	5302.4
635	28.1	26.1	29.1	813,191,4,10	158.8	39.4783258	73.5914158	5302.4
636	53.1	51.1	53.1	8,985,7,16	158.7	39.4783242	73.5914181	5302.4
637	83.2	83.2	83.2	1233,619,16,10	158.2	39.4783236	73.5914174	5302.4
638	44.1	41.1	44.1	432,973,7,11	158.1	39.4783252	73.5914156	5302.4
639	0.0	0.0	0.0	1901,343,7,18	158.0	39.4783212	73.5914138	5302.4
640	12.0	7.0	12.0	374,214,11,11	157.8	39.4783238	73.5914150	5302.4
641	113.3	113.3	113.3	1822,973,11,5	157.6	39.4783238	73.5914158	5302.4
642	55.1	53.1	56.2	73,271,8,10	157.4	39.4783242	73.5914182	5302.4
643	55.1	54.1	56.2	0,173,5,15	157.3	39.4783242	73.5914182	5302.4
644	75.2	75.2	75.2	568,426,5,13	156.6	39.4783246	73.5914192	5302.4
645	105.3	104.3	107.3	341,79,12,14	156.5	39.4783234	73.5914137	5302.4
646	118.3	118.3	118.3	561,447,16,4	156.5	39.4783233	73.5914167	5302.5
647	172.5	172.5	172.5	113,57,6,14	156.4	39.4784207	73.5913544	5292.8
648	70.2	68.2	70.2	177,585,6,8	155.8	39.4783256	73.5914200	5302.4
649	92.3	92.3	92.3	57,66,8,9	155.7	39.4783233	73.5914161	5302.4
650	107.3	107.3	107.3	71,933,14,6	155.3	39.4783234	73.5914140	5302.5
651	78.2	77.2	78.2	405,625,9,9	155.1	39.4783244	73.5914187	5302.4
652	105.3	102.3	105.3	771,967,18,8	155.1	39.4783234	73.5914137	5302.4
653	145.4	138.4	145.4	225,1072,8,8	155.0	39.4783205	73.5914173	5298.4
654	18.0	18.0	18.0	75,91,14,6	154.8	39.4783251	73.5914155	5302.5
655	10.0	10.0	13.0	176,251,9,6	154.5	39.4783238	73.5914148	5302.4
656	146.4	141.4	148.4	1193,1017,12,8	153.9	39.4783276	73.5914117	5297.4
657	171.5	170.5	171.5	889,58,10,7	153.9	39.4784207	73.5913544	5292.8
658	40.1	39.1	40.1	1835,565,12,4	153.5	39.4783261	73.5914154	5302.4
659	63.2	59.2	66.2	205,145,8,10	153.5	39.4783252	73.5914188	5302.4
660	117.3	117.3	117.3	129,639,11,6	153.1	39.4783236	73.5914167	5302.5
661	35.1	35.1	39.1	1082,931,7,10	153.0	39.4783262	73.5914152	5302.4
662	32.1	32.1	32.1	159,309,9,8	152.7	39.4783259	73.5914156	5302.4
663	104.3	104.3	104.3	0,5,17,4	152.5	39.4783232	73.5914136	5302.4
664	97.3	93.3	97.3	0,193,5,15	151.9	39.4783236	73.5914148	5302.5
665	130.4	127.3	140.4	818,887,11,4	151.9	39.4783217	73.5914163	5302.5
666	40.1	39.1	40.1	11,713,4,16	151.5	39.4783261	73.5914154	5302.4
667	118.3	118.3	118.3	1305,909,8,8	151.4	39.4783233	73.5914167	5302.5
668	156.4	156.4	156.4	1425,931,8,6	151.2	39.4784198	73.5913537	5292.8
669	51.1	51.1	51.1	632,1006,15,6	150.4	39.4783243	73.5914176	5302.4
670	127.3	126.3	141.4	297,73,11,6	150.4	39.4783225	73.5914166	5302.5
671	122.3	121.3	124.3	1863,355,12,6	150.3	39.4783232	73.5914170	5302.5
672	186.5	186.5	187.5	1857,401,6,8	150.3	39.4784203	73.5913522	5292.8
673	42.1	42.1	44.1	197,1077,12,3	150.2	39.4783254	73.5914157	5302.4
674	161.4	161.4	163.4	1345,181,10,4	149.8	39.4784194	73.5913537	5292.8
675	19.1	18.0	19.1	309,453,10,8	149.5	39.4783250	73.5914156	5302.5
676	35.1	35.1	35.1	897,15,14,8	149.5	39.4783262	73.5914152	5302.4
677	114.3	112.3	114.3	857,1065,14,8	149.4	39.4783239	73.5914161	5302.4
678	13.0	13.0	13.0	73,97,6,8	148.9	39.4783244	73.5914150	5302.4
679	57.2	57.2	57.2	1449,297,8,10	148.4	39.4783244	73.5914188	5302.4
680	98.3	98.3	98.3	0,605,9,5	147.9	39.4783238	73.5914148	5302.4
681	159.4	159.4	159.4	1873,81,2,30	147.9	39.4784195	73.5913535	5292.8
682	184.5	184.5	184.5	9,199,8,9	147.8	39.4784201	73.5913527	5292.8
683	177.5	177.5	177.5	297,1017,12,4	147.7	39.4784201	73.5913543	5292.8
684	123.3	123.3	123.3	1821,421,16,5	147.0	39.4783232	73.5914170	5302.5
685	4.0	4.0	4.0	1613,79,12,5	146.9	39.4783222	73.5914142	5302.4
686	85.2	85.2	86.2	83,945,5,15	146.7	39.4783235	73.5914168	5302.4
687	117.3	117.3	117.3	217,981,8,9	146.4	39.4783236	73.5914167	5302.5
688	16.0	16.0	17.0	465,168,8,12	145.9	39.4783244	73.5914155	5302.4
689	83.2	83.2	83.2	949,221,10,4	145.9	39.4783236	73.5914174	5302.4
690	95.3	95.3	95.3	613,849,4,16	145.8	39.4783234	73.5914154	5302.4
691	106.3	105.3	106.3	1729,353,10,12	145.0	39.4783234	73.5914138	5302.4
692	117.3	113.3	117.3	33,821,10,6	144.9	39.4783236	73.5914167	5302.5
693	105.3	105.3	105.3	414,27,19,6	144.6	39.4783234	73.5914137	5302.4
694	114.3	112.3	116.3	1863,761,10,4	144.6	39.4783239	73.5914161	5302.4
695	139.4	139.4	143.4	73,433,10,8	144.2	39.4783223	73.5914152	5302.5
696	89.2	89.2	89.2	641,314,8,9	143.9	39.4783235	73.5914160	5302.4
697	159.4	159.4	160.4	890,536,9,6	143.8	39.4784195	73.5913535	5292.8
698	83.2	83.2	83.2	113,733,8,10	143.5	39.4783236	73.5914174	5302.4
699	171.5	171.5	171.5	209,279,4,14	143.5	39.4784207	73.5913544	5292.8
700	80.2	78.2	85.2	513,0,5,9	143.3	39.4783240	73.5914181	5302.4
701	145.4	145.4	145.4	21,129,12,8	143.2	39.4783205	73.5914173	5298.4
702	169.5	169.5	169.5	871,518,4,11	143.1	39.4784206	73.5913540	5292.8
703	24.1	24.1	24.1	967,1003,10,6	142.9	39.4783258	73.5914158	5302.4
704	152.4	152.4	152.4	987,51,10,7	142.8	39.4784186	73.5913546	5292.8
705	158.4	154.4	159.4	1016,608,5,13	142.8	39.4784198	73.5913536	5292.8
706	105.3	105.3	105.3	1137,333,10,6	142.7	39.4783234	73.5914137	5302.4
707	183.5	183.5	183.5	633,1025,8,8	142.5	39.4784200	73.5913529	5292.8
708	190.5	190.5	192.5	961,547,8,10	142.4	39.4784198	73.5913522	5292.8
709	51.1	51.1	56.2	527,761,8,6	142.2	39.4783243	73.5914176	5302.4
710	171.5	169.5	171.5	913,485,10,11	142.0	39.4784207	73.5913544	5292.8
711	9.0	9.0	9.0	1158,663,10,11	141.9	39.4783235	73.5914150	5302.4
712	29.1	27.1	29.1	807,457,10,7	141.3	39.4783258	73.5914158	5302.4
713	13.0	13.0	13.0	513,835,9,8	140.8	39.4783244	73.5914150	5302.4
714	189.5	189.5	189.5	75,1074,8,6	140.5	39.4784201	73.5913521	5292.8
715	165.4	165.4	167.5	688,594,7,11	139.9	39.4784199	73.5913538	5292.8
716	157.4	157.4	160.4	1225,213,16,6	139.8	39.4784200	73.5913538	5292.8
717	38.1	38.1	38.1	1767,56,16,4	139.7	39.4783262	73.5914152	5302.4
718	104.3	104.3	106.3	977,515,8,7	139.4	39.4783232	73.5914136	5302.4
719	163.4	162.4	163.4	101,95,11,10	139.3	39.4784195	73.5913539	5292.8
720	177.5	177.5	177.5	913,633,9,8	139.2	39.4784201	73.5913543	5292.8
721	27.1	27.1	28.1	557,83,11,6	139.1	39.4783258	73.5914157	5302.4
722	113.3	113.3	113.3	1184,181,7,8	139.0	39.4783238	73.5914158	5302.4
723	169.5	169.5	169.5	1080,949,11,7	138.9	39.4784206	73.5913540	5292.8
724	113.3	113.3	113.3	1289,505,8,8	138.8	39.4783238	73.5914158	5302.4
725	28.1	27.1	29.1	310,677,13,8	138.7	39.4783258	73.5914158	5302.4
726	78.2	78.2	78.2	959,1067,10,13	138.6	39.4783244	73.5914187	5302.4
727	116.3	116.3	116.3	389,828,6,11	138.5	39.4783237	73.5914165	5302.5
728	160.4	160.4	160.4	97,755,6,14	138.3	39.4784194	73.5913536	5292.8
729	88.2	88.2	88.2	1795,799,14,6	138.2	39.4783235	73.5914161	5302.4
730	57.2	57.2	57.2	995,685,5,12	138.1	39.4783244	73.5914188	5302.4
731	88.2	86.2	88.2	1901,109,6,8	137.9	39.4783235	73.5914161	5302.4
732	127.3	127.3	127.3	273,862,8,5	137.9	39.4783225	73.5914166	5302.5
733	83.2	83.2	83.2	325,97,8,10	137.7	39.4783236	73.5914174	5302.4
734	69.2	68.2	69.2	92,653,13,5	137.5	39.4783257	73.5914197	5302.4
735	190.5	190.5	190.5	555,162,10,5	137.1	39.4784198	73.5913522	5292.8
736	4.0	2.0	4.0	378,278,9,7	137.0	39.4783222	73.5914142	5302.4
737	61.2	59.2	66.2	114,286,7,10	136.9	39.4783248	73.5914189	5302.4
738	97.3	89.2	97.3	41,66,10,7	136.6	39.4783236	73.5914148	5302.5
739	101.3	100.3	101.3	186,468,6,13	136.5	39.4783237	73.5914137	5302.4
740	172.5	172.5	172.5	193,55,8,10	136.5	39.4784207	73.5913544	5292.8
741	51.1	51.1	54.1	469,1027,8,10	136.3	39.4783243	73.5914176	5302.4
742	63.2	63.2	64.2	9,113,6,8	136.1	39.4783252	73.5914188	5302.4
743	18.0	18.0	18.0	1079,340,10,11	136.0	39.4783251	73.5914155	5302.5
744	119.3	118.3	120.3	297,825,5,8	135.7	39.4783232	73.5914168	5302.5
745	12.0	12.0	12.0	1735,337,11,4	135.6	39.4783238	73.5914150	5302.4
746	91.2	91.2	91.2	450,45,8,12	135.6	39.4783233	73.5914161	5302.4
747	22.1	22.1	22.1	167,75,10,6	135.5	39.4783251	73.5914158	5302.4
748	99.3	99.3	99.3	1425,1029,10,6	134.9	39.4783239	73.5914145	5302.4
749	96.3	93.3	96.3	688,614,8,11	134.8	39.4783235	73.5914150	5302.5
750	91.2	90.2	91.2	370,0,7,5	134.7	39.4783233	73.5914161	5302.4
751	9.0	9.0	9.0	1170,245,11,12	134.4	39.4783235	73.5914150	5302.4
752	127.3	125.3	136.4	443,545,6,8	134.4	39.4783225	73.5914166	5302.5
753	184.5	181.5	184.5	177,171,8,6	134.4	39.4784201	73.5913527	5292.8
754	21.1	21.1	21.1	433,90,8,6	133.8	39.4783250	73.5914159	5302.4
755	189.5	189.5	189.5	113,993,6,8	133.7	39.4784201	73.5913521	5292.8
756	172.5	170.5	172.5	749,521,8,8	133.6	39.4784207	73.5913544	5292.8
757	190.5	190.5	190.5	937,0,9,13	133.6	39.4784198	73.5913522	5292.8
758	28.1	24.1	29.1	1137,289,8,8	133.5	39.4783258	73.5914158	5302.4
759	132.4	131.4	135.4	33,401,8,8	133.1	39.4783219	73.5914163	5302.5
760	170.5	170.5	171.5	873,193,8,5	133.0	39.4784207	73.5913542	5292.8
761	186.5	185.5	187.5	794,692,9,9	132.4	39.4784203	73.5913522	5292.8
762	162.4	161.4	163.4	550,390,11,11	132.0	39.4784194	73.5913538	5292.8
763	22.1	22.1	22.1	617,145,6,6	131.6	39.4783251	73.5914158	5302.4
764	87.2	86.2	88.2	87,478,6,10	131.6	39.4783235	73.5914164	5302.4
765	107.3	104.3	107.3	341,211,12,6	131.6	39.4783234	73.5914140	5302.5
766	187.5	186.5	188.5	1042,555,10,8	131.6	39.4784204	73.5913520	5292.8
767	51.1	51.1	51.1	220,380,5,13	131.5	39.4783243	73.5914176	5302.4
768	76.2	72.2	76.2	1289,113,8,8	131.2	39.4783244	73.5914190	5302.4
769	36.1	36.1	40.1	177,645,8,4	131.1	39.4783262	73.5914152	5302.4
770	172.5	172.5	172.5	753,1009,10,6	131.0	39.4784207	73.5913544	5292.8
771	132.4	126.3	150.4	841,833,8,6	130.9	39.4783219	73.5914163	5302.5
772	139.4	136.4	147.4	49,341,7,9	130.8	39.4783223	73.5914152	5302.5
773	159.4	159.4	159.4	1473,1009,10,6	130.7	39.4784195	73.5913535	5292.8
774	42.1	42.1	42.1	0,276,9,5	130.3	39.4783254	73.5914157	5302.4
775	107.3	107.3	107.3	369,149,6,8	130.2	39.4783234	73.5914140	5302.5
776	175.5	175.5	175.5	865,592,9,9	130.2	39.4784206	73.5913546	5292.8
777	0.0	0.0	0.0	1831,637,9,10	130.1	39.4783212	73.5914138	5302.4
778	111.3	111.3	115.3	194,505,8,12	130.0	39.4783237	73.5914151	5302.4
779	161.4	161.4	161.4	857,0,8,11	130.0	39.4784194	73.5913537	5292.8
780	19.1	19.1	19.1	257,417,14,6	129.9	39.4783250	73.5914156	5302.5
781	10.0	7.0	11.0	489,35,8,8	129.7	39.4783238	73.5914148	5302.4
782	147.4	144.4	149.4	639,787,8,6	129.4	39.4783432	73.5914004	5296.2
783	153.4	153.4	153.4	1369,113,10,8	129.4	39.4784207	73.5913534	5292.8
784	122.3	122.3	122.3	1424,215,5,10	129.3	39.4783232	73.5914170	5302.5
785	99.3	99.3	99.3	241,401,8,6	129.1	39.4783239	73.5914145	5302.4
786	104.3	104.3	106.3	978,961,8,8	129.1	39.4783232	73.5914136	5302.4
787	92.3	88.2	92.3	323,617,8,10	128.9	39.4783233	73.5914161	5302.4
788	88.2	87.2	88.2	1849,582,11,11	128.7	39.4783235	73.5914161	5302.4
789	103.3	103.3	103.3	1113,614,8,7	128.7	39.4783232	73.5914136	5302.4
790	20.1	20.1	20.1	129,121,16,4	128.6	39.4783250	73.5914157	5302.4
791	146.4	138.4	146.4	309,657,8,8	128.5	39.4783276	73.5914117	5297.4
792	26.1	26.1	26.1	129,627,12,6	128.1	39.4783258	73.5914159	5302.4
793	93.3	89.2	93.3	87,155,10,6	128.0	39.4783230	73.5914159	5302.4
794	173.5	173.5	173.5	145,977,6,8	128.0	39.4784207	73.5913546	5292.8
795	163.4	163.4	163.4	1025,116,8,5	127.1	39.4784195	73.5913539	5292.8
796	98.3	98.3	98.3	1829,113,7,8	126.8	39.4783238	73.5914148	5302.4
797	111.3	110.3	112.3	114,497,7,16	126.7	39.4783237	73.5914151	5302.4
798	9.0	9.0	9.0	1315,487,8,8	126.6	39.4783235	73.5914150	5302.4
799	140.4	137.4	142.4	617,738,8,5	126.5	39.4783225	73.5914149	5302.5
800	35.1	35.1	35.1	321,695,16,2	126.2	39.4783262	73.5914152	5302.4
801	170.5	170.5	170.5	93,377,6,8	126.2	39.4784207	73.5913542	5292.8
802	55.1	55.1	58.2	371,803,6,10	125.7	39.4783242	73.5914182	5302.4
803	154.4	154.4	156.4	585,984,8,5	125.0	39.4784206	73.5913535	5292.8
804	52.1	52.1	52.1	353,755,8,6	124.8	39.4783242	73.5914179	5302.4
805	102.3	94.3	102.3	1581,865,8,8	124.8	39.4783237	73.5914135	5302.4
806	85.2	84.2	85.2	9,1017,6,8	124.7	39.4783235	73.5914168	5302.4
807	72.2	71.2	72.2	526,501,10,8	124.4	39.4783255	73.5914199	5302.4
808	22.1	22.1	22.1	1387,300,10,5	124.2	39.4783251	73.5914158	5302.4
809	164.4	164.4	164.4	763,405,6,8	124.2	39.4784197	73.5913539	5292.8
810	172.5	172.5	172.5	79,559,6,17	124.1	39.4784207	73.5913544	5292.8
811	64.2	64.2	66.2	45,695,6,10	124.0	39.4783254	73.5914189	5302.4
812	113.3	113.3	113.3	1737,300,8,6	123.9	39.4783238	73.5914158	5302.4
813	128.3	126.3	148.4	344,635,9,6	123.9	39.4783223	73.5914165	5302.5
814	119.3	113.3	119.3	1169,521,8,10	123.6	39.4783232	73.5914168	5302.5
815	159.4	155.4	159.4	813,541,4,14	123.6	39.4784195	73.5913535	5292.8
816	156.4	156.4	156.4	149,555,6,14	123.4	39.4784198	73.5913537	5292.8
817	111.3	111.3	111.3	1015,257,10,8	123.0	39.4783237	73.5914151	5302.4
818	152.4	151.4	152.4	651,571,6,6	122.9	39.4784186	73.5913546	5292.8
819	69.2	67.2	73.2	145,562,6,7	122.6	39.4783257	73.5914197	5302.4
820	189.5	189.5	189.5	745,267,9,4	122.4	39.4784201	73.5913521	5292.8
821	90.2	90.2	93.3	921,973,14,5	122.1	39.4783232	73.5914160	5302.4
822	15.0	15.0	15.0	119,920,10,9	122.0	39.4783243	73.5914154	5302.4
823	57.2	55.1	57.2	98,15,3,18	122.0	39.4783244	73.5914188	5302.4
824	44.1	41.1	44.1	350,662,8,9	121.7	39.4783252	73.5914156	5302.4
825	25.1	24.1	28.1	261,473,4,8	121.6	39.4783258	73.5914159	5302.4
826	28.1	28.1	28.1	257,457,10,8	121.4	39.4783258	73.5914158	5302.4
827	154.4	154.4	154.4	1191,1063,6,10	121.3	39.4784206	73.5913535	5292.8
828	109.3	109.3	109.3	1305,465,8,6	120.9	39.4783234	73.5914146	5302.4
829	153.4	153.4	156.4	1025,752,8,5	120.8	39.4784207	73.5913534	5292.8
830	55.1	52.1	56.2	301,743,7,9	120.5	39.4783242	73.5914182	5302.4
831	102.3	102.3	102.3	1329,898,8,7	120.5	39.4783237	73.5914135	5302.4
832	120.3	120.3	120.3	1775,987,12,6	120.5	39.4783233	73.5914170	5302.5
833	89.2	89.2	89.2	347,6,10,6	120.4	39.4783235	73.5914160	5302.4
834	113.3	113.3	113.3	1448,287,8,10	120.1	39.4783238	73.5914158	5302.4
835	113.3	110.3	113.3	945,35,8,4	120.0	39.4783238	73.5914158	5302.4
836	137.4	137.4	137.4	0,19,9,6	120.0	39.4783220	73.5914158	5302.5
837	157.4	156.4	159.4	1851,249,6,8	119.9	39.4784200	73.5913538	5292.8
838	186.5	186.5	186.5	793,577,8,4	119.7	39.4784203	73.5913522	5292.8
839	1.0	0.0	1.0	7,133,8,6	119.6	39.4783214	73.5914138	5302.4
840	34.1	34.1	34.1	705,349,8,8	119.1	39.4783261	73.5914153	5302.4
841	53.1	53.1	53.1	8,905,9,7	119.1	39.4783242	73.5914181	5302.4
842	121.3	121.3	123.3	1352,197,9,6	119.1	39.4783229	73.5914170	5302.5
843	71.2	69.2	71.2	385,181,8,10	118.9	39.4783255	73.5914201	5302.4
844	35.1	35.1	35.1	761,7,8,6	118.7	39.4783262	73.5914152	5302.4
845	151.4	151.4	151.4	856,501,13,7	118.7	39.4784080	73.5913601	5293.0
846	111.3	110.3	112.3	1754,592,10,4	118.6	39.4783237	73.5914151	5302.4
847	171.5	171.5	171.5	1669,0,6,9	118.4	39.4784207	73.5913544	5292.8
848	109.3	109.3	109.3	881,1017,5,16	118.2	39.4783234	73.5914146	5302.4
849	34.1	30.1	34.1	171,381,10,8	118.1	39.4783261	73.5914153	5302.4
850	108.3	108.3	109.3	427,962,6,8	118.1	39.4783234	73.5914143	5302.5
851	28.1	24.1	30.1	1217,151,8,6	117.9	39.4783258	73.5914158	5302.4
852	108.3	108.3	108.3	916,1022,11,11	117.7	39.4783234	73.5914143	5302.5
853	158.4	158.4	159.4	1038,729,9,8	117.7	39.4784198	73.5913536	5292.8
854	77.2	77.2	77.2	193,773,8,4	117.6	39.4783245	73.5914190	5302.4
855	148.4	148.4	148.4	1161,373,6,6	117.5	39.4783607	73.5913882	5295.2
856	76.2	76.2	76.2	77,441,4,8	117.3	39.4783244	73.5914190	5302.4
857	166.5	166.5	167.5	5,227,6,6	117.2	39.4784201	73.5913538	5292.8
858	88.2	86.2	88.2	234,181,7,10	117.0	39.4783235	73.5914161	5302.4
859	121.3	118.3	123.3	1225,85,12,4	117.0	39.4783229	73.5914170	5302.5
860	41.1	41.1	41.1	484,793,5,8	116.4	39.4783258	73.5914155	5302.4
861	114.3	114.3	114.3	1869,1057,12,6	116.2	39.4783239	73.5914161	5302.4
862	37.1	37.1	37.1	1057,601,4,8	116.1	39.4783262	73.5914152	5302.4
863	172.5	172.5	172.5	1015,1052,4,10	116.0	39.4784207	73.5913544	5292.8
864	131.4	131.4	133.4	200,359,9,4	115.7	39.4783218	73.5914162	5302.5
865	151.4	151.4	152.4	62,1019,7,6	115.7	39.4784080	73.5913601	5293.0
866	116.3	109.3	119.3	1233,125,8,4	115.5	39.4783237	73.5914165	5302.5
867	101.3	101.3	101.3	1121,549,8,4	115.4	39.4783237	73.5914137	5302.4
868	35.1	35.1	35.1	1193,711,8,6	115.2	39.4783262	73.5914152	5302.4
869	151.4	151.4	151.4	917,454,9,10	114.9	39.4784080	73.5913601	5293.0
870	154.4	154.4	154.4	1217,553,8,10	114.7	39.4784206	73.5913535	5292.8
871	81.2	81.2	85.2	161,277,10,4	114.0	39.4783237	73.5914179	5302.4
872	125.3	122.3	125.3	861,617,6,8	114.0	39.4783227	73.5914168	5302.5
873	76.2	76.2	79.2	217,229,5,9	113.9	39.4783244	73.5914190	5302.4
874	70.2	70.2	70.2	1837,809,4,8	113.8	39.4783256	73.5914200	5302.4
875	79.2	79.2	80.2	641,0,8,5	113.8	39.4783237	73.5914185	5302.4
876	42.1	41.1	42.1	278,291,7,11	113.7	39.4783254	73.5914157	5302.4
877	93.3	93.3	98.3	739,484,6,10	113.7	39.4783230	73.5914159	5302.4
878	59.2	59.2	59.2	1761,1073,9,7	113.6	39.4783246	73.5914190	5302.4
879	40.1	40.1	40.1	1888,703,5,8	113.3	39.4783261	73.5914154	5302.4
880	12.0	11.0	12.0	327,17,10,8	113.2	39.4783238	73.5914150	5302.4
881	171.5	171.5	171.5	165,585,6,10	113.0	39.4784207	73.5913544	5292.8
882	179.5	179.5	179.5	367,595,7,10	112.9	39.4784199	73.5913540	5292.8
883	158.4	158.4	160.4	1067,578,6,7	112.8	39.4784198	73.5913536	5292.8
884	119.3	119.3	119.3	1276,577,7,6	112.5	39.4783232	73.5914168	5302.5
885	178.5	178.5	178.5	614,49,5,8	112.2	39.4784200	73.5913542	5292.8
886	53.1	52.1	53.1	0,35,9,10	111.9	39.4783242	73.5914181	5302.4
887	44.1	44.1	44.1	122,801,8,7	111.8	39.4783252	73.5914156	5302.4
888	13.0	13.0	13.0	425,730,8,7	111.7	39.4783244	73.5914150	5302.4
889	24.1	24.1	24.1	461,342,4,11	111.7	39.4783258	73.5914158	5302.4
890	107.3	103.3	107.3	1849,271,4,10	111.7	39.4783234	73.5914140	5302.5
891	120.3	120.3	124.3	1801,437,8,4	111.7	39.4783233	73.5914170	5302.5
892	34.1	34.1	34.1	1659,1065,20,2	111.6	39.4783261	73.5914153	5302.4
893	146.4	143.4	146.4	463,789,10,5	111.6	39.4783276	73.5914117	5297.4
894	146.4	146.4	148.4	409,741,8,4	111.5	39.4783276	73.5914117	5297.4
895	179.5	179.5	183.5	561,678,6,11	111.1	39.4784199	73.5913540	5292.8
896	76.2	76.2	76.2	1398,473,11,8	111.0	39.4783244	73.5914190	5302.4
897	111.3	111.3	111.3	115,275,14,4	111.0	39.4783237	73.5914151	5302.4
898	68.2	68.2	69.2	1859,507,6,6	110.8	39.4783257	73.5914193	5302.4
899	7.0	7.0	7.0	1750,375,8,5	110.7	39.4783228	73.5914149	5302.4
900	35.1	35.1	35.1	428,75,18,4	110.7	39.4783262	73.5914152	5302.4
901	5.0	5.0	5.0	737,665,4,8	110.5	39.4783225	73.5914145	5302.4
902	52.1	52.1	52.1	105,7,14,8	110.5	39.4783242	73.5914179	5302.4
903	93.3	93.3	97.3	1333,919,12,7	110.5	39.4783230	73.5914159	5302.4
904	106.3	106.3	106.3	1625,21,8,10	110.2	39.4783234	73.5914138	5302.4
905	79.2	79.2	83.2	1482,192,7,5	110.1	39.4783237	73.5914185	5302.4
906	97.3	97.3	97.3	53,461,8,12	110.0	39.4783236	73.5914148	5302.5
907	22.1	22.1	22.1	708,177,9,4	109.6	39.4783251	73.5914158	5302.4
908	167.5	167.5	167.5	239,320,9,6	109.6	39.4784203	73.5913540	5292.8
909	64.2	64.2	64.2	53,536,7,7	109.5	39.4783254	73.5914189	5302.4
910	63.2	63.2	66.2	53,273,10,5	109.4	39.4783252	73.5914188	5302.4
911	23.1	23.1	29.1	774,781,11,6	109.2	39.4783253	73.5914157	5302.4
912	53.1	53.1	53.1	142,967,10,6	109.2	39.4783242	73.5914181	5302.4
913	5.0	2.0	5.0	291,961,6,8	108.7	39.4783225	73.5914145	5302.4
914	63.2	63.2	66.2	23,495,5,7	108.7	39.4783252	73.5914188	5302.4
915	163.4	161.4	163.4	629,505,4,14	108.6	39.4784195	73.5913539	5292.8
916	20.1	20.1	20.1	663,89,6,8	108.4	39.4783250	73.5914157	5302.4
917	67.2	67.2	67.2	1363,865,6,6	108.4	39.4783257	73.5914191	5302.4
918	149.4	148.4	149.4	273,0,6,9	108.2	39.4783781	73.5913771	5294.4
919	28.1	28.1	28.1	921,169,4,8	108.1	39.4783258	73.5914158	5302.4
920	53.1	53.1	58.2	345,898,8,5	108.1	39.4783242	73.5914181	5302.4
921	147.4	147.4	147.4	1059,963,13,5	108.1	39.4783432	73.5914004	5296.2
922	193.5	193.5	193.5	74,537,3,16	108.1	39.4784196	73.5913529	5292.8
923	148.4	148.4	148.4	651,245,8,5	107.9	39.4783607	73.5913882	5295.2
924	8.0	8.0	11.0	443,603,6,6	107.7	39.4783231	73.5914150	5302.4
925	84.2	84.2	84.2	1507,43,6,6	107.7	39.4783236	73.5914171	5302.4
926	150.4	150.4	150.4	105,1038,8,6	107.5	39.4783941	73.5913677	5293.6
927	84.2	84.2	84.2	1377,577,8,4	107.3	39.4783236	73.5914171	5302.4
928	40.1	38.1	40.1	323,52,10,5	106.6	39.4783261	73.5914154	5302.4
929	191.5	190.5	193.5	724,203,7,6	106.6	39.4784201	73.5913523	5292.8
930	182.5	182.5	182.5	359,449,10,5	106.5	39.4784198	73.5913531	5292.8
931	36.1	36.1	36.1	169,140,12,5	106.4	39.4783262	73.5914152	5302.4
932	43.1	43.1	43.1	257,85,8,4	106.4	39.4783254	73.5914155	5302.4
933	148.4	148.4	148.4	527,157,6,10	106.4	39.4783607	73.5913882	5295.2
934	161.4	161.4	161.4	0,829,11,8	106.4	39.4784194	73.5913537	5292.8
935	128.3	125.3	128.3	223,335,4,8	106.2	39.4783223	73.5914165	5302.5
936	54.1	54.1	54.1	44,229,13,3	106.1	39.4783242	73.5914181	5302.4
937	55.1	54.1	55.1	188,983,8,8	106.1	39.4783242	73.5914182	5302.4
938	104.3	104.3	104.3	1838,129,7,8	105.7	39.4783232	73.5914136	5302.4
939	43.1	43.1	43.1	57,0,12,9	105.6	39.4783254	73.5914155	5302.4
940	115.3	115.3	118.3	1399,945,6,8	105.5	39.4783238	73.5914164	5302.5
941	104.3	104.3	105.3	465,219,8,4	105.2	39.4783232	73.5914136	5302.4
942	81.2	81.2	81.2	105,209,4,10	105.0	39.4783237	73.5914179	5302.4
943	106.3	103.3	106.3	1767,389,6,12	104.9	39.4783234	73.5914138	5302.4
944	35.1	35.1	35.1	451,37,13,4	104.8	39.4783262	73.5914152	5302.4
945	88.2	88.2	88.2	1117,241,8,8	104.8	39.4783235	73.5914161	5302.4
946	92.3	91.2	92.3	213,161,4,8	104.8	39.4783233	73.5914161	5302.4
947	143.4	143.4	144.4	1705,579,6,6	104.8	39.4783205	73.5914176	5300.8
948	2.0	2.0	6.0	849,117,8,6	104.7	39.4783216	73.5914139	5302.4
949	28.1	27.1	28.1	243,531,6,8	104.7	39.4783258	73.5914158	5302.4
950	100.3	99.3	100.3	1529,5,8,4	104.7	39.4783239	73.5914140	5302.4
951	164.4	164.4	164.4	929,369,8,4	104.7	39.4784197	73.5913539	5292.8
952	181.5	180.5	181.5	111,707,2,18	104.7	39.4784198	73.5913533	5292.8
953	14.0	14.0	14.0	651,569,14,4	104.3	39.4783242	73.5914152	5302.4
954	137.4	137.4	142.4	674,1043,4,14	104.0	39.4783220	73.5914158	5302.5
955	84.2	84.2	84.2	238,326,3,14	103.8	39.4783236	73.5914171	5302.4
956	138.4	138.4	148.4	1191,1047,6,9	103.6	39.4783221	73.5914155	5302.5
957	154.4	154.4	154.4	129,1072,8,5	103.6	39.4784206	73.5913535	5292.8
958	34.1	34.1	34.1	1543,225,10,8	103.5	39.4783261	73.5914153	5302.4
959	34.1	34.1	34.1	689,409,10,8	103.5	39.4783261	73.5914153	5302.4
960	43.1	43.1	43.1	805,1053,8,8	103.3	39.4783254	73.5914155	5302.4
961	23.1	23.1	23.1	1353,153,9,4	103.2	39.4783253	73.5914157	5302.4
962	98.3	98.3	98.3	1871,0,10,3	103.2	39.4783238	73.5914148	5302.4
963	157.4	157.4	159.4	1893,315,8,9	103.2	39.4784200	73.5913538	5292.8
964	96.3	96.3	96.3	237,521,10,6	103.1	39.4783235	73.5914150	5302.5
965	149.4	149.4	149.4	0,401,8,4	103.1	39.4783781	73.5913771	5294.4
966	74.2	74.2	74.2	610,865,12,4	103.0	39.4783248	73.5914193	5302.4
967	156.4	156.4	156.4	57,577,8,8	102.9	39.4784198	73.5913537	5292.8
968	143.4	138.4	143.4	1906,603,7,4	102.7	39.4783205	73.5914176	5300.8
969	14.0	14.0	14.0	565,520,6,8	102.6	39.4783242	73.5914152	5302.4
970	181.5	181.5	181.5	380,59,3,14	102.5	39.4784198	73.5913533	5292.8
971	63.2	63.2	65.2	95,610,13,4	102.2	39.4783252	73.5914188	5302.4
972	92.3	92.3	92.3	21,113,4,8	102.1	39.4783233	73.5914161	5302.4
973	102.3	102.3	102.3	929,753,5,6	102.1	39.4783237	73.5914135	5302.4
974	98.3	98.3	98.3	237,61,8,4	102.0	39.4783238	73.5914148	5302.4
975	101.3	99.3	101.3	82,493,5,7	102.0	39.4783237	73.5914137	5302.4
976	184.5	184.5	184.5	125,369,4,8	101.8	39.4784201	73.5913527	5292.8
977	85.2	85.2	85.2	117,593,4,9	101.7	39.4783235	73.5914168	5302.4
978	107.3	107.3	107.3	705,3,8,8	101.7	39.4783234	73.5914140	5302.5
979	42.1	42.1	42.1	241,225,8,4	101.6	39.4783254	73.5914157	5302.4
980	67.2	67.2	70.2	65,641,8,4	101.6	39.4783257	73.5914191	5302.4
981	100.3	100.3	100.3	1437,161,4,8	101.5	39.4783239	73.5914140	5302.4
982	97.3	97.3	97.3	36,561,5,7	101.4	39.4783236	73.5914148	5302.5
983	97.3	97.3	100.3	1741,805,10,4	101.4	39.4783236	73.5914148	5302.5
984	22.1	22.1	22.1	220,166,5,8	101.3	39.4783251	73.5914158	5302.4
985	83.2	83.2	83.2	558,0,3,9	101.2	39.4783236	73.5914174	5302.4
986	113.3	113.3	113.3	1239,1053,6,12	101.2	39.4783238	73.5914158	5302.4
987	51.1	51.1	51.1	35,661,6,4	101.1	39.4783243	73.5914176	5302.4
988	56.2	56.2	56.2	66,540,7,8	101.0	39.4783242	73.5914185	5302.4
989	110.3	110.3	111.3	1641,27,8,4	101.0	39.4783236	73.5914148	5302.4
990	144.4	141.4	144.4	817,1034,8,4	100.9	39.4783205	73.5914178	5299.5
991	44.1	41.1	44.1	410,1056,9,5	100.3	39.4783252	73.5914156	5302.4
992	76.2	76.2	76.2	1593,323,11,6	100.3	39.4783244	73.5914190	5302.4
993	165.4	165.4	165.4	399,413,10,7	100.1	39.4784199	73.5913538	5292.8
994	98.3	98.3	98.3	444,0,5,9	99.9	39.4783238	73.5914148	5302.4
995	137.4	137.4	137.4	1803,1073,8,7	99.9	39.4783220	73.5914158	5302.5
996	107.3	107.3	107.3	753,45,8,4	99.7	39.4783234	73.5914140	5302.5
997	104.3	104.3	104.3	1182,320,7,5	99.4	39.4783232	73.5914136	5302.4
998	1.0	0.0	1.0	1777,435,7,4	99.3	39.4783214	73.5914138	5302.4
999	60.2	58.2	60.2	1689,755,7,6	99.2	39.4783247	73.5914189	5302.4
1000	147.4	145.4	147.4	1801,21,6,6	99.0	39.4783432	73.5914004	5296.2
1001	40.1	40.1	40.1	3,1029,6,7	98.9	39.4783261	73.5914154	5302.4
1002	80.2	77.2	80.2	115,71,4,12	98.8	39.4783240	73.5914181	5302.4
1003	80.2	80.2	80.2	1691,233,6,8	98.5	39.4783240	73.5914181	5302.4
1004	26.1	26.1	26.1	257,461,16,4	98.2	39.4783258	73.5914159	5302.4
1005	114.3	114.3	114.3	1453,641,4,8	98.2	39.4783239	73.5914161	5302.4
1006	72.2	72.2	72.2	138,23,9,4	98.1	39.4783255	73.5914199	5302.4
1007	110.3	110.3	110.3	1417,177,8,4	98.1	39.4783236	73.5914148	5302.4
1008	11.0	11.0	13.0	85,228,12,5	98.0	39.4783239	73.5914149	5302.4
1009	8.0	8.0	8.0	735,239,10,10	97.9	39.4783231	73.5914150	5302.4
1010	49.1	49.1	50.1	574,227,11,4	97.9	39.4783244	73.5914167	5302.4
1011	93.3	93.3	93.3	1425,932,6,7	97.7	39.4783230	73.5914159	5302.4
1012	127.3	127.3	127.3	644,609,6,12	97.7	39.4783225	73.5914166	5302.5
1013	107.3	107.3	107.3	409,9,6,6	97.6	39.4783234	73.5914140	5302.5
1014	161.4	161.4	161.4	1129,17,8,4	97.5	39.4784194	73.5913537	5292.8
1015	162.4	162.4	162.4	0,93,7,4	97.5	39.4784194	73.5913538	5292.8
1016	3.0	3.0	3.0	1265,953,8,4	97.4	39.4783219	73.5914141	5302.4
1017	61.2	60.2	61.2	281,33,10,5	97.2	39.4783248	73.5914189	5302.4
1018	170.5	170.5	171.5	1569,255,8,6	97.1	39.4784207	73.5913542	5292.8
1019	99.3	99.3	99.3	149,0,4,17	97.0	39.4783239	73.5914145	5302.4
1020	43.1	43.1	43.1	300,273,5,11	96.8	39.4783254	73.5914155	5302.4
1021	106.3	106.3	106.3	1483,541,5,14	96.8	39.4783234	73.5914138	5302.4
1022	112.3	112.3	112.3	1861,172,6,9	96.8	39.4783238	73.5914156	5302.5
1023	19.1	19.1	19.1	1520,158,10,4	96.7	39.4783250	73.5914156	5302.5
1024	79.2	79.2	79.2	225,201,4,8	96.6	39.4783237	73.5914185	5302.4
1025	104.3	104.3	104.3	1368,665,7,6	96.6	39.4783232	73.5914136	5302.4
1026	55.1	55.1	57.2	77,415,4,10	96.5	39.4783242	73.5914182	5302.4
1027	180.5	180.5	180.5	41,885,4,10	96.5	39.4784198	73.5913536	5292.8
1028	29.1	28.1	29.1	277,379,6,8	96.4	39.4783258	73.5914158	5302.4
1029	181.5	181.5	181.5	93,1049,4,8	96.2	39.4784198	73.5913533	5292.8
1030	90.2	87.2	91.2	361,129,12,4	96.0	39.4783232	73.5914160	5302.4
1031	153.4	153.4	153.4	1270,87,10,6	96.0	39.4784207	73.5913534	5292.8
1032	70.2	70.2	70.2	1908,527,9,4	95.6	39.4783256	73.5914200	5302.4
1033	62.2	60.2	67.2	123,631,8,5	95.4	39.4783250	73.5914187	5302.4
1034	189.5	189.5	189.5	709,157,6,4	95.3	39.4784201	73.5913521	5292.8
1035	12.0	12.0	12.0	596,101,3,10	95.2	39.4783238	73.5914150	5302.4
1036	38.1	36.1	38.1	1709,797,10,10	95.1	39.4783262	73.5914152	5302.4
1037	107.3	107.3	107.3	585,13,9,4	95.0	39.4783234	73.5914140	5302.5
1038	122.3	122.3	122.3	907,569,6,7	95.0	39.4783232	73.5914170	5302.5
1039	160.4	160.4	160.4	0,714,7,5	94.9	39.4784194	73.5913536	5292.8
1040	35.1	35.1	35.1	0,329,3,8	94.3	39.4783262	73.5914152	5302.4
1041	80.2	80.2	80.2	33,313,7,5	94.3	39.4783240	73.5914181	5302.4
1042	60.2	60.2	65.2	1395,811,6,5	94.2	39.4783247	73.5914189	5302.4
1043	28.1	28.1	28.1	801,311,8,6	93.9	39.4783258	73.5914158	5302.4
1044	170.5	170.5	170.5	1459,0,6,9	93.9	39.4784207	73.5913542	5292.8
1045	102.3	99.3	102.3	1177,439,8,6	93.8	39.4783237	73.5914135	5302.4
1046	102.3	102.3	102.3	11,33,8,8	93.8	39.4783237	73.5914135	5302.4
1047	110.3	109.3	110.3	1303,241,10,4	93.8	39.4783236	73.5914148	5302.4
1048	10.0	7.0	10.0	739,67,9,4	93.7	39.4783238	73.5914148	5302.4
1049	19.1	19.1	19.1	1369,111,9,4	93.6	39.4783250	73.5914156	5302.5
1050	53.1	53.1	53.1	137,897,6,5	93.4	39.4783242	73.5914181	5302.4
1051	57.2	55.1	57.2	1859,683,6,5	93.1	39.4783244	73.5914188	5302.4
1052	88.2	88.2	88.2	1171,205,6,5	93.1	39.4783235	73.5914161	5302.4
1053	101.3	94.3	101.3	101,238,12,4	93.1	39.4783237	73.5914137	5302.4
1054	169.5	169.5	169.5	1434,394,6,7	93.1	39.4784206	73.5913540	5292.8
1055	19.1	19.1	19.1	0,49,9,8	92.8	39.4783250	73.5914156	5302.5
1056	19.1	19.1	23.1	577,0,8,9	92.8	39.4783250	73.5914156	5302.5
1057	125.3	125.3	125.3	1762,443,7,6	92.8	39.4783227	73.5914168	5302.5
1058	126.3	126.3	126.3	1489,675,8,6	92.8	39.4783227	73.5914167	5302.5
1059	155.4	155.4	155.4	1335,469,10,6	92.8	39.4784202	73.5913536	5292.8
1060	63.2	63.2	63.2	67,923,4,10	92.7	39.4783252	73.5914188	5302.4
1061	91.2	90.2	93.3	1547,899,6,6	92.7	39.4783233	73.5914161	5302.4
1062	152.4	152.4	152.4	808,238,9,4	92.6	39.4784186	73.5913546	5292.8
1063	75.2	75.2	75.2	587,509,10,4	92.3	39.4783246	73.5914192	5302.4
1064	169.5	169.5	169.5	1842,537,5,8	92.2	39.4784206	73.5913540	5292.8
1065	17.0	17.0	18.0	1818,320,5,5	92.1	39.4783245	73.5914155	5302.4
1066	67.2	67.2	67.2	1209,475,8,4	92.1	39.4783257	73.5914191	5302.4
1067	107.3	107.3	107.3	1777,859,4,14	92.1	39.4783234	73.5914140	5302.5
1068	125.3	125.3	125.3	539,513,6,7	91.9	39.4783227	73.5914168	5302.5
1069	136.4	136.4	136.4	87,891,10,6	91.7	39.4783220	73.5914160	5302.5
1070	142.4	133.4	142.4	1145,1013,8,4	91.6	39.4783221	73.5914159	5301.8
1071	24.1	24.1	24.1	319,455,11,10	91.5	39.4783258	73.5914158	5302.4
1072	43.1	42.1	43.1	410,304,7,5	91.5	39.4783254	73.5914155	5302.4
1073	42.1	42.1	42.1	797,653,8,4	91.2	39.4783254	73.5914157	5302.4
1074	34.1	34.1	34.1	1537,877,10,4	91.1	39.4783261	73.5914153	5302.4
1075	76.2	76.2	76.2	148,442,13,3	91.1	39.4783244	73.5914190	5302.4
1076	0.0	0.0	0.0	1577,597,4,8	91.0	39.4783212	73.5914138	5302.4
1077	26.1	26.1	26.1	1863,1013,10,5	91.0	39.4783258	73.5914159	5302.4
1078	86.2	86.2	86.2	1003,83,6,6	91.0	39.4783235	73.5914165	5302.4
1079	105.3	104.3	105.3	575,795,8,10	91.0	39.4783234	73.5914137	5302.4
1080	172.5	172.5	172.5	38,617,7,8	90.3	39.4784207	73.5913544	5292.8
1081	191.5	191.5	193.5	1465,285,8,8	90.3	39.4784201	73.5913523	5292.8
1082	14.0	14.0	14.0	613,581,4,8	90.1	39.4783242	73.5914152	5302.4
1083	125.3	125.3	127.3	513,735,6,6	89.9	39.4783227	73.5914168	5302.5
1084	18.0	18.0	18.0	663,179,8,5	89.8	39.4783251	73.5914155	5302.5
1085	189.5	189.5	189.5	771,173,4,9	89.7	39.4784201	73.5913521	5292.8
1086	41.1	41.1	41.1	345,764,8,7	89.5	39.4783258	73.5914155	5302.4
1087	115.3	115.3	115.3	1225,395,8,4	89.3	39.4783238	73.5914164	5302.5
1088	148.4	148.4	148.4	268,55,5,8	89.1	39.4783607	73.5913882	5295.2
1089	36.1	36.1	36.1	1029,19,8,9	89.0	39.4783262	73.5914152	5302.4
1090	41.1	41.1	43.1	538,1061,7,6	88.9	39.4783258	73.5914155	5302.4
1091	100.3	100.3	101.3	1891,703,5,7	88.8	39.4783239	73.5914140	5302.4
1092	150.4	150.4	150.4	307,379,10,6	88.8	39.4783941	73.5913677	5293.6
1093	79.2	76.2	79.2	171,180,6,10	88.6	39.4783237	73.5914185	5302.4
1094	139.4	139.4	142.4	10,753,7,8	88.5	39.4783223	73.5914152	5302.5
1095	27.1	27.1	29.1	313,329,6,4	88.4	39.4783258	73.5914157	5302.4
1096	29.1	29.1	29.1	505,817,2,16	88.4	39.4783258	73.5914158	5302.4
1097	21.1	21.1	21.1	387,403,8,4	88.3	39.4783250	73.5914159	5302.4
1098	90.2	90.2	90.2	197,89,8,8	88.3	39.4783232	73.5914160	5302.4
1099	16.0	16.0	16.0	1563,35,6,4	88.2	39.4783244	73.5914155	5302.4
1100	73.2	73.2	73.2	423,332,5,7	88.2	39.4783250	73.5914196	5302.4
1101	83.2	83.2	83.2	345,85,8,4	88.2	39.4783236	73.5914174	5302.4
1102	58.2	58.2	59.2	0,260,5,5	88.1	39.4783245	73.5914190	5302.4
1103	101.3	101.3	101.3	69,365,4,12	88.0	39.4783237	73.5914137	5302.4
1104	27.1	27.1	27.1	455,28,6,5	87.9	39.4783258	73.5914157	5302.4
1105	151.4	149.4	151.4	497,684,5,5	87.9	39.4784080	73.5913601	5293.0
1106	102.3	102.3	102.3	137,37,8,4	87.8	39.4783237	73.5914135	5302.4
1107	57.2	57.2	66.2	89,980,8,5	87.7	39.4783244	73.5914188	5302.4
1108	181.5	181.5	181.5	433,305,8,4	87.7	39.4784198	73.5913533	5292.8
1109	73.2	73.2	73.2	1186,903,7,5	87.5	39.4783250	73.5914196	5302.4
1110	126.3	126.3	126.3	1499,309,4,6	87.5	39.4783227	73.5914167	5302.5
1111	137.4	137.4	137.4	158,0,3,9	87.5	39.4783220	73.5914158	5302.5
1112	83.2	83.2	83.2	435,455,6,10	87.3	39.4783236	73.5914174	5302.4
1113	65.2	62.2	65.2	251,913,6,7	86.7	39.4783255	73.5914191	5302.4
1114	137.4	137.4	137.4	1007,984,6,5	86.7	39.4783220	73.5914158	5302.5
1115	38.1	38.1	38.1	1885,1057,6,6	86.3	39.4783262	73.5914152	5302.4
1116	54.1	54.1	54.1	487,1021,8,7	86.2	39.4783242	73.5914181	5302.4
1117	84.2	84.2	84.2	409,503,6,4	86.1	39.4783236	73.5914171	5302.4
1118	107.3	107.3	107.3	1826,943,11,4	86.1	39.4783234	73.5914140	5302.5
1119	160.4	160.4	160.4	1640,92,6,5	86.0	39.4784194	73.5913536	5292.8
1120	155.4	155.4	155.4	763,906,4,7	85.9	39.4784202	73.5913536	5292.8
1121	87.2	87.2	91.2	143,359,8,10	85.8	39.4783235	73.5914164	5302.4
1122	73.2	71.2	73.2	1897,241,8,4	85.7	39.4783250	73.5914196	5302.4
1123	59.2	59.2	59.2	1643,987,6,6	85.6	39.4783246	73.5914190	5302.4
1124	112.3	111.3	112.3	25,34,8,7	85.6	39.4783238	73.5914156	5302.5
1125	96.3	96.3	96.3	212,1020,7,5	85.5	39.4783235	73.5914150	5302.5
1126	184.5	184.5	184.5	213,1057,6,8	85.5	39.4784201	73.5913527	5292.8
1127	71.2	71.2	71.2	161,393,8,4	85.3	39.4783255	73.5914201	5302.4
1128	36.1	36.1	36.1	323,31,4,10	85.2	39.4783262	73.5914152	5302.4
1129	88.2	88.2	92.3	40,353,5,8	85.2	39.4783235	73.5914161	5302.4
1130	10.0	10.0	10.0	1508,385,7,7	85.0	39.4783238	73.5914148	5302.4
1131	72.2	72.2	72.2	26,590,9,4	84.9	39.4783255	73.5914199	5302.4
1132	68.2	68.2	68.2	1052,533,9,4	84.5	39.4783257	73.5914193	5302.4
1133	84.2	84.2	84.2	1416,457,5,8	84.5	39.4783236	73.5914171	5302.4
1134	113.3	113.3	113.3	1421,493,9,4	84.5	39.4783238	73.5914158	5302.4
1135	145.4	145.4	145.4	97,41,8,4	84.5	39.4783205	73.5914173	5298.4
1136	39.1	39.1	39.1	1117,159,6,6	84.4	39.4783262	73.5914155	5302.4
1137	99.3	99.3	99.3	1125,869,6,6	84.4	39.4783239	73.5914145	5302.4
1138	97.3	89.2	97.3	0,529,2,12	84.1	39.4783236	73.5914148	5302.5
1139	25.1	25.1	25.1	929,89,8,3	83.8	39.4783258	73.5914159	5302.4
1140	30.1	30.1	30.1	145,21,8,4	83.8	39.4783258	73.5914156	5302.4
1141	110.3	110.3	110.3	57,589,8,4	83.8	39.4783236	73.5914148	5302.4
1142	190.5	190.5	190.5	639,231,7,8	83.8	39.4784198	73.5913522	5292.8
1143	50.1	50.1	50.1	1471,10,5,6	83.7	39.4783244	73.5914171	5302.4
1144	89.2	89.2	89.2	1281,31,8,3	83.5	39.4783235	73.5914160	5302.4
1145	158.4	158.4	158.4	473,576,8,9	83.4	39.4784198	73.5913536	5292.8
1146	122.3	122.3	122.3	1889,103,8,6	83.3	39.4783232	73.5914170	5302.5
1147	170.5	170.5	170.5	794,1025,5,8	83.3	39.4784207	73.5913542	5292.8
1148	86.2	86.2	86.2	653,217,8,6	83.2	39.4783235	73.5914165	5302.4
1149	130.4	130.4	131.4	353,714,10,6	83.2	39.4783217	73.5914163	5302.5
1150	42.1	42.1	42.1	305,727,8,3	82.9	39.4783254	73.5914157	5302.4
1151	68.2	67.2	69.2	197,402,10,4	82.7	39.4783257	73.5914193	5302.4
1152	52.1	52.1	52.1	11,668,6,6	82.6	39.4783242	73.5914179	5302.4
1153	104.3	104.3	104.3	89,703,8,7	82.6	39.4783232	73.5914136	5302.4
1154	85.2	85.2	85.2	1801,718,4,7	82.5	39.4783235	73.5914168	5302.4
1155	128.3	128.3	128.3	193,894,7,4	82.5	39.4783223	73.5914165	5302.5
1156	159.4	159.4	159.4	801,749,6,4	82.4	39.4784195	73.5913535	5292.8
1157	37.1	37.1	39.1	147,329,6,5	82.3	39.4783262	73.5914152	5302.4
1158	150.4	148.4	151.4	359,423,9,4	82.3	39.4783941	73.5913677	5293.6
1159	79.2	79.2	79.2	660,221,6,4	82.2	39.4783237	73.5914185	5302.4
1160	179.5	179.5	179.5	289,553,6,4	82.2	39.4784199	73.5913540	5292.8
1161	159.4	159.4	159.4	681,89,6,8	81.9	39.4784195	73.5913535	5292.8
1162	173.5	173.5	173.5	37,332,12,5	81.9	39.4784207	73.5913546	5292.8
1163	35.1	35.1	35.1	538,49,7,4	81.8	39.4783262	73.5914152	5302.4
1164	112.3	112.3	112.3	101,11,4,6	81.7	39.4783238	73.5914156	5302.5
1165	35.1	34.1	35.1	597,31,4,10	81.6	39.4783262	73.5914152	5302.4
1166	63.2	63.2	63.2	73,0,9,4	81.6	39.4783252	73.5914188	5302.4
1167	39.1	39.1	39.1	13,109,7,7	81.5	39.4783262	73.5914155	5302.4
1168	114.3	114.3	114.3	1789,386,6,7	81.5	39.4783239	73.5914161	5302.4
1169	115.3	115.3	115.3	321,969,10,3	81.3	39.4783238	73.5914164	5302.5
1170	74.2	74.2	74.2	689,229,8,4	81.2	39.4783248	73.5914193	5302.4
1171	121.3	121.3	121.3	1373,87,8,8	81.2	39.4783229	73.5914170	5302.5
1172	64.2	61.2	64.2	589,41,10,3	81.1	39.4783254	73.5914189	5302.4
1173	115.3	114.3	115.3	1328,901,9,6	81.1	39.4783238	73.5914164	5302.5
1174	34.1	34.1	34.1	7,321,2,16	81.0	39.4783261	73.5914153	5302.4
1175	192.5	192.5	192.5	5,313,6,10	81.0	39.4784201	73.5913527	5292.8
1176	171.5	171.5	171.5	325,417,4,6	80.9	39.4784207	73.5913544	5292.8
1177	138.4	138.4	142.4	46,253,4,7	80.8	39.4783221	73.5914155	5302.5
1178	183.5	183.5	183.5	518,936,8,11	80.8	39.4784200	73.5913529	5292.8
1179	153.4	153.4	153.4	1116,92,5,5	80.7	39.4784207	73.5913534	5292.8
1180	75.2	75.2	75.2	466,301,5,8	80.6	39.4783246	73.5914192	5302.4
1181	10.0	10.0	10.0	257,326,6,9	80.5	39.4783238	73.5914148	5302.4
1182	75.2	75.2	75.2	1217,273,7,8	80.5	39.4783246	73.5914192	5302.4
1183	151.4	151.4	152.4	1107,353,4,6	80.5	39.4784080	73.5913601	5293.0
1184	125.3	125.3	125.3	364,298,5,6	80.4	39.4783227	73.5914168	5302.5
1185	130.4	130.4	130.4	19,667,6,6	80.4	39.4783217	73.5914163	5302.5
1186	89.2	89.2	89.2	1525,513,3,8	80.2	39.4783235	73.5914160	5302.4
1187	68.2	68.2	68.2	1773,827,4,6	80.1	39.4783257	73.5914193	5302.4
1188	21.1	21.1	21.1	73,1077,8,3	80.0	39.4783250	73.5914159	5302.4
1189	104.3	104.3	104.3	1473,123,8,4	80.0	39.4783232	73.5914136	5302.4
1190	59.2	59.2	62.2	44,646,8,7	79.9	39.4783246	73.5914190	5302.4
1191	149.4	149.4	149.4	780,712,5,4	79.9	39.4783781	73.5913771	5294.4
1192	169.5	169.5	169.5	1357,15,6,10	79.8	39.4784206	73.5913540	5292.8
1193	125.3	125.3	127.3	577,361,4,8	79.7	39.4783227	73.5914168	5302.5
1194	29.1	29.1	29.1	443,787,6,4	79.6	39.4783258	73.5914158	5302.4
1195	85.2	85.2	85.2	1865,573,10,6	79.5	39.4783235	73.5914168	5302.4
1196	149.4	148.4	149.4	1155,329,14,4	79.5	39.4783781	73.5913771	5294.4
1197	102.3	99.3	102.3	1229,626,4,7	79.3	39.4783237	73.5914135	5302.4
1198	163.4	163.4	163.4	137,865,8,7	79.3	39.4784195	73.5913539	5292.8
1199	75.2	75.2	75.2	1051,849,5,7	79.1	39.4783246	73.5914192	5302.4
1200	100.3	100.3	100.3	937,121,6,4	79.1	39.4783239	73.5914140	5302.4
1201	36.1	36.1	39.1	359,513,3,10	79.0	39.4783262	73.5914152	5302.4
1202	53.1	53.1	53.1	3,467,6,6	78.8	39.4783242	73.5914181	5302.4
1203	164.4	161.4	164.4	37,669,4,9	78.6	39.4784197	73.5913539	5292.8
1204	64.2	64.2	66.2	69,131,4,11	78.5	39.4783254	73.5914189	5302.4
1205	68.2	68.2	68.2	1293,69,4,6	78.5	39.4783257	73.5914193	5302.4
1206	85.2	85.2	85.2	961,1041,8,4	78.3	39.4783235	73.5914168	5302.4
1207	99.3	99.3	99.3	1064,75,5,6	78.1	39.4783239	73.5914145	5302.4
1208	107.3	107.3	107.3	217,11,7,6	78.1	39.4783234	73.5914140	5302.5
1209	27.1	25.1	27.1	539,339,8,4	78.0	39.4783258	73.5914157	5302.4
1210	97.3	97.3	97.3	1579,954,4,6	78.0	39.4783236	73.5914148	5302.5
1211	6.0	6.0	6.0	1369,0,8,3	77.9	39.4783226	73.5914148	5302.4
1212	43.1	43.1	43.1	321,209,6,4	77.9	39.4783254	73.5914155	5302.4
1213	96.3	96.3	96.3	1797,1057,4,9	77.9	39.4783235	73.5914150	5302.5
1214	97.3	97.3	97.3	1853,153,4,6	77.8	39.4783236	73.5914148	5302.5
1215	107.3	107.3	107.3	57,705,6,8	77.8	39.4783234	73.5914140	5302.5
1216	9.0	7.0	9.0	357,151,10,4	77.7	39.4783235	73.5914150	5302.4
1217	87.2	87.2	87.2	117,1059,4,6	77.7	39.4783235	73.5914164	5302.4
1218	107.3	107.3	107.3	1897,957,8,8	77.7	39.4783234	73.5914140	5302.5
1219	68.2	68.2	68.2	27,133,6,4	77.6	39.4783257	73.5914193	5302.4
1220	92.3	92.3	92.3	1321,105,4,8	77.6	39.4783233	73.5914161	5302.4
1221	96.3	96.3	96.3	1797,57,4,8	77.5	39.4783235	73.5914150	5302.5
1222	6.0	6.0	6.0	463,841,8,4	77.4	39.4783226	73.5914148	5302.4
1223	128.3	128.3	129.4	1521,595,8,6	77.4	39.4783223	73.5914165	5302.5
1224	91.2	90.2	91.2	257,137,8,8	77.3	39.4783233	73.5914161	5302.4
1225	0.0	0.0	0.0	1916,687,4,6	77.2	39.4783212	73.5914138	5302.4
1226	160.4	160.4	160.4	353,673,4,8	77.2	39.4784194	73.5913536	5292.8
1227	68.2	67.2	68.2	1867,615,5,4	76.8	39.4783257	73.5914193	5302.4
1228	100.3	100.3	100.3	154,302,7,11	76.8	39.4783239	73.5914140	5302.4
1229	4.0	4.0	5.0	29,500,4,13	76.6	39.4783222	73.5914142	5302.4
1230	173.5	173.5	173.5	625,209,8,4	76.5	39.4784207	73.5913546	5292.8
1231	27.1	27.1	27.1	45,299,4,6	76.4	39.4783258	73.5914157	5302.4
1232	161.4	161.4	161.4	141,887,10,5	76.3	39.4784194	73.5913537	5292.8
1233	27.1	24.1	27.1	721,211,5,8	76.2	39.4783258	73.5914157	5302.4
1234	86.2	86.2	86.2	1525,565,12,6	76.1	39.4783235	73.5914165	5302.4
1235	104.3	104.3	104.3	865,497,6,8	76.1	39.4783232	73.5914136	5302.4
1236	42.1	42.1	42.1	491,403,6,4	75.9	39.4783254	73.5914157	5302.4
1237	52.1	52.1	52.1	260,227,9,6	75.9	39.4783242	73.5914179	5302.4
1238	137.4	137.4	137.4	1837,657,4,9	75.9	39.4783220	73.5914158	5302.5
1239	30.1	30.1	30.1	187,873,6,10	75.8	39.4783258	73.5914156	5302.4
1240	169.5	169.5	169.5	65,193,5,5	75.8	39.4784206	73.5913540	5292.8
1241	12.0	12.0	12.0	74,591,7,4	75.7	39.4783238	73.5914150	5302.4
1242	169.5	169.5	169.5	301,641,7,6	75.7	39.4784206	73.5913540	5292.8
1243	190.5	190.5	190.5	542,465,10,4	75.7	39.4784198	73.5913522	5292.8
1244	190.5	190.5	190.5	785,641,8,3	75.7	39.4784198	73.5913522	5292.8
1245	41.1	41.1	41.1	1393,950,4,7	75.5	39.4783258	73.5914155	5302.4
1246	109.3	109.3	109.3	718,696,4,9	75.4	39.4783234	73.5914146	5302.4
1247	109.3	109.3	109.3	915,947,11,4	75.3	39.4783234	73.5914146	5302.4
1248	144.4	136.4	144.4	1271,993,4,8	75.1	39.4783205	73.5914178	5299.5
1249	77.2	77.2	77.2	1865,883,6,6	75.0	39.4783245	73.5914190	5302.4
1250	30.1	30.1	30.1	1913,227,7,4	74.9	39.4783258	73.5914156	5302.4
1251	189.5	189.5	189.5	140,43,5,5	74.8	39.4784201	73.5913521	5292.8
1252	63.2	63.2	66.2	83,471,4,10	74.7	39.4783252	73.5914188	5302.4
1253	137.4	137.4	137.4	444,825,4,8	74.7	39.4783220	73.5914158	5302.5
1254	151.4	151.4	151.4	824,449,4,8	74.5	39.4784080	73.5913601	5293.0
1255	67.2	67.2	67.2	83,530,5,7	74.4	39.4783257	73.5914191	5302.4
1256	173.5	173.5	173.5	113,337,6,6	74.4	39.4784207	73.5913546	5292.8
1257	107.3	107.3	110.3	1793,613,8,8	74.3	39.4783234	73.5914140	5302.5
1258	56.2	55.1	56.2	46,177,3,14	74.2	39.4783242	73.5914185	5302.4
1259	111.3	111.3	111.3	277,541,10,6	74.2	39.4783237	73.5914151	5302.4
1260	109.3	109.3	109.3	1179,473,6,4	74.0	39.4783234	73.5914146	5302.4
1261	104.3	104.3	104.3	1877,181,4,10	73.8	39.4783232	73.5914136	5302.4
1262	43.1	43.1	43.1	351,131,6,6	73.4	39.4783254	73.5914155	5302.4
1263	171.5	171.5	171.5	193,659,4,8	73.3	39.4784207	73.5913544	5292.8
1264	101.3	101.3	101.3	1639,9,6,6	73.2	39.4783237	73.5914137	5302.4
1265	88.2	88.2	88.2	811,123,6,6	73.1	39.4783235	73.5914161	5302.4
1266	97.3	97.3	97.3	110,192,3,9	73.0	39.4783236	73.5914148	5302.5
1267	191.5	191.5	191.5	999,153,6,8	73.0	39.4784201	73.5913523	5292.8
1268	103.3	103.3	103.3	1401,849,4,8	72.9	39.4783232	73.5914136	5302.4
1269	70.2	70.2	74.2	43,385,6,8	72.8	39.4783256	73.5914200	5302.4
1270	154.4	154.4	154.4	1023,929,4,6	72.7	39.4784206	73.5913535	5292.8
1271	127.3	127.3	127.3	1863,107,4,8	72.5	39.4783225	73.5914166	5302.5
1272	155.4	155.4	155.4	829,231,4,8	72.5	39.4784202	73.5913536	5292.8
1273	86.2	85.2	86.2	1417,161,8,6	72.3	39.4783235	73.5914165	5302.4
1274	98.3	98.3	98.3	527,78,3,11	72.3	39.4783238	73.5914148	5302.4
1275	7.0	3.0	7.0	1601,426,8,3	72.2	39.4783228	73.5914149	5302.4
1276	64.2	62.2	64.2	1819,699,6,4	72.2	39.4783254	73.5914189	5302.4
1277	125.3	124.3	128.3	866,689,7,4	72.1	39.4783227	73.5914168	5302.5
1278	155.4	155.4	155.4	680,349,6,8	72.0	39.4784202	73.5913536	5292.8
1279	24.1	24.1	24.1	17,707,2,11	71.7	39.4783258	73.5914158	5302.4
1280	88.2	88.2	88.2	101,409,4,6	71.7	39.4783235	73.5914161	5302.4
1281	153.4	153.4	153.4	0,183,3,8	71.7	39.4784207	73.5913534	5292.8
1282	29.1	29.1	29.1	105,249,8,4	71.6	39.4783258	73.5914158	5302.4
1283	125.3	125.3	125.3	1805,163,3,10	71.2	39.4783227	73.5914168	5302.5
1284	14.0	14.0	14.0	251,630,4,7	71.1	39.4783242	73.5914152	5302.4
1285	34.1	34.1	34.1	1897,929,6,8	71.1	39.4783261	73.5914153	5302.4
1286	94.3	94.3	94.3	994,377,15,2	70.9	39.4783232	73.5914156	5302.4
1287	95.3	95.3	95.3	639,735,2,10	70.9	39.4783234	73.5914154	5302.4
1288	36.1	36.1	37.1	539,221,10,4	70.7	39.4783262	73.5914152	5302.4
1289	41.1	41.1	41.1	1481,1057,8,8	70.6	39.4783258	73.5914155	5302.4
1290	92.3	92.3	92.3	1433,777,8,6	70.6	39.4783233	73.5914161	5302.4
1291	148.4	147.4	150.4	1407,575,6,4	70.6	39.4783607	73.5913882	5295.2
1292	73.2	73.2	73.2	499,77,7,7	70.3	39.4783250	73.5914196	5302.4
1293	6.0	6.0	6.0	469,267,4,6	70.0	39.4783226	73.5914148	5302.4
1294	109.3	109.3	109.3	1572,950,5,4	70.0	39.4783234	73.5914146	5302.4
1295	24.1	24.1	24.1	621,108,4,5	69.8	39.4783258	73.5914158	5302.4
1296	92.3	92.3	92.3	1329,341,6,4	69.8	39.4783233	73.5914161	5302.4
1297	128.3	128.3	129.4	300,160,3,9	69.6	39.4783223	73.5914165	5302.5
1298	165.4	165.4	165.4	1889,727,6,8	69.5	39.4784199	73.5913538	5292.8
1299	86.2	86.2	86.2	1703,473,2,12	69.4	39.4783235	73.5914165	5302.4
1300	102.3	102.3	102.3	1453,145,6,4	69.4	39.4783237	73.5914135	5302.4
1301	111.3	111.3	112.3	64,183,5,8	69.3	39.4783237	73.5914151	5302.4
1302	41.1	41.1	41.1	262,513,3,7	69.2	39.4783258	73.5914155	5302.4
1303	97.3	97.3	97.3	1523,105,6,4	69.2	39.4783236	73.5914148	5302.5
1304	101.3	101.3	101.3	1297,273,6,4	69.1	39.4783237	73.5914137	5302.4
1305	173.5	173.5	173.5	39,923,10,4	68.7	39.4784207	73.5913546	5292.8
1306	85.2	85.2	85.2	1723,707,4,4	68.6	39.4783235	73.5914168	5302.4
1307	66.2	66.2	66.2	1481,0,4,5	68.4	39.4783256	73.5914191	5302.4
1308	72.2	72.2	72.2	611,65,5,6	68.3	39.4783255	73.5914199	5302.4
1309	148.4	148.4	148.4	700,181,7,4	68.2	39.4783607	73.5913882	5295.2
1310	28.1	28.1	28.1	1077,0,4,9	68.1	39.4783258	73.5914158	5302.4
1311	92.3	92.3	92.3	1513,569,8,4	68.0	39.4783233	73.5914161	5302.4
1312	126.3	126.3	126.3	1753,257,4,6	68.0	39.4783227	73.5914167	5302.5
1313	154.4	154.4	154.4	1071,715,3,6	68.0	39.4784206	73.5913535	5292.8
1314	69.2	69.2	69.2	643,604,6,5	67.9	39.4783257	73.5914197	5302.4
1315	80.2	80.2	80.2	129,237,8,4	67.9	39.4783240	73.5914181	5302.4
1316	111.3	111.3	111.3	1281,89,8,3	67.8	39.4783237	73.5914151	5302.4
1317	68.2	68.2	70.2	1481,889,8,6	67.7	39.4783257	73.5914193	5302.4
1318	108.3	108.3	108.3	45,467,4,6	67.7	39.4783234	73.5914143	5302.5
1319	15.0	15.0	15.0	1011,669,10,2	67.5	39.4783243	73.5914154	5302.4
1320	55.1	55.1	60.2	263,887,6,8	67.3	39.4783242	73.5914182	5302.4
1321	93.3	93.3	93.3	156,1030,5,5	67.3	39.4783230	73.5914159	5302.4
1322	182.5	182.5	182.5	1845,713,4,8	67.3	39.4784198	73.5913531	5292.8
1323	115.3	115.3	115.3	303,1071,5,9	67.2	39.4783238	73.5914164	5302.5
1324	7.0	7.0	7.0	1855,279,4,7	67.1	39.4783228	73.5914149	5302.4
1325	100.3	99.3	100.3	1517,241,5,4	67.1	39.4783239	73.5914140	5302.4
1326	189.5	189.5	189.5	97,215,10,4	66.9	39.4784201	73.5913521	5292.8
1327	29.1	25.1	29.1	921,232,2,9	66.7	39.4783258	73.5914158	5302.4
1328	66.2	66.2	67.2	489,1001,4,6	66.7	39.4783256	73.5914191	5302.4
1329	152.4	152.4	152.4	593,554,3,9	66.7	39.4784186	73.5913546	5292.8
1330	92.3	92.3	92.3	1501,793,4,6	66.6	39.4783233	73.5914161	5302.4
1331	114.3	110.3	114.3	1017,1060,4,5	66.5	39.4783239	73.5914161	5302.4
1332	86.2	86.2	86.2	625,0,8,3	66.4	39.4783235	73.5914165	5302.4
1333	102.3	102.3	102.3	931,175,14,4	66.4	39.4783237	73.5914135	5302.4
1334	63.2	60.2	63.2	133,89,4,9	65.9	39.4783252	73.5914188	5302.4
1335	145.4	145.4	145.4	1585,51,8,3	65.9	39.4783205	73.5914173	5298.4
1336	150.4	150.4	150.4	1579,28,6,4	65.9	39.4783941	73.5913677	5293.6
1337	153.4	153.4	153.4	621,600,4,6	65.9	39.4784207	73.5913534	5292.8
1338	21.1	21.1	21.1	101,125,12,2	65.8	39.4783250	73.5914159	5302.4
1339	24.1	24.1	26.1	707,415,14,2	65.7	39.4783258	73.5914158	5302.4
1340	88.2	84.2	88.2	42,205,5,8	65.6	39.4783235	73.5914161	5302.4
1341	179.5	179.5	179.5	517,569,2,10	65.6	39.4784199	73.5913540	5292.8
1342	84.2	84.2	84.2	1429,657,6,4	65.4	39.4783236	73.5914171	5302.4
1343	180.5	180.5	180.5	20,1033,5,4	65.4	39.4784198	73.5913536	5292.8
1344	163.4	163.4	163.4	17,281,6,8	65.2	39.4784195	73.5913539	5292.8
1345	101.3	101.3	101.3	145,157,8,4	65.0	39.4783237	73.5914137	5302.4
1346	170.5	170.5	170.5	89,737,2,10	65.0	39.4784207	73.5913542	5292.8
1347	153.4	153.4	153.4	1633,17,4,8	64.9	39.4784207	73.5913534	5292.8
1348	99.3	99.3	99.3	225,57,8,2	64.8	39.4783239	73.5914145	5302.4
1349	73.2	71.2	74.2	489,340,4,5	64.7	39.4783250	73.5914196	5302.4
1350	86.2	86.2	86.2	1739,945,5,4	64.7	39.4783235	73.5914165	5302.4
1351	102.3	102.3	102.3	1263,953,10,6	64.7	39.4783237	73.5914135	5302.4
1352	37.1	37.1	39.1	30,497,3,8	64.6	39.4783262	73.5914152	5302.4
1353	34.1	34.1	34.1	850,62,7,3	64.3	39.4783261	73.5914153	5302.4
1354	57.2	57.2	59.2	821,753,4,6	64.1	39.4783244	73.5914188	5302.4
1355	84.2	84.2	84.2	1883,841,4,6	64.1	39.4783236	73.5914171	5302.4
1356	102.3	102.3	102.3	1594,341,7,4	64.1	39.4783237	73.5914135	5302.4
1357	111.3	111.3	111.3	177,0,3,6	64.1	39.4783237	73.5914151	5302.4
1358	75.2	75.2	75.2	421,665,6,4	64.0	39.4783246	73.5914192	5302.4
1359	96.3	96.3	96.3	830,545,6,4	64.0	39.4783235	73.5914150	5302.5
1360	101.3	101.3	101.3	1737,1069,8,3	63.9	39.4783237	73.5914137	5302.4
1361	38.1	38.1	38.1	749,99,8,3	63.7	39.4783262	73.5914152	5302.4
1362	75.2	75.2	75.2	601,1035,8,6	63.7	39.4783246	73.5914192	5302.4
1363	100.3	100.3	100.3	1049,485,8,4	63.7	39.4783239	73.5914140	5302.4
1364	104.3	104.3	104.3	1583,441,2,12	63.7	39.4783232	73.5914136	5302.4
1365	54.1	54.1	54.1	93,921,5,4	63.6	39.4783242	73.5914181	5302.4
1366	93.3	93.3	93.3	764,381,6,4	63.6	39.4783230	73.5914159	5302.4
1367	112.3	112.3	112.3	1793,349,8,6	63.6	39.4783238	73.5914156	5302.5
1368	184.5	184.5	184.5	972,485,7,4	63.6	39.4784201	73.5913527	5292.8
1369	133.4	133.4	133.4	1913,157,2,11	63.5	39.4783220	73.5914163	5302.5
1370	139.4	139.4	139.4	159,863,7,3	63.5	39.4783223	73.5914152	5302.5
1371	101.3	101.3	101.3	1909,605,4,4	63.4	39.4783237	73.5914137	5302.4
1372	95.3	94.3	95.3	593,520,4,5	63.2	39.4783234	73.5914154	5302.4
1373	110.3	110.3	110.3	1696,1063,8,4	63.2	39.4783236	73.5914148	5302.4
1374	145.4	145.4	145.4	1691,330,4,5	63.2	39.4783205	73.5914173	5298.4
1375	81.2	81.2	81.2	973,617,4,5	63.0	39.4783237	73.5914179	5302.4
1376	88.2	88.2	91.2	1089,693,8,4	63.0	39.4783235	73.5914161	5302.4
1377	114.3	114.3	114.3	1361,675,4,8	63.0	39.4783239	73.5914161	5302.4
1378	104.3	104.3	104.3	1491,585,4,8	62.8	39.4783232	73.5914136	5302.4
1379	4.0	4.0	4.0	986,154,7,3	62.6	39.4783222	73.5914142	5302.4
1380	10.0	10.0	10.0	1445,418,4,6	62.5	39.4783238	73.5914148	5302.4
1381	58.2	58.2	58.2	781,585,4,8	62.4	39.4783245	73.5914190	5302.4
1382	62.2	59.2	62.2	1509,417,4,8	62.4	39.4783250	73.5914187	5302.4
1383	154.4	154.4	154.4	658,879,3,6	62.4	39.4784206	73.5913535	5292.8
1384	10.0	10.0	10.0	1105,599,8,3	62.3	39.4783238	73.5914148	5302.4
1385	61.2	59.2	61.2	73,377,4,8	62.3	39.4783248	73.5914189	5302.4
1386	130.4	130.4	130.4	1480,561,5,4	62.3	39.4783217	73.5914163	5302.5
1387	166.5	165.4	166.5	694,245,3,8	62.3	39.4784201	73.5913538	5292.8
1388	3.0	3.0	3.0	1185,641,8,4	62.2	39.4783219	73.5914141	5302.4
1389	75.2	75.2	75.2	369,317,5,4	62.0	39.4783246	73.5914192	5302.4
1390	129.4	129.4	132.4	1571,487,6,6	62.0	39.4783222	73.5914166	5302.5
1391	155.4	155.4	155.4	1853,437,5,4	62.0	39.4784202	73.5913536	5292.8
1392	89.2	89.2	89.2	1873,1073,3,7	61.9	39.4783235	73.5914160	5302.4
1393	38.1	38.1	38.1	568,241,5,4	61.7	39.4783262	73.5914152	5302.4
1394	142.4	139.4	142.4	707,901,10,4	61.7	39.4783221	73.5914159	5301.8
1395	71.2	71.2	71.2	1749,897,3,8	61.6	39.4783255	73.5914201	5302.4
1396	86.2	86.2	86.2	865,325,3,7	61.6	39.4783235	73.5914165	5302.4
1397	69.2	69.2	69.2	627,193,6,4	61.5	39.4783257	73.5914197	5302.4
1398	110.3	110.3	110.3	1269,713,4,6	61.5	39.4783236	73.5914148	5302.4
1399	41.1	41.1	41.1	1765,1053,10,4	61.4	39.4783258	73.5914155	5302.4
1400	75.2	75.2	77.2	285,563,4,5	61.4	39.4783246	73.5914192	5302.4
1401	109.3	109.3	109.3	17,493,6,4	61.4	39.4783234	73.5914146	5302.4
1402	23.1	23.1	23.1	401,26,8,3	61.1	39.4783253	73.5914157	5302.4
1403	185.5	185.5	185.5	433,105,4,8	61.1	39.4784202	73.5913525	5292.8
1404	84.2	84.2	84.2	412,581,7,4	61.0	39.4783236	73.5914171	5302.4
1405	100.3	100.3	100.3	929,1053,8,4	61.0	39.4783239	73.5914140	5302.4
1406	30.1	30.1	30.1	272,144,7,3	60.9	39.4783258	73.5914156	5302.4
1407	111.3	111.3	111.3	993,369,8,2	60.9	39.4783237	73.5914151	5302.4
1408	81.2	81.2	81.2	4,333,5,4	60.8	39.4783237	73.5914179	5302.4
1409	98.3	98.3	98.3	1361,285,8,4	60.7	39.4783238	73.5914148	5302.4
1410	103.3	103.3	103.3	1263,750,2,11	60.7	39.4783232	73.5914136	5302.4
1411	84.2	84.2	84.2	1479,785,6,4	60.5	39.4783236	73.5914171	5302.4
1412	163.4	163.4	163.4	1105,877,4,4	60.5	39.4784195	73.5913539	5292.8
1413	42.1	42.1	42.1	631,479,4,7	60.4	39.4783254	73.5914157	5302.4
1414	91.2	91.2	91.2	1657,923,4,6	60.4	39.4783233	73.5914161	5302.4
1415	13.0	13.0	13.0	651,569,4,4	60.2	39.4783244	73.5914150	5302.4
1416	164.4	164.4	164.4	1458,924,6,4	60.1	39.4784197	73.5913539	5292.8
1417	176.5	176.5	176.5	1848,80,5,3	60.1	39.4784202	73.5913544	5292.8
1418	53.1	53.1	53.1	38,279,3,7	60.0	39.4783242	73.5914181	5302.4
1419	64.2	64.2	64.2	45,57,2,10	60.0	39.4783254	73.5914189	5302.4
1420	101.3	101.3	101.3	711,981,6,8	60.0	39.4783237	73.5914137	5302.4
1421	189.5	189.5	189.5	1695,297,2,8	60.0	39.4784201	73.5913521	5292.8
1422	91.2	91.2	91.2	1489,183,8,4	59.9	39.4783233	73.5914161	5302.4
1423	149.4	149.4	149.4	865,837,8,4	59.9	39.4783781	73.5913771	5294.4
1424	34.1	34.1	34.1	259,407,6,4	59.8	39.4783261	73.5914153	5302.4
1425	97.3	97.3	97.3	1721,1009,2,8	59.8	39.4783236	73.5914148	5302.5
1426	34.1	34.1	34.1	508,383,10,2	59.7	39.4783261	73.5914153	5302.4
1427	75.2	75.2	75.2	617,137,8,4	59.7	39.4783246	73.5914192	5302.4
1428	147.4	147.4	147.4	1867,275,6,4	59.7	39.4783432	73.5914004	5296.2
1429	103.3	103.3	103.3	1619,457,6,8	59.6	39.4783232	73.5914136	5302.4
1430	155.4	155.4	155.4	1357,335,4,7	59.5	39.4784202	73.5913536	5292.8
1431	30.1	30.1	30.1	101,237,6,4	59.4	39.4783258	73.5914156	5302.4
1432	21.1	21.1	21.1	6,1057,9,2	59.3	39.4783250	73.5914159	5302.4
1433	147.4	147.4	147.4	1169,313,8,4	59.3	39.4783432	73.5914004	5296.2
1434	185.5	185.5	185.5	1001,193,6,4	59.3	39.4784202	73.5913525	5292.8
1435	190.5	190.5	190.5	185,667,8,4	59.3	39.4784198	73.5913522	5292.8
1436	190.5	190.5	190.5	1005,105,6,4	59.2	39.4784198	73.5913522	5292.8
1437	89.2	89.2	89.2	1633,801,6,8	59.1	39.4783235	73.5914160	5302.4
1438	87.2	87.2	87.2	1761,989,4,4	59.0	39.4783235	73.5914164	5302.4
1439	75.2	75.2	75.2	513,503,8,2	58.8	39.4783246	73.5914192	5302.4
1440	102.3	102.3	102.3	1018,473,5,6	58.8	39.4783237	73.5914135	5302.4
1441	137.4	137.4	137.4	474,14,5,4	58.8	39.4783220	73.5914158	5302.5
1442	182.5	182.5	182.5	241,284,4,5	58.8	39.4784198	73.5913531	5292.8
1443	59.2	59.2	60.2	197,242,4,7	58.7	39.4783246	73.5914190	5302.4
1444	151.4	151.4	151.4	0,861,5,4	58.6	39.4784080	73.5913601	5293.0
1445	46.1	46.1	46.1	337,156,9,3	58.5	39.4783248	73.5914158	5302.4
1446	59.2	57.2	59.2	1241,111,5,8	58.5	39.4783246	73.5914190	5302.4
1447	62.2	62.2	62.2	226,1074,3,6	58.5	39.4783250	73.5914187	5302.4
1448	97.3	97.3	98.3	1469,209,4,6	58.5	39.4783236	73.5914148	5302.5
1449	98.3	98.3	98.3	225,189,5,4	58.5	39.4783238	73.5914148	5302.4
1450	85.2	85.2	85.2	381,74,4,7	58.4	39.4783235	73.5914168	5302.4
1451	69.2	68.2	69.2	21,883,4,5	58.3	39.4783257	73.5914197	5302.4
1452	86.2	86.2	86.2	62,214,4,7	58.3	39.4783235	73.5914165	5302.4
1453	96.3	96.3	98.3	647,614,4,5	58.3	39.4783235	73.5914150	5302.5
1454	52.1	52.1	52.1	1787,125,6,4	58.2	39.4783242	73.5914179	5302.4
1455	74.2	74.2	74.2	734,929,3,10	58.2	39.4783248	73.5914193	5302.4
1456	132.4	132.4	132.4	749,65,4,7	58.2	39.4783219	73.5914163	5302.5
1457	152.4	151.4	152.4	1085,108,4,5	58.2	39.4784186	73.5913546	5292.8
1458	162.4	162.4	162.4	658,121,6,4	58.2	39.4784194	73.5913538	5292.8
1459	38.1	37.1	38.1	412,40,5,4	58.1	39.4783262	73.5914152	5302.4
1460	56.2	56.2	58.2	77,449,6,6	58.1	39.4783242	73.5914185	5302.4
1461	155.4	155.4	155.4	1443,205,4,6	58.1	39.4784202	73.5913536	5292.8
1462	30.1	29.1	30.1	401,313,10,2	58.0	39.4783258	73.5914156	5302.4
1463	92.3	91.2	92.3	1649,161,8,2	58.0	39.4783233	73.5914161	5302.4
1464	127.3	127.3	127.3	85,508,6,5	58.0	39.4783225	73.5914166	5302.5
1465	89.2	89.2	93.3	141,211,4,6	57.9	39.4783235	73.5914160	5302.4
1466	59.2	59.2	59.2	1299,97,6,4	57.8	39.4783246	73.5914190	5302.4
1467	89.2	89.2	91.2	1829,572,6,7	57.8	39.4783235	73.5914160	5302.4
1468	41.1	41.1	41.1	153,1077,4,3	57.7	39.4783258	73.5914155	5302.4
1469	63.2	63.2	63.2	79,689,7,3	57.6	39.4783252	73.5914188	5302.4
1470	155.4	155.4	155.4	577,380,4,5	57.5	39.4784202	73.5913536	5292.8
1471	165.4	165.4	165.4	1097,745,3,8	57.5	39.4784199	73.5913538	5292.8
1472	92.3	92.3	92.3	1615,1013,8,4	57.4	39.4783233	73.5914161	5302.4
1473	100.3	100.3	100.3	306,466,5,4	57.4	39.4783239	73.5914140	5302.4
1474	136.4	136.4	136.4	67,1037,6,4	57.4	39.4783220	73.5914160	5302.5
1475	140.4	140.4	140.4	122,1064,2,8	57.2	39.4783225	73.5914149	5302.5
1476	23.1	23.1	23.1	1427,183,9,2	56.9	39.4783253	73.5914157	5302.4
1477	150.4	150.4	151.4	129,967,4,6	56.7	39.4783941	73.5913677	5293.6
1478	21.1	21.1	21.1	25,67,6,4	56.6	39.4783250	73.5914159	5302.4
1479	129.4	129.4	129.4	138,272,3,5	56.6	39.4783222	73.5914166	5302.5
1480	102.3	102.3	102.3	1023,1062,5,3	56.5	39.4783237	73.5914135	5302.4
1481	10.0	10.0	10.0	489,104,7,3	56.3	39.4783238	73.5914148	5302.4
1482	129.4	129.4	129.4	25,227,3,6	56.3	39.4783222	73.5914166	5302.5
1483	147.4	147.4	147.4	787,841,4,4	56.2	39.4783432	73.5914004	5296.2
1484	154.4	154.4	154.4	591,914,6,4	56.2	39.4784206	73.5913535	5292.8
1485	153.4	153.4	153.4	477,693,4,4	55.9	39.4784207	73.5913534	5292.8
1486	53.1	53.1	53.1	94,617,3,6	55.8	39.4783242	73.5914181	5302.4
1487	25.1	25.1	25.1	503,883,2,12	55.7	39.4783258	73.5914159	5302.4
1488	71.2	71.2	71.2	1765,969,4,4	55.7	39.4783255	73.5914201	5302.4
1489	103.3	103.3	103.3	473,0,5,4	55.6	39.4783232	73.5914136	5302.4
1490	67.2	67.2	67.2	1447,82,4,7	55.5	39.4783257	73.5914191	5302.4
1491	147.4	147.4	149.4	1285,957,9,4	55.5	39.4783432	73.5914004	5296.2
1492	26.1	26.1	26.1	9,5,4,4	55.4	39.4783258	73.5914159	5302.4
1493	132.4	132.4	132.4	935,651,4,8	55.4	39.4783219	73.5914163	5302.5
1494	145.4	145.4	145.4	67,939,6,4	55.4	39.4783205	73.5914173	5298.4
1495	153.4	153.4	153.4	1401,77,5,4	55.4	39.4784207	73.5913534	5292.8
1496	64.2	64.2	64.2	292,31,4,5	55.3	39.4783254	73.5914189	5302.4
1497	67.2	67.2	69.2	199,1014,4,9	55.3	39.4783257	73.5914191	5302.4
1498	86.2	86.2	86.2	1625,813,10,4	55.3	39.4783235	73.5914165	5302.4
1499	111.3	111.3	111.3	1789,725,4,9	55.3	39.4783237	73.5914151	5302.4
1500	141.4	139.4	141.4	219,605,6,3	55.3	39.4783227	73.5914148	5302.4
1501	152.4	151.4	152.4	275,790,6,3	55.3	39.4784186	73.5913546	5292.8
1502	93.3	93.3	93.3	185,457,4,8	55.2	39.4783230	73.5914159	5302.4
1503	167.5	167.5	167.5	809,377,2,8	55.2	39.4784203	73.5913540	5292.8
1504	46.1	46.1	46.1	1062,909,7,6	55.1	39.4783248	73.5914158	5302.4
1505	95.3	95.3	95.3	798,571,3,8	55.0	39.4783234	73.5914154	5302.4
1506	134.4	134.4	136.4	1761,561,8,2	55.0	39.4783220	73.5914163	5302.5
1507	98.3	98.3	98.3	1645,149,6,4	54.9	39.4783238	73.5914148	5302.4
1508	60.2	60.2	60.2	1217,417,2,8	54.7	39.4783247	73.5914189	5302.4
1509	103.3	103.3	103.3	12,29,5,4	54.6	39.4783232	73.5914136	5302.4
1510	150.4	150.4	150.4	225,941,8,4	54.6	39.4783941	73.5913677	5293.6
1511	84.2	84.2	84.2	1524,237,7,4	54.5	39.4783236	73.5914171	5302.4
1512	97.3	97.3	97.3	157,246,4,8	54.5	39.4783236	73.5914148	5302.5
1513	134.4	131.4	135.4	1801,529,8,2	54.4	39.4783220	73.5914163	5302.5
1514	81.2	81.2	81.2	1425,892,7,5	54.3	39.4783237	73.5914179	5302.4
1515	148.4	148.4	148.4	0,281,2,8	54.3	39.4783607	73.5913882	5295.2
1516	154.4	154.4	154.4	1443,961,8,2	54.3	39.4784206	73.5913535	5292.8
1517	94.3	94.3	94.3	1137,321,8,4	54.2	39.4783232	73.5914156	5302.4
1518	92.3	92.3	92.3	135,89,4,8	54.1	39.4783233	73.5914161	5302.4
1519	140.4	140.4	140.4	33,657,9,2	54.1	39.4783225	73.5914149	5302.5
1520	149.4	149.4	149.4	930,0,4,5	53.9	39.4783781	73.5913771	5294.4
1521	140.4	140.4	140.4	249,877,8,4	53.7	39.4783225	73.5914149	5302.5
1522	92.3	92.3	92.3	1769,1043,4,4	53.6	39.4783233	73.5914161	5302.4
1523	130.4	130.4	130.4	1425,621,4,4	53.5	39.4783217	73.5914163	5302.5
1524	65.2	65.2	66.2	49,1035,6,5	53.4	39.4783255	73.5914191	5302.4
1525	6.0	6.0	6.0	351,903,7,4	53.3	39.4783226	73.5914148	5302.4
1526	39.1	39.1	39.1	895,65,2,8	53.2	39.4783262	73.5914155	5302.4
1527	174.5	174.5	174.5	89,585,8,2	53.2	39.4784207	73.5913548	5292.8
1528	178.5	178.5	178.5	465,655,6,6	53.2	39.4784200	73.5913542	5292.8
1529	179.5	179.5	179.5	1802,33,3,8	53.2	39.4784199	73.5913540	5292.8
1530	152.4	149.4	152.4	297,15,8,2	53.1	39.4784186	73.5913546	5292.8
1531	103.3	103.3	103.3	861,749,4,4	53.0	39.4783232	73.5914136	5302.4
1532	175.5	175.5	175.5	1015,473,2,8	53.0	39.4784206	73.5913546	5292.8
1533	5.0	5.0	5.0	1453,173,4,4	52.9	39.4783225	73.5914145	5302.4
1534	97.3	97.3	97.3	1122,665,7,4	52.9	39.4783236	73.5914148	5302.5
1535	26.1	26.1	26.1	1539,689,4,7	52.8	39.4783258	73.5914159	5302.4
1536	92.3	92.3	92.3	1825,217,8,3	52.7	39.4783233	73.5914161	5302.4
1537	98.3	98.3	98.3	1377,222,8,3	52.7	39.4783238	73.5914148	5302.4
1538	23.1	23.1	23.1	283,0,3,5	52.6	39.4783253	73.5914157	5302.4
1539	84.2	84.2	84.2	1601,0,6,3	52.6	39.4783236	73.5914171	5302.4
1540	146.4	146.4	146.4	505,577,8,3	52.6	39.4783276	73.5914117	5297.4
1541	92.3	92.3	92.3	210,25,4,4	52.3	39.4783233	73.5914161	5302.4
1542	103.3	103.3	103.3	1681,265,8,3	52.3	39.4783232	73.5914136	5302.4
1543	151.4	151.4	151.4	493,175,6,3	52.2	39.4784080	73.5913601	5293.0
1544	53.1	53.1	53.1	197,551,2,8	52.1	39.4783242	73.5914181	5302.4
1545	99.3	99.3	99.3	45,127,4,4	52.0	39.4783239	73.5914145	5302.4
1546	7.0	7.0	7.0	1369,283,6,6	51.8	39.4783228	73.5914149	5302.4
1547	59.2	59.2	59.2	1249,179,8,3	51.7	39.4783246	73.5914190	5302.4
1548	74.2	74.2	74.2	1641,1051,5,4	51.7	39.4783248	73.5914193	5302.4
1549	189.5	189.5	189.5	951,737,4,8	51.7	39.4784201	73.5913521	5292.8
1550	41.1	41.1	41.1	481,1009,4,4	51.6	39.4783258	73.5914155	5302.4
1551	147.4	147.4	147.4	510,393,3,8	51.6	39.4783432	73.5914004	5296.2
1552	164.4	164.4	164.4	33,877,5,4	51.5	39.4784197	73.5913539	5292.8
1553	92.3	92.3	92.3	97,989,4,4	51.2	39.4783233	73.5914161	5302.4
1554	59.2	59.2	59.2	627,914,5,6	51.1	39.4783246	73.5914190	5302.4
1555	29.1	29.1	29.1	1725,987,4,4	51.0	39.4783258	73.5914158	5302.4
1556	55.1	55.1	55.1	113,385,2,8	51.0	39.4783242	73.5914182	5302.4
1557	100.3	100.3	100.3	1089,289,2,8	50.9	39.4783239	73.5914140	5302.4
1558	103.3	103.3	103.3	1865,9,4,5	50.9	39.4783232	73.5914136	5302.4
1559	110.3	110.3	110.3	1473,37,5,4	50.9	39.4783236	73.5914148	5302.4
1560	92.3	92.3	92.3	43,33,5,4	50.8	39.4783233	73.5914161	5302.4
1561	146.4	146.4	146.4	1757,395,4,4	50.8	39.4783276	73.5914117	5297.4
1562	91.2	91.2	91.2	1555,741,4,4	50.7	39.4783233	73.5914161	5302.4
1563	109.3	109.3	109.3	1498,881,7,2	50.4	39.4783234	73.5914146	5302.4
1564	178.5	178.5	178.5	373,545,2,8	50.4	39.4784200	73.5913542	5292.8
1565	103.3	103.3	103.3	445,757,4,4	50.3	39.4783232	73.5914136	5302.4
1566	92.3	92.3	92.3	1538,449,7,4	50.1	39.4783233	73.5914161	5302.4
1567	108.3	108.3	108.3	187,85,6,8	50.1	39.4783234	73.5914143	5302.5
1568	60.2	60.2	60.2	101,923,4,6	50.0	39.4783247	73.5914189	5302.4
1569	152.4	152.4	152.4	135,1042,2,8	50.0	39.4784186	73.5913546	5292.8
1570	108.3	108.3	108.3	235,781,4,6	49.9	39.4783234	73.5914143	5302.5
1571	148.4	148.4	149.4	683,436,4,6	49.8	39.4783607	73.5913882	5295.2
1572	133.4	133.4	133.4	385,1077,4,3	49.4	39.4783220	73.5914163	5302.5
1573	38.1	38.1	38.1	961,839,8,2	49.3	39.4783262	73.5914152	5302.4
1574	52.1	52.1	52.1	222,1071,3,6	49.0	39.4783242	73.5914179	5302.4
1575	109.3	109.3	109.3	1787,796,5,5	49.0	39.4783234	73.5914146	5302.4
1576	109.3	109.3	109.3	1219,252,3,5	48.9	39.4783234	73.5914146	5302.4
1577	148.4	148.4	148.4	1313,175,8,2	48.8	39.4783607	73.5913882	5295.2
1578	75.2	75.2	75.2	1153,507,3,6	48.7	39.4783246	73.5914192	5302.4
1579	71.2	67.2	71.2	361,25,8,2	48.6	39.4783255	73.5914201	5302.4
1580	87.2	87.2	87.2	1846,813,3,6	48.6	39.4783235	73.5914164	5302.4
1581	143.4	143.4	143.4	961,81,4,4	48.6	39.4783205	73.5914176	5300.8
1582	132.4	132.4	132.4	37,817,4,4	48.5	39.4783219	73.5914163	5302.5
1583	109.3	109.3	109.3	1119,527,3,5	48.3	39.4783234	73.5914146	5302.4
1584	52.1	52.1	52.1	381,713,4,4	48.2	39.4783242	73.5914179	5302.4
1585	153.4	153.4	153.4	1461,230,6,3	48.2	39.4784207	73.5913534	5292.8
1586	5.0	5.0	5.0	1697,46,8,3	48.1	39.4783225	73.5914145	5302.4
1587	73.2	73.2	74.2	1719,1039,10,2	47.9	39.4783250	73.5914196	5302.4
1588	108.3	108.3	108.3	87,295,4,6	47.9	39.4783234	73.5914143	5302.5
1589	148.4	148.4	148.4	587,793,6,3	47.9	39.4783607	73.5913882	5295.2
1590	97.3	94.3	97.3	1239,81,2,8	47.7	39.4783236	73.5914148	5302.5
1591	6.0	4.0	6.0	133,367,4,8	47.6	39.4783226	73.5914148	5302.4
1592	138.4	138.4	138.4	1682,529,5,4	47.6	39.4783221	73.5914155	5302.5
1593	109.3	109.3	109.3	1867,723,3,6	47.4	39.4783234	73.5914146	5302.4
1594	144.4	144.4	144.4	1897,573,4,4	47.4	39.4783205	73.5914178	5299.5
1595	94.3	94.3	94.3	527,673,2,8	47.3	39.4783232	73.5914156	5302.4
1596	95.3	95.3	95.3	1023,639,4,6	47.3	39.4783234	73.5914154	5302.4
1597	6.0	6.0	6.0	21,631,4,6	47.2	39.4783226	73.5914148	5302.4
1598	61.2	61.2	61.2	59,899,6,5	47.2	39.4783248	73.5914189	5302.4
1599	76.2	76.2	76.2	217,151,6,2	47.2	39.4783244	73.5914190	5302.4
1600	98.3	98.3	98.3	350,35,4,4	47.2	39.4783238	73.5914148	5302.4
1601	98.3	98.3	98.3	1153,1076,4,4	47.2	39.4783238	73.5914148	5302.4
1602	110.3	110.3	110.3	1521,217,6,2	47.2	39.4783236	73.5914148	5302.4
1603	74.2	74.2	74.2	563,467,4,4	47.1	39.4783248	73.5914193	5302.4
1604	62.2	62.2	62.2	1031,121,2,8	46.9	39.4783250	73.5914187	5302.4
1605	94.3	94.3	94.3	485,787,4,4	46.9	39.4783232	73.5914156	5302.4
1606	30.1	30.1	30.1	1889,1063,4,4	46.7	39.4783258	73.5914156	5302.4
1607	72.2	72.2	72.2	1041,455,8,2	46.7	39.4783255	73.5914199	5302.4
1608	98.3	98.3	98.3	1753,107,7,2	46.7	39.4783238	73.5914148	5302.4
1609	97.3	97.3	97.3	636,19,3,5	46.5	39.4783236	73.5914148	5302.5
1610	133.4	133.4	133.4	1897,259,2,8	46.5	39.4783220	73.5914163	5302.5
1611	133.4	133.4	133.4	83,747,3,5	46.5	39.4783220	73.5914163	5302.5
1612	65.2	65.2	65.2	745,997,4,4	46.4	39.4783255	73.5914191	5302.4
1613	92.3	92.3	92.3	431,452,4,5	46.4	39.4783233	73.5914161	5302.4
1614	93.3	93.3	93.3	645,788,5,3	46.4	39.4783230	73.5914159	5302.4
1615	98.3	97.3	98.3	933,377,4,4	46.4	39.4783238	73.5914148	5302.4
1616	64.2	64.2	65.2	17,905,5,4	46.3	39.4783254	73.5914189	5302.4
1617	96.3	96.3	96.3	862,928,3,5	46.3	39.4783235	73.5914150	5302.5
1618	144.4	144.4	144.4	1737,550,3,7	46.2	39.4783205	73.5914178	5299.5
1619	62.2	62.2	62.2	1385,961,4,4	46.0	39.4783250	73.5914187	5302.4
1620	78.2	78.2	78.2	59,261,6,2	45.9	39.4783244	73.5914187	5302.4
1621	102.3	102.3	102.3	49,91,8,2	45.9	39.4783237	73.5914135	5302.4
1622	130.4	130.4	130.4	1007,913,5,4	45.9	39.4783217	73.5914163	5302.5
1623	185.5	185.5	185.5	971,785,6,2	45.8	39.4784202	73.5913525	5292.8
1624	76.2	76.2	77.2	273,297,9,2	45.7	39.4783244	73.5914190	5302.4
1625	108.3	108.3	108.3	119,481,2,8	45.7	39.4783234	73.5914143	5302.5
1626	30.1	30.1	30.1	137,327,8,2	45.5	39.4783258	73.5914156	5302.4
1627	65.2	65.2	65.2	1901,393,4,8	45.4	39.4783255	73.5914191	5302.4
1628	139.4	139.4	139.4	973,1027,4,4	45.4	39.4783223	73.5914152	5302.5
1629	72.2	72.2	72.2	1145,727,8,2	45.3	39.4783255	73.5914199	5302.4
1630	75.2	71.2	75.2	699,429,4,4	45.3	39.4783246	73.5914192	5302.4
1631	152.4	152.4	152.4	97,861,3,4	45.3	39.4784186	73.5913546	5292.8
1632	70.2	70.2	70.2	1825,1025,4,4	45.2	39.4783256	73.5914200	5302.4
1633	97.3	94.3	97.3	1797,889,4,4	45.1	39.4783236	73.5914148	5302.5
1634	57.2	57.2	60.2	1865,837,4,4	44.9	39.4783244	73.5914188	5302.4
1635	95.3	95.3	95.3	993,999,8,2	44.9	39.4783234	73.5914154	5302.4
1636	149.4	149.4	149.4	877,48,4,4	44.9	39.4783781	73.5913771	5294.4
1637	90.2	90.2	90.2	1179,943,3,9	44.8	39.4783232	73.5914160	5302.4
1638	167.5	167.5	167.5	811,663,3,6	44.8	39.4784203	73.5913540	5292.8
1639	42.1	42.1	42.1	693,589,4,4	44.5	39.4783254	73.5914157	5302.4
1640	67.2	67.2	67.2	1609,49,2,8	44.3	39.4783257	73.5914191	5302.4
1641	76.2	76.2	76.2	77,597,4,4	44.2	39.4783244	73.5914190	5302.4
1642	99.3	99.3	99.3	1745,145,8,2	44.2	39.4783239	73.5914145	5302.4
1643	75.2	75.2	75.2	1387,285,6,4	44.0	39.4783246	73.5914192	5302.4
1644	153.4	153.4	153.4	1050,109,4,4	43.9	39.4784207	73.5913534	5292.8
1645	99.3	99.3	99.3	1885,143,4,4	43.6	39.4783239	73.5914145	5302.4
1646	139.4	139.4	139.4	1034,439,7,2	43.6	39.4783223	73.5914152	5302.5
1647	57.2	57.2	57.2	1351,281,2,8	43.4	39.4783244	73.5914188	5302.4
1648	38.1	38.1	38.1	223,177,2,8	43.3	39.4783262	73.5914152	5302.4
1649	73.2	72.2	73.2	1765,951,6,4	43.3	39.4783250	73.5914196	5302.4
1650	39.1	39.1	39.1	1033,673,2,8	43.2	39.4783262	73.5914155	5302.4
1651	58.2	58.2	58.2	1705,905,2,8	43.2	39.4783245	73.5914190	5302.4
1652	62.2	60.2	62.2	258,703,3,6	43.0	39.4783250	73.5914187	5302.4
1653	103.3	103.3	103.3	827,599,5,3	42.8	39.4783232	73.5914136	5302.4
1654	57.2	57.2	57.2	1225,93,6,4	42.7	39.4783244	73.5914188	5302.4
1655	59.2	59.2	59.2	905,601,2,8	42.7	39.4783246	73.5914190	5302.4
1656	76.2	76.2	76.2	1367,295,2,9	42.7	39.4783244	73.5914190	5302.4
1657	60.2	60.2	60.2	1351,945,2,8	42.6	39.4783247	73.5914189	5302.4
1658	73.2	73.2	73.2	130,217,3,8	42.6	39.4783250	73.5914196	5302.4
1659	151.4	151.4	151.4	1155,129,8,2	42.6	39.4784080	73.5913601	5293.0
1660	178.5	178.5	178.5	921,623,4,4	42.5	39.4784200	73.5913542	5292.8
1661	58.2	57.2	58.2	817,337,2,8	42.4	39.4783245	73.5914190	5302.4
1662	67.2	67.2	67.2	158,94,3,7	42.4	39.4783257	73.5914191	5302.4
1663	71.2	71.2	71.2	1498,351,6,2	42.0	39.4783255	73.5914201	5302.4
1664	65.2	65.2	65.2	765,1061,4,3	41.9	39.4783255	73.5914191	5302.4
1665	13.0	13.0	13.0	335,369,2,8	41.7	39.4783244	73.5914150	5302.4
1666	13.0	13.0	13.0	465,551,8,4	41.7	39.4783244	73.5914150	5302.4
1667	13.0	13.0	13.0	494,897,3,6	41.7	39.4783244	73.5914150	5302.4
1668	37.1	37.1	37.1	1785,1001,7,2	41.7	39.4783262	73.5914152	5302.4
1669	108.3	108.3	108.3	1273,87,8,2	41.6	39.4783234	73.5914143	5302.5
1670	98.3	98.3	98.3	145,186,7,3	41.5	39.4783238	73.5914148	5302.4
1671	70.2	70.2	70.2	1853,489,6,3	41.3	39.4783256	73.5914200	5302.4
1672	108.3	108.3	108.3	805,877,4,4	41.3	39.4783234	73.5914143	5302.5
1673	71.2	71.2	71.2	1697,535,8,2	41.2	39.4783255	73.5914201	5302.4
1674	96.3	96.3	96.3	291,185,4,4	41.0	39.4783235	73.5914150	5302.5
1675	178.5	178.5	178.5	505,707,4,4	41.0	39.4784200	73.5913542	5292.8
1676	73.2	73.2	73.2	1909,1065,4,4	40.9	39.4783250	73.5914196	5302.4
1677	62.2	62.2	62.2	188,192,4,4	40.8	39.4783250	73.5914187	5302.4
1678	81.2	81.2	81.2	73,349,8,2	40.8	39.4783237	73.5914179	5302.4
1679	108.3	108.3	108.3	9,333,2,7	40.8	39.4783234	73.5914143	5302.5
1680	81.2	81.2	81.2	1148,409,5,4	40.7	39.4783237	73.5914179	5302.4
1681	90.2	90.2	90.2	553,578,2,7	40.7	39.4783232	73.5914160	5302.4
1682	60.2	60.2	60.2	855,457,2,8	40.5	39.4783247	73.5914189	5302.4
1683	110.3	110.3	110.3	1103,271,6,2	40.4	39.4783236	73.5914148	5302.4
1684	71.2	71.2	71.2	1897,535,6,4	40.3	39.4783255	73.5914201	5302.4
1685	96.3	96.3	96.3	203,116,4,3	40.3	39.4783235	73.5914150	5302.5
1686	110.3	110.3	110.3	1585,63,8,2	40.3	39.4783236	73.5914148	5302.4
1687	180.5	180.5	180.5	1001,515,2,6	40.0	39.4784198	73.5913536	5292.8
1688	59.2	59.2	59.2	1783,209,2,8	39.9	39.4783246	73.5914190	5302.4
1689	67.2	67.2	67.2	1850,659,4,3	39.9	39.4783257	73.5914191	5302.4
1690	76.2	76.2	76.2	553,1017,2,8	39.9	39.4783244	73.5914190	5302.4
1691	98.3	98.3	98.3	1199,765,4,4	39.9	39.4783238	73.5914148	5302.4
1692	59.2	59.2	59.2	1617,1069,8,2	39.8	39.4783246	73.5914190	5302.4
1693	108.3	108.3	108.3	1817,489,8,2	39.8	39.4783234	73.5914143	5302.5
1694	187.5	186.5	187.5	819,667,6,2	39.7	39.4784204	73.5913520	5292.8
1695	108.3	108.3	108.3	1705,221,8,2	39.5	39.4783234	73.5914143	5302.5
1696	46.1	46.1	46.1	1059,286,4,4	39.4	39.4783248	73.5914158	5302.4
1697	59.2	59.2	59.2	983,417,2,8	39.4	39.4783246	73.5914190	5302.4
1698	110.3	110.3	110.3	1175,695,2,7	39.4	39.4783236	73.5914148	5302.4
1699	98.3	98.3	98.3	329,97,4,3	39.2	39.4783238	73.5914148	5302.4
1700	110.3	108.3	110.3	1553,313,7,2	39.1	39.4783236	73.5914148	5302.4
1701	136.4	136.4	136.4	139,618,2,7	39.1	39.4783220	73.5914160	5302.5
1702	74.2	74.2	74.2	955,278,3,5	38.6	39.4783248	73.5914193	5302.4
1703	59.2	59.2	59.2	1609,337,6,2	38.5	39.4783246	73.5914190	5302.4
1704	74.2	74.2	74.2	0,205,3,3	38.4	39.4783248	73.5914193	5302.4
1705	25.1	25.1	25.1	106,57,3,4	38.3	39.4783258	73.5914159	5302.4
1706	70.2	70.2	70.2	1887,721,2,6	38.3	39.4783256	73.5914200	5302.4
1707	61.2	61.2	61.2	1348,530,2,5	38.2	39.4783248	73.5914189	5302.4
1708	72.2	72.2	72.2	1215,121,2,7	38.1	39.4783255	73.5914199	5302.4
1709	184.5	184.5	184.5	207,115,2,6	38.1	39.4784201	73.5913527	5292.8
1710	180.5	180.5	180.5	89,824,3,4	38.0	39.4784198	73.5913536	5292.8
1711	134.4	134.4	134.4	414,599,3,4	37.9	39.4783220	73.5914163	5302.5
1712	71.2	70.2	73.2	1137,841,4,3	37.7	39.4783255	73.5914201	5302.4
1713	59.2	59.2	59.2	997,697,4,4	37.6	39.4783246	73.5914190	5302.4
1714	64.2	64.2	64.2	31,813,3,4	37.5	39.4783254	73.5914189	5302.4
1715	87.2	87.2	87.2	1889,126,4,3	37.4	39.4783235	73.5914164	5302.4
1716	94.3	94.3	94.3	179,678,4,3	37.4	39.4783232	73.5914156	5302.4
1717	108.3	108.3	108.3	525,457,4,4	37.4	39.4783234	73.5914143	5302.5
1718	55.1	55.1	55.1	1016,1025,4,3	37.2	39.4783242	73.5914182	5302.4
1719	65.2	65.2	65.2	1217,893,4,4	37.2	39.4783255	73.5914191	5302.4
1720	98.3	98.3	98.3	1025,257,8,2	37.2	39.4783238	73.5914148	5302.4
1721	180.5	180.5	180.5	124,299,5,2	37.2	39.4784198	73.5913536	5292.8
1722	108.3	108.3	108.3	281,963,3,6	36.7	39.4783234	73.5914143	5302.5
1723	187.5	186.5	187.5	761,713,2,5	36.5	39.4784204	73.5913520	5292.8
1724	25.1	25.1	25.1	428,91,5,2	36.4	39.4783258	73.5914159	5302.4
1725	64.2	64.2	64.2	319,1065,2,7	36.3	39.4783254	73.5914189	5302.4
1726	94.3	94.3	94.3	461,698,2,6	36.3	39.4783232	73.5914156	5302.4
1727	60.2	60.2	60.2	1641,1037,4,4	35.2	39.4783247	73.5914189	5302.4
1728	55.1	55.1	55.1	619,985,4,4	35.1	39.4783242	73.5914182	5302.4
1729	90.2	90.2	90.2	1281,625,6,3	35.1	39.4783232	73.5914160	5302.4
1730	72.2	72.2	72.2	1561,73,4,4	35.0	39.4783255	73.5914199	5302.4
1731	61.2	61.2	61.2	647,945,2,6	34.8	39.4783248	73.5914189	5302.4
1732	37.1	37.1	37.1	6,66,3,4	34.6	39.4783262	73.5914152	5302.4
1733	37.1	37.1	37.1	435,457,2,6	34.6	39.4783262	73.5914152	5302.4
1734	73.2	73.2	73.2	1309,177,4,4	34.6	39.4783250	73.5914196	5302.4
1735	71.2	71.2	74.2	1267,247,6,2	34.6	39.4783255	73.5914201	5302.4
1736	152.4	152.4	152.4	911,401,2,6	34.6	39.4784186	73.5913546	5292.8
1737	71.2	71.2	71.2	428,0,3,3	34.5	39.4783255	73.5914201	5302.4
1738	70.2	70.2	70.2	1770,203,3,6	34.4	39.4783256	73.5914200	5302.4
1739	94.3	94.3	94.3	1903,843,2,6	34.4	39.4783232	73.5914156	5302.4
1740	64.2	64.2	64.2	381,653,4,4	34.3	39.4783254	73.5914189	5302.4
1741	180.5	180.5	180.5	777,817,8,2	34.2	39.4784198	73.5913536	5292.8
1742	94.3	94.3	94.3	865,467,2,5	33.8	39.4783232	73.5914156	5302.4
1743	180.5	180.5	180.5	925,639,4,3	33.7	39.4784198	73.5913536	5292.8
1744	50.1	50.1	50.1	1822,0,5,3	33.6	39.4783244	73.5914171	5302.4
1745	39.1	39.1	39.1	35,213,3,3	33.3	39.4783262	73.5914155	5302.4
1746	65.2	65.2	65.2	21,965,3,4	33.3	39.4783255	73.5914191	5302.4
1747	112.3	112.3	112.3	977,589,3,3	33.3	39.4783238	73.5914156	5302.5
1748	39.1	39.1	39.1	1875,577,3,4	33.2	39.4783262	73.5914155	5302.4
1749	66.2	66.2	66.2	199,254,2,7	33.1	39.4783256	73.5914191	5302.4
1750	62.2	62.2	62.2	185,606,3,4	32.6	39.4783250	73.5914187	5302.4
1751	74.2	74.2	74.2	1787,677,4,4	32.5	39.4783248	73.5914193	5302.4
1752	152.4	152.4	152.4	92,758,4,3	32.4	39.4784186	73.5913546	5292.8
1753	93.3	93.3	93.3	1026,313,3,4	32.2	39.4783230	73.5914159	5302.4
1754	65.2	65.2	66.2	1681,925,3,4	32.1	39.4783255	73.5914191	5302.4
1755	66.2	66.2	66.2	1891,807,6,2	31.9	39.4783256	73.5914191	5302.4
1756	72.2	72.2	72.2	0,81,2,6	31.9	39.4783255	73.5914199	5302.4
1757	74.2	72.2	74.2	469,863,3,4	31.9	39.4783248	73.5914193	5302.4
1758	66.2	65.2	66.2	1777,426,2,7	31.7	39.4783256	73.5914191	5302.4
1759	66.2	66.2	66.2	417,273,2,6	30.1	39.4783256	73.5914191	5302.4
1760	60.2	60.2	60.2	1285,952,4,3	29.6	39.4783247	73.5914189	5302.4
1761	72.2	72.2	72.2	574,405,3,5	29.6	39.4783255	73.5914199	5302.4
1762	66.2	66.2	66.2	97,689,8,3	29.5	39.4783256	73.5914191	5302.4
1763	71.2	71.2	71.2	105,25,4,3	29.5	39.4783255	73.5914201	5302.4
1764	58.2	58.2	58.2	1735,482,2,7	29.4	39.4783245	73.5914190	5302.4
1765	66.2	66.2	66.2	1809,1020,4,7	29.4	39.4783256	73.5914191	5302.4
1766	134.4	134.4	134.4	1897,361,6,2	29.1	39.4783220	73.5914163	5302.5
1767	188.5	188.5	188.5	201,511,3,3	29.1	39.4784204	73.5913519	5292.8
1768	71.2	71.2	71.2	1633,593,2,5	28.9	39.4783255	73.5914201	5302.4
1769	58.2	58.2	58.2	122,963,3,3	28.4	39.4783245	73.5914190	5302.4
1770	58.2	58.2	58.2	1909,749,4,4	28.1	39.4783245	73.5914190	5302.4
1771	186.5	185.5	186.5	1649,858,2,6	27.6	39.4784203	73.5913522	5292.8
1772	71.2	71.2	71.2	1764,1065,5,2	27.5	39.4783255	73.5914201	5302.4
1773	72.2	72.2	72.2	512,680,4,5	27.5	39.4783255	73.5914199	5302.4
1774	178.5	178.5	178.5	751,897,2,6	27.4	39.4784200	73.5913542	5292.8
1775	61.2	61.2	61.2	161,785,4,2	26.7	39.4783248	73.5914189	5302.4
1776	72.2	72.2	72.2	1805,115,2,4	26.3	39.4783255	73.5914199	5302.4
1777	188.5	188.5	188.5	1149,669,4,4	25.9	39.4784204	73.5913519	5292.8
1778	62.2	62.2	62.2	1465,212,4,3	25.4	39.4783250	73.5914187	5302.4
1779	58.2	58.2	58.2	1553,1017,4,2	25.2	39.4783245	73.5914190	5302.4
1780	74.2	74.2	74.2	1887,925,2,4	24.8	39.4783248	73.5914193	5302.4
1781	186.5	186.5	186.5	1473,691,6,4	24.5	39.4784203	73.5913522	5292.8
1782	62.2	62.2	62.2	1905,833,2,5	24.0	39.4783250	73.5914187	5302.4
1783	60.2	60.2	60.2	929,297,2,5	23.9	39.4783247	73.5914189	5302.4
1784	74.2	74.2	74.2	1541,295,4,2	23.9	39.4783248	73.5914193	5302.4
1785	61.2	61.2	61.2	324,413,2,3	23.0	39.4783248	73.5914189	5302.4
1786	78.2	78.2	78.2	867,468,3,3	22.1	39.4783244	73.5914187	5302.4
1787	185.5	185.5	185.5	905,769,3,2	21.9	39.4784202	73.5913525	5292.8
1788	70.2	70.2	70.2	905,318,2,3	21.7	39.4783256	73.5914200	5302.4
1789	187.5	187.5	187.5	887,494,2,3	21.5	39.4784204	73.5913520	5292.8
1790	187.5	187.5	187.5	729,513,2,3	21.2	39.4784204	73.5913520	5292.8
1791	70.2	70.2	70.2	1339,535,2,3	21.0	39.4783256	73.5914200	5302.4
1792	77.2	77.2	77.2	1572,599,5,2	20.9	39.4783245	73.5914190	5302.4
1793	70.2	70.2	70.2	1679,737,2,4	19.8	39.4783256	73.5914200	5302.4
1794	187.5	187.5	187.5	323,577,4,2	17.6	39.4784204	73.5913520	5292.8
1795	186.5	186.5	186.5	621,675,2,4	17.4	39.4784203	73.5913522	5292.8
1796	185.5	185.5	185.5	1081,149,2,4	16.5	39.4784202	73.5913525	5292.8
1797	46.1	46.1	46.1	153,911,3,2	16.2	39.4783248	73.5914158	5302.4
1798	45.1	45.1	45.1	767,203,2,3	14.1	39.4783252	73.5914155	5302.4
1799	45.1	45.1	45.1	1115,215,3,2	11.1	39.4783252	73.5914155	5302.4
1800	185.5	185.5	185.5	334,671,3,2	9.8	39.4784202	73.5913525	5292.8
