track	t_best	t0	t1	bbox	score	lat	lon	alt
0	19.0	15.0	21.0	1023,389,138,132	38289.6	39.4829180	73.5861941	4664.6
1	8.0	0.0	8.0	775,979,290,101	37533.4	39.4829166	73.5861945	4664.6
2	121.1	118.1	121.1	1141,147,152,142	28384.2	39.4829033	73.5862270	4673.1
3	22.0	15.0	22.0	569,479,124,90	26272.8	39.4829179	73.5861969	4664.6
4	127.1	127.1	127.1	725,853,236,170	25516.7	39.4829007	73.5862259	4673.1
5	119.1	118.1	121.1	751,0,56,327	24605.3	39.4829036	73.5862272	4673.0
6	120.1	118.1	121.1	575,0,50,304	23265.7	39.4829033	73.5862272	4673.0
7	14.0	14.0	14.0	1067,609,94,92	20327.4	39.4829165	73.5861930	4664.6
8	122.1	122.1	122.1	817,27,116,70	17863.4	39.4829032	73.5862267	4673.1
9	125.1	124.1	125.1	827,519,98,130	15445.8	39.4829021	73.5862260	4673.0
10	232.2	232.2	234.2	937,587,114,108	13938.8	39.4829122	73.5862102	4673.0
11	122.1	122.1	122.1	1071,429,100,92	13717.7	39.4829032	73.5862267	4673.1
12	200.2	200.2	201.2	909,505,75,72	13598.2	39.4829111	73.5862207	4673.1
13	122.1	122.1	122.1	849,377,30,202	13475.0	39.4829032	73.5862267	4673.1
14	117.1	117.1	117.1	743,0,109,53	12925.1	39.4829044	73.5862268	4673.0
15	23.0	23.0	23.0	689,485,72,68	12743.5	39.4829170	73.5861974	4664.7
16	13.0	12.0	13.0	947,465,70,60	12620.2	39.4829166	73.5861932	4664.6
17	117.1	117.1	117.1	825,225,58,210	12211.3	39.4829044	73.5862268	4673.0
18	124.1	118.1	125.1	921,612,49,205	11862.8	39.4829023	73.5862260	4673.0
19	119.1	119.1	121.1	281,49,34,192	11501.8	39.4829036	73.5862272	4673.0
20	122.1	122.1	122.1	961,395,32,203	11455.0	39.4829032	73.5862267	4673.1
21	5.0	0.0	6.0	941,817,50,200	10361.2	39.4829164	73.5861950	4664.6
22	123.1	122.1	125.1	841,227,88,54	10305.5	39.4829025	73.5862262	4673.0
23	124.1	119.1	125.1	1025,687,74,74	10228.9	39.4829023	73.5862260	4673.0
24	126.1	126.1	126.1	775,595,90,72	9996.6	39.4829014	73.5862261	4673.1
25	168.2	168.2	169.2	638,0,70,77	9729.3	39.4828991	73.5862220	4673.1
26	117.1	117.1	118.1	937,307,76,70	9721.2	39.4829044	73.5862268	4673.0
27	126.1	126.1	126.1	851,764,64,75	9237.8	39.4829014	73.5862261	4673.1
28	117.1	117.1	117.1	767,261,24,170	9219.1	39.4829044	73.5862268	4673.0
29	118.1	118.1	118.1	325,81,32,180	9211.5	39.4829040	73.5862271	4673.0
30	6.0	0.0	6.0	1045,1030,72,50	9192.9	39.4829165	73.5861949	4664.6
31	125.1	123.1	125.1	851,857,34,153	9033.7	39.4829021	73.5862260	4673.0
32	192.2	190.2	192.2	895,515,74,124	8686.9	39.4829075	73.5862186	4673.1
33	5.0	0.0	6.0	882,857,29,144	8206.3	39.4829164	73.5861950	4664.6
34	94.1	93.1	94.1	79,528,49,141	8073.8	39.4828174	73.5863949	4671.5
35	122.1	122.1	122.1	1084,235,99,44	7998.6	39.4829032	73.5862267	4673.1
36	126.1	126.1	126.1	922,819,61,50	7745.0	39.4829014	73.5862261	4673.1
37	224.2	224.2	224.2	943,657,90,58	7261.8	39.4829142	73.5862113	4673.1
38	122.1	122.1	122.1	693,117,106,40	7134.8	39.4829032	73.5862267	4673.1
39	213.2	213.2	219.2	1363,76,46,53	6754.6	39.4829149	73.5862160	4673.0
40	122.1	122.1	122.1	929,321,59,76	6540.6	39.4829032	73.5862267	4673.1
41	225.2	225.2	227.2	963,561,60,47	6352.5	39.4829139	73.5862111	4673.0
42	127.1	127.1	127.1	870,991,52,89	6317.1	39.4829007	73.5862259	4673.1
43	121.1	119.1	125.1	651,19,46,60	6282.1	39.4829033	73.5862270	4673.1
44	150.2	149.1	154.2	1729,457,50,56	6274.9	39.4829034	73.5862221	4673.1
45	121.1	118.1	121.1	1181,0,26,109	6181.6	39.4829033	73.5862270	4673.1
46	126.1	126.1	126.1	770,773,53,72	6100.0	39.4829014	73.5862261	4673.1
47	231.2	227.2	231.2	1016,727,105,54	5944.8	39.4829122	73.5862099	4673.1
48	115.1	115.1	117.1	676,375,62,68	5862.1	39.4829046	73.5862268	4673.0
49	223.2	223.2	223.2	1503,41,40,62	5755.3	39.4829148	73.5862115	4673.1
50	6.0	0.0	11.0	1681,509,56,52	5554.6	39.4829165	73.5861949	4664.6
51	125.1	123.1	128.1	1027,741,86,48	5539.8	39.4829021	73.5862260	4673.0
52	124.1	124.1	125.1	1699,65,62,54	5504.8	39.4829023	73.5862260	4673.0
53	117.1	115.1	117.1	635,65,96,38	5347.3	39.4829044	73.5862268	4673.0
54	189.2	189.2	189.2	983,529,44,45	5230.4	39.4829069	73.5862181	4673.1
55	7.0	2.0	7.0	769,927,90,42	5223.9	39.4829166	73.5861945	4664.6
56	20.0	18.0	21.0	1361,1041,100,36	5162.4	39.4829185	73.5861949	4664.6
57	125.1	123.1	125.1	745,663,80,42	5117.6	39.4829021	73.5862260	4673.0
58	122.1	122.1	125.1	717,306,59,78	5085.2	39.4829032	73.5862267	4673.1
59	117.1	113.1	121.1	937,169,86,25	4996.7	39.4829044	73.5862268	4673.0
60	75.1	75.1	75.1	1465,649,62,37	4945.3	39.4829153	73.5861905	4664.6
61	7.0	0.0	7.0	1041,1001,80,57	4882.7	39.4829166	73.5861945	4664.6
62	143.1	143.1	152.2	1636,422,51,61	4845.6	39.4829015	73.5862208	4673.0
63	17.0	17.0	21.0	1179,1048,93,32	4680.2	39.4829168	73.5861936	4664.7
64	122.1	122.1	125.1	653,429,22,112	4649.5	39.4829032	73.5862267	4673.1
65	51.1	51.1	51.1	63,107,48,38	4639.5	39.4829117	73.5861907	4664.6
66	223.2	222.2	223.2	1033,723,96,52	4635.0	39.4829148	73.5862115	4673.1
67	106.1	106.1	106.1	805,189,60,42	4613.1	39.4828089	73.5864196	4673.0
68	24.0	23.0	24.0	807,523,42,30	4573.1	39.4829164	73.5861979	4664.7
69	72.1	72.1	72.1	1665,275,48,62	4529.8	39.4829155	73.5861904	4664.6
70	89.1	85.1	89.1	583,88,46,57	4441.8	39.4828664	73.5862872	4664.8
71	96.1	96.1	108.1	921,687,98,34	4418.1	39.4828036	73.5864247	4673.0
72	118.1	118.1	119.1	461,0,37,37	4370.4	39.4829040	73.5862271	4673.0
73	19.0	16.0	22.0	578,72,69,41	4256.0	39.4829180	73.5861941	4664.6
74	57.1	55.1	61.1	801,522,80,29	4196.0	39.4829106	73.5861874	4664.6
75	74.1	71.1	83.1	1201,841,50,36	4162.3	39.4829157	73.5861907	4664.5
76	20.0	20.0	20.0	1879,515,35,40	4153.9	39.4829185	73.5861949	4664.6
77	83.1	79.1	85.1	1107,617,54,56	4129.7	39.4829170	73.5861876	4664.6
78	43.0	42.0	45.0	273,818,38,87	4096.2	39.4829124	73.5861929	4664.6
79	207.2	202.2	207.2	1365,1007,36,30	4090.2	39.4829127	73.5862191	4673.1
80	89.1	89.1	89.1	13,0,28,45	4002.7	39.4828664	73.5862872	4664.8
81	53.1	53.1	61.1	814,523,67,34	3998.6	39.4829115	73.5861895	4664.6
82	125.1	123.1	125.1	747,805,58,60	3981.4	39.4829021	73.5862260	4673.0
83	137.1	137.1	137.1	1631,109,44,36	3969.7	39.4829004	73.5862223	4673.0
84	2.0	0.0	7.0	769,571,85,36	3967.5	39.4829173	73.5861952	4664.6
85	122.1	122.1	122.1	1091,317,22,84	3965.7	39.4829032	73.5862267	4673.1
86	188.2	171.2	188.2	969,527,40,36	3965.6	39.4829069	73.5862180	4673.1
87	8.0	1.0	8.0	853,953,26,74	3959.7	39.4829166	73.5861945	4664.6
88	15.0	15.0	17.0	525,533,60,36	3908.3	39.4829165	73.5861932	4664.6
89	221.2	221.2	221.2	1435,0,38,41	3889.8	39.4829151	73.5862118	4673.0
90	204.2	202.2	207.2	1409,483,48,46	3884.1	39.4829114	73.5862202	4673.1
91	49.0	49.0	49.0	177,1011,57,38	3845.1	39.4829126	73.5861914	4664.6
92	208.2	208.2	219.2	1688,0,57,27	3831.1	39.4829129	73.5862186	4673.0
93	168.2	168.2	169.2	721,29,64,44	3827.8	39.4828991	73.5862220	4673.1
94	12.0	8.0	12.0	899,495,46,26	3827.1	39.4829167	73.5861936	4664.7
95	60.1	51.1	60.1	1153,1057,68,23	3818.2	39.4829107	73.5861865	4664.6
96	41.0	39.0	47.0	119,209,64,30	3789.5	39.4829128	73.5861934	4664.6
97	167.2	162.2	167.2	967,457,42,34	3770.2	39.4828991	73.5862223	4673.1
98	144.1	142.1	153.2	1117,524,52,47	3764.5	39.4829016	73.5862210	4673.1
99	128.1	127.1	129.1	609,371,28,70	3750.4	39.4829003	73.5862257	4673.0
100	38.0	33.0	41.0	56,578,62,52	3743.8	39.4829139	73.5861941	4664.6
101	53.1	53.1	61.1	1034,993,59,35	3726.7	39.4829115	73.5861895	4664.6
102	97.1	97.1	97.1	1377,397,48,44	3713.4	39.4828024	73.5864275	4673.0
103	132.1	130.1	133.1	49,80,64,49	3703.9	39.4829002	73.5862241	4673.0
104	121.1	121.1	121.1	577,0,72,23	3694.5	39.4829033	73.5862270	4673.1
105	81.1	78.1	85.1	1101,753,32,80	3679.1	39.4829171	73.5861888	4664.6
106	94.1	94.1	94.1	179,492,44,45	3652.9	39.4828174	73.5863949	4671.5
107	123.1	123.1	124.1	829,153,30,112	3633.1	39.4829025	73.5862262	4673.0
108	25.0	25.0	29.0	869,489,32,36	3624.1	39.4829160	73.5861982	4664.7
109	7.0	2.0	7.0	931,1025,58,40	3607.5	39.4829166	73.5861945	4664.6
110	191.2	190.2	192.2	829,557,58,57	3586.6	39.4829073	73.5862183	4673.1
111	211.2	206.2	212.2	1603,419,52,42	3576.3	39.4829140	73.5862172	4673.1
112	85.1	81.1	85.1	0,551,32,66	3571.0	39.4829162	73.5861868	4664.6
113	21.0	15.0	22.0	427,203,46,46	3567.6	39.4829183	73.5861960	4664.6
114	131.1	129.1	134.1	81,897,46,48	3564.4	39.4829004	73.5862246	4673.0
115	38.0	38.0	45.0	509,127,64,34	3535.5	39.4829139	73.5861941	4664.6
116	170.2	169.2	170.2	1243,295,54,50	3512.7	39.4828995	73.5862213	4673.1
117	229.2	229.2	231.2	977,708,102,67	3486.6	39.4829129	73.5862103	4673.0
118	231.2	231.2	231.2	1017,617,35,76	3483.8	39.4829122	73.5862099	4673.1
119	127.1	127.1	127.1	839,1009,23,71	3476.2	39.4829007	73.5862259	4673.1
120	16.0	16.0	22.0	1777,739,66,38	3457.2	39.4829168	73.5861934	4664.7
121	101.1	101.1	104.1	297,55,32,38	3428.5	39.4828044	73.5864261	4673.0
122	106.1	106.1	106.1	641,945,72,32	3419.0	39.4828089	73.5864196	4673.0
123	83.1	76.1	85.1	1193,632,41,78	3410.8	39.4829170	73.5861876	4664.6
124	137.1	128.1	137.1	193,555,55,34	3382.0	39.4829004	73.5862223	4673.0
125	190.2	190.2	191.2	206,257,45,35	3372.5	39.4829071	73.5862181	4673.1
126	1.0	0.0	6.0	739,694,25,129	3362.6	39.4829178	73.5861950	4664.6
127	225.2	224.2	225.2	1287,99,52,40	3300.5	39.4829139	73.5862111	4673.0
128	101.1	101.1	103.1	983,939,32,38	3281.9	39.4828044	73.5864261	4673.0
129	90.1	90.1	90.1	653,73,36,57	3223.9	39.4828485	73.5863248	4665.9
130	97.1	96.1	105.1	1401,61,60,58	3189.8	39.4828024	73.5864275	4673.0
131	79.1	77.1	79.1	799,169,32,40	3188.2	39.4829169	73.5861892	4664.6
132	129.1	129.1	133.1	831,52,56,31	3163.9	39.4829000	73.5862254	4673.0
133	153.2	145.1	158.2	1177,481,32,78	3114.3	39.4829037	73.5862233	4673.1
134	227.2	224.2	230.2	1311,89,34,32	3096.3	39.4829137	73.5862106	4673.1
135	208.2	202.2	208.2	1427,1003,38,51	3086.9	39.4829129	73.5862186	4673.0
136	99.1	99.1	99.1	1045,311,40,36	3083.9	39.4828034	73.5864268	4673.0
137	107.1	106.1	107.1	185,301,36,34	3045.5	39.4828232	73.5863907	4673.0
138	5.0	0.0	7.0	925,783,66,34	3038.3	39.4829164	73.5861950	4664.6
139	59.1	53.1	61.1	365,603,34,38	3028.9	39.4829107	73.5861867	4664.6
140	229.2	229.2	231.2	1009,663,42,32	3019.9	39.4829129	73.5862103	4673.0
141	154.2	145.1	154.2	623,885,66,44	3015.8	39.4829034	73.5862240	4673.1
142	222.2	222.2	223.2	979,697,71,43	3012.7	39.4829150	73.5862116	4673.0
143	204.2	203.2	204.2	15,977,34,56	3003.2	39.4829114	73.5862202	4673.1
144	107.1	107.1	107.1	1357,791,40,35	2980.4	39.4828232	73.5863907	4673.0
145	223.2	223.2	223.2	13,913,42,48	2967.8	39.4829148	73.5862115	4673.1
146	223.2	223.2	223.2	1021,654,37,47	2882.1	39.4829148	73.5862115	4673.1
147	179.2	171.2	180.2	651,727,37,40	2877.0	39.4829032	73.5862194	4673.1
148	88.1	88.1	89.1	948,765,37,42	2876.1	39.4828844	73.5862494	4664.6
149	171.2	171.2	185.2	315,833,38,32	2868.9	39.4828997	73.5862210	4673.1
150	110.1	110.1	110.1	1565,769,30,48	2860.8	39.4828976	73.5862408	4673.1
151	228.2	228.2	228.2	1014,691,59,44	2857.5	39.4829131	73.5862104	4673.0
152	99.1	99.1	99.1	154,447,35,42	2846.5	39.4828034	73.5864268	4673.0
153	32.0	27.0	34.0	949,705,28,40	2835.1	39.4829153	73.5861966	4664.7
154	46.0	46.0	50.1	587,85,86,32	2834.8	39.4829128	73.5861921	4664.6
155	110.1	110.1	110.1	867,233,35,27	2816.8	39.4828976	73.5862408	4673.1
156	73.1	73.1	73.1	1900,421,20,70	2815.8	39.4829158	73.5861907	4664.6
157	118.1	118.1	121.1	265,0,30,41	2790.8	39.4829040	73.5862271	4673.0
158	81.1	81.1	83.1	1339,602,27,38	2765.9	39.4829171	73.5861888	4664.6
159	119.1	119.1	120.1	509,63,52,38	2761.7	39.4829036	73.5862272	4673.0
160	208.2	204.2	209.2	1475,915,35,50	2741.2	39.4829129	73.5862186	4673.0
161	96.1	96.1	97.1	589,27,28,38	2718.0	39.4828036	73.5864247	4673.0
162	118.1	116.1	118.1	765,279,28,62	2684.0	39.4829040	73.5862271	4673.0
163	190.2	190.2	190.2	111,0,32,33	2681.2	39.4829071	73.5862181	4673.1
164	40.0	38.0	41.0	185,465,35,46	2671.4	39.4829134	73.5861936	4664.6
165	126.1	126.1	127.1	860,861,21,46	2667.9	39.4829014	73.5862261	4673.1
166	56.1	54.1	61.1	1888,505,32,54	2615.2	39.4829109	73.5861876	4664.6
167	48.0	48.0	50.1	98,51,45,22	2604.2	39.4829129	73.5861915	4664.6
168	231.2	229.2	231.2	935,685,42,45	2583.2	39.4829122	73.5862099	4673.1
169	126.1	126.1	126.1	867,599,26,42	2575.1	39.4829014	73.5862261	4673.1
170	203.2	203.2	204.2	113,907,32,27	2573.0	39.4829114	73.5862205	4673.1
171	170.2	166.2	170.2	705,407,33,56	2552.4	39.4828995	73.5862213	4673.1
172	24.0	24.0	29.0	889,97,36,37	2551.3	39.4829164	73.5861979	4664.7
173	211.2	211.2	219.2	1807,24,34,25	2546.2	39.4829140	73.5862172	4673.1
174	136.1	136.1	136.1	1521,163,32,30	2538.3	39.4828998	73.5862232	4673.0
175	205.2	205.2	207.2	1807,719,27,36	2536.0	39.4829120	73.5862198	4673.1
176	61.1	53.1	61.1	930,513,47,37	2519.0	39.4829108	73.5861863	4664.6
177	56.1	56.1	60.1	473,531,39,30	2517.1	39.4829109	73.5861876	4664.6
178	77.1	73.1	79.1	1225,697,42,40	2516.5	39.4829160	73.5861898	4664.6
179	126.1	126.1	126.1	745,661,38,30	2504.6	39.4829014	73.5862261	4673.1
180	76.1	73.1	79.1	1177,351,32,34	2493.5	39.4829154	73.5861901	4664.6
181	156.2	155.2	157.2	385,961,26,48	2482.6	39.4829027	73.5862251	4673.1
182	108.1	108.1	109.1	827,945,32,30	2422.6	39.4828465	73.5863437	4673.1
183	1.0	0.0	6.0	1050,678,21,59	2419.0	39.4829178	73.5861950	4664.6
184	122.1	122.1	122.1	964,17,77,44	2409.7	39.4829032	73.5862267	4673.1
185	158.2	151.2	164.2	1169,767,26,64	2409.0	39.4829025	73.5862257	4673.1
186	23.0	23.0	23.0	863,849,48,24	2401.5	39.4829170	73.5861974	4664.7
187	99.1	96.1	99.1	117,709,36,28	2389.5	39.4828034	73.5864268	4673.0
188	121.1	118.1	121.1	1733,449,32,32	2387.3	39.4829033	73.5862270	4673.1
189	80.1	80.1	84.1	1225,735,26,46	2382.8	39.4829173	73.5861890	4664.6
190	102.1	102.1	102.1	691,155,34,34	2381.4	39.4828050	73.5864258	4673.1
191	236.2	236.2	237.2	19,259,27,46	2377.3	39.4829121	73.5862113	4673.0
192	158.2	156.2	159.2	312,339,35,46	2370.2	39.4829025	73.5862257	4673.1
193	98.1	97.1	105.1	1107,753,66,24	2349.9	39.4828027	73.5864274	4673.1
194	225.2	225.2	225.2	1895,819,25,48	2349.2	39.4829139	73.5862111	4673.0
195	79.1	79.1	85.1	1043,742,34,76	2336.0	39.4829169	73.5861892	4664.6
196	123.1	123.1	125.1	1049,447,20,66	2328.9	39.4829025	73.5862262	4673.0
197	194.2	192.2	197.2	947,599,50,32	2323.9	39.4829077	73.5862190	4673.1
198	118.1	111.1	120.1	337,21,18,50	2315.6	39.4829040	73.5862271	4673.0
199	159.2	157.2	164.2	323,320,28,48	2309.8	39.4829021	73.5862258	4673.1
200	84.1	81.1	84.1	153,559,44,34	2304.9	39.4829166	73.5861870	4664.6
201	12.0	11.0	12.0	965,139,36,34	2301.3	39.4829167	73.5861936	4664.7
202	62.1	62.1	66.1	1557,383,46,42	2291.3	39.4829109	73.5861861	4664.6
203	103.1	97.1	103.1	543,363,50,22	2288.9	39.4828054	73.5864256	4673.1
204	208.2	208.2	208.2	337,729,54,24	2283.4	39.4829129	73.5862186	4673.0
205	219.2	216.2	219.2	1523,507,40,33	2282.6	39.4829148	73.5862131	4673.0
206	234.2	234.2	234.2	831,167,24,36	2272.2	39.4829123	73.5862107	4673.0
207	136.1	136.1	136.1	273,551,44,26	2261.7	39.4828998	73.5862232	4673.0
208	198.2	198.2	201.2	417,400,28,27	2261.7	39.4829095	73.5862201	4673.1
209	220.2	220.2	220.2	1847,856,36,39	2257.2	39.4829150	73.5862125	4673.0
210	88.1	88.1	88.1	1113,236,33,33	2253.8	39.4828844	73.5862494	4664.6
211	178.2	171.2	185.2	181,616,46,43	2252.5	39.4829029	73.5862196	4673.1
212	48.0	44.0	48.0	0,967,28,53	2252.4	39.4829129	73.5861915	4664.6
213	198.2	198.2	198.2	961,501,20,48	2244.0	39.4829095	73.5862201	4673.1
214	68.1	68.1	68.1	201,915,30,28	2237.2	39.4829127	73.5861882	4664.6
215	147.1	145.1	154.2	1175,526,36,35	2228.6	39.4829026	73.5862212	4673.1
216	228.2	228.2	228.2	1001,635,33,38	2222.1	39.4829131	73.5862104	4673.0
217	78.1	78.1	80.1	1266,589,30,38	2199.0	39.4829165	73.5861896	4664.6
218	112.1	112.1	112.1	1748,153,25,34	2197.1	39.4829044	73.5862277	4673.0
219	126.1	126.1	126.1	1664,8,27,28	2194.4	39.4829014	73.5862261	4673.1
220	103.1	98.1	103.1	893,401,21,40	2172.8	39.4828054	73.5864256	4673.1
221	203.2	202.2	204.2	481,991,26,60	2163.7	39.4829114	73.5862205	4673.1
222	39.0	34.0	41.0	0,774,43,29	2157.4	39.4829137	73.5861939	4664.6
223	140.1	138.1	142.1	337,697,22,39	2151.9	39.4829017	73.5862207	4673.1
224	7.0	7.0	11.0	1229,0,50,30	2147.5	39.4829166	73.5861945	4664.6
225	213.2	213.2	217.2	1859,157,48,16	2137.0	39.4829149	73.5862160	4673.0
226	111.1	111.1	111.1	0,705,21,40	2131.8	39.4829030	73.5862303	4673.0
227	58.1	54.1	59.1	794,381,22,66	2129.7	39.4829105	73.5861872	4664.6
228	22.0	22.0	22.0	621,443,36,28	2098.2	39.4829179	73.5861969	4664.6
229	202.2	202.2	202.2	1868,353,21,32	2095.0	39.4829112	73.5862207	4673.1
230	108.1	107.1	108.1	0,119,41,29	2094.4	39.4828465	73.5863437	4673.1
231	98.1	96.1	105.1	1235,779,26,38	2082.5	39.4828027	73.5864274	4673.1
232	137.1	131.1	137.1	101,569,34,40	2063.9	39.4829004	73.5862223	4673.0
233	221.2	221.2	221.2	887,615,34,26	2054.9	39.4829151	73.5862118	4673.0
234	204.2	202.2	210.2	1235,355,44,14	2036.3	39.4829114	73.5862202	4673.1
235	129.1	129.1	136.1	785,267,40,26	2027.5	39.4829000	73.5862254	4673.0
236	89.1	87.1	89.1	407,1037,34,43	2025.5	39.4828664	73.5862872	4664.8
237	7.0	0.0	8.0	961,873,47,42	2021.6	39.4829166	73.5861945	4664.6
238	163.2	158.2	163.2	969,350,32,27	2018.9	39.4829008	73.5862237	4673.1
239	135.1	135.1	135.1	883,547,46,35	2013.4	39.4828996	73.5862237	4673.1
240	117.1	117.1	117.1	663,215,28,34	2000.2	39.4829044	73.5862268	4673.0
241	103.1	99.1	104.1	27,413,46,28	1983.9	39.4828054	73.5864256	4673.1
242	165.2	165.2	165.2	129,1025,26,22	1957.2	39.4828997	73.5862226	4673.1
243	89.1	89.1	89.1	1687,257,23,28	1948.5	39.4828664	73.5862872	4664.8
244	127.1	127.1	129.1	733,0,20,35	1943.4	39.4829007	73.5862259	4673.1
245	33.0	33.0	38.0	187,81,32,36	1939.6	39.4829145	73.5861960	4664.6
246	122.1	122.1	122.1	815,0,16,65	1920.0	39.4829032	73.5862267	4673.1
247	202.2	202.2	205.2	463,801,25,34	1915.5	39.4829112	73.5862207	4673.1
248	67.1	67.1	67.1	277,985,30,26	1903.0	39.4829124	73.5861879	4664.6
249	199.2	194.2	199.2	909,555,64,32	1902.3	39.4829105	73.5862204	4673.1
250	118.1	118.1	120.1	1787,965,46,26	1900.3	39.4829040	73.5862271	4673.0
251	53.1	53.1	60.1	1717,169,16,55	1899.3	39.4829115	73.5861895	4664.6
252	130.1	128.1	130.1	399,1011,34,22	1888.1	39.4829003	73.5862251	4673.0
253	190.2	190.2	192.2	1044,598,42,39	1876.2	39.4829071	73.5862181	4673.1
254	164.2	158.2	164.2	874,415,37,20	1875.1	39.4829002	73.5862230	4673.1
255	36.0	35.0	41.0	229,309,40,46	1868.3	39.4829139	73.5861949	4664.7
256	150.2	130.1	155.2	1055,455,34,20	1858.6	39.4829034	73.5862221	4673.1
257	111.1	111.1	113.1	1449,301,26,28	1857.4	39.4829030	73.5862303	4673.0
258	236.2	236.2	251.3	1201,353,32,24	1850.8	39.4829121	73.5862113	4673.0
259	71.1	70.1	71.1	297,825,22,40	1848.0	39.4829145	73.5861897	4664.6
260	91.1	91.1	91.1	1744,201,45,45	1839.4	39.4828326	73.5863593	4667.2
261	198.2	193.2	198.2	891,604,43,25	1822.9	39.4829095	73.5862201	4673.1
262	65.1	65.1	65.1	601,843,19,32	1820.3	39.4829116	73.5861866	4664.6
263	108.1	108.1	108.1	1743,726,26,35	1811.0	39.4828465	73.5863437	4673.1
264	220.2	220.2	220.2	961,627,48,24	1806.5	39.4829150	73.5862125	4673.0
265	27.0	27.0	32.0	1067,31,36,25	1806.4	39.4829154	73.5861984	4664.6
266	21.0	15.0	22.0	793,539,44,22	1801.4	39.4829183	73.5861960	4664.6
267	220.2	220.2	220.2	1283,179,34,20	1784.6	39.4829150	73.5862125	4673.0
268	34.0	34.0	41.0	81,94,50,56	1775.7	39.4829139	73.5861956	4664.6
269	233.2	233.2	233.2	1217,193,29,23	1775.3	39.4829122	73.5862105	4673.0
270	117.1	116.1	117.1	811,200,64,29	1772.5	39.4829044	73.5862268	4673.0
271	203.2	203.2	203.2	545,1041,32,17	1768.5	39.4829114	73.5862205	4673.1
272	90.1	83.1	90.1	1239,327,24,54	1768.2	39.4828485	73.5863248	4665.9
273	231.2	231.2	231.2	1025,425,26,28	1765.0	39.4829122	73.5862099	4673.1
274	158.2	158.2	159.2	873,880,34,28	1756.6	39.4829025	73.5862257	4673.1
275	161.2	158.2	163.2	1815,400,40,33	1756.1	39.4829018	73.5862252	4673.0
276	199.2	199.2	199.2	103,235,30,32	1752.5	39.4829105	73.5862204	4673.1
277	228.2	227.2	228.2	806,468,35,64	1752.2	39.4829131	73.5862104	4673.0
278	66.1	62.1	66.1	125,225,28,54	1747.6	39.4829121	73.5861872	4664.6
279	204.2	202.2	204.2	1747,627,30,20	1736.0	39.4829114	73.5862202	4673.1
280	205.2	204.2	206.2	1749,819,30,30	1729.5	39.4829120	73.5862198	4673.1
281	157.2	155.2	158.2	1303,689,26,32	1725.0	39.4829028	73.5862256	4673.1
282	56.1	56.1	60.1	1605,447,30,28	1724.2	39.4829109	73.5861876	4664.6
283	126.1	126.1	126.1	1893,581,27,28	1722.0	39.4829014	73.5862261	4673.1
284	117.1	117.1	117.1	1899,858,21,29	1718.8	39.4829044	73.5862268	4673.0
285	32.0	32.0	39.0	253,0,26,26	1715.0	39.4829153	73.5861966	4664.7
286	109.1	109.1	109.1	1193,369,30,20	1714.6	39.4828746	73.5862872	4673.1
287	245.2	235.2	253.3	1431,753,20,46	1714.5	39.4829124	73.5862154	4673.0
288	57.1	56.1	59.1	751,663,58,21	1707.1	39.4829106	73.5861874	4664.6
289	136.1	136.1	136.1	189,561,30,34	1704.0	39.4828998	73.5862232	4673.0
290	187.2	187.2	188.2	1839,301,18,30	1698.4	39.4829070	73.5862180	4673.1
291	117.1	117.1	117.1	857,0,52,36	1695.7	39.4829044	73.5862268	4673.0
292	153.2	143.1	153.2	1585,564,32,23	1686.1	39.4829037	73.5862233	4673.1
293	95.1	95.1	95.1	1778,709,28,26	1685.2	39.4828108	73.5864094	4672.6
294	246.2	236.2	253.3	1017,517,24,28	1684.0	39.4829116	73.5862149	4673.0
295	168.2	168.2	168.2	105,250,19,37	1682.9	39.4828991	73.5862220	4673.1
296	12.0	12.0	12.0	1085,1021,26,24	1681.9	39.4829167	73.5861936	4664.7
297	67.1	63.1	67.1	0,106,22,29	1661.9	39.4829124	73.5861879	4664.6
298	152.2	145.1	153.2	1729,339,24,52	1656.5	39.4829039	73.5862227	4673.1
299	117.1	117.1	117.1	955,236,14,50	1653.4	39.4829044	73.5862268	4673.0
300	210.2	210.2	210.2	1899,247,21,26	1652.9	39.4829140	73.5862177	4673.1
301	13.0	13.0	13.0	1123,817,42,18	1652.3	39.4829166	73.5861932	4664.6
302	121.1	119.1	121.1	1713,536,22,45	1648.6	39.4829033	73.5862270	4673.1
303	5.0	0.0	7.0	809,825,23,38	1644.4	39.4829164	73.5861950	4664.6
304	53.1	53.1	61.1	807,719,44,28	1639.7	39.4829115	73.5861895	4664.6
305	109.1	109.1	109.1	946,408,37,22	1639.2	39.4828746	73.5862872	4673.1
306	13.0	12.0	13.0	1114,47,35,30	1625.1	39.4829166	73.5861932	4664.6
307	46.0	43.0	46.0	273,1043,22,37	1624.7	39.4829128	73.5861921	4664.6
308	232.2	232.2	234.2	841,495,34,50	1621.7	39.4829122	73.5862102	4673.0
309	229.2	229.2	229.2	1385,63,16,50	1619.4	39.4829129	73.5862103	4673.0
310	146.1	143.1	154.2	1629,781,20,32	1618.2	39.4829026	73.5862211	4673.1
311	237.2	237.2	237.2	1597,737,36,14	1616.9	39.4829119	73.5862122	4673.0
312	191.2	190.2	192.2	905,605,41,22	1608.8	39.4829073	73.5862183	4673.1
313	165.2	165.2	165.2	1423,211,28,22	1596.8	39.4828997	73.5862226	4673.1
314	39.0	38.0	39.0	44,781,39,35	1596.2	39.4829137	73.5861939	4664.6
315	15.0	15.0	21.0	1024,740,27,24	1592.0	39.4829165	73.5861932	4664.6
316	106.1	106.1	106.1	1510,693,33,20	1591.2	39.4828089	73.5864196	4673.0
317	219.2	216.2	219.2	1651,529,30,14	1589.4	39.4829148	73.5862131	4673.0
318	47.0	43.0	48.0	232,1033,38,36	1580.3	39.4829129	73.5861919	4664.6
319	189.2	189.2	189.2	234,931,44,44	1575.7	39.4829069	73.5862181	4673.1
320	120.1	118.1	121.1	235,0,28,35	1572.3	39.4829033	73.5862272	4673.0
321	42.0	42.0	44.0	333,881,30,53	1563.2	39.4829126	73.5861932	4664.6
322	75.1	73.1	75.1	849,545,36,28	1556.3	39.4829153	73.5861905	4664.6
323	15.0	15.0	15.0	1233,297,24,24	1551.8	39.4829165	73.5861932	4664.6
324	37.0	30.0	38.0	565,699,26,51	1548.3	39.4829137	73.5861945	4664.7
325	108.1	100.1	108.1	462,261,20,28	1533.0	39.4828465	73.5863437	4673.1
326	192.2	190.2	192.2	532,521,27,24	1531.0	39.4829075	73.5862186	4673.1
327	230.2	230.2	230.2	15,837,26,28	1526.9	39.4829123	73.5862101	4673.0
328	75.1	75.1	78.1	5,677,27,20	1523.7	39.4829153	73.5861905	4664.6
329	54.1	54.1	65.1	403,808,26,32	1520.7	39.4829115	73.5861889	4664.6
330	169.2	168.2	169.2	811,127,46,28	1520.1	39.4828992	73.5862216	4673.1
331	14.0	14.0	14.0	1105,1041,32,23	1515.0	39.4829165	73.5861930	4664.6
332	53.1	52.1	58.1	743,661,42,22	1514.8	39.4829115	73.5861895	4664.6
333	226.2	226.2	226.2	641,51,20,40	1514.5	39.4829140	73.5862109	4673.0
334	60.1	60.1	60.1	743,451,34,18	1507.0	39.4829107	73.5861865	4664.6
335	105.1	105.1	105.1	1796,73,21,28	1501.9	39.4828056	73.5864258	4673.1
336	23.0	23.0	23.0	865,63,35,24	1501.0	39.4829170	73.5861974	4664.7
337	181.2	177.2	185.2	225,499,46,12	1492.9	39.4829039	73.5862189	4673.0
338	72.1	72.1	72.1	1661,81,18,59	1491.1	39.4829155	73.5861904	4664.6
339	63.1	62.1	67.1	718,537,32,38	1472.3	39.4829111	73.5861860	4664.6
340	217.2	214.2	219.2	1155,337,28,25	1470.6	39.4829146	73.5862144	4673.1
341	142.1	138.1	159.2	893,431,22,32	1469.6	39.4829015	73.5862208	4673.0
342	50.1	49.0	50.1	56,815,18,37	1464.4	39.4829123	73.5861910	4664.6
343	166.2	166.2	166.2	247,177,26,32	1461.4	39.4828992	73.5862225	4673.1
344	228.2	228.2	228.2	1783,355,26,30	1456.6	39.4829131	73.5862104	4673.0
345	67.1	67.1	71.1	1527,561,22,24	1452.9	39.4829124	73.5861879	4664.6
346	227.2	224.2	227.2	1838,248,12,42	1446.5	39.4829137	73.5862106	4673.1
347	82.1	81.1	85.1	0,501,41,20	1444.9	39.4829171	73.5861882	4664.6
348	212.2	212.2	212.2	843,101,21,34	1444.2	39.4829145	73.5862166	4673.1
349	187.2	187.2	188.2	1875,0,24,28	1436.1	39.4829070	73.5862180	4673.1
350	51.1	51.1	51.1	377,719,24,26	1431.6	39.4829117	73.5861907	4664.6
351	79.1	78.1	79.1	1649,457,19,24	1427.6	39.4829169	73.5861892	4664.6
352	152.2	143.1	152.2	1715,249,24,45	1425.3	39.4829039	73.5862227	4673.1
353	192.2	190.2	192.2	801,629,40,34	1422.8	39.4829075	73.5862186	4673.1
354	5.0	3.0	7.0	961,641,33,27	1421.3	39.4829164	73.5861950	4664.6
355	118.1	118.1	121.1	1006,13,35,30	1410.6	39.4829040	73.5862271	4673.0
356	25.0	25.0	32.0	923,174,27,33	1408.9	39.4829160	73.5861982	4664.7
357	226.2	226.2	226.2	1583,505,32,12	1406.6	39.4829140	73.5862109	4673.0
358	24.0	24.0	24.0	187,0,22,36	1406.3	39.4829164	73.5861979	4664.7
359	226.2	226.2	226.2	1491,619,20,28	1399.5	39.4829140	73.5862109	4673.0
360	158.2	153.2	159.2	799,873,29,24	1397.5	39.4829025	73.5862257	4673.1
361	38.0	34.0	40.0	107,629,37,28	1390.4	39.4829139	73.5861941	4664.6
362	172.2	172.2	183.2	831,1031,26,26	1389.9	39.4829003	73.5862207	4673.1
363	110.1	110.1	110.1	863,353,38,16	1379.1	39.4828976	73.5862408	4673.1
364	185.2	182.2	186.2	391,609,23,46	1374.2	39.4829062	73.5862182	4673.0
365	80.1	79.1	80.1	57,209,56,30	1372.1	39.4829173	73.5861890	4664.6
366	76.1	74.1	76.1	1007,587,28,28	1370.9	39.4829154	73.5861901	4664.6
367	67.1	67.1	70.1	577,195,16,38	1366.2	39.4829124	73.5861879	4664.6
368	2.0	0.0	12.0	1047,97,18,24	1363.3	39.4829173	73.5861952	4664.6
369	92.1	92.1	92.1	371,989,22,26	1363.2	39.4828231	73.5863799	4668.6
370	169.2	168.2	169.2	545,649,28,40	1361.6	39.4828992	73.5862216	4673.1
371	52.1	52.1	55.1	875,530,40,21	1361.4	39.4829113	73.5861901	4664.6
372	84.1	80.1	84.1	101,575,60,18	1360.5	39.4829166	73.5861870	4664.6
373	132.1	131.1	133.1	57,843,24,26	1350.5	39.4829002	73.5862241	4673.0
374	113.1	113.1	113.1	892,755,29,23	1346.1	39.4829048	73.5862269	4673.1
375	158.2	158.2	164.2	335,83,23,28	1339.7	39.4829025	73.5862257	4673.1
376	89.1	89.1	89.1	1739,218,28,20	1339.3	39.4828664	73.5862872	4664.8
377	62.1	62.1	66.1	1064,799,33,23	1335.3	39.4829109	73.5861861	4664.6
378	99.1	99.1	99.1	1293,442,26,23	1334.1	39.4828034	73.5864268	4673.0
379	94.1	94.1	94.1	1779,489,20,34	1333.9	39.4828174	73.5863949	4671.5
380	106.1	106.1	106.1	73,185,34,26	1333.9	39.4828089	73.5864196	4673.0
381	227.2	227.2	227.2	1059,179,22,42	1332.6	39.4829137	73.5862106	4673.1
382	50.1	48.0	50.1	323,286,30,33	1331.9	39.4829123	73.5861910	4664.6
383	122.1	122.1	125.1	659,369,14,36	1328.7	39.4829032	73.5862267	4673.1
384	109.1	109.1	109.1	1270,354,30,20	1322.5	39.4828746	73.5862872	4673.1
385	207.2	206.2	208.2	529,945,16,45	1321.3	39.4829127	73.5862191	4673.1
386	185.2	185.2	186.2	1643,43,28,22	1314.5	39.4829062	73.5862182	4673.0
387	209.2	208.2	211.2	1411,179,30,12	1303.7	39.4829135	73.5862182	4673.0
388	103.1	103.1	103.1	1133,386,28,27	1302.1	39.4828054	73.5864256	4673.1
389	115.1	115.1	115.1	625,504,22,52	1290.7	39.4829046	73.5862268	4673.0
390	132.1	129.1	134.1	545,577,26,16	1289.5	39.4829002	73.5862241	4673.0
391	221.2	221.2	221.2	250,635,29,18	1285.9	39.4829151	73.5862118	4673.0
392	130.1	130.1	134.1	0,611,11,48	1282.5	39.4829003	73.5862251	4673.0
393	167.2	167.2	169.2	977,21,24,22	1281.6	39.4828991	73.5862223	4673.1
394	110.1	110.1	110.1	155,619,22,22	1279.7	39.4828976	73.5862408	4673.1
395	96.1	96.1	96.1	333,593,20,24	1276.4	39.4828036	73.5864247	4673.0
396	48.0	41.0	49.0	553,911,32,16	1271.9	39.4829129	73.5861915	4664.6
397	77.1	76.1	85.1	686,587,28,36	1271.3	39.4829160	73.5861898	4664.6
398	195.2	194.2	197.2	953,481,22,20	1263.2	39.4829076	73.5862194	4673.1
399	221.2	221.2	221.2	945,581,24,28	1260.9	39.4829151	73.5862118	4673.0
400	253.3	235.2	253.3	1494,779,40,13	1256.7	39.4829116	73.5862121	4673.0
401	0.0	0.0	6.0	694,665,29,48	1254.8	39.4829187	73.5861951	4664.6
402	117.1	117.1	117.1	1373,911,28,24	1252.8	39.4829044	73.5862268	4673.0
403	95.1	95.1	97.1	1193,619,24,30	1249.3	39.4828108	73.5864094	4672.6
404	123.1	123.1	124.1	922,427,27,22	1246.1	39.4829025	73.5862262	4673.0
405	23.0	23.0	23.0	726,0,18,30	1244.5	39.4829170	73.5861974	4664.7
406	113.1	113.1	114.1	1521,405,23,20	1243.3	39.4829048	73.5862269	4673.1
407	66.1	62.1	66.1	1603,711,30,24	1242.5	39.4829121	73.5861872	4664.6
408	180.2	174.2	185.2	1062,814,17,30	1241.2	39.4829035	73.5862192	4673.1
409	130.1	130.1	134.1	1153,295,22,22	1239.8	39.4829003	73.5862251	4673.0
410	102.1	102.1	103.1	1419,865,26,24	1239.3	39.4828050	73.5864258	4673.1
411	168.2	168.2	168.2	1445,105,29,24	1236.7	39.4828991	73.5862220	4673.1
412	221.2	221.2	221.2	795,514,24,31	1236.5	39.4829151	73.5862118	4673.0
413	45.0	42.0	45.0	329,1047,25,33	1231.9	39.4829127	73.5861923	4664.6
414	204.2	202.2	204.2	1202,979,14,28	1229.2	39.4829114	73.5862202	4673.1
415	229.2	229.2	231.2	832,449,23,20	1228.2	39.4829129	73.5862103	4673.0
416	14.0	12.0	14.0	1342,607,21,18	1226.0	39.4829165	73.5861930	4664.6
417	117.1	117.1	117.1	614,264,25,25	1223.8	39.4829044	73.5862268	4673.0
418	247.2	238.2	248.2	1361,714,26,39	1223.4	39.4829117	73.5862146	4673.0
419	51.1	51.1	51.1	1399,511,18,25	1221.0	39.4829117	73.5861907	4664.6
420	230.2	229.2	230.2	85,709,29,31	1217.1	39.4829123	73.5862101	4673.0
421	107.1	107.1	107.1	1825,0,25,33	1214.9	39.4828232	73.5863907	4673.0
422	76.1	75.1	76.1	909,645,52,25	1212.1	39.4829154	73.5861901	4664.6
423	237.2	236.2	238.2	306,947,21,44	1210.6	39.4829119	73.5862122	4673.0
424	232.2	232.2	232.2	1223,369,20,20	1209.3	39.4829122	73.5862102	4673.0
425	117.1	117.1	120.1	1835,273,38,18	1207.3	39.4829044	73.5862268	4673.0
426	231.2	231.2	232.2	61,69,24,20	1207.3	39.4829122	73.5862099	4673.1
427	146.1	141.1	154.2	1746,271,15,65	1207.1	39.4829026	73.5862211	4673.1
428	183.2	179.2	183.2	1106,993,29,14	1204.5	39.4829050	73.5862185	4673.1
429	66.1	60.1	66.1	965,663,28,18	1202.3	39.4829121	73.5861872	4664.6
430	21.0	17.0	22.0	863,874,26,25	1199.4	39.4829183	73.5861960	4664.6
431	106.1	106.1	108.1	1289,17,26,32	1196.6	39.4828089	73.5864196	4673.0
432	168.2	168.2	169.2	1013,533,20,20	1195.7	39.4828991	73.5862220	4673.1
433	13.0	13.0	13.0	1359,583,34,20	1192.3	39.4829166	73.5861932	4664.6
434	73.1	73.1	73.1	1872,811,35,23	1192.2	39.4829158	73.5861907	4664.6
435	88.1	88.1	88.1	1567,831,30,20	1191.8	39.4828844	73.5862494	4664.6
436	65.1	63.1	65.1	979,235,18,24	1190.9	39.4829116	73.5861866	4664.6
437	185.2	180.2	185.2	495,1015,20,32	1188.3	39.4829062	73.5862182	4673.0
438	215.2	215.2	217.2	521,429,35,20	1186.9	39.4829147	73.5862151	4673.0
439	237.2	235.2	252.3	1123,435,22,28	1186.5	39.4829119	73.5862122	4673.0
440	228.2	225.2	228.2	1547,17,46,32	1184.6	39.4829131	73.5862104	4673.0
441	212.2	212.2	212.2	1121,0,22,31	1181.8	39.4829145	73.5862166	4673.1
442	90.1	88.1	94.1	1001,578,42,57	1179.8	39.4828485	73.5863248	4665.9
443	188.2	188.2	188.2	793,738,24,23	1177.8	39.4829069	73.5862180	4673.1
444	130.1	130.1	130.1	512,1050,35,19	1177.7	39.4829003	73.5862251	4673.0
445	83.1	79.1	83.1	1153,707,32,28	1175.8	39.4829170	73.5861876	4664.6
446	110.1	110.1	110.1	1116,113,29,22	1175.6	39.4828976	73.5862408	4673.1
447	84.1	84.1	84.1	819,513,26,22	1170.1	39.4829166	73.5861870	4664.6
448	205.2	204.2	205.2	1107,979,29,15	1165.8	39.4829120	73.5862198	4673.1
449	20.0	19.0	20.0	1888,785,32,24	1157.2	39.4829185	73.5861949	4664.6
450	179.2	172.2	186.2	469,889,28,18	1151.2	39.4829032	73.5862194	4673.1
451	235.2	235.2	236.2	995,272,14,23	1149.9	39.4829123	73.5862109	4673.0
452	237.2	237.2	237.2	1715,685,12,36	1147.1	39.4829119	73.5862122	4673.0
453	202.2	202.2	202.2	1905,55,15,26	1140.5	39.4829112	73.5862207	4673.1
454	75.1	73.1	79.1	661,505,31,28	1137.1	39.4829153	73.5861905	4664.6
455	196.2	195.2	197.2	222,348,15,29	1136.9	39.4829081	73.5862198	4673.1
456	47.0	43.0	47.0	579,963,22,26	1136.7	39.4829129	73.5861919	4664.6
457	162.2	158.2	163.2	1759,1059,17,21	1132.4	39.4829015	73.5862245	4673.0
458	113.1	112.1	113.1	804,937,18,34	1131.9	39.4829048	73.5862269	4673.1
459	16.0	16.0	22.0	1713,761,24,24	1131.2	39.4829168	73.5861934	4664.7
460	193.2	193.2	197.2	413,461,24,20	1128.2	39.4829077	73.5862188	4673.1
461	124.1	123.1	124.1	681,549,32,27	1125.4	39.4829023	73.5862260	4673.0
462	169.2	168.2	169.2	1057,0,24,17	1125.4	39.4828992	73.5862216	4673.1
463	168.2	168.2	168.2	1281,758,24,27	1122.5	39.4828991	73.5862220	4673.1
464	195.2	193.2	195.2	1822,0,27,14	1122.1	39.4829076	73.5862194	4673.1
465	64.1	62.1	64.1	1767,845,20,20	1118.3	39.4829112	73.5861861	4664.6
466	90.1	88.1	90.1	359,793,24,35	1116.7	39.4828485	73.5863248	4665.9
467	14.0	14.0	14.0	625,209,24,17	1115.4	39.4829165	73.5861930	4664.6
468	40.0	35.0	41.0	225,785,16,35	1112.4	39.4829134	73.5861936	4664.6
469	3.0	0.0	6.0	1898,787,22,14	1111.5	39.4829169	73.5861952	4664.6
470	132.1	129.1	134.1	241,825,20,24	1111.2	39.4829002	73.5862241	4673.0
471	95.1	94.1	95.1	1847,257,18,48	1109.7	39.4828108	73.5864094	4672.6
472	125.1	123.1	125.1	823,698,26,59	1109.4	39.4829021	73.5862260	4673.0
473	62.1	62.1	63.1	1297,137,25,40	1108.7	39.4829109	73.5861861	4664.6
474	22.0	22.0	22.0	1673,225,26,18	1108.6	39.4829179	73.5861969	4664.6
475	228.2	228.2	228.2	793,415,26,18	1106.3	39.4829131	73.5862104	4673.0
476	127.1	127.1	127.1	1857,1019,32,16	1102.9	39.4829007	73.5862259	4673.1
477	135.1	135.1	135.1	801,893,28,25	1101.6	39.4828996	73.5862237	4673.1
478	51.1	51.1	51.1	625,211,12,30	1098.3	39.4829117	73.5861907	4664.6
479	199.2	199.2	201.2	867,517,24,42	1096.5	39.4829105	73.5862204	4673.1
480	72.1	72.1	75.1	513,337,46,29	1094.1	39.4829155	73.5861904	4664.6
481	224.2	224.2	224.2	1069,603,28,21	1092.4	39.4829142	73.5862113	4673.1
482	159.2	159.2	159.2	1777,355,22,30	1092.3	39.4829021	73.5862258	4673.1
483	120.1	119.1	120.1	1865,993,40,26	1091.3	39.4829033	73.5862272	4673.0
484	132.1	132.1	132.1	122,119,39,10	1086.4	39.4829002	73.5862241	4673.0
485	226.2	225.2	226.2	945,73,15,24	1082.1	39.4829140	73.5862109	4673.0
486	88.1	88.1	88.1	581,1008,24,23	1081.8	39.4828844	73.5862494	4664.6
487	178.2	171.2	188.2	1595,130,28,15	1081.4	39.4829029	73.5862196	4673.1
488	208.2	208.2	208.2	1829,513,12,30	1081.1	39.4829129	73.5862186	4673.0
489	192.2	192.2	192.2	177,261,32,16	1079.0	39.4829075	73.5862186	4673.1
490	105.1	96.1	105.1	1599,671,18,30	1076.8	39.4828056	73.5864258	4673.1
491	223.2	222.2	223.2	1105,621,56,23	1075.3	39.4829148	73.5862115	4673.1
492	117.1	117.1	117.1	531,151,26,42	1070.5	39.4829044	73.5862268	4673.0
493	52.1	52.1	52.1	963,39,12,26	1069.6	39.4829113	73.5861901	4664.6
494	194.2	194.2	194.2	1663,449,26,32	1068.0	39.4829077	73.5862190	4673.1
495	67.1	63.1	68.1	71,81,21,25	1067.2	39.4829124	73.5861879	4664.6
496	180.2	171.2	188.2	649,689,15,24	1054.9	39.4829035	73.5862192	4673.1
497	225.2	225.2	225.2	1829,37,18,30	1054.7	39.4829139	73.5862111	4673.0
498	41.0	40.0	41.0	191,180,22,21	1054.5	39.4829128	73.5861934	4664.6
499	218.2	215.2	218.2	47,41,32,18	1047.0	39.4829147	73.5862137	4673.0
500	86.1	86.1	86.1	95,577,20,38	1044.9	39.4829115	73.5861950	4664.6
501	214.2	213.2	219.2	1571,249,28,16	1042.6	39.4829148	73.5862156	4673.0
502	77.1	77.1	77.1	438,775,21,26	1041.9	39.4829160	73.5861898	4664.6
503	92.1	88.1	92.1	17,747,26,26	1037.1	39.4828231	73.5863799	4668.6
504	236.2	235.2	236.2	1139,1025,24,24	1032.9	39.4829121	73.5862113	4673.0
505	185.2	184.2	185.2	1155,939,12,20	1032.6	39.4829062	73.5862182	4673.0
506	224.2	224.2	224.2	982,417,27,22	1032.3	39.4829142	73.5862113	4673.1
507	136.1	136.1	136.1	915,447,45,28	1030.2	39.4828998	73.5862232	4673.0
508	138.1	138.1	143.1	906,338,23,15	1029.0	39.4829010	73.5862217	4673.1
509	66.1	61.1	66.1	735,785,26,30	1028.2	39.4829121	73.5861872	4664.6
510	52.1	51.1	52.1	1079,842,36,23	1027.9	39.4829113	73.5861901	4664.6
511	75.1	71.1	77.1	551,577,34,26	1025.8	39.4829153	73.5861905	4664.6
512	79.1	78.1	82.1	113,699,17,30	1025.4	39.4829169	73.5861892	4664.6
513	52.1	52.1	52.1	1585,569,24,16	1020.9	39.4829113	73.5861901	4664.6
514	14.0	14.0	14.0	1671,337,18,26	1020.5	39.4829165	73.5861930	4664.6
515	107.1	107.1	107.1	1799,1021,18,26	1020.5	39.4828232	73.5863907	4673.0
516	231.2	229.2	231.2	785,470,40,69	1020.3	39.4829122	73.5862099	4673.1
517	17.0	17.0	22.0	918,961,23,35	1018.4	39.4829168	73.5861936	4664.7
518	146.1	144.1	157.2	963,465,22,32	1013.9	39.4829026	73.5862211	4673.1
519	22.0	22.0	22.0	1485,48,22,17	1010.0	39.4829179	73.5861969	4664.6
520	99.1	99.1	105.1	253,353,14,32	1007.2	39.4828034	73.5864268	4673.0
521	204.2	204.2	204.2	1715,531,12,28	1004.6	39.4829114	73.5862202	4673.1
522	107.1	107.1	107.1	251,711,29,26	1004.3	39.4828232	73.5863907	4673.0
523	204.2	202.2	204.2	721,897,26,35	1003.9	39.4829114	73.5862202	4673.1
524	171.2	171.2	177.2	419,851,20,34	1003.6	39.4828997	73.5862210	4673.1
525	101.1	101.1	102.1	782,43,25,21	1000.4	39.4828044	73.5864261	4673.0
526	113.1	112.1	117.1	900,472,24,21	1000.2	39.4829048	73.5862269	4673.1
527	124.1	124.1	125.1	713,649,14,24	995.7	39.4829023	73.5862260	4673.0
528	231.2	231.2	231.2	671,689,18,26	994.2	39.4829122	73.5862099	4673.1
529	82.1	82.1	82.1	1681,859,25,17	990.2	39.4829171	73.5861882	4664.6
530	193.2	193.2	194.2	786,538,20,27	987.6	39.4829077	73.5862188	4673.1
531	95.1	95.1	95.1	1461,263,16,30	985.9	39.4828108	73.5864094	4672.6
532	64.1	62.1	64.1	1519,239,22,18	983.0	39.4829112	73.5861861	4664.6
533	96.1	96.1	96.1	942,193,19,17	977.8	39.4828036	73.5864247	4673.0
534	188.2	180.2	188.2	385,815,30,28	977.3	39.4829069	73.5862180	4673.1
535	194.2	194.2	197.2	770,458,16,24	976.0	39.4829077	73.5862190	4673.1
536	75.1	74.1	75.1	707,769,27,32	975.0	39.4829153	73.5861905	4664.6
537	223.2	222.2	223.2	843,439,14,26	974.4	39.4829148	73.5862115	4673.1
538	102.1	102.1	102.1	1079,191,16,34	971.1	39.4828050	73.5864258	4673.1
539	112.1	112.1	112.1	699,985,26,20	967.1	39.4829044	73.5862277	4673.0
540	53.1	53.1	54.1	97,945,24,24	964.6	39.4829115	73.5861895	4664.6
541	76.1	71.1	76.1	859,913,22,32	963.8	39.4829154	73.5861901	4664.6
542	123.1	123.1	124.1	719,489,16,26	962.5	39.4829025	73.5862262	4673.0
543	166.2	166.2	166.2	601,361,19,24	953.8	39.4828992	73.5862225	4673.1
544	178.2	173.2	184.2	499,1017,14,24	950.7	39.4829029	73.5862196	4673.1
545	159.2	158.2	159.2	145,987,16,28	950.6	39.4829021	73.5862258	4673.1
546	81.1	81.1	81.1	844,602,21,16	949.3	39.4829171	73.5861888	4664.6
547	195.2	190.2	197.2	850,499,37,30	946.9	39.4829076	73.5862194	4673.1
548	65.1	62.1	65.1	679,697,20,27	946.8	39.4829116	73.5861866	4664.6
549	18.0	17.0	21.0	1633,771,34,12	945.6	39.4829172	73.5861937	4664.7
550	211.2	207.2	214.2	1683,329,29,15	941.8	39.4829140	73.5862172	4673.1
551	205.2	203.2	205.2	65,1009,32,10	941.1	39.4829120	73.5862198	4673.1
552	50.1	49.0	50.1	97,1057,24,23	940.8	39.4829123	73.5861910	4664.6
553	233.2	233.2	233.2	1813,817,16,16	940.4	39.4829122	73.5862105	4673.0
554	69.1	68.1	70.1	792,353,44,22	936.3	39.4829133	73.5861887	4664.6
555	208.2	208.2	212.2	897,609,16,16	934.3	39.4829129	73.5862186	4673.0
556	232.2	227.2	232.2	1817,521,16,24	933.3	39.4829122	73.5862102	4673.0
557	145.1	143.1	154.2	1249,895,20,22	933.1	39.4829023	73.5862211	4673.1
558	166.2	166.2	166.2	1883,572,17,21	932.7	39.4828992	73.5862225	4673.1
559	22.0	22.0	22.0	905,397,38,15	932.0	39.4829179	73.5861969	4664.6
560	47.0	42.0	47.0	721,978,34,23	931.7	39.4829129	73.5861919	4664.6
561	104.1	104.1	104.1	986,390,25,19	929.4	39.4828056	73.5864257	4673.0
562	234.2	234.2	234.2	1413,493,12,26	928.2	39.4829123	73.5862107	4673.0
563	55.1	55.1	55.1	140,949,32,20	924.9	39.4829114	73.5861881	4664.6
564	14.0	14.0	14.0	1643,791,38,16	922.4	39.4829165	73.5861930	4664.6
565	252.3	238.2	253.3	1432,751,17,34	921.8	39.4829116	73.5862124	4673.0
566	108.1	108.1	110.1	621,833,28,32	920.8	39.4828465	73.5863437	4673.1
567	136.1	136.1	136.1	499,951,20,32	918.4	39.4828998	73.5862232	4673.0
568	56.1	56.1	56.1	1897,1053,23,19	918.2	39.4829109	73.5861876	4664.6
569	132.1	132.1	133.1	1175,385,18,16	917.0	39.4829002	73.5862241	4673.0
570	31.0	31.0	31.0	331,809,20,24	916.5	39.4829153	73.5861970	4664.7
571	184.2	183.2	184.2	1025,889,24,22	916.5	39.4829057	73.5862184	4673.1
572	40.0	40.0	41.0	1761,83,40,10	914.8	39.4829134	73.5861936	4664.6
573	52.1	52.1	52.1	1681,297,20,16	913.8	39.4829113	73.5861901	4664.6
574	183.2	179.2	186.2	953,833,18,22	913.3	39.4829050	73.5862185	4673.1
575	208.2	208.2	208.2	1603,216,18,22	912.9	39.4829129	73.5862186	4673.0
576	126.1	124.1	126.1	1589,10,20,25	910.8	39.4829014	73.5862261	4673.1
577	229.2	229.2	229.2	421,0,21,17	910.6	39.4829129	73.5862103	4673.0
578	106.1	106.1	106.1	519,37,16,36	910.1	39.4828089	73.5864196	4673.0
579	122.1	122.1	122.1	1459,627,20,20	910.0	39.4829032	73.5862267	4673.1
580	213.2	213.2	213.2	241,401,31,14	909.5	39.4829149	73.5862160	4673.0
581	229.2	229.2	232.2	843,573,20,26	908.7	39.4829129	73.5862103	4673.0
582	205.2	203.2	205.2	154,1043,13,28	906.6	39.4829120	73.5862198	4673.1
583	193.2	193.2	197.2	784,451,25,26	905.1	39.4829077	73.5862188	4673.1
584	14.0	14.0	14.0	1343,855,18,18	904.1	39.4829165	73.5861930	4664.6
585	213.2	213.2	213.2	1793,159,30,18	903.4	39.4829149	73.5862160	4673.0
586	68.1	67.1	68.1	897,993,48,8	902.7	39.4829127	73.5861882	4664.6
587	111.1	107.1	111.1	249,233,24,24	902.7	39.4829030	73.5862303	4673.0
588	209.2	209.2	212.2	1331,163,20,20	898.6	39.4829135	73.5862182	4673.0
589	16.0	16.0	16.0	561,539,28,18	898.2	39.4829168	73.5861934	4664.7
590	142.1	138.1	142.1	453,797,18,16	897.4	39.4829015	73.5862208	4673.0
591	16.0	16.0	16.0	905,59,24,15	896.5	39.4829168	73.5861934	4664.7
592	221.2	221.2	221.2	669,801,17,16	896.0	39.4829151	73.5862118	4673.0
593	80.1	80.1	80.1	992,462,24,13	895.4	39.4829173	73.5861890	4664.6
594	103.1	100.1	103.1	537,512,24,16	893.0	39.4828054	73.5864256	4673.1
595	188.2	187.2	188.2	1707,323,16,23	892.3	39.4829069	73.5862180	4673.1
596	226.2	226.2	226.2	975,553,17,14	888.2	39.4829140	73.5862109	4673.0
597	19.0	19.0	19.0	705,137,32,12	886.3	39.4829180	73.5861941	4664.6
598	116.1	116.1	116.1	863,429,16,12	881.8	39.4829045	73.5862267	4673.0
599	69.1	68.1	71.1	688,1043,23,29	881.6	39.4829133	73.5861887	4664.6
600	67.1	67.1	68.1	903,587,28,18	874.8	39.4829124	73.5861879	4664.6
601	108.1	108.1	108.1	1242,25,25,12	872.7	39.4828465	73.5863437	4673.1
602	32.0	31.0	36.0	313,147,30,20	872.5	39.4829153	73.5861966	4664.7
603	47.0	47.0	49.0	129,819,18,22	869.8	39.4829129	73.5861919	4664.6
604	125.1	125.1	125.1	1043,65,16,16	865.9	39.4829021	73.5862260	4673.0
605	206.2	206.2	206.2	738,809,25,18	864.8	39.4829125	73.5862196	4673.1
606	67.1	67.1	67.1	407,869,32,18	858.8	39.4829124	73.5861879	4664.6
607	110.1	109.1	110.1	681,581,22,20	855.5	39.4828976	73.5862408	4673.1
608	105.1	97.1	105.1	1223,649,24,16	854.6	39.4828056	73.5864258	4673.1
609	212.2	208.2	212.2	1751,667,18,22	851.7	39.4829145	73.5862166	4673.1
610	204.2	200.2	204.2	369,97,22,21	848.3	39.4829114	73.5862202	4673.1
611	121.1	120.1	121.1	1769,529,16,26	847.6	39.4829033	73.5862270	4673.1
612	86.1	86.1	88.1	1287,577,30,32	845.8	39.4829115	73.5861950	4664.6
613	167.2	167.2	167.2	593,697,24,16	845.8	39.4828991	73.5862223	4673.1
614	130.1	130.1	134.1	61,625,18,30	845.7	39.4829003	73.5862251	4673.0
615	141.1	138.1	156.2	995,413,28,32	843.0	39.4829017	73.5862207	4673.1
616	7.0	0.0	7.0	723,1015,27,24	842.6	39.4829166	73.5861945	4664.6
617	31.0	31.0	33.0	0,0,23,11	840.5	39.4829153	73.5861970	4664.7
618	108.1	108.1	108.1	213,299,20,22	838.4	39.4828465	73.5863437	4673.1
619	35.0	35.0	36.0	1787,421,12,20	829.6	39.4829140	73.5861953	4664.6
620	236.2	235.2	238.2	1891,867,12,28	827.6	39.4829121	73.5862113	4673.0
621	117.1	116.1	117.1	585,173,28,20	826.0	39.4829044	73.5862268	4673.0
622	137.1	137.1	137.1	429,881,20,14	825.8	39.4829004	73.5862223	4673.0
623	36.0	36.0	36.0	1827,81,22,22	825.4	39.4829139	73.5861949	4664.7
624	154.2	154.2	154.2	721,1025,22,36	823.0	39.4829034	73.5862240	4673.1
625	131.1	129.1	134.1	121,1029,18,28	820.4	39.4829004	73.5862246	4673.0
626	66.1	62.1	66.1	497,123,32,14	819.6	39.4829121	73.5861872	4664.6
627	102.1	101.1	102.1	1291,929,22,28	818.9	39.4828050	73.5864258	4673.1
628	7.0	0.0	7.0	921,965,22,18	816.9	39.4829166	73.5861945	4664.6
629	125.1	125.1	125.1	1905,203,15,29	815.1	39.4829021	73.5862260	4673.0
630	168.2	168.2	169.2	235,123,26,28	813.8	39.4828991	73.5862220	4673.1
631	96.1	96.1	96.1	821,85,32,18	813.7	39.4828036	73.5864247	4673.0
632	121.1	121.1	121.1	353,553,28,14	813.4	39.4829033	73.5862270	4673.1
633	35.0	34.0	41.0	251,289,16,16	810.8	39.4829140	73.5861953	4664.6
634	241.2	241.2	245.2	625,498,16,20	810.5	39.4829131	73.5862163	4673.0
635	221.2	221.2	221.2	983,663,25,19	806.5	39.4829151	73.5862118	4673.0
636	195.2	194.2	197.2	799,521,26,18	806.1	39.4829076	73.5862194	4673.1
637	166.2	166.2	166.2	1777,713,14,19	805.8	39.4828992	73.5862225	4673.1
638	84.1	81.1	85.1	34,331,23,16	804.0	39.4829166	73.5861870	4664.6
639	206.2	202.2	207.2	531,849,18,16	801.8	39.4829125	73.5862196	4673.1
640	34.0	33.0	38.0	401,291,42,23	799.8	39.4829139	73.5861956	4664.6
641	206.2	202.2	211.2	1585,377,16,17	797.2	39.4829125	73.5862196	4673.1
642	145.1	143.1	145.1	657,503,32,10	797.0	39.4829023	73.5862211	4673.1
643	189.2	189.2	189.2	1441,713,18,22	793.8	39.4829069	73.5862181	4673.1
644	189.2	189.2	189.2	569,5,16,12	792.7	39.4829069	73.5862181	4673.1
645	174.2	173.2	174.2	1135,967,12,20	790.2	39.4829017	73.5862201	4673.1
646	142.1	138.1	151.2	387,993,34,14	789.8	39.4829015	73.5862208	4673.0
647	204.2	203.2	204.2	401,1059,24,12	788.0	39.4829114	73.5862202	4673.1
648	166.2	166.2	170.2	825,272,16,17	787.7	39.4828992	73.5862225	4673.1
649	224.2	224.2	224.2	863,453,13,20	787.2	39.4829142	73.5862113	4673.1
650	218.2	217.2	219.2	1233,809,15,18	786.5	39.4829147	73.5862137	4673.0
651	167.2	164.2	167.2	1142,675,19,22	785.5	39.4828991	73.5862223	4673.1
652	7.0	6.0	12.0	973,217,14,16	783.7	39.4829166	73.5861945	4664.6
653	107.1	107.1	107.1	781,689,18,16	783.4	39.4828232	73.5863907	4673.0
654	122.1	122.1	122.1	668,185,41,17	783.4	39.4829032	73.5862267	4673.1
655	23.0	23.0	23.0	1025,1025,16,22	782.8	39.4829170	73.5861974	4664.7
656	92.1	91.1	92.1	753,217,30,13	775.9	39.4828231	73.5863799	4668.6
657	164.2	160.2	164.2	1783,321,16,26	775.1	39.4829002	73.5862230	4673.1
658	250.2	235.2	253.3	1449,827,25,16	774.7	39.4829117	73.5862132	4673.0
659	169.2	169.2	169.2	53,97,14,26	773.7	39.4828992	73.5862216	4673.1
660	26.0	25.0	27.0	1127,986,21,19	772.3	39.4829156	73.5861983	4664.6
661	22.0	22.0	22.0	1107,478,14,19	771.1	39.4829179	73.5861969	4664.6
662	99.1	99.1	99.1	217,149,16,18	770.1	39.4828034	73.5864268	4673.0
663	177.2	171.2	188.2	943,508,27,19	769.8	39.4829030	73.5862198	4673.1
664	5.0	4.0	8.0	1047,673,26,28	769.1	39.4829164	73.5861950	4664.6
665	206.2	206.2	206.2	0,123,17,12	763.4	39.4829125	73.5862196	4673.1
666	158.2	156.2	158.2	618,873,37,8	763.3	39.4829025	73.5862257	4673.1
667	253.3	238.2	253.3	1537,819,28,14	761.6	39.4829116	73.5862121	4673.0
668	65.1	65.1	66.1	174,13,25,15	758.1	39.4829116	73.5861866	4664.6
669	221.2	221.2	226.2	1045,497,28,11	756.1	39.4829151	73.5862118	4673.0
670	48.0	42.0	48.0	10,1035,11,45	755.9	39.4829129	73.5861915	4664.6
671	210.2	210.2	210.2	1873,0,22,15	755.1	39.4829140	73.5862177	4673.1
672	155.2	155.2	157.2	53,809,18,18	754.4	39.4829031	73.5862246	4673.0
673	116.1	116.1	116.1	1744,0,34,9	754.0	39.4829045	73.5862267	4673.0
674	163.2	158.2	163.2	1749,271,14,20	751.8	39.4829008	73.5862237	4673.1
675	136.1	136.1	136.1	467,835,29,12	751.4	39.4828998	73.5862232	4673.0
676	152.2	152.2	152.2	393,465,16,16	749.2	39.4829039	73.5862227	4673.1
677	13.0	13.0	13.0	731,305,22,16	747.9	39.4829166	73.5861932	4664.6
678	49.0	42.0	49.0	617,625,18,14	747.7	39.4829126	73.5861914	4664.6
679	64.1	64.1	66.1	1635,129,12,18	746.5	39.4829112	73.5861861	4664.6
680	107.1	107.1	107.1	289,497,16,16	745.9	39.4828232	73.5863907	4673.0
681	250.2	240.2	252.3	1179,545,20,22	745.5	39.4829117	73.5862132	4673.0
682	137.1	137.1	137.1	833,947,30,19	745.3	39.4829004	73.5862223	4673.0
683	211.2	211.2	211.2	1605,289,18,16	743.8	39.4829140	73.5862172	4673.1
684	106.1	106.1	106.1	717,87,14,34	743.4	39.4828089	73.5864196	4673.0
685	179.2	176.2	181.2	513,527,32,10	742.4	39.4829032	73.5862194	4673.1
686	170.2	170.2	170.2	569,485,18,20	742.2	39.4828995	73.5862213	4673.1
687	49.0	49.0	50.1	275,731,14,22	738.7	39.4829126	73.5861914	4664.6
688	228.2	228.2	228.2	1105,647,14,24	737.0	39.4829131	73.5862104	4673.0
689	217.2	217.2	217.2	1796,825,13,22	735.9	39.4829146	73.5862144	4673.1
690	15.0	15.0	15.0	1711,1039,19,26	733.8	39.4829165	73.5861932	4664.6
691	51.1	51.1	51.1	1655,747,26,19	733.8	39.4829117	73.5861907	4664.6
692	204.2	203.2	212.2	1049,209,18,16	732.7	39.4829114	73.5862202	4673.1
693	232.2	232.2	232.2	1041,601,16,20	732.7	39.4829122	73.5862102	4673.0
694	162.2	162.2	162.2	1699,0,28,7	731.2	39.4829015	73.5862245	4673.0
695	38.0	33.0	38.0	317,615,20,26	730.4	39.4829139	73.5861941	4664.6
696	71.1	71.1	71.1	930,484,14,21	730.0	39.4829145	73.5861897	4664.6
697	163.2	161.2	163.2	371,299,20,22	727.4	39.4829008	73.5862237	4673.1
698	104.1	99.1	104.1	967,278,26,19	726.2	39.4828056	73.5864257	4673.0
699	60.1	60.1	60.1	87,545,18,16	725.1	39.4829107	73.5861865	4664.6
700	121.1	121.1	121.1	521,579,14,20	718.9	39.4829033	73.5862270	4673.1
701	23.0	23.0	27.0	1755,657,16,16	718.0	39.4829170	73.5861974	4664.7
702	60.1	60.1	60.1	404,660,29,21	717.7	39.4829107	73.5861865	4664.6
703	19.0	19.0	22.0	525,312,54,24	713.9	39.4829180	73.5861941	4664.6
704	202.2	202.2	202.2	273,848,18,17	711.3	39.4829112	73.5862207	4673.1
705	13.0	13.0	13.0	1253,79,16,16	710.2	39.4829166	73.5861932	4664.6
706	135.1	135.1	135.1	371,623,18,13	709.9	39.4828996	73.5862237	4673.1
707	101.1	101.1	102.1	1697,653,28,20	708.5	39.4828044	73.5864261	4673.0
708	100.1	98.1	100.1	1345,633,18,16	708.2	39.4828038	73.5864265	4673.0
709	123.1	123.1	123.1	1586,40,19,13	707.5	39.4829025	73.5862262	4673.0
710	61.1	61.1	61.1	1857,473,16,23	705.9	39.4829108	73.5861863	4664.6
711	111.1	111.1	113.1	65,981,16,28	704.5	39.4829030	73.5862303	4673.0
712	14.0	14.0	15.0	795,573,28,22	704.0	39.4829165	73.5861930	4664.6
713	55.1	55.1	55.1	505,195,38,14	702.8	39.4829114	73.5861881	4664.6
714	189.2	189.2	189.2	153,942,24,22	702.1	39.4829069	73.5862181	4673.1
715	110.1	110.1	110.1	1169,241,16,16	699.4	39.4828976	73.5862408	4673.1
716	224.2	224.2	224.2	817,497,24,24	699.4	39.4829142	73.5862113	4673.1
717	179.2	179.2	179.2	321,914,19,15	695.8	39.4829032	73.5862194	4673.1
718	96.1	96.1	96.1	1667,309,14,32	695.6	39.4828036	73.5864247	4673.0
719	96.1	94.1	96.1	353,353,20,22	694.8	39.4828036	73.5864247	4673.0
720	208.2	203.2	208.2	1395,881,20,14	693.3	39.4829129	73.5862186	4673.0
721	197.2	193.2	197.2	755,847,19,20	692.7	39.4829086	73.5862200	4673.1
722	89.1	89.1	89.1	245,417,14,16	692.6	39.4828664	73.5862872	4664.8
723	182.2	182.2	183.2	235,664,13,27	692.4	39.4829044	73.5862186	4673.1
724	13.0	13.0	13.0	1731,427,15,22	691.8	39.4829166	73.5861932	4664.6
725	4.0	2.0	5.0	1871,289,20,13	689.8	39.4829166	73.5861951	4664.6
726	117.1	116.1	117.1	735,127,12,46	685.1	39.4829044	73.5862268	4673.0
727	77.1	74.1	77.1	1813,203,20,22	684.5	39.4829160	73.5861898	4664.6
728	172.2	171.2	187.2	871,899,24,14	683.6	39.4829003	73.5862207	4673.1
729	217.2	217.2	219.2	1739,1027,20,14	682.9	39.4829146	73.5862144	4673.1
730	93.1	93.1	93.1	1199,843,36,10	682.8	39.4828212	73.5863855	4670.0
731	69.1	69.1	70.1	241,881,22,25	682.4	39.4829133	73.5861887	4664.6
732	115.1	115.1	115.1	895,611,18,20	681.9	39.4829046	73.5862268	4673.0
733	147.1	143.1	154.2	1009,577,17,13	678.1	39.4829026	73.5862212	4673.1
734	44.0	42.0	45.0	257,884,16,21	677.4	39.4829125	73.5861925	4664.6
735	225.2	225.2	225.2	1809,271,12,27	677.1	39.4829139	73.5862111	4673.0
736	147.1	143.1	147.1	451,329,14,16	675.8	39.4829026	73.5862212	4673.1
737	135.1	135.1	135.1	445,643,12,28	675.3	39.4828996	73.5862237	4673.1
738	203.2	203.2	203.2	930,801,15,26	674.9	39.4829114	73.5862205	4673.1
739	101.1	96.1	104.1	155,545,26,20	671.4	39.4828044	73.5864261	4673.0
740	228.2	227.2	228.2	1078,401,27,27	671.4	39.4829131	73.5862104	4673.0
741	15.0	15.0	19.0	873,669,22,14	670.7	39.4829165	73.5861932	4664.6
742	23.0	23.0	23.0	520,421,24,20	669.6	39.4829170	73.5861974	4664.7
743	159.2	159.2	164.2	553,265,22,22	668.6	39.4829021	73.5862258	4673.1
744	183.2	183.2	186.2	707,678,28,17	667.1	39.4829050	73.5862185	4673.1
745	12.0	12.0	12.0	959,231,18,20	666.9	39.4829167	73.5861936	4664.7
746	15.0	15.0	15.0	0,381,24,12	666.9	39.4829165	73.5861932	4664.6
747	124.1	124.1	124.1	165,55,16,26	665.8	39.4829023	73.5862260	4673.0
748	86.1	86.1	86.1	195,849,13,42	662.6	39.4829115	73.5861950	4664.6
749	248.2	245.2	252.3	193,1025,16,24	662.1	39.4829117	73.5862142	4673.0
750	205.2	205.2	207.2	915,65,14,15	659.7	39.4829120	73.5862198	4673.1
751	152.2	146.1	154.2	1227,496,23,19	659.2	39.4829039	73.5862227	4673.1
752	57.1	57.1	57.1	1886,601,27,14	655.5	39.4829106	73.5861874	4664.6
753	209.2	206.2	212.2	623,321,10,22	654.9	39.4829135	73.5862182	4673.0
754	163.2	161.2	164.2	1683,1043,14,14	654.4	39.4829008	73.5862237	4673.1
755	170.2	166.2	170.2	163,386,22,17	653.4	39.4828995	73.5862213	4673.1
756	63.1	63.1	64.1	799,513,18,16	651.7	39.4829111	73.5861860	4664.6
757	22.0	18.0	22.0	969,785,16,16	651.6	39.4829179	73.5861969	4664.6
758	52.1	52.1	52.1	61,53,20,13	650.9	39.4829113	73.5861901	4664.6
759	194.2	194.2	194.2	167,103,26,22	649.9	39.4829077	73.5862190	4673.1
760	11.0	8.0	11.0	1010,241,23,16	649.2	39.4829166	73.5861941	4664.7
761	113.1	111.1	113.1	1133,400,16,17	647.6	39.4829048	73.5862269	4673.1
762	30.0	30.0	36.0	351,51,18,14	646.5	39.4829153	73.5861976	4664.7
763	173.2	173.2	173.2	1409,9,27,14	644.5	39.4829011	73.5862204	4673.1
764	212.2	212.2	212.2	1151,475,32,12	642.3	39.4829145	73.5862166	4673.1
765	167.2	167.2	169.2	623,103,20,16	642.0	39.4828991	73.5862223	4673.1
766	203.2	202.2	203.2	1700,655,27,14	640.0	39.4829114	73.5862205	4673.1
767	167.2	167.2	167.2	139,737,22,18	638.2	39.4828991	73.5862223	4673.1
768	123.1	123.1	128.1	629,373,20,36	637.3	39.4829025	73.5862262	4673.0
769	48.0	43.0	48.0	73,1006,18,14	635.9	39.4829129	73.5861915	4664.6
770	167.2	167.2	168.2	487,501,17,18	635.6	39.4828991	73.5862223	4673.1
771	191.2	191.2	191.2	687,503,14,18	635.6	39.4829073	73.5862183	4673.1
772	172.2	172.2	176.2	953,1028,8,39	633.8	39.4829003	73.5862207	4673.1
773	231.2	230.2	231.2	1564,21,15,19	633.4	39.4829122	73.5862099	4673.1
774	53.1	53.1	61.1	433,209,16,18	632.9	39.4829115	73.5861895	4664.6
775	212.2	212.2	212.2	1633,627,16,13	630.7	39.4829145	73.5862166	4673.1
776	57.1	53.1	59.1	1505,1033,32,15	629.1	39.4829106	73.5861874	4664.6
777	190.2	190.2	190.2	709,495,12,16	629.1	39.4829071	73.5862181	4673.1
778	214.2	214.2	219.2	1499,195,20,14	628.2	39.4829148	73.5862156	4673.0
779	34.0	30.0	34.0	1677,951,18,16	628.1	39.4829139	73.5861956	4664.6
780	58.1	58.1	61.1	1639,518,16,19	628.1	39.4829105	73.5861872	4664.6
781	65.1	64.1	65.1	159,491,14,20	627.8	39.4829116	73.5861866	4664.6
782	86.1	86.1	86.1	332,367,15,18	626.3	39.4829115	73.5861950	4664.6
783	227.2	227.2	227.2	905,518,10,25	625.8	39.4829137	73.5862106	4673.1
784	100.1	100.1	100.1	849,269,32,12	624.3	39.4828038	73.5864265	4673.0
785	211.2	211.2	211.2	1073,53,22,10	623.6	39.4829140	73.5862172	4673.1
786	74.1	74.1	74.1	918,477,16,15	623.5	39.4829157	73.5861907	4664.5
787	220.2	220.2	220.2	1667,51,12,16	621.8	39.4829150	73.5862125	4673.0
788	56.1	56.1	56.1	1832,441,15,16	621.2	39.4829109	73.5861876	4664.6
789	164.2	159.2	164.2	1385,487,12,16	619.5	39.4829002	73.5862230	4673.1
790	163.2	155.2	163.2	1873,569,21,14	617.0	39.4829008	73.5862237	4673.1
791	10.0	8.0	10.0	953,254,22,17	614.9	39.4829165	73.5861943	4664.7
792	233.2	233.2	233.2	1019,243,16,16	614.2	39.4829122	73.5862105	4673.0
793	221.2	221.2	221.2	759,460,15,29	613.6	39.4829151	73.5862118	4673.0
794	153.2	149.1	153.2	1057,650,42,13	612.3	39.4829037	73.5862233	4673.1
795	171.2	171.2	171.2	353,768,16,17	612.1	39.4828997	73.5862210	4673.1
796	49.0	49.0	49.0	73,441,16,14	611.7	39.4829126	73.5861914	4664.6
797	227.2	226.2	227.2	1857,35,14,14	611.4	39.4829137	73.5862106	4673.1
798	72.1	72.1	72.1	1491,713,19,20	611.3	39.4829155	73.5861904	4664.6
799	125.1	125.1	125.1	1865,106,22,26	611.3	39.4829021	73.5862260	4673.0
800	69.1	67.1	70.1	1475,827,26,12	609.2	39.4829133	73.5861887	4664.6
801	132.1	132.1	134.1	36,962,25,15	608.8	39.4829002	73.5862241	4673.0
802	37.0	37.0	37.0	880,193,19,8	608.6	39.4829137	73.5861945	4664.7
803	94.1	94.1	94.1	83,59,18,22	608.3	39.4828174	73.5863949	4671.5
804	222.2	222.2	223.2	1083,697,18,16	607.0	39.4829150	73.5862116	4673.0
805	65.1	62.1	66.1	1889,321,14,24	605.8	39.4829116	73.5861866	4664.6
806	212.2	212.2	214.2	1683,49,14,15	603.3	39.4829145	73.5862166	4673.1
807	66.1	65.1	66.1	0,113,17,14	602.8	39.4829121	73.5861872	4664.6
808	236.2	235.2	236.2	1473,1033,16,21	598.1	39.4829121	73.5862113	4673.0
809	253.3	253.3	253.3	766,250,14,23	596.9	39.4829116	73.5862121	4673.0
810	23.0	23.0	23.0	710,428,23,15	593.4	39.4829170	73.5861974	4664.7
811	199.2	199.2	200.2	1153,403,16,17	592.4	39.4829105	73.5862204	4673.1
812	133.1	133.1	137.1	631,385,17,16	591.4	39.4828998	73.5862243	4673.0
813	70.1	69.1	70.1	439,793,22,14	591.3	39.4829139	73.5861892	4664.6
814	70.1	70.1	71.1	1178,1035,37,12	588.9	39.4829139	73.5861892	4664.6
815	86.1	86.1	86.1	537,1025,9,20	588.5	39.4829115	73.5861950	4664.6
816	126.1	126.1	126.1	512,843,22,13	588.3	39.4829014	73.5862261	4673.1
817	72.1	72.1	72.1	1392,147,15,14	587.9	39.4829155	73.5861904	4664.6
818	153.2	152.2	154.2	438,307,17,21	587.7	39.4829037	73.5862233	4673.1
819	188.2	187.2	188.2	347,434,20,15	587.7	39.4829069	73.5862180	4673.1
820	230.2	230.2	231.2	433,241,8,32	587.0	39.4829123	73.5862101	4673.0
821	104.1	104.1	105.1	433,437,26,14	585.6	39.4828056	73.5864257	4673.0
822	15.0	15.0	15.0	1311,35,22,16	583.4	39.4829165	73.5861932	4664.6
823	167.2	167.2	167.2	533,579,9,38	581.6	39.4828991	73.5862223	4673.1
824	82.1	80.1	82.1	997,851,20,26	581.0	39.4829171	73.5861882	4664.6
825	229.2	229.2	232.2	341,0,22,9	580.9	39.4829129	73.5862103	4673.0
826	226.2	224.2	226.2	1139,123,30,14	580.6	39.4829140	73.5862109	4673.0
827	67.1	67.1	67.1	1843,850,22,15	580.1	39.4829124	73.5861879	4664.6
828	24.0	24.0	24.0	1833,487,24,10	578.6	39.4829164	73.5861979	4664.7
829	163.2	163.2	163.2	263,793,10,16	577.1	39.4829008	73.5862237	4673.1
830	233.2	233.2	234.2	1807,727,19,14	576.7	39.4829122	73.5862105	4673.0
831	60.1	60.1	60.1	1769,289,16,17	576.1	39.4829107	73.5861865	4664.6
832	126.1	126.1	126.1	677,785,12,18	575.2	39.4829014	73.5862261	4673.1
833	166.2	160.2	166.2	870,448,19,17	574.5	39.4828992	73.5862225	4673.1
834	7.0	7.0	7.0	1377,0,14,15	574.3	39.4829166	73.5861945	4664.6
835	96.1	96.1	96.1	314,257,25,18	573.6	39.4828036	73.5864247	4673.0
836	62.1	57.1	64.1	1527,425,20,24	573.3	39.4829109	73.5861861	4664.6
837	227.2	227.2	227.2	51,987,13,22	570.3	39.4829137	73.5862106	4673.1
838	202.2	202.2	202.2	1779,796,13,19	570.2	39.4829112	73.5862207	4673.1
839	169.2	165.2	170.2	1151,585,10,16	569.6	39.4828992	73.5862216	4673.1
840	208.2	208.2	208.2	541,283,34,6	568.7	39.4829129	73.5862186	4673.0
841	54.1	53.1	61.1	745,521,24,14	568.0	39.4829115	73.5861889	4664.6
842	72.1	72.1	72.1	1686,193,10,30	567.4	39.4829155	73.5861904	4664.6
843	82.1	82.1	83.1	763,553,8,26	566.3	39.4829171	73.5861882	4664.6
844	10.0	10.0	11.0	1861,497,16,10	566.0	39.4829165	73.5861943	4664.7
845	212.2	208.2	216.2	1473,435,16,22	565.6	39.4829145	73.5862166	4673.1
846	176.2	176.2	176.2	729,779,14,22	565.2	39.4829026	73.5862198	4673.1
847	204.2	204.2	207.2	1683,659,14,12	563.2	39.4829114	73.5862202	4673.1
848	127.1	127.1	128.1	1501,405,20,16	560.3	39.4829007	73.5862259	4673.1
849	103.1	98.1	107.1	41,853,14,24	559.8	39.4828054	73.5864256	4673.1
850	155.2	152.2	156.2	445,998,10,21	559.5	39.4829031	73.5862246	4673.0
851	132.1	132.1	133.1	1091,1024,30,8	558.4	39.4829002	73.5862241	4673.0
852	27.0	25.0	27.0	1003,339,14,23	558.0	39.4829154	73.5861984	4664.6
853	162.2	162.2	163.2	1909,33,11,16	557.4	39.4829015	73.5862245	4673.0
854	179.2	174.2	184.2	1097,465,12,26	556.7	39.4829032	73.5862194	4673.1
855	22.0	22.0	22.0	1687,911,10,20	556.6	39.4829179	73.5861969	4664.6
856	57.1	54.1	57.1	897,413,10,23	556.1	39.4829106	73.5861874	4664.6
857	30.0	30.0	38.0	755,35,20,14	555.7	39.4829153	73.5861976	4664.7
858	118.1	118.1	118.1	942,202,12,14	555.0	39.4829040	73.5862271	4673.0
859	53.1	53.1	53.1	915,679,19,12	554.4	39.4829115	73.5861895	4664.6
860	13.0	12.0	13.0	1265,336,18,11	554.0	39.4829166	73.5861932	4664.6
861	232.2	232.2	232.2	395,673,24,15	553.4	39.4829122	73.5862102	4673.0
862	13.0	13.0	13.0	365,47,12,27	552.8	39.4829166	73.5861932	4664.6
863	179.2	176.2	181.2	419,913,23,15	552.6	39.4829032	73.5862194	4673.1
864	166.2	166.2	167.2	1044,65,13,16	552.5	39.4828992	73.5862225	4673.1
865	214.2	213.2	217.2	1681,275,14,12	550.9	39.4829148	73.5862156	4673.0
866	145.1	144.1	145.1	1475,323,14,12	549.9	39.4829023	73.5862211	4673.1
867	171.2	171.2	174.2	1074,1057,13,16	549.9	39.4828997	73.5862210	4673.1
868	188.2	187.2	188.2	1705,811,22,20	549.9	39.4829069	73.5862180	4673.1
869	139.1	138.1	140.1	1257,354,14,15	549.2	39.4829015	73.5862211	4673.1
870	66.1	62.1	66.1	995,657,22,9	549.1	39.4829121	73.5861872	4664.6
871	71.1	71.1	71.1	371,945,12,16	548.3	39.4829145	73.5861897	4664.6
872	217.2	217.2	217.2	1608,537,18,18	546.4	39.4829146	73.5862144	4673.1
873	247.2	246.2	250.2	1827,1075,28,5	546.3	39.4829117	73.5862146	4673.0
874	74.1	72.1	74.1	861,961,8,24	544.7	39.4829157	73.5861907	4664.5
875	165.2	165.2	165.2	705,481,18,14	544.7	39.4828997	73.5862226	4673.1
876	171.2	171.2	174.2	719,390,14,19	544.3	39.4828997	73.5862210	4673.1
877	232.2	232.2	232.2	801,411,20,14	544.2	39.4829122	73.5862102	4673.0
878	28.0	25.0	28.0	1441,302,12,17	542.5	39.4829156	73.5861982	4664.6
879	166.2	160.2	167.2	1239,427,16,12	541.3	39.4828992	73.5862225	4673.1
880	210.2	210.2	210.2	1907,1027,13,22	540.7	39.4829140	73.5862177	4673.1
881	167.2	166.2	167.2	467,641,20,20	540.1	39.4828991	73.5862223	4673.1
882	93.1	93.1	93.1	357,1019,19,14	539.8	39.4828212	73.5863855	4670.0
883	59.1	57.1	59.1	367,1042,22,18	539.6	39.4829107	73.5861867	4664.6
884	229.2	229.2	229.2	801,641,14,16	537.5	39.4829129	73.5862103	4673.0
885	122.1	122.1	122.1	89,932,14,14	534.6	39.4829032	73.5862267	4673.1
886	220.2	220.2	220.2	1905,363,15,11	534.5	39.4829150	73.5862125	4673.0
887	212.2	212.2	219.2	1459,0,12,15	534.0	39.4829145	73.5862166	4673.1
888	188.2	184.2	188.2	301,313,12,24	531.1	39.4829069	73.5862180	4673.1
889	74.1	74.1	75.1	1157,411,22,18	531.0	39.4829157	73.5861907	4664.5
890	138.1	138.1	141.1	1649,955,16,11	529.4	39.4829010	73.5862217	4673.1
891	127.1	127.1	127.1	741,967,12,17	529.1	39.4829007	73.5862259	4673.1
892	35.0	31.0	37.0	1800,752,9,23	527.6	39.4829140	73.5861953	4664.6
893	195.2	195.2	197.2	899,617,18,16	527.5	39.4829076	73.5862194	4673.1
894	52.1	52.1	53.1	819,529,26,10	527.4	39.4829113	73.5861901	4664.6
895	116.1	116.1	116.1	141,929,12,16	525.9	39.4829045	73.5862267	4673.0
896	176.2	174.2	184.2	1129,984,19,23	525.0	39.4829026	73.5862198	4673.1
897	93.1	91.1	93.1	485,1041,18,10	524.0	39.4828212	73.5863855	4670.0
898	68.1	67.1	68.1	115,974,20,17	523.3	39.4829127	73.5861882	4664.6
899	160.2	160.2	160.2	1679,967,18,10	523.0	39.4829020	73.5862256	4673.1
900	89.1	86.1	89.1	193,597,18,16	522.3	39.4828664	73.5862872	4664.8
901	208.2	208.2	208.2	1338,949,23,10	522.3	39.4829129	73.5862186	4673.0
902	161.2	161.2	164.2	155,411,10,22	522.0	39.4829018	73.5862252	4673.0
903	238.2	238.2	242.2	817,387,12,25	521.9	39.4829119	73.5862131	4673.1
904	200.2	197.2	201.2	1718,759,20,10	521.5	39.4829111	73.5862207	4673.1
905	250.2	250.2	253.3	1235,659,14,20	520.4	39.4829117	73.5862132	4673.0
906	230.2	227.2	230.2	81,169,16,24	519.4	39.4829123	73.5862101	4673.0
907	24.0	24.0	25.0	599,83,17,14	516.9	39.4829164	73.5861979	4664.7
908	107.1	107.1	107.1	1001,1041,16,15	516.7	39.4828232	73.5863907	4673.0
909	252.3	244.2	252.3	481,51,16,13	516.2	39.4829116	73.5862124	4673.0
910	198.2	198.2	198.2	825,570,12,14	515.5	39.4829095	73.5862201	4673.1
911	185.2	185.2	185.2	1545,1017,12,24	515.0	39.4829062	73.5862182	4673.0
912	82.1	82.1	82.1	1393,889,16,12	513.2	39.4829171	73.5861882	4664.6
913	21.0	21.0	21.0	1839,397,14,15	513.1	39.4829183	73.5861960	4664.6
914	208.2	208.2	208.2	229,359,22,9	509.7	39.4829129	73.5862186	4673.0
915	44.0	42.0	45.0	528,1002,17,21	509.0	39.4829125	73.5861925	4664.6
916	0.0	0.0	2.0	1835,93,22,14	507.7	39.4829187	73.5861951	4664.6
917	208.2	206.2	208.2	1875,771,13,12	507.6	39.4829129	73.5862186	4673.0
918	7.0	7.0	9.0	753,21,16,12	507.5	39.4829166	73.5861945	4664.6
919	135.1	131.1	135.1	1411,242,14,21	507.3	39.4828996	73.5862237	4673.1
920	247.2	241.2	247.2	723,123,20,22	507.3	39.4829117	73.5862146	4673.0
921	67.1	67.1	67.1	307,737,10,18	506.7	39.4829124	73.5861879	4664.6
922	186.2	185.2	186.2	307,913,14,16	505.2	39.4829066	73.5862179	4673.0
923	20.0	20.0	20.0	833,885,16,16	504.0	39.4829185	73.5861949	4664.6
924	173.2	173.2	173.2	1299,907,14,22	503.8	39.4829011	73.5862204	4673.1
925	229.2	229.2	229.2	44,929,13,16	502.6	39.4829129	73.5862103	4673.0
926	120.1	120.1	121.1	17,273,22,14	502.5	39.4829033	73.5862272	4673.0
927	121.1	121.1	121.1	390,20,11,23	501.4	39.4829033	73.5862270	4673.1
928	144.1	144.1	144.1	0,1057,10,23	501.1	39.4829016	73.5862210	4673.1
929	46.0	45.0	50.1	129,535,14,18	500.6	39.4829128	73.5861921	4664.6
930	58.1	58.1	62.1	931,695,14,16	500.0	39.4829105	73.5861872	4664.6
931	85.1	85.1	85.1	1478,367,19,18	499.9	39.4829162	73.5861868	4664.6
932	24.0	24.0	24.0	825,631,12,14	499.8	39.4829164	73.5861979	4664.7
933	29.0	28.0	32.0	465,499,18,14	499.5	39.4829155	73.5861980	4664.6
934	12.0	12.0	12.0	315,0,20,17	499.0	39.4829167	73.5861936	4664.7
935	221.2	221.2	221.2	561,290,10,15	498.7	39.4829151	73.5862118	4673.0
936	224.2	224.2	226.2	807,629,8,36	496.9	39.4829142	73.5862113	4673.1
937	83.1	83.1	83.1	1523,835,14,14	496.4	39.4829170	73.5861876	4664.6
938	94.1	94.1	94.1	1629,35,24,20	496.4	39.4828174	73.5863949	4671.5
939	161.2	157.2	164.2	459,483,12,20	496.3	39.4829018	73.5862252	4673.0
940	223.2	223.2	223.2	982,1072,20,8	496.1	39.4829148	73.5862115	4673.1
941	17.0	16.0	17.0	1153,271,16,14	495.7	39.4829168	73.5861936	4664.7
942	174.2	174.2	174.2	1908,353,12,16	495.7	39.4829017	73.5862201	4673.1
943	156.2	156.2	156.2	233,1028,10,23	495.5	39.4829027	73.5862251	4673.1
944	42.0	42.0	45.0	535,867,12,18	495.0	39.4829126	73.5861932	4664.6
945	114.1	114.1	114.1	203,209,12,14	494.6	39.4829045	73.5862268	4673.1
946	86.1	86.1	86.1	1900,385,20,21	494.4	39.4829115	73.5861950	4664.6
947	30.0	30.0	30.0	1777,331,20,12	493.5	39.4829153	73.5861976	4664.7
948	192.2	192.2	193.2	797,570,12,15	492.5	39.4829075	73.5862186	4673.1
949	27.0	25.0	30.0	1723,545,22,14	492.0	39.4829154	73.5861984	4664.6
950	165.2	165.2	165.2	1041,167,22,10	491.5	39.4828997	73.5862226	4673.1
951	36.0	36.0	39.0	1719,19,10,14	491.2	39.4829139	73.5861949	4664.7
952	48.0	44.0	50.1	25,753,18,16	490.3	39.4829129	73.5861915	4664.6
953	40.0	40.0	40.0	69,297,12,14	490.1	39.4829134	73.5861936	4664.6
954	220.2	220.2	220.2	1724,185,19,14	489.8	39.4829150	73.5862125	4673.0
955	220.2	220.2	220.2	995,107,18,12	489.6	39.4829150	73.5862125	4673.0
956	70.1	68.1	72.1	926,475,16,14	489.5	39.4829139	73.5861892	4664.6
957	160.2	160.2	160.2	1763,44,18,10	488.8	39.4829020	73.5862256	4673.1
958	176.2	176.2	182.2	1377,607,10,18	488.1	39.4829026	73.5862198	4673.1
959	23.0	23.0	23.0	497,353,30,8	488.0	39.4829170	73.5861974	4664.7
960	106.1	106.1	106.1	1655,561,7,24	488.0	39.4828089	73.5864196	4673.0
961	128.1	128.1	128.1	859,517,10,36	486.8	39.4829003	73.5862257	4673.0
962	168.2	168.2	168.2	1479,234,18,11	485.9	39.4828991	73.5862220	4673.1
963	228.2	228.2	228.2	1427,953,16,12	484.8	39.4829131	73.5862104	4673.0
964	119.1	119.1	119.1	721,803,12,14	484.2	39.4829036	73.5862272	4673.0
965	121.1	121.1	121.1	141,425,12,18	484.2	39.4829033	73.5862270	4673.1
966	165.2	165.2	167.2	713,373,12,22	483.3	39.4828997	73.5862226	4673.1
967	228.2	228.2	228.2	927,658,19,15	482.8	39.4829131	73.5862104	4673.0
968	64.1	64.1	64.1	765,945,28,9	482.7	39.4829112	73.5861861	4664.6
969	12.0	12.0	12.0	1761,469,16,12	482.6	39.4829167	73.5861936	4664.7
970	138.1	138.1	141.1	987,1015,12,14	482.2	39.4829010	73.5862217	4673.1
971	181.2	181.2	181.2	9,149,24,22	481.1	39.4829039	73.5862189	4673.0
972	224.2	224.2	224.2	853,845,12,12	480.5	39.4829142	73.5862113	4673.1
973	50.1	49.0	50.1	529,1047,15,20	480.3	39.4829123	73.5861910	4664.6
974	23.0	23.0	23.0	1363,497,18,10	480.2	39.4829170	73.5861974	4664.7
975	155.2	155.2	155.2	337,1059,11,21	479.4	39.4829031	73.5862246	4673.0
976	25.0	25.0	26.0	315,35,22,14	478.3	39.4829160	73.5861982	4664.7
977	43.0	43.0	43.0	0,403,8,19	477.9	39.4829124	73.5861929	4664.6
978	188.2	188.2	188.2	1191,0,10,17	477.5	39.4829069	73.5862180	4673.1
979	64.1	64.1	64.1	983,587,13,36	477.1	39.4829112	73.5861861	4664.6
980	174.2	174.2	174.2	97,917,26,11	476.4	39.4829017	73.5862201	4673.1
981	164.2	164.2	164.2	1281,475,8,20	475.4	39.4829002	73.5862230	4673.1
982	72.1	72.1	72.1	604,303,19,18	475.2	39.4829155	73.5861904	4664.6
983	157.2	157.2	157.2	798,977,11,19	472.8	39.4829028	73.5862256	4673.1
984	145.1	145.1	145.1	1225,685,16,20	471.4	39.4829023	73.5862211	4673.1
985	65.1	62.1	65.1	1459,667,14,12	468.9	39.4829116	73.5861866	4664.6
986	209.2	209.2	212.2	1686,41,22,8	468.8	39.4829135	73.5862182	4673.0
987	225.2	225.2	225.2	1163,161,12,10	466.9	39.4829139	73.5862111	4673.0
988	224.2	224.2	224.2	879,287,10,18	466.7	39.4829142	73.5862113	4673.1
989	66.1	66.1	66.1	0,525,10,20	465.3	39.4829121	73.5861872	4664.6
990	167.2	167.2	167.2	315,177,12,32	465.1	39.4828991	73.5862223	4673.1
991	224.2	224.2	224.2	1772,569,13,14	464.9	39.4829142	73.5862113	4673.1
992	122.1	122.1	122.1	903,155,26,10	464.5	39.4829032	73.5862267	4673.1
993	248.2	248.2	248.2	1425,901,19,12	464.0	39.4829117	73.5862142	4673.0
994	22.0	22.0	22.0	241,1011,10,14	461.9	39.4829179	73.5861969	4664.6
995	189.2	189.2	189.2	257,563,16,12	461.8	39.4829069	73.5862181	4673.1
996	122.1	122.1	122.1	921,21,16,12	461.6	39.4829032	73.5862267	4673.1
997	62.1	62.1	65.1	99,315,19,17	461.4	39.4829109	73.5861861	4664.6
998	152.2	149.1	157.2	597,477,24,10	461.0	39.4829039	73.5862227	4673.1
999	105.1	105.1	105.1	457,257,15,11	459.6	39.4828056	73.5864258	4673.1
1000	229.2	229.2	229.2	1128,409,9,24	459.3	39.4829129	73.5862103	4673.0
1001	244.2	235.2	251.3	1187,771,14,12	459.3	39.4829127	73.5862158	4673.0
1002	224.2	224.2	224.2	1528,1053,12,14	459.1	39.4829142	73.5862113	4673.1
1003	205.2	205.2	205.2	1219,1043,12,12	458.2	39.4829120	73.5862198	4673.1
1004	88.1	86.1	88.1	889,459,16,13	456.8	39.4828844	73.5862494	4664.6
1005	225.2	225.2	225.2	1065,211,24,14	456.8	39.4829139	73.5862111	4673.0
1006	170.2	170.2	170.2	485,235,12,14	456.7	39.4828995	73.5862213	4673.1
1007	242.2	242.2	242.2	1363,785,16,16	456.4	39.4829134	73.5862165	4673.0
1008	187.2	187.2	187.2	1875,833,14,14	456.3	39.4829070	73.5862180	4673.1
1009	212.2	212.2	212.2	1379,52,19,17	456.3	39.4829145	73.5862166	4673.1
1010	153.2	153.2	154.2	761,1017,24,8	455.8	39.4829037	73.5862233	4673.1
1011	118.1	118.1	118.1	1721,517,14,18	453.6	39.4829040	73.5862271	4673.0
1012	51.1	51.1	51.1	233,84,18,23	453.0	39.4829117	73.5861907	4664.6
1013	247.2	247.2	247.2	1332,851,13,12	452.9	39.4829117	73.5862146	4673.0
1014	142.1	138.1	142.1	327,871,14,21	452.4	39.4829015	73.5862208	4673.0
1015	105.1	105.1	105.1	953,273,8,24	452.3	39.4828056	73.5864258	4673.1
1016	89.1	89.1	89.1	305,459,20,14	452.1	39.4828664	73.5862872	4664.8
1017	13.0	13.0	13.0	1794,913,15,16	451.5	39.4829166	73.5861932	4664.6
1018	136.1	136.1	136.1	687,105,10,20	451.0	39.4828998	73.5862232	4673.0
1019	62.1	62.1	70.1	945,449,9,27	449.8	39.4829109	73.5861861	4664.6
1020	95.1	95.1	95.1	507,3,10,30	449.7	39.4828108	73.5864094	4672.6
1021	94.1	94.1	94.1	498,549,10,14	449.4	39.4828174	73.5863949	4671.5
1022	227.2	227.2	227.2	577,799,10,12	448.1	39.4829137	73.5862106	4673.1
1023	71.1	69.1	71.1	145,913,14,16	447.4	39.4829145	73.5861897	4664.6
1024	140.1	138.1	142.1	83,680,12,15	447.2	39.4829017	73.5862207	4673.1
1025	1.0	0.0	1.0	1239,261,17,12	446.6	39.4829178	73.5861950	4664.6
1026	210.2	210.2	210.2	1533,296,18,13	445.8	39.4829140	73.5862177	4673.1
1027	90.1	90.1	90.1	0,610,25,5	444.9	39.4828485	73.5863248	4665.9
1028	35.0	35.0	35.0	1145,435,12,16	444.0	39.4829140	73.5861953	4664.6
1029	195.2	195.2	196.2	1883,64,14,13	442.8	39.4829076	73.5862194	4673.1
1030	169.2	169.2	169.2	1057,499,30,22	442.7	39.4828992	73.5862216	4673.1
1031	233.2	233.2	233.2	1751,819,11,16	442.0	39.4829122	73.5862105	4673.0
1032	81.1	81.1	85.1	64,549,11,14	440.9	39.4829171	73.5861888	4664.6
1033	27.0	26.0	27.0	808,482,17,11	440.7	39.4829154	73.5861984	4664.6
1034	73.1	73.1	73.1	1896,493,14,11	440.7	39.4829158	73.5861907	4664.6
1035	144.1	143.1	144.1	615,467,10,14	440.5	39.4829016	73.5862210	4673.1
1036	37.0	37.0	37.0	1303,0,22,9	439.4	39.4829137	73.5861945	4664.7
1037	237.2	237.2	238.2	257,881,14,14	439.4	39.4829119	73.5862122	4673.0
1038	98.1	98.1	98.1	1121,881,32,12	439.2	39.4828027	73.5864274	4673.1
1039	156.2	155.2	156.2	81,899,9,24	438.9	39.4829027	73.5862251	4673.1
1040	171.2	171.2	171.2	1251,61,12,12	438.9	39.4828997	73.5862210	4673.1
1041	122.1	122.1	122.1	71,287,6,26	438.4	39.4829032	73.5862267	4673.1
1042	247.2	246.2	251.3	1273,757,8,16	438.2	39.4829117	73.5862146	4673.0
1043	139.1	139.1	139.1	485,313,8,16	436.7	39.4829015	73.5862211	4673.1
1044	0.0	0.0	0.0	1091,338,20,11	436.3	39.4829187	73.5861951	4664.6
1045	13.0	13.0	13.0	913,245,16,10	434.7	39.4829166	73.5861932	4664.6
1046	72.1	72.1	72.1	1529,577,8,16	434.4	39.4829155	73.5861904	4664.6
1047	191.2	191.2	194.2	825,223,19,13	434.1	39.4829073	73.5862183	4673.1
1048	70.1	70.1	70.1	1603,1059,12,14	434.0	39.4829139	73.5861892	4664.6
1049	66.1	66.1	66.1	195,97,17,16	432.6	39.4829121	73.5861872	4664.6
1050	65.1	65.1	65.1	53,55,21,10	432.4	39.4829116	73.5861866	4664.6
1051	122.1	122.1	122.1	1727,1024,18,11	432.4	39.4829032	73.5862267	4673.1
1052	40.0	40.0	40.0	99,475,14,8	432.1	39.4829134	73.5861936	4664.6
1053	76.1	73.1	90.1	885,725,14,14	430.3	39.4829154	73.5861901	4664.6
1054	221.2	221.2	221.2	1727,401,12,14	430.2	39.4829151	73.5862118	4673.0
1055	210.2	210.2	210.2	1549,743,20,16	429.4	39.4829140	73.5862177	4673.1
1056	66.1	66.1	66.1	225,41,17,14	428.9	39.4829121	73.5861872	4664.6
1057	222.2	222.2	222.2	459,785,15,20	427.4	39.4829150	73.5862116	4673.0
1058	81.1	78.1	81.1	1605,969,21,16	426.4	39.4829171	73.5861888	4664.6
1059	233.2	233.2	233.2	1089,131,8,14	426.4	39.4829122	73.5862105	4673.0
1060	197.2	197.2	197.2	1137,124,14,12	425.8	39.4829086	73.5862200	4673.1
1061	163.2	159.2	164.2	371,91,17,8	425.4	39.4829008	73.5862237	4673.1
1062	229.2	229.2	230.2	903,946,12,11	424.6	39.4829129	73.5862103	4673.0
1063	39.0	39.0	39.0	389,583,26,12	424.5	39.4829137	73.5861939	4664.6
1064	96.1	96.1	96.1	1208,965,14,20	424.2	39.4828036	73.5864247	4673.0
1065	23.0	23.0	23.0	591,938,17,11	424.1	39.4829170	73.5861974	4664.7
1066	100.1	98.1	102.1	564,1067,12,13	423.9	39.4828038	73.5864265	4673.0
1067	106.1	106.1	107.1	63,809,20,12	423.6	39.4828089	73.5864196	4673.0
1068	131.1	130.1	134.1	433,1059,26,16	423.2	39.4829004	73.5862246	4673.0
1069	230.2	230.2	230.2	1311,574,11,12	423.2	39.4829123	73.5862101	4673.0
1070	118.1	118.1	118.1	353,677,16,10	422.8	39.4829040	73.5862271	4673.0
1071	166.2	166.2	170.2	1833,407,24,11	422.0	39.4828992	73.5862225	4673.1
1072	209.2	209.2	210.2	1873,625,16,8	420.6	39.4829135	73.5862182	4673.0
1073	228.2	228.2	228.2	1552,797,17,12	419.1	39.4829131	73.5862104	4673.0
1074	127.1	127.1	127.1	1749,953,11,15	418.2	39.4829007	73.5862259	4673.1
1075	247.2	244.2	253.3	13,1009,14,14	417.6	39.4829117	73.5862146	4673.0
1076	125.1	125.1	125.1	865,65,16,9	416.9	39.4829021	73.5862260	4673.0
1077	67.1	67.1	67.1	83,491,20,6	416.4	39.4829124	73.5861879	4664.6
1078	101.1	99.1	101.1	1153,28,12,21	415.8	39.4828044	73.5864261	4673.0
1079	245.2	244.2	253.3	1649,887,16,24	414.7	39.4829124	73.5862154	4673.0
1080	114.1	114.1	114.1	1589,855,15,11	413.9	39.4829045	73.5862268	4673.1
1081	105.1	103.1	105.1	313,372,24,13	412.9	39.4828056	73.5864258	4673.1
1082	175.2	175.2	175.2	223,1057,19,23	412.9	39.4829022	73.5862199	4673.1
1083	69.1	69.1	70.1	283,771,21,8	412.1	39.4829133	73.5861887	4664.6
1084	72.1	72.1	72.1	1511,977,10,16	412.1	39.4829155	73.5861904	4664.6
1085	51.1	51.1	51.1	861,539,22,8	412.0	39.4829117	73.5861907	4664.6
1086	232.2	232.2	232.2	1297,273,16,16	411.4	39.4829122	73.5862102	4673.0
1087	21.0	21.0	21.0	1511,513,12,18	411.3	39.4829183	73.5861960	4664.6
1088	152.2	150.2	152.2	953,583,14,14	410.7	39.4829039	73.5862227	4673.1
1089	175.2	175.2	175.2	738,993,13,12	410.6	39.4829022	73.5862199	4673.1
1090	114.1	114.1	114.1	1595,161,12,14	410.4	39.4829045	73.5862268	4673.1
1091	218.2	216.2	219.2	0,275,9,25	409.2	39.4829147	73.5862137	4673.0
1092	8.0	8.0	8.0	48,913,9,16	408.4	39.4829166	73.5861945	4664.6
1093	187.2	187.2	187.2	1399,203,16,15	407.9	39.4829070	73.5862180	4673.1
1094	23.0	23.0	23.0	75,64,12,20	406.9	39.4829170	73.5861974	4664.7
1095	174.2	171.2	178.2	19,833,12,15	406.7	39.4829017	73.5862201	4673.1
1096	73.1	73.1	83.1	221,245,10,26	406.3	39.4829158	73.5861907	4664.6
1097	19.0	16.0	20.0	660,257,14,12	405.6	39.4829180	73.5861941	4664.6
1098	238.2	237.2	238.2	21,1009,10,16	405.4	39.4829119	73.5862131	4673.1
1099	148.1	148.1	148.1	1869,531,20,22	404.8	39.4829029	73.5862214	4673.1
1100	64.1	64.1	64.1	340,122,16,11	404.7	39.4829112	73.5861861	4664.6
1101	125.1	125.1	125.1	855,653,15,14	404.5	39.4829021	73.5862260	4673.0
1102	149.1	149.1	149.1	1794,839,11,14	404.0	39.4829031	73.5862217	4673.1
1103	127.1	127.1	127.1	801,1026,29,11	402.0	39.4829007	73.5862259	4673.1
1104	176.2	176.2	176.2	1321,1025,8,16	401.6	39.4829026	73.5862198	4673.1
1105	146.1	138.1	153.2	289,945,16,16	401.0	39.4829026	73.5862211	4673.1
1106	187.2	186.2	187.2	749,89,18,8	400.7	39.4829070	73.5862180	4673.1
1107	92.1	92.1	92.1	292,773,9,22	400.1	39.4828231	73.5863799	4668.6
1108	118.1	118.1	118.1	1125,459,18,12	399.5	39.4829040	73.5862271	4673.0
1109	247.2	245.2	252.3	1595,787,16,22	398.4	39.4829117	73.5862146	4673.0
1110	48.0	48.0	49.0	0,913,13,18	397.9	39.4829129	73.5861915	4664.6
1111	120.1	118.1	120.1	445,47,11,18	397.4	39.4829033	73.5862272	4673.0
1112	50.1	50.1	50.1	0,1049,17,8	397.3	39.4829123	73.5861910	4664.6
1113	229.2	229.2	231.2	713,353,16,12	396.9	39.4829129	73.5862103	4673.0
1114	218.2	216.2	218.2	1280,759,11,18	396.8	39.4829147	73.5862137	4673.0
1115	104.1	104.1	105.1	1641,391,21,10	396.7	39.4828056	73.5864257	4673.0
1116	169.2	169.2	169.2	1069,110,20,19	396.5	39.4828992	73.5862216	4673.1
1117	48.0	47.0	48.0	391,952,10,19	395.6	39.4829129	73.5861915	4664.6
1118	19.0	19.0	19.0	993,974,16,8	393.0	39.4829180	73.5861941	4664.6
1119	49.0	49.0	49.0	25,1019,8,20	392.6	39.4829126	73.5861914	4664.6
1120	213.2	211.2	213.2	1650,434,13,11	392.3	39.4829149	73.5862160	4673.0
1121	114.1	114.1	114.1	183,149,14,18	391.1	39.4829045	73.5862268	4673.1
1122	105.1	105.1	105.1	1647,0,18,13	390.9	39.4828056	73.5864258	4673.1
1123	250.2	239.2	253.3	785,306,7,21	390.8	39.4829117	73.5862132	4673.0
1124	197.2	197.2	197.2	1599,10,14,20	390.5	39.4829086	73.5862200	4673.1
1125	52.1	52.1	52.1	193,721,21,7	389.5	39.4829113	73.5861901	4664.6
1126	140.1	140.1	140.1	99,755,13,12	389.3	39.4829017	73.5862207	4673.1
1127	189.2	189.2	189.2	697,435,14,12	389.0	39.4829069	73.5862181	4673.1
1128	83.1	83.1	83.1	1169,553,20,7	388.5	39.4829170	73.5861876	4664.6
1129	61.1	57.1	61.1	1025,567,32,6	387.3	39.4829108	73.5861863	4664.6
1130	142.1	142.1	142.1	952,1009,9,16	387.2	39.4829015	73.5862208	4673.0
1131	23.0	23.0	27.0	1489,449,18,12	386.9	39.4829170	73.5861974	4664.7
1132	30.0	30.0	30.0	239,897,8,16	386.1	39.4829153	73.5861976	4664.7
1133	144.1	143.1	147.1	1097,644,24,13	385.8	39.4829016	73.5862210	4673.1
1134	216.2	214.2	216.2	465,33,16,8	385.8	39.4829147	73.5862148	4673.1
1135	225.2	225.2	225.2	1745,106,16,7	385.7	39.4829139	73.5862111	4673.0
1136	100.1	100.1	104.1	761,1073,26,4	385.5	39.4828038	73.5864265	4673.0
1137	232.2	232.2	232.2	873,1071,18,9	384.9	39.4829122	73.5862102	4673.0
1138	66.1	66.1	66.1	285,15,8,18	384.4	39.4829121	73.5861872	4664.6
1139	210.2	210.2	210.2	1893,521,12,12	383.2	39.4829140	73.5862177	4673.1
1140	48.0	48.0	49.0	309,385,10,14	381.4	39.4829129	73.5861915	4664.6
1141	84.1	80.1	84.1	211,1044,11,13	381.3	39.4829166	73.5861870	4664.6
1142	159.2	159.2	163.2	801,567,10,14	381.2	39.4829021	73.5862258	4673.1
1143	116.1	116.1	116.1	897,225,14,11	381.1	39.4829045	73.5862267	4673.0
1144	217.2	215.2	217.2	595,20,14,11	381.0	39.4829146	73.5862144	4673.1
1145	239.2	235.2	253.3	785,325,14,12	380.8	39.4829122	73.5862143	4673.1
1146	83.1	83.1	84.1	937,695,19,16	380.6	39.4829170	73.5861876	4664.6
1147	54.1	53.1	54.1	944,163,4,38	380.5	39.4829115	73.5861889	4664.6
1148	111.1	111.1	111.1	168,213,13,14	380.3	39.4829030	73.5862303	4673.0
1149	172.2	172.2	172.2	1251,1011,12,12	379.7	39.4829003	73.5862207	4673.1
1150	126.1	126.1	126.1	486,625,14,10	379.3	39.4829014	73.5862261	4673.1
1151	158.2	156.2	158.2	9,1041,8,26	379.1	39.4829025	73.5862257	4673.1
1152	87.1	87.1	87.1	463,977,15,16	378.3	39.4829002	73.5862171	4664.6
1153	114.1	114.1	114.1	0,467,19,14	377.4	39.4829045	73.5862268	4673.1
1154	123.1	123.1	123.1	231,193,8,18	376.8	39.4829025	73.5862262	4673.0
1155	210.2	210.2	210.2	1907,90,13,11	376.7	39.4829140	73.5862177	4673.1
1156	251.3	244.2	252.3	1137,561,8,14	376.5	39.4829117	73.5862128	4673.0
1157	45.0	43.0	45.0	650,1051,16,17	376.4	39.4829127	73.5861923	4664.6
1158	11.0	8.0	11.0	969,349,10,12	376.2	39.4829166	73.5861941	4664.7
1159	70.1	70.1	70.1	259,787,9,12	376.1	39.4829139	73.5861892	4664.6
1160	90.1	90.1	90.1	1101,582,12,31	376.1	39.4828485	73.5863248	4665.9
1161	214.2	214.2	214.2	419,211,14,12	374.6	39.4829148	73.5862156	4673.0
1162	52.1	52.1	52.1	1891,899,14,14	374.3	39.4829113	73.5861901	4664.6
1163	43.0	43.0	43.0	107,155,8,14	373.3	39.4829124	73.5861929	4664.6
1164	13.0	13.0	13.0	1771,259,14,14	372.9	39.4829166	73.5861932	4664.6
1165	78.1	78.1	78.1	1233,841,8,12	371.9	39.4829165	73.5861896	4664.6
1166	44.0	44.0	44.0	747,758,16,11	371.8	39.4829125	73.5861925	4664.6
1167	196.2	196.2	196.2	1767,8,9,14	371.6	39.4829081	73.5862198	4673.1
1168	228.2	228.2	228.2	333,935,12,10	370.9	39.4829131	73.5862104	4673.0
1169	123.1	123.1	123.1	905,323,32,6	370.8	39.4829025	73.5862262	4673.0
1170	88.1	88.1	88.1	1441,481,15,17	370.7	39.4828844	73.5862494	4664.6
1171	26.0	26.0	26.0	1213,443,10,12	370.6	39.4829156	73.5861983	4664.6
1172	52.1	52.1	52.1	1735,75,14,15	370.5	39.4829113	73.5861901	4664.6
1173	175.2	175.2	175.2	1393,1027,14,14	370.2	39.4829022	73.5862199	4673.1
1174	118.1	118.1	118.1	1793,877,16,12	370.1	39.4829040	73.5862271	4673.0
1175	165.2	165.2	165.2	690,200,12,14	370.1	39.4828997	73.5862226	4673.1
1176	173.2	173.2	173.2	213,263,6,23	369.9	39.4829011	73.5862204	4673.1
1177	177.2	173.2	182.2	899,123,20,12	369.6	39.4829030	73.5862198	4673.1
1178	90.1	90.1	90.1	663,136,10,21	369.5	39.4828485	73.5863248	4665.9
1179	113.1	113.1	113.1	817,812,16,13	369.3	39.4829048	73.5862269	4673.1
1180	66.1	66.1	66.1	1901,849,13,16	367.9	39.4829121	73.5861872	4664.6
1181	88.1	88.1	88.1	409,247,14,14	367.9	39.4828844	73.5862494	4664.6
1182	129.1	129.1	129.1	9,1011,13,25	367.8	39.4829000	73.5862254	4673.0
1183	31.0	31.0	31.0	1152,1073,17,7	367.6	39.4829153	73.5861970	4664.7
1184	212.2	211.2	217.2	1699,163,16,11	366.8	39.4829145	73.5862166	4673.1
1185	22.0	22.0	22.0	0,633,23,16	366.6	39.4829179	73.5861969	4664.6
1186	94.1	94.1	94.1	275,349,10,12	365.7	39.4828174	73.5863949	4671.5
1187	180.2	180.2	180.2	1329,864,14,15	365.7	39.4829035	73.5862192	4673.1
1188	188.2	187.2	188.2	1324,609,11,16	365.0	39.4829069	73.5862180	4673.1
1189	77.1	77.1	77.1	25,985,16,8	364.6	39.4829160	73.5861898	4664.6
1190	186.2	186.2	186.2	1073,155,16,18	363.9	39.4829066	73.5862179	4673.0
1191	47.0	47.0	49.0	33,113,8,16	362.7	39.4829129	73.5861919	4664.6
1192	48.0	47.0	49.0	107,933,12,20	361.5	39.4829129	73.5861915	4664.6
1193	135.1	135.1	135.1	521,999,10,16	361.4	39.4828996	73.5862237	4673.1
1194	93.1	93.1	93.1	1273,813,16,14	361.1	39.4828212	73.5863855	4670.0
1195	233.2	233.2	233.2	944,564,9,13	360.7	39.4829122	73.5862105	4673.0
1196	73.1	73.1	73.1	481,149,14,8	360.5	39.4829158	73.5861907	4664.6
1197	99.1	99.1	102.1	291,517,30,15	360.2	39.4828034	73.5864268	4673.0
1198	70.1	70.1	70.1	233,499,8,14	358.6	39.4829139	73.5861892	4664.6
1199	187.2	187.2	187.2	513,802,20,11	357.9	39.4829070	73.5862180	4673.1
1200	29.0	25.0	29.0	1447,456,17,15	357.0	39.4829155	73.5861980	4664.6
1201	228.2	228.2	228.2	877,603,20,15	356.6	39.4829131	73.5862104	4673.0
1202	24.0	24.0	24.0	667,413,20,8	356.5	39.4829164	73.5861979	4664.7
1203	84.1	84.1	84.1	163,288,10,18	355.7	39.4829166	73.5861870	4664.6
1204	63.1	63.1	63.1	1425,602,16,9	355.4	39.4829111	73.5861860	4664.6
1205	40.0	40.0	40.0	349,951,18,8	355.2	39.4829134	73.5861936	4664.6
1206	176.2	176.2	176.2	241,785,8,12	354.7	39.4829026	73.5862198	4673.1
1207	107.1	107.1	107.1	1851,913,12,17	353.9	39.4828232	73.5863907	4673.0
1208	195.2	195.2	199.2	1397,22,14,13	353.4	39.4829076	73.5862194	4673.1
1209	13.0	13.0	13.0	1553,45,16,11	353.0	39.4829166	73.5861932	4664.6
1210	221.2	221.2	221.2	398,513,13,13	353.0	39.4829151	73.5862118	4673.0
1211	185.2	185.2	188.2	675,123,18,8	352.7	39.4829062	73.5862182	4673.0
1212	38.0	38.0	38.0	81,999,16,13	352.3	39.4829139	73.5861941	4664.6
1213	180.2	180.2	180.2	1217,271,16,10	351.3	39.4829035	73.5862192	4673.1
1214	187.2	187.2	187.2	1745,115,8,14	351.2	39.4829070	73.5862180	4673.1
1215	161.2	161.2	161.2	909,0,8,15	351.0	39.4829018	73.5862252	4673.0
1216	77.1	77.1	78.1	1211,652,12,21	350.0	39.4829160	73.5861898	4664.6
1217	201.2	201.2	201.2	1143,321,19,9	349.9	39.4829111	73.5862208	4673.1
1218	24.0	24.0	24.0	1763,419,22,6	349.5	39.4829164	73.5861979	4664.7
1219	165.2	165.2	165.2	1120,119,25,10	349.3	39.4828997	73.5862226	4673.1
1220	108.1	108.1	108.1	1081,471,7,18	347.5	39.4828465	73.5863437	4673.1
1221	138.1	138.1	138.1	160,389,15,12	347.5	39.4829010	73.5862217	4673.1
1222	137.1	137.1	137.1	915,0,12,7	346.7	39.4829004	73.5862223	4673.0
1223	56.1	52.1	60.1	1889,671,16,10	346.5	39.4829109	73.5861876	4664.6
1224	136.1	136.1	136.1	211,448,21,15	346.2	39.4828998	73.5862232	4673.0
1225	63.1	63.1	63.1	1641,657,11,14	345.7	39.4829111	73.5861860	4664.6
1226	162.2	158.2	163.2	633,569,8,14	345.0	39.4829015	73.5862245	4673.0
1227	110.1	110.1	110.1	869,1070,26,5	344.3	39.4828976	73.5862408	4673.1
1228	165.2	165.2	165.2	33,305,10,10	344.3	39.4828997	73.5862226	4673.1
1229	59.1	59.1	59.1	219,0,12,9	344.2	39.4829107	73.5861867	4664.6
1230	141.1	137.1	141.1	1795,467,13,14	344.1	39.4829017	73.5862207	4673.1
1231	105.1	104.1	105.1	97,370,16,7	343.3	39.4828056	73.5864258	4673.1
1232	24.0	24.0	24.0	417,119,14,10	342.7	39.4829164	73.5861979	4664.7
1233	214.2	214.2	214.2	1363,289,12,11	341.8	39.4829148	73.5862156	4673.0
1234	77.1	77.1	77.1	1897,137,12,16	341.6	39.4829160	73.5861898	4664.6
1235	99.1	99.1	99.1	16,343,17,9	341.3	39.4828034	73.5864268	4673.0
1236	203.2	200.2	203.2	49,0,14,7	341.0	39.4829114	73.5862205	4673.1
1237	13.0	13.0	13.0	1313,873,10,15	340.6	39.4829166	73.5861932	4664.6
1238	168.2	165.2	168.2	1107,129,10,16	339.6	39.4828991	73.5862220	4673.1
1239	34.0	34.0	34.0	953,1021,11,12	339.3	39.4829139	73.5861956	4664.6
1240	30.0	30.0	30.0	1889,971,14,8	338.7	39.4829153	73.5861976	4664.7
1241	24.0	24.0	24.0	269,29,12,12	338.1	39.4829164	73.5861979	4664.7
1242	232.2	230.2	233.2	993,569,24,18	337.4	39.4829122	73.5862102	4673.0
1243	13.0	13.0	13.0	427,667,10,14	336.6	39.4829166	73.5861932	4664.6
1244	12.0	12.0	12.0	1496,34,22,9	336.3	39.4829167	73.5861936	4664.7
1245	193.2	193.2	196.2	1217,351,8,18	335.9	39.4829077	73.5862188	4673.1
1246	128.1	128.1	128.1	803,779,12,11	335.4	39.4829003	73.5862257	4673.0
1247	135.1	135.1	135.1	1206,1015,11,11	333.3	39.4828996	73.5862237	4673.1
1248	102.1	102.1	102.1	353,102,8,11	333.2	39.4828050	73.5864258	4673.1
1249	160.2	160.2	160.2	1801,22,24,8	332.3	39.4829020	73.5862256	4673.1
1250	217.2	217.2	217.2	1275,355,12,14	332.1	39.4829146	73.5862144	4673.1
1251	98.1	98.1	101.1	685,487,24,9	332.0	39.4828027	73.5864274	4673.1
1252	41.0	41.0	41.0	1357,0,10,13	331.3	39.4829128	73.5861934	4664.6
1253	221.2	221.2	221.2	955,183,8,16	330.5	39.4829151	73.5862118	4673.0
1254	189.2	189.2	189.2	803,123,20,6	330.4	39.4829069	73.5862181	4673.1
1255	200.2	200.2	201.2	1185,147,9,14	329.6	39.4829111	73.5862207	4673.1
1256	13.0	13.0	13.0	961,875,14,14	329.5	39.4829166	73.5861932	4664.6
1257	80.1	74.1	85.1	1291,932,14,13	329.1	39.4829173	73.5861890	4664.6
1258	183.2	183.2	183.2	105,1068,11,12	328.9	39.4829050	73.5862185	4673.1
1259	101.1	96.1	101.1	1387,161,18,16	327.7	39.4828044	73.5864261	4673.0
1260	133.1	133.1	134.1	321,981,8,12	326.9	39.4828998	73.5862243	4673.0
1261	161.2	161.2	164.2	787,0,12,7	326.2	39.4829018	73.5862252	4673.0
1262	4.0	4.0	4.0	1831,1057,11,16	325.8	39.4829166	73.5861951	4664.6
1263	112.1	112.1	112.1	740,889,21,13	325.6	39.4829044	73.5862277	4673.0
1264	44.0	44.0	44.0	13,129,6,16	325.5	39.4829125	73.5861925	4664.6
1265	69.1	67.1	69.1	184,752,9,17	324.7	39.4829133	73.5861887	4664.6
1266	232.2	232.2	232.2	585,617,8,16	324.7	39.4829122	73.5862102	4673.0
1267	41.0	41.0	41.0	71,824,8,23	324.5	39.4829128	73.5861934	4664.6
1268	189.2	189.2	189.2	161,979,14,12	323.3	39.4829069	73.5862181	4673.1
1269	129.1	128.1	129.1	819,929,6,14	322.9	39.4829000	73.5862254	4673.0
1270	191.2	191.2	191.2	1127,138,18,9	322.4	39.4829073	73.5862183	4673.1
1271	41.0	41.0	41.0	11,952,18,9	322.0	39.4829128	73.5861934	4664.6
1272	133.1	132.1	134.1	519,1019,8,20	320.8	39.4828998	73.5862243	4673.0
1273	63.1	63.1	63.1	1905,571,15,9	320.7	39.4829111	73.5861860	4664.6
1274	136.1	136.1	136.1	1224,1046,9,19	320.5	39.4828998	73.5862232	4673.0
1275	170.2	170.2	170.2	411,0,8,15	320.4	39.4828995	73.5862213	4673.1
1276	203.2	203.2	203.2	1219,219,20,6	320.4	39.4829114	73.5862205	4673.1
1277	16.0	16.0	16.0	1893,104,18,9	320.3	39.4829168	73.5861934	4664.7
1278	129.1	129.1	130.1	499,700,14,9	320.3	39.4829000	73.5862254	4673.0
1279	159.2	159.2	159.2	945,473,16,6	319.8	39.4829021	73.5862258	4673.1
1280	42.0	39.0	48.0	1649,489,20,8	319.5	39.4829126	73.5861932	4664.6
1281	152.2	152.2	152.2	529,439,22,16	319.5	39.4829039	73.5862227	4673.1
1282	84.1	79.1	86.1	1347,913,10,11	319.1	39.4829166	73.5861870	4664.6
1283	239.2	239.2	239.2	1165,721,11,14	318.1	39.4829122	73.5862143	4673.1
1284	237.2	237.2	237.2	1490,961,15,8	317.7	39.4829119	73.5862122	4673.0
1285	165.2	165.2	165.2	551,375,12,12	317.4	39.4828997	73.5862226	4673.1
1286	13.0	13.0	13.0	1201,827,16,6	317.0	39.4829166	73.5861932	4664.6
1287	128.1	128.1	128.1	1858,297,15,11	317.0	39.4829003	73.5862257	4673.0
1288	193.2	193.2	193.2	442,358,14,33	316.9	39.4829077	73.5862188	4673.1
1289	11.0	11.0	11.0	1123,994,13,13	316.3	39.4829166	73.5861941	4664.7
1290	25.0	25.0	29.0	410,41,11,12	315.5	39.4829160	73.5861982	4664.7
1291	51.1	51.1	51.1	257,923,10,16	314.3	39.4829117	73.5861907	4664.6
1292	108.1	108.1	108.1	1363,835,14,18	314.3	39.4828465	73.5863437	4673.1
1293	62.1	62.1	62.1	189,653,9,14	314.1	39.4829109	73.5861861	4664.6
1294	220.2	220.2	220.2	483,6,14,9	313.9	39.4829150	73.5862125	4673.0
1295	220.2	220.2	220.2	571,819,6,20	313.4	39.4829150	73.5862125	4673.0
1296	187.2	187.2	187.2	769,717,16,10	312.2	39.4829070	73.5862180	4673.1
1297	247.2	247.2	250.2	90,609,7,16	312.2	39.4829117	73.5862146	4673.0
1298	228.2	228.2	231.2	797,507,12,16	312.0	39.4829131	73.5862104	4673.0
1299	19.0	16.0	19.0	921,305,8,16	311.8	39.4829180	73.5861941	4664.6
1300	13.0	13.0	13.0	1714,529,15,8	311.6	39.4829166	73.5861932	4664.6
1301	79.1	79.1	79.1	1439,974,13,9	311.2	39.4829169	73.5861892	4664.6
1302	102.1	98.1	102.1	1409,327,21,11	310.9	39.4828050	73.5864258	4673.1
1303	103.1	96.1	105.1	513,961,12,12	310.3	39.4828054	73.5864256	4673.1
1304	164.2	164.2	165.2	33,49,14,6	310.3	39.4829002	73.5862230	4673.1
1305	238.2	238.2	248.2	1011,423,20,10	310.3	39.4829119	73.5862131	4673.1
1306	71.1	71.1	71.1	834,514,7,15	310.1	39.4829145	73.5861897	4664.6
1307	141.1	138.1	141.1	213,407,7,10	310.1	39.4829017	73.5862207	4673.1
1308	9.0	9.0	11.0	901,113,8,22	309.6	39.4829165	73.5861944	4664.6
1309	189.2	189.2	189.2	1105,417,8,22	308.9	39.4829069	73.5862181	4673.1
1310	137.1	137.1	137.1	929,433,14,8	308.6	39.4829004	73.5862223	4673.0
1311	23.0	23.0	23.0	1308,1011,9,14	308.4	39.4829170	73.5861974	4664.7
1312	221.2	221.2	221.2	1071,641,19,11	308.4	39.4829151	73.5862118	4673.0
1313	94.1	94.1	94.1	1561,519,12,11	308.0	39.4828174	73.5863949	4671.5
1314	229.2	229.2	229.2	1457,757,12,12	307.6	39.4829129	73.5862103	4673.0
1315	52.1	52.1	52.1	983,595,13,13	307.5	39.4829113	73.5861901	4664.6
1316	170.2	170.2	170.2	717,505,12,10	307.5	39.4828995	73.5862213	4673.1
1317	176.2	172.2	176.2	755,713,14,8	307.4	39.4829026	73.5862198	4673.1
1318	28.0	28.0	29.0	781,71,10,13	307.2	39.4829156	73.5861982	4664.6
1319	27.0	27.0	27.0	1367,497,8,16	307.0	39.4829154	73.5861984	4664.6
1320	30.0	29.0	30.0	665,257,8,12	307.0	39.4829153	73.5861976	4664.7
1321	26.0	26.0	26.0	463,81,12,18	306.2	39.4829156	73.5861983	4664.6
1322	170.2	170.2	170.2	919,545,6,16	306.0	39.4828995	73.5862213	4673.1
1323	232.2	232.2	232.2	145,965,16,12	306.0	39.4829122	73.5862102	4673.0
1324	81.1	81.1	81.1	1760,684,7,17	305.9	39.4829171	73.5861888	4664.6
1325	14.0	14.0	14.0	1521,489,10,12	305.5	39.4829165	73.5861930	4664.6
1326	31.0	31.0	31.0	435,1060,12,9	304.7	39.4829153	73.5861970	4664.7
1327	227.2	227.2	231.2	125,881,8,10	304.6	39.4829137	73.5862106	4673.1
1328	193.2	193.2	193.2	551,22,17,12	303.6	39.4829077	73.5862188	4673.1
1329	171.2	171.2	171.2	1867,531,6,20	302.9	39.4828997	73.5862210	4673.1
1330	41.0	41.0	41.0	1557,199,14,16	302.6	39.4829128	73.5861934	4664.6
1331	87.1	87.1	87.1	1421,45,12,10	302.4	39.4829002	73.5862171	4664.6
1332	148.1	148.1	148.1	863,1049,10,18	302.4	39.4829029	73.5862214	4673.1
1333	100.1	97.1	105.1	1485,249,20,8	301.6	39.4828038	73.5864265	4673.0
1334	87.1	87.1	89.1	175,809,13,14	300.7	39.4829002	73.5862171	4664.6
1335	142.1	138.1	142.1	289,1051,12,13	300.5	39.4829015	73.5862208	4673.0
1336	36.0	33.0	36.0	35,1073,14,7	300.4	39.4829139	73.5861949	4664.7
1337	94.1	94.1	94.1	201,307,24,12	300.1	39.4828174	73.5863949	4671.5
1338	199.2	199.2	199.2	33,0,8,9	298.4	39.4829105	73.5862204	4673.1
1339	116.1	116.1	116.1	1879,845,10,8	297.9	39.4829045	73.5862267	4673.0
1340	176.2	176.2	176.2	114,50,8,17	296.9	39.4829026	73.5862198	4673.1
1341	141.1	141.1	142.1	1235,355,16,10	296.8	39.4829017	73.5862207	4673.1
1342	80.1	80.1	80.1	1539,771,22,14	296.3	39.4829173	73.5861890	4664.6
1343	71.1	71.1	71.1	259,1043,10,11	296.0	39.4829145	73.5861897	4664.6
1344	71.1	71.1	71.1	379,987,22,12	295.4	39.4829145	73.5861897	4664.6
1345	223.2	223.2	223.2	1010,415,7,14	295.2	39.4829148	73.5862115	4673.1
1346	112.1	112.1	112.1	743,403,19,8	294.9	39.4829044	73.5862277	4673.0
1347	129.1	129.1	129.1	305,881,7,16	294.7	39.4829000	73.5862254	4673.0
1348	65.1	63.1	65.1	206,231,15,10	294.4	39.4829116	73.5861866	4664.6
1349	167.2	167.2	167.2	1433,369,8,10	294.3	39.4828991	73.5862223	4673.1
1350	219.2	219.2	219.2	1427,961,14,8	294.3	39.4829148	73.5862131	4673.0
1351	170.2	170.2	170.2	1521,615,14,10	294.1	39.4828995	73.5862213	4673.1
1352	116.1	116.1	116.1	951,745,8,12	293.9	39.4829045	73.5862267	4673.0
1353	103.1	103.1	103.1	537,662,8,11	293.4	39.4828054	73.5864256	4673.1
1354	114.1	114.1	114.1	160,265,9,11	292.8	39.4829045	73.5862268	4673.1
1355	240.2	240.2	240.2	381,185,13,8	292.8	39.4829127	73.5862155	4673.1
1356	103.1	103.1	103.1	737,89,11,10	292.6	39.4828054	73.5864256	4673.1
1357	170.2	170.2	170.2	233,845,8,14	292.4	39.4828995	73.5862213	4673.1
1358	236.2	236.2	240.2	1490,543,6,21	292.4	39.4829121	73.5862113	4673.0
1359	13.0	13.0	13.0	65,209,13,8	291.8	39.4829166	73.5861932	4664.6
1360	171.2	171.2	171.2	64,35,10,13	291.8	39.4828997	73.5862210	4673.1
1361	10.0	10.0	10.0	833,0,15,10	291.4	39.4829165	73.5861943	4664.7
1362	250.2	246.2	250.2	1043,788,12,13	291.0	39.4829117	73.5862132	4673.0
1363	73.1	73.1	73.1	1904,367,16,16	290.6	39.4829158	73.5861907	4664.6
1364	214.2	214.2	218.2	977,18,8,16	290.2	39.4829148	73.5862156	4673.0
1365	134.1	132.1	134.1	129,777,16,4	290.1	39.4828996	73.5862241	4673.0
1366	221.2	221.2	221.2	833,439,16,6	289.9	39.4829151	73.5862118	4673.0
1367	48.0	46.0	50.1	247,296,10,9	289.8	39.4829129	73.5861915	4664.6
1368	127.1	127.1	127.1	1778,1067,11,13	289.4	39.4829007	73.5862259	4673.1
1369	171.2	171.2	171.2	1301,643,8,13	289.1	39.4828997	73.5862210	4673.1
1370	9.0	8.0	9.0	312,897,5,16	288.9	39.4829165	73.5861944	4664.6
1371	13.0	13.0	13.0	159,887,18,6	288.6	39.4829166	73.5861932	4664.6
1372	39.0	39.0	39.0	1889,77,8,8	288.0	39.4829137	73.5861939	4664.6
1373	128.1	128.1	128.1	1238,435,8,20	287.7	39.4829003	73.5862257	4673.0
1374	39.0	39.0	39.0	523,1051,11,10	286.9	39.4829137	73.5861939	4664.6
1375	90.1	90.1	90.1	389,57,4,24	286.9	39.4828485	73.5863248	4665.9
1376	146.1	146.1	146.1	1459,857,14,8	286.8	39.4829026	73.5862211	4673.1
1377	69.1	69.1	70.1	712,833,10,14	285.8	39.4829133	73.5861887	4664.6
1378	13.0	13.0	13.0	647,177,9,13	284.3	39.4829166	73.5861932	4664.6
1379	36.0	33.0	36.0	87,509,12,24	283.7	39.4829139	73.5861949	4664.7
1380	127.1	127.1	127.1	1689,889,10,12	283.3	39.4829007	73.5862259	4673.1
1381	143.1	143.1	145.1	1865,494,16,13	282.6	39.4829015	73.5862208	4673.0
1382	148.1	148.1	148.1	1289,0,14,9	282.6	39.4829029	73.5862214	4673.1
1383	229.2	229.2	229.2	954,513,11,16	282.4	39.4829129	73.5862103	4673.0
1384	16.0	16.0	16.0	1490,953,21,8	281.9	39.4829168	73.5861934	4664.7
1385	222.2	222.2	222.2	337,609,8,12	281.6	39.4829150	73.5862116	4673.0
1386	231.2	231.2	231.2	1132,313,11,19	281.4	39.4829122	73.5862099	4673.1
1387	227.2	227.2	227.2	515,803,11,12	281.0	39.4829137	73.5862106	4673.1
1388	154.2	154.2	154.2	450,939,15,12	280.9	39.4829034	73.5862240	4673.1
1389	15.0	15.0	15.0	1137,633,12,8	280.6	39.4829165	73.5861932	4664.6
1390	215.2	215.2	215.2	1685,127,14,18	280.1	39.4829147	73.5862151	4673.0
1391	233.2	233.2	233.2	1745,690,8,15	279.7	39.4829122	73.5862105	4673.0
1392	75.1	75.1	75.1	1177,434,10,11	279.0	39.4829153	73.5861905	4664.6
1393	24.0	24.0	24.0	920,739,11,10	278.7	39.4829164	73.5861979	4664.7
1394	166.2	165.2	166.2	594,131,7,14	278.6	39.4828992	73.5862225	4673.1
1395	106.1	106.1	106.1	1343,1063,10,10	278.4	39.4828089	73.5864196	4673.0
1396	67.1	67.1	67.1	271,827,11,11	278.3	39.4829124	73.5861879	4664.6
1397	44.0	43.0	44.0	737,1039,10,10	277.6	39.4829125	73.5861925	4664.6
1398	31.0	28.0	31.0	1796,1051,13,16	277.4	39.4829153	73.5861970	4664.7
1399	97.1	96.1	100.1	1459,385,18,6	276.4	39.4828024	73.5864275	4673.0
1400	187.2	187.2	187.2	1481,517,10,10	276.3	39.4829070	73.5862180	4673.1
1401	21.0	21.0	21.0	957,873,7,17	275.6	39.4829183	73.5861960	4664.6
1402	184.2	181.2	184.2	33,583,10,10	275.6	39.4829057	73.5862184	4673.1
1403	193.2	193.2	193.2	1281,753,14,24	275.4	39.4829077	73.5862188	4673.1
1404	79.1	79.1	79.1	1715,923,6,22	275.3	39.4829169	73.5861892	4664.6
1405	192.2	192.2	192.2	905,485,18,8	275.3	39.4829075	73.5862186	4673.1
1406	72.1	72.1	72.1	1049,861,22,11	274.3	39.4829155	73.5861904	4664.6
1407	153.2	153.2	153.2	709,515,23,4	273.7	39.4829037	73.5862233	4673.1
1408	170.2	170.2	170.2	521,63,10,12	273.3	39.4828995	73.5862213	4673.1
1409	71.1	71.1	71.1	993,23,12,10	272.9	39.4829145	73.5861897	4664.6
1410	222.2	222.2	222.2	252,843,5,30	272.9	39.4829150	73.5862116	4673.0
1411	34.0	34.0	34.0	59,189,12,10	272.8	39.4829139	73.5861956	4664.6
1412	199.2	199.2	199.2	1061,213,14,11	272.6	39.4829105	73.5862204	4673.1
1413	127.1	127.1	127.1	858,911,17,9	272.3	39.4829007	73.5862259	4673.1
1414	228.2	228.2	228.2	1645,363,12,6	271.5	39.4829131	73.5862104	4673.0
1415	95.1	95.1	95.1	863,105,16,10	271.2	39.4828108	73.5864094	4672.6
1416	70.1	70.1	70.1	385,71,12,8	270.8	39.4829139	73.5861892	4664.6
1417	14.0	14.0	14.0	49,157,22,9	269.6	39.4829165	73.5861930	4664.6
1418	71.1	71.1	71.1	113,907,16,14	269.3	39.4829145	73.5861897	4664.6
1419	44.0	44.0	45.0	1443,928,8,15	268.6	39.4829125	73.5861925	4664.6
1420	37.0	31.0	37.0	81,705,8,16	268.3	39.4829137	73.5861945	4664.7
1421	172.2	172.2	172.2	739,0,12,7	268.3	39.4829003	73.5862207	4673.1
1422	215.2	215.2	215.2	931,627,14,11	268.2	39.4829147	73.5862151	4673.0
1423	30.0	30.0	30.0	1493,952,24,7	268.1	39.4829153	73.5861976	4664.7
1424	205.2	205.2	205.2	181,433,12,8	268.1	39.4829120	73.5862198	4673.1
1425	201.2	200.2	201.2	65,1025,9,12	267.0	39.4829111	73.5862208	4673.1
1426	95.1	95.1	95.1	233,401,8,12	266.7	39.4828108	73.5864094	4672.6
1427	109.1	109.1	109.1	1067,585,12,8	265.9	39.4828746	73.5862872	4673.1
1428	107.1	107.1	107.1	529,265,14,14	265.5	39.4828232	73.5863907	4673.0
1429	32.0	32.0	32.0	1911,101,9,11	265.4	39.4829153	73.5861966	4664.7
1430	220.2	220.2	220.2	594,67,16,12	265.2	39.4829150	73.5862125	4673.0
1431	52.1	52.1	52.1	0,433,12,7	264.6	39.4829113	73.5861901	4664.6
1432	221.2	221.2	221.2	729,362,11,15	264.5	39.4829151	73.5862118	4673.0
1433	236.2	235.2	237.2	1419,531,4,20	264.3	39.4829121	73.5862113	4673.0
1434	104.1	99.1	108.1	1398,593,9,8	264.1	39.4828056	73.5864257	4673.0
1435	137.1	137.1	137.1	1712,13,17,10	263.6	39.4829004	73.5862223	4673.0
1436	32.0	32.0	32.0	161,224,4,17	263.1	39.4829153	73.5861966	4664.7
1437	140.1	140.1	141.1	1269,673,10,8	263.0	39.4829017	73.5862207	4673.1
1438	162.2	158.2	162.2	215,371,10,12	262.2	39.4829015	73.5862245	4673.0
1439	105.1	105.1	105.1	353,561,7,12	262.0	39.4828056	73.5864258	4673.1
1440	173.2	173.2	173.2	0,625,17,8	262.0	39.4829011	73.5862204	4673.1
1441	138.1	138.1	138.1	171,899,9,12	261.6	39.4829010	73.5862217	4673.1
1442	156.2	156.2	157.2	995,610,14,10	261.6	39.4829027	73.5862251	4673.1
1443	70.1	70.1	71.1	929,1009,14,6	261.0	39.4829139	73.5861892	4664.6
1444	233.2	233.2	233.2	1873,1057,4,18	260.2	39.4829122	73.5862105	4673.0
1445	223.2	223.2	223.2	860,601,12,11	259.9	39.4829148	73.5862115	4673.1
1446	218.2	216.2	218.2	1379,916,12,10	259.7	39.4829147	73.5862137	4673.0
1447	193.2	193.2	195.2	1604,559,14,18	259.1	39.4829077	73.5862188	4673.1
1448	46.0	42.0	46.0	215,343,8,12	258.5	39.4829128	73.5861921	4664.6
1449	193.2	193.2	193.2	77,307,9,13	258.4	39.4829077	73.5862188	4673.1
1450	166.2	166.2	166.2	1347,11,14,7	258.2	39.4828992	73.5862225	4673.1
1451	40.0	40.0	40.0	1827,146,14,7	257.8	39.4829134	73.5861936	4664.6
1452	39.0	39.0	47.0	161,227,6,13	257.6	39.4829137	73.5861939	4664.6
1453	20.0	20.0	20.0	1700,647,13,10	255.8	39.4829185	73.5861949	4664.6
1454	50.1	50.1	50.1	993,180,11,14	255.2	39.4829123	73.5861910	4664.6
1455	141.1	139.1	141.1	773,1033,8,8	255.2	39.4829017	73.5862207	4673.1
1456	155.2	155.2	157.2	563,937,15,8	255.2	39.4829031	73.5862246	4673.0
1457	203.2	203.2	203.2	279,85,10,12	254.6	39.4829114	73.5862205	4673.1
1458	154.2	147.1	154.2	1205,673,12,8	254.4	39.4829034	73.5862240	4673.1
1459	235.2	235.2	235.2	1219,425,12,6	254.4	39.4829123	73.5862109	4673.0
1460	100.1	97.1	100.1	913,947,14,10	254.1	39.4828038	73.5864265	4673.0
1461	202.2	202.2	202.2	1283,563,14,12	254.0	39.4829112	73.5862207	4673.1
1462	234.2	234.2	234.2	33,412,13,9	254.0	39.4829123	73.5862107	4673.0
1463	196.2	196.2	196.2	1233,199,8,10	253.6	39.4829081	73.5862198	4673.1
1464	233.2	233.2	233.2	295,867,8,14	252.7	39.4829122	73.5862105	4673.0
1465	23.0	23.0	23.0	1265,369,14,12	252.5	39.4829170	73.5861974	4664.7
1466	177.2	177.2	177.2	540,375,13,13	252.2	39.4829030	73.5862198	4673.1
1467	224.2	224.2	224.2	1045,258,12,14	252.0	39.4829142	73.5862113	4673.1
1468	170.2	170.2	170.2	1521,484,14,11	251.7	39.4828995	73.5862213	4673.1
1469	218.2	218.2	220.2	371,865,4,14	251.4	39.4829147	73.5862137	4673.0
1470	51.1	51.1	51.1	283,515,12,12	251.2	39.4829117	73.5861907	4664.6
1471	62.1	62.1	62.1	375,9,20,6	251.1	39.4829109	73.5861861	4664.6
1472	28.0	28.0	28.0	897,113,10,14	250.9	39.4829156	73.5861982	4664.6
1473	48.0	48.0	48.0	195,1044,9,11	250.5	39.4829129	73.5861915	4664.6
1474	31.0	28.0	31.0	1752,635,22,6	250.4	39.4829153	73.5861970	4664.7
1475	137.1	137.1	137.1	1006,451,15,11	250.3	39.4829004	73.5862223	4673.0
1476	167.2	167.2	167.2	924,503,13,10	249.4	39.4828991	73.5862223	4673.1
1477	104.1	104.1	104.1	1652,483,19,8	249.1	39.4828056	73.5864257	4673.0
1478	133.1	133.1	133.1	386,1067,15,8	249.1	39.4828998	73.5862243	4673.0
1479	13.0	13.0	13.0	1411,267,12,6	247.5	39.4829166	73.5861932	4664.6
1480	19.0	19.0	23.0	1672,145,10,8	247.5	39.4829180	73.5861941	4664.6
1481	20.0	20.0	20.0	1064,126,9,11	247.3	39.4829185	73.5861949	4664.6
1482	88.1	88.1	88.1	627,95,22,12	247.0	39.4828844	73.5862494	4664.6
1483	226.2	226.2	226.2	707,147,12,7	246.8	39.4829140	73.5862109	4673.0
1484	20.0	20.0	20.0	1241,703,8,10	246.4	39.4829185	73.5861949	4664.6
1485	198.2	198.2	198.2	1131,16,15,9	246.4	39.4829095	73.5862201	4673.1
1486	100.1	100.1	100.1	505,97,16,5	245.3	39.4828038	73.5864265	4673.0
1487	221.2	221.2	221.2	593,597,16,10	245.0	39.4829151	73.5862118	4673.0
1488	35.0	35.0	35.0	592,1011,6,20	244.9	39.4829140	73.5861953	4664.6
1489	14.0	14.0	14.0	1401,281,14,12	244.8	39.4829165	73.5861930	4664.6
1490	55.1	55.1	55.1	218,558,14,12	244.2	39.4829114	73.5861881	4664.6
1491	34.0	34.0	34.0	1435,707,6,14	244.0	39.4829139	73.5861956	4664.6
1492	28.0	28.0	28.0	1286,197,11,12	243.8	39.4829156	73.5861982	4664.6
1493	115.1	115.1	115.1	223,487,8,12	243.7	39.4829046	73.5862268	4673.0
1494	126.1	126.1	126.1	937,733,12,12	243.6	39.4829014	73.5862261	4673.1
1495	68.1	68.1	69.1	241,563,6,12	243.2	39.4829127	73.5861882	4664.6
1496	153.2	150.2	153.2	1001,657,8,16	242.4	39.4829037	73.5862233	4673.1
1497	26.0	26.0	26.0	1015,343,10,10	241.2	39.4829156	73.5861983	4664.6
1498	88.1	88.1	88.1	1367,853,11,11	241.2	39.4828844	73.5862494	4664.6
1499	137.1	137.1	137.1	675,55,6,10	241.2	39.4829004	73.5862223	4673.0
1500	244.2	239.2	244.2	1652,816,23,9	240.7	39.4829127	73.5862158	4673.0
1501	128.1	128.1	128.1	927,685,13,13	240.4	39.4829003	73.5862257	4673.0
1502	166.2	166.2	166.2	737,1036,13,14	240.2	39.4828992	73.5862225	4673.1
1503	182.2	182.2	182.2	1555,0,12,7	240.0	39.4829044	73.5862186	4673.1
1504	90.1	90.1	93.1	1159,765,13,8	239.0	39.4828485	73.5863248	4665.9
1505	209.2	209.2	210.2	352,909,15,12	238.9	39.4829135	73.5862182	4673.0
1506	52.1	52.1	52.1	936,446,6,14	238.8	39.4829113	73.5861901	4664.6
1507	195.2	195.2	195.2	1585,338,8,17	238.8	39.4829076	73.5862194	4673.1
1508	52.1	52.1	52.1	163,449,13,12	238.7	39.4829113	73.5861901	4664.6
1509	94.1	94.1	94.1	588,425,9,13	238.7	39.4828174	73.5863949	4671.5
1510	41.0	40.0	41.0	451,793,12,8	238.6	39.4829128	73.5861934	4664.6
1511	91.1	91.1	91.1	164,803,6,14	238.2	39.4828326	73.5863593	4667.2
1512	155.2	155.2	155.2	571,1073,12,7	237.7	39.4829031	73.5862246	4673.0
1513	183.2	181.2	183.2	1313,155,14,5	237.6	39.4829050	73.5862185	4673.1
1514	187.2	187.2	187.2	289,177,13,8	237.3	39.4829070	73.5862180	4673.1
1515	151.2	151.2	151.2	587,933,11,16	236.8	39.4829037	73.5862223	4673.1
1516	170.2	170.2	170.2	859,368,8,17	236.8	39.4828995	73.5862213	4673.1
1517	230.2	230.2	230.2	1313,987,14,8	236.7	39.4829123	73.5862101	4673.0
1518	52.1	52.1	52.1	1433,0,18,9	236.5	39.4829113	73.5861901	4664.6
1519	13.0	13.0	13.0	1151,634,12,7	235.5	39.4829166	73.5861932	4664.6
1520	130.1	128.1	130.1	646,1066,6,14	235.3	39.4829003	73.5862251	4673.0
1521	159.2	159.2	159.2	1715,1075,12,5	234.9	39.4829021	73.5862258	4673.1
1522	186.2	186.2	186.2	241,838,8,11	234.9	39.4829066	73.5862179	4673.0
1523	219.2	219.2	219.2	1538,489,7,13	234.9	39.4829148	73.5862131	4673.0
1524	21.0	21.0	21.0	377,466,10,15	234.5	39.4829183	73.5861960	4664.6
1525	82.1	82.1	82.1	785,1011,12,12	234.3	39.4829171	73.5861882	4664.6
1526	165.2	165.2	165.2	1737,642,12,7	234.0	39.4828997	73.5862226	4673.1
1527	155.2	155.2	157.2	1890,739,6,14	233.6	39.4829031	73.5862246	4673.0
1528	129.1	129.1	129.1	657,959,8,8	233.1	39.4829000	73.5862254	4673.0
1529	166.2	166.2	166.2	1473,155,15,6	233.1	39.4828992	73.5862225	4673.1
1530	162.2	162.2	162.2	913,187,14,6	232.8	39.4829015	73.5862245	4673.0
1531	166.2	166.2	166.2	1099,35,19,11	232.8	39.4828992	73.5862225	4673.1
1532	184.2	182.2	185.2	839,943,12,6	232.4	39.4829057	73.5862184	4673.1
1533	30.0	30.0	32.0	1671,208,10,9	231.8	39.4829153	73.5861976	4664.7
1534	207.2	207.2	207.2	465,113,8,8	231.8	39.4829127	73.5862191	4673.1
1535	177.2	177.2	177.2	675,243,11,11	231.4	39.4829030	73.5862198	4673.1
1536	228.2	228.2	228.2	1579,309,6,12	231.4	39.4829131	73.5862104	4673.0
1537	129.1	129.1	129.1	751,1006,8,14	230.8	39.4829000	73.5862254	4673.0
1538	226.2	226.2	226.2	1884,992,15,15	230.8	39.4829140	73.5862109	4673.0
1539	178.2	178.2	178.2	1802,81,9,14	230.4	39.4829029	73.5862196	4673.1
1540	201.2	201.2	201.2	1878,759,10,10	230.0	39.4829111	73.5862208	4673.1
1541	126.1	126.1	126.1	1537,801,8,8	229.8	39.4829014	73.5862261	4673.1
1542	181.2	181.2	181.2	327,550,10,9	229.8	39.4829039	73.5862189	4673.0
1543	66.1	64.1	66.1	355,827,13,6	229.3	39.4829121	73.5861872	4664.6
1544	175.2	175.2	175.2	1314,155,13,6	229.3	39.4829022	73.5862199	4673.1
1545	138.1	138.1	138.1	289,652,16,5	229.1	39.4829010	73.5862217	4673.1
1546	55.1	55.1	55.1	216,854,11,14	228.7	39.4829114	73.5861881	4664.6
1547	160.2	160.2	167.2	91,163,4,14	228.0	39.4829020	73.5862256	4673.1
1548	17.0	17.0	17.0	1097,529,8,8	227.9	39.4829168	73.5861936	4664.7
1549	56.1	56.1	57.1	1025,601,21,8	227.8	39.4829109	73.5861876	4664.6
1550	131.1	131.1	131.1	1180,1069,18,11	227.7	39.4829004	73.5862246	4673.0
1551	64.1	64.1	64.1	1431,1003,10,10	227.6	39.4829112	73.5861861	4664.6
1552	152.2	151.2	152.2	1020,524,11,10	227.4	39.4829039	73.5862227	4673.1
1553	194.2	194.2	194.2	146,497,9,8	227.3	39.4829077	73.5862190	4673.1
1554	160.2	160.2	160.2	483,225,4,14	227.2	39.4829020	73.5862256	4673.1
1555	101.1	101.1	101.1	233,641,8,8	227.0	39.4828044	73.5864261	4673.0
1556	223.2	223.2	223.2	1225,721,8,12	226.9	39.4829148	73.5862115	4673.1
1557	16.0	16.0	16.0	1127,857,10,8	226.8	39.4829168	73.5861934	4664.7
1558	150.2	150.2	150.2	881,837,14,12	226.8	39.4829034	73.5862221	4673.1
1559	41.0	41.0	41.0	947,411,14,6	226.6	39.4829128	73.5861934	4664.6
1560	224.2	224.2	224.2	429,577,6,16	226.6	39.4829142	73.5862113	4673.1
1561	51.1	51.1	51.1	369,483,8,10	226.2	39.4829117	73.5861907	4664.6
1562	197.2	197.2	197.2	26,961,5,16	225.7	39.4829086	73.5862200	4673.1
1563	56.1	56.1	56.1	1658,969,7,16	225.6	39.4829109	73.5861876	4664.6
1564	126.1	126.1	126.1	1781,45,12,8	225.5	39.4829014	73.5862261	4673.1
1565	187.2	187.2	187.2	932,435,11,8	225.5	39.4829070	73.5862180	4673.1
1566	226.2	226.2	226.2	1371,674,6,13	225.5	39.4829140	73.5862109	4673.0
1567	197.2	197.2	197.2	1221,281,11,10	224.7	39.4829086	73.5862200	4673.1
1568	19.0	18.0	19.0	800,517,15,6	223.2	39.4829180	73.5861941	4664.6
1569	157.2	157.2	157.2	108,335,14,7	223.2	39.4829028	73.5862256	4673.1
1570	222.2	222.2	222.2	1629,85,14,11	223.2	39.4829150	73.5862116	4673.0
1571	230.2	230.2	230.2	877,633,10,13	223.0	39.4829123	73.5862101	4673.0
1572	135.1	135.1	135.1	195,433,4,16	222.3	39.4828996	73.5862237	4673.1
1573	101.1	101.1	101.1	1527,883,12,12	221.4	39.4828044	73.5864261	4673.0
1574	106.1	106.1	110.1	1465,753,12,8	221.3	39.4828089	73.5864196	4673.0
1575	37.0	37.0	37.0	138,14,10,9	221.2	39.4829137	73.5861945	4664.7
1576	179.2	179.2	179.2	1667,1075,12,5	220.8	39.4829032	73.5862194	4673.1
1577	23.0	23.0	23.0	1489,1001,8,8	220.6	39.4829170	73.5861974	4664.7
1578	194.2	194.2	194.2	1463,0,12,9	220.6	39.4829077	73.5862190	4673.1
1579	136.1	136.1	136.1	643,660,8,11	220.5	39.4828998	73.5862232	4673.0
1580	170.2	169.2	170.2	869,519,6,10	220.5	39.4828995	73.5862213	4673.1
1581	158.2	157.2	158.2	525,241,4,16	220.3	39.4829025	73.5862257	4673.1
1582	218.2	218.2	218.2	1737,945,17,6	220.3	39.4829147	73.5862137	4673.0
1583	182.2	178.2	182.2	763,195,6,20	220.2	39.4829044	73.5862186	4673.1
1584	50.1	50.1	50.1	116,979,7,13	220.0	39.4829123	73.5861910	4664.6
1585	145.1	145.1	145.1	1393,647,10,10	219.6	39.4829023	73.5862211	4673.1
1586	230.2	230.2	230.2	1603,969,8,8	219.5	39.4829123	73.5862101	4673.0
1587	180.2	180.2	180.2	74,959,8,14	219.0	39.4829035	73.5862192	4673.1
1588	89.1	89.1	89.1	681,681,18,16	218.8	39.4828664	73.5862872	4664.8
1589	214.2	214.2	214.2	1670,23,11,9	218.1	39.4829148	73.5862156	4673.0
1590	155.2	155.2	155.2	808,811,11,7	217.9	39.4829031	73.5862246	4673.0
1591	24.0	24.0	24.0	915,252,11,6	217.7	39.4829164	73.5861979	4664.7
1592	166.2	166.2	166.2	1525,683,12,6	217.6	39.4828992	73.5862225	4673.1
1593	159.2	159.2	159.2	1748,0,22,4	217.5	39.4829021	73.5862258	4673.1
1594	130.1	130.1	130.1	257,1059,10,6	217.4	39.4829003	73.5862251	4673.0
1595	210.2	210.2	210.2	1843,323,6,12	217.2	39.4829140	73.5862177	4673.1
1596	171.2	171.2	171.2	1416,829,4,20	217.1	39.4828997	73.5862210	4673.1
1597	51.1	51.1	51.1	1703,1009,10,8	216.8	39.4829117	73.5861907	4664.6
1598	81.1	81.1	81.1	1459,339,8,12	216.6	39.4829171	73.5861888	4664.6
1599	213.2	213.2	215.2	757,49,8,8	216.6	39.4829149	73.5862160	4673.0
1600	67.1	67.1	67.1	1321,400,8,7	216.1	39.4829124	73.5861879	4664.6
1601	17.0	17.0	19.0	1441,829,16,7	215.9	39.4829168	73.5861936	4664.7
1602	111.1	111.1	111.1	889,504,7,9	215.8	39.4829030	73.5862303	4673.0
1603	45.0	45.0	45.0	539,1031,11,10	215.7	39.4829127	73.5861923	4664.6
1604	67.1	67.1	67.1	850,611,7,12	215.7	39.4829124	73.5861879	4664.6
1605	215.2	215.2	215.2	1379,401,6,14	215.6	39.4829147	73.5862151	4673.0
1606	55.1	55.1	58.1	261,625,11,8	214.6	39.4829114	73.5861881	4664.6
1607	11.0	11.0	11.0	353,52,8,7	214.3	39.4829166	73.5861941	4664.7
1608	94.1	94.1	94.1	1827,1009,5,16	214.1	39.4828174	73.5863949	4671.5
1609	110.1	110.1	110.1	465,982,16,11	214.1	39.4828976	73.5862408	4673.1
1610	229.2	229.2	229.2	391,330,16,15	213.9	39.4829129	73.5862103	4673.0
1611	24.0	24.0	24.0	1301,489,8,8	213.6	39.4829164	73.5861979	4664.7
1612	68.1	68.1	68.1	1081,337,16,7	212.9	39.4829127	73.5861882	4664.6
1613	96.1	96.1	96.1	1505,485,16,4	212.8	39.4828036	73.5864247	4673.0
1614	202.2	202.2	202.2	1795,852,14,9	212.6	39.4829112	73.5862207	4673.1
1615	60.1	60.1	60.1	601,80,10,9	212.4	39.4829107	73.5861865	4664.6
1616	20.0	18.0	20.0	1837,265,12,8	212.3	39.4829185	73.5861949	4664.6
1617	208.2	208.2	208.2	375,55,6,10	211.5	39.4829129	73.5862186	4673.0
1618	207.2	207.2	207.2	544,759,11,10	211.1	39.4829127	73.5862191	4673.1
1619	217.2	217.2	217.2	51,403,4,12	211.1	39.4829146	73.5862144	4673.1
1620	30.0	30.0	30.0	1377,767,11,6	210.2	39.4829153	73.5861976	4664.7
1621	141.1	141.1	141.1	187,851,6,14	209.7	39.4829017	73.5862207	4673.1
1622	31.0	31.0	31.0	5,601,8,8	209.6	39.4829153	73.5861970	4664.7
1623	110.1	110.1	112.1	1157,657,12,10	209.3	39.4828976	73.5862408	4673.1
1624	31.0	31.0	31.0	117,341,12,7	209.1	39.4829153	73.5861970	4664.7
1625	33.0	33.0	33.0	1761,806,8,7	208.8	39.4829145	73.5861960	4664.6
1626	55.1	55.1	55.1	833,613,12,12	208.5	39.4829114	73.5861881	4664.6
1627	165.2	165.2	165.2	547,11,12,6	208.5	39.4828997	73.5862226	4673.1
1628	234.2	234.2	234.2	609,0,6,12	208.2	39.4829123	73.5862107	4673.0
1629	226.2	226.2	226.2	835,59,14,5	208.1	39.4829140	73.5862109	4673.0
1630	28.0	28.0	32.0	457,93,15,7	208.0	39.4829156	73.5861982	4664.6
1631	154.2	154.2	154.2	805,833,12,6	208.0	39.4829034	73.5862240	4673.1
1632	222.2	222.2	223.2	1188,714,9,11	208.0	39.4829150	73.5862116	4673.0
1633	57.1	57.1	57.1	645,581,15,12	207.8	39.4829106	73.5861874	4664.6
1634	97.1	97.1	97.1	870,392,11,17	207.8	39.4828024	73.5864275	4673.0
1635	158.2	158.2	159.2	55,919,6,16	207.6	39.4829025	73.5862257	4673.1
1636	25.0	25.0	25.0	547,1025,10,6	207.3	39.4829160	73.5861982	4664.7
1637	135.1	135.1	135.1	1904,598,12,6	207.3	39.4828996	73.5862237	4673.1
1638	182.2	182.2	182.2	1281,807,11,9	207.1	39.4829044	73.5862186	4673.1
1639	226.2	226.2	226.2	275,265,12,6	206.4	39.4829140	73.5862109	4673.0
1640	54.1	54.1	57.1	665,491,10,7	206.3	39.4829115	73.5861889	4664.6
1641	44.0	44.0	44.0	275,212,4,13	205.9	39.4829125	73.5861925	4664.6
1642	52.1	52.1	52.1	1651,611,12,4	205.9	39.4829113	73.5861901	4664.6
1643	127.1	127.1	127.1	1858,930,12,6	205.7	39.4829007	73.5862259	4673.1
1644	228.2	228.2	228.2	1658,153,9,10	205.3	39.4829131	73.5862104	4673.0
1645	51.1	51.1	51.1	163,162,12,5	204.9	39.4829117	73.5861907	4664.6
1646	211.2	211.2	211.2	83,321,11,12	204.6	39.4829140	73.5862172	4673.1
1647	166.2	166.2	169.2	638,265,9,7	204.2	39.4828992	73.5862225	4673.1
1648	150.2	150.2	150.2	953,919,9,10	203.8	39.4829034	73.5862221	4673.1
1649	219.2	219.2	219.2	38,852,8,12	202.9	39.4829148	73.5862131	4673.0
1650	146.1	146.1	146.1	555,579,4,22	202.8	39.4829026	73.5862211	4673.1
1651	186.2	186.2	186.2	643,43,12,4	202.5	39.4829066	73.5862179	4673.0
1652	164.2	164.2	164.2	210,0,7,10	202.4	39.4829002	73.5862230	4673.1
1653	212.2	212.2	212.2	1757,111,10,12	202.2	39.4829145	73.5862166	4673.1
1654	32.0	32.0	32.0	1657,357,8,10	201.8	39.4829153	73.5861966	4664.7
1655	174.2	174.2	174.2	51,1009,8,8	201.8	39.4829017	73.5862201	4673.1
1656	170.2	170.2	170.2	1699,17,14,4	201.6	39.4828995	73.5862213	4673.1
1657	14.0	14.0	14.0	1323,40,9,7	201.5	39.4829165	73.5861930	4664.6
1658	185.2	185.2	185.2	1283,91,12,6	201.5	39.4829062	73.5862182	4673.0
1659	55.1	55.1	55.1	413,563,11,10	201.1	39.4829114	73.5861881	4664.6
1660	210.2	210.2	210.2	1835,95,14,8	200.8	39.4829140	73.5862177	4673.1
1661	108.1	108.1	108.1	1857,764,16,7	200.6	39.4828465	73.5863437	4673.1
1662	32.0	32.0	32.0	874,698,11,8	200.2	39.4829153	73.5861966	4664.7
1663	37.0	37.0	37.0	679,1068,9,12	200.0	39.4829137	73.5861945	4664.7
1664	136.1	136.1	136.1	21,763,20,4	199.8	39.4828998	73.5862232	4673.0
1665	24.0	24.0	24.0	25,35,8,8	199.3	39.4829164	73.5861979	4664.7
1666	55.1	55.1	55.1	521,52,12,12	199.3	39.4829114	73.5861881	4664.6
1667	198.2	198.2	198.2	1309,24,6,19	199.1	39.4829095	73.5862201	4673.1
1668	142.1	142.1	142.1	1331,1047,12,8	199.0	39.4829015	73.5862208	4673.0
1669	9.0	9.0	11.0	631,209,7,14	198.5	39.4829165	73.5861944	4664.6
1670	248.2	248.2	250.2	1651,755,11,8	198.5	39.4829117	73.5862142	4673.0
1671	225.2	225.2	225.2	1783,472,8,13	198.1	39.4829139	73.5862111	4673.0
1672	170.2	170.2	170.2	941,489,5,14	198.0	39.4828995	73.5862213	4673.1
1673	24.0	24.0	24.0	1407,1073,8,7	197.8	39.4829164	73.5861979	4664.7
1674	66.1	66.1	66.1	193,267,10,16	197.4	39.4829121	73.5861872	4664.6
1675	66.1	66.1	66.1	705,236,6,11	197.3	39.4829121	73.5861872	4664.6
1676	180.2	180.2	180.2	1748,374,13,11	197.2	39.4829035	73.5862192	4673.1
1677	155.2	155.2	155.2	80,1011,14,6	197.1	39.4829031	73.5862246	4673.0
1678	33.0	32.0	33.0	415,561,8,10	196.7	39.4829145	73.5861960	4664.6
1679	168.2	168.2	170.2	801,505,16,10	196.7	39.4828991	73.5862220	4673.1
1680	170.2	170.2	170.2	153,459,8,13	196.5	39.4828995	73.5862213	4673.1
1681	106.1	106.1	106.1	63,345,10,12	196.3	39.4828089	73.5864196	4673.0
1682	217.2	216.2	217.2	859,83,4,14	196.3	39.4829146	73.5862144	4673.1
1683	131.1	131.1	135.1	651,995,4,12	196.2	39.4829004	73.5862246	4673.0
1684	179.2	179.2	179.2	1330,440,9,9	195.9	39.4829032	73.5862194	4673.1
1685	192.2	192.2	192.2	129,633,12,8	195.3	39.4829075	73.5862186	4673.1
1686	36.0	36.0	36.0	1803,283,12,6	195.2	39.4829139	73.5861949	4664.7
1687	65.1	65.1	65.1	876,843,5,15	195.2	39.4829116	73.5861866	4664.6
1688	33.0	33.0	33.0	321,144,12,13	195.1	39.4829145	73.5861960	4664.6
1689	195.2	195.2	195.2	1713,247,8,10	195.1	39.4829076	73.5862194	4673.1
1690	51.1	51.1	51.1	1601,319,10,8	195.0	39.4829117	73.5861907	4664.6
1691	101.1	101.1	101.1	81,21,16,9	194.9	39.4828044	73.5864261	4673.0
1692	130.1	130.1	130.1	481,995,6,12	194.7	39.4829003	73.5862251	4673.0
1693	50.1	50.1	50.1	1059,193,12,14	194.5	39.4829123	73.5861910	4664.6
1694	175.2	175.2	175.2	453,617,12,6	194.3	39.4829022	73.5862199	4673.1
1695	199.2	199.2	199.2	1100,283,7,12	194.2	39.4829105	73.5862204	4673.1
1696	59.1	56.1	59.1	666,886,11,7	194.1	39.4829107	73.5861867	4664.6
1697	201.2	201.2	201.2	921,323,8,12	194.0	39.4829111	73.5862208	4673.1
1698	25.0	25.0	28.0	1526,443,9,6	193.8	39.4829160	73.5861982	4664.7
1699	156.2	156.2	157.2	1321,943,6,10	193.6	39.4829027	73.5862251	4673.1
1700	137.1	137.1	137.1	1116,529,5,16	193.3	39.4829004	73.5862223	4673.0
1701	169.2	169.2	169.2	1015,173,10,12	193.2	39.4828992	73.5862216	4673.1
1702	24.0	24.0	24.0	1803,497,7,9	192.8	39.4829164	73.5861979	4664.7
1703	187.2	187.2	187.2	1027,595,7,10	192.8	39.4829070	73.5862180	4673.1
1704	230.2	230.2	230.2	1199,313,8,8	192.8	39.4829123	73.5862101	4673.0
1705	138.1	138.1	138.1	0,691,7,11	192.5	39.4829010	73.5862217	4673.1
1706	210.2	210.2	210.2	53,113,6,10	192.1	39.4829140	73.5862177	4673.1
1707	243.2	243.2	245.2	1275,675,14,11	192.0	39.4829130	73.5862162	4673.0
1708	73.1	73.1	73.1	1460,689,5,12	191.5	39.4829158	73.5861907	4664.6
1709	217.2	213.2	219.2	484,467,10,7	191.3	39.4829146	73.5862144	4673.1
1710	86.1	86.1	86.1	381,565,17,8	191.1	39.4829115	73.5861950	4664.6
1711	186.2	186.2	186.2	563,947,12,12	191.0	39.4829066	73.5862179	4673.0
1712	219.2	219.2	219.2	1571,899,4,12	191.0	39.4829148	73.5862131	4673.0
1713	69.1	69.1	69.1	93,870,8,9	189.5	39.4829133	73.5861887	4664.6
1714	32.0	32.0	32.0	871,1031,10,6	189.4	39.4829153	73.5861966	4664.7
1715	63.1	61.1	63.1	1827,443,14,6	189.2	39.4829111	73.5861860	4664.6
1716	139.1	139.1	141.1	513,914,8,17	189.2	39.4829015	73.5862211	4673.1
1717	145.1	145.1	145.1	331,455,12,9	189.2	39.4829023	73.5862211	4673.1
1718	48.0	48.0	48.0	1127,755,8,12	189.1	39.4829129	73.5861915	4664.6
1719	237.2	237.2	240.2	929,243,14,4	189.0	39.4829119	73.5862122	4673.0
1720	153.2	153.2	153.2	465,243,6,12	188.9	39.4829037	73.5862233	4673.1
1721	101.1	101.1	101.1	594,887,13,8	188.5	39.4828044	73.5864261	4673.0
1722	21.0	21.0	21.0	1278,779,19,6	187.7	39.4829183	73.5861960	4664.6
1723	98.1	98.1	98.1	1773,0,13,6	187.5	39.4828027	73.5864274	4673.1
1724	190.2	190.2	190.2	557,677,10,10	187.4	39.4829071	73.5862181	4673.1
1725	162.2	162.2	162.2	1891,155,12,4	187.3	39.4829015	73.5862245	4673.0
1726	168.2	168.2	168.2	249,261,10,6	187.3	39.4828991	73.5862220	4673.1
1727	31.0	31.0	31.0	1905,328,8,9	186.8	39.4829153	73.5861970	4664.7
1728	59.1	59.1	59.1	1041,500,13,5	186.8	39.4829107	73.5861867	4664.6
1729	195.2	191.2	195.2	1716,489,5,16	186.8	39.4829076	73.5862194	4673.1
1730	241.2	241.2	241.2	0,1028,17,5	186.6	39.4829131	73.5862163	4673.0
1731	189.2	189.2	189.2	1033,243,6,12	186.4	39.4829069	73.5862181	4673.1
1732	67.1	67.1	67.1	1843,677,10,10	185.9	39.4829124	73.5861879	4664.6
1733	139.1	139.1	139.1	1201,55,6,10	185.6	39.4829015	73.5862211	4673.1
1734	220.2	220.2	220.2	451,595,16,4	185.4	39.4829150	73.5862125	4673.0
1735	162.2	162.2	163.2	321,131,6,14	185.3	39.4829015	73.5862245	4673.0
1736	234.2	234.2	234.2	960,27,10,9	185.3	39.4829123	73.5862107	4673.0
1737	164.2	164.2	164.2	435,977,5,13	184.7	39.4829002	73.5862230	4673.1
1738	179.2	179.2	179.2	1569,315,14,6	184.7	39.4829032	73.5862194	4673.1
1739	230.2	230.2	230.2	1611,883,10,14	184.5	39.4829123	73.5862101	4673.0
1740	173.2	173.2	173.2	1251,520,12,7	184.1	39.4829011	73.5862204	4673.1
1741	14.0	14.0	14.0	1497,950,16,8	184.0	39.4829165	73.5861930	4664.6
1742	164.2	164.2	164.2	1345,250,10,7	183.9	39.4829002	73.5862230	4673.1
1743	47.0	47.0	47.0	99,1007,14,8	183.7	39.4829129	73.5861919	4664.6
1744	30.0	30.0	30.0	992,274,6,15	183.6	39.4829153	73.5861976	4664.7
1745	229.2	229.2	229.2	865,377,11,8	183.6	39.4829129	73.5862103	4673.0
1746	87.1	87.1	87.1	1614,1011,11,8	183.4	39.4829002	73.5862171	4664.6
1747	198.2	198.2	198.2	987,461,10,12	183.4	39.4829095	73.5862201	4673.1
1748	12.0	12.0	12.0	1072,145,6,11	182.9	39.4829167	73.5861936	4664.7
1749	61.1	61.1	61.1	57,945,16,8	182.9	39.4829108	73.5861863	4664.6
1750	73.1	73.1	79.1	997,637,11,12	182.7	39.4829158	73.5861907	4664.6
1751	200.2	200.2	201.2	997,312,10,7	182.7	39.4829111	73.5862207	4673.1
1752	227.2	227.2	227.2	1211,101,6,11	182.5	39.4829137	73.5862106	4673.1
1753	24.0	24.0	24.0	684,59,5,16	182.3	39.4829164	73.5861979	4664.7
1754	67.1	67.1	67.1	1637,875,6,13	182.2	39.4829124	73.5861879	4664.6
1755	213.2	213.2	213.2	143,525,6,16	182.2	39.4829149	73.5862160	4673.0
1756	86.1	86.1	86.1	649,592,13,9	182.1	39.4829115	73.5861950	4664.6
1757	141.1	141.1	141.1	435,905,9,6	182.0	39.4829017	73.5862207	4673.1
1758	171.2	171.2	174.2	1889,175,12,5	181.9	39.4828997	73.5862210	4673.1
1759	225.2	225.2	225.2	763,0,6,7	181.8	39.4829139	73.5862111	4673.0
1760	51.1	51.1	51.1	593,369,5,13	181.4	39.4829117	73.5861907	4664.6
1761	162.2	162.2	162.2	1592,970,13,7	181.0	39.4829015	73.5862245	4673.0
1762	224.2	224.2	224.2	1095,439,6,13	180.9	39.4829142	73.5862113	4673.1
1763	12.0	12.0	12.0	1409,995,8,6	180.5	39.4829167	73.5861936	4664.7
1764	108.1	107.1	108.1	761,579,8,12	180.5	39.4828465	73.5863437	4673.1
1765	115.1	114.1	115.1	1201,154,7,9	180.3	39.4829046	73.5862268	4673.0
1766	144.1	144.1	144.1	1298,609,13,9	180.2	39.4829016	73.5862210	4673.1
1767	170.2	170.2	170.2	130,1025,7,8	180.1	39.4828995	73.5862213	4673.1
1768	152.2	152.2	154.2	621,291,9,6	180.0	39.4829039	73.5862227	4673.1
1769	81.1	77.1	82.1	1241,794,5,15	179.5	39.4829171	73.5861888	4664.6
1770	182.2	182.2	182.2	563,349,10,11	179.3	39.4829044	73.5862186	4673.1
1771	68.1	67.1	70.1	1401,529,8,8	179.0	39.4829127	73.5861882	4664.6
1772	205.2	205.2	206.2	1251,691,4,14	179.0	39.4829120	73.5862198	4673.1
1773	188.2	188.2	188.2	1461,195,9,8	178.4	39.4829069	73.5862180	4673.1
1774	223.2	223.2	223.2	693,317,15,10	177.8	39.4829148	73.5862115	4673.1
1775	61.1	61.1	61.1	1657,763,10,14	177.5	39.4829108	73.5861863	4664.6
1776	111.1	111.1	111.1	619,251,6,14	177.3	39.4829030	73.5862303	4673.0
1777	195.2	195.2	195.2	655,1016,6,13	176.4	39.4829076	73.5862194	4673.1
1778	161.2	161.2	161.2	339,451,4,12	175.9	39.4829018	73.5862252	4673.0
1779	70.1	69.1	70.1	974,545,13,9	175.8	39.4829139	73.5861892	4664.6
1780	134.1	134.1	134.1	10,815,5,16	175.4	39.4828996	73.5862241	4673.0
1781	90.1	90.1	90.1	467,775,14,8	175.3	39.4828485	73.5863248	4665.9
1782	156.2	156.2	156.2	1563,403,5,12	175.3	39.4829027	73.5862251	4673.1
1783	167.2	167.2	167.2	177,1012,6,12	175.0	39.4828991	73.5862223	4673.1
1784	23.0	23.0	23.0	729,801,8,10	174.9	39.4829170	73.5861974	4664.7
1785	21.0	21.0	21.0	1907,403,13,4	174.4	39.4829183	73.5861960	4664.6
1786	199.2	199.2	199.2	822,33,9,10	174.2	39.4829105	73.5862204	4673.1
1787	217.2	217.2	218.2	1739,901,4,15	174.2	39.4829146	73.5862144	4673.1
1788	98.1	98.1	98.1	765,787,8,12	173.9	39.4828027	73.5864274	4673.1
1789	89.1	89.1	89.1	891,197,10,12	173.7	39.4828664	73.5862872	4664.8
1790	100.1	100.1	100.1	1849,455,11,15	173.5	39.4828038	73.5864265	4673.0
1791	190.2	190.2	190.2	16,977,10,8	173.4	39.4829071	73.5862181	4673.1
1792	252.3	252.3	252.3	372,3,7,12	173.3	39.4829116	73.5862124	4673.0
1793	32.0	32.0	32.0	825,649,14,5	173.1	39.4829153	73.5861966	4664.7
1794	15.0	15.0	15.0	913,563,11,9	172.8	39.4829165	73.5861932	4664.6
1795	95.1	95.1	95.1	1761,249,8,10	172.8	39.4828108	73.5864094	4672.6
1796	58.1	54.1	58.1	429,734,4,19	172.7	39.4829105	73.5861872	4664.6
1797	152.2	152.2	152.2	1867,0,6,9	172.5	39.4829039	73.5862227	4673.1
1798	94.1	94.1	94.1	97,477,4,12	172.3	39.4828174	73.5863949	4671.5
1799	111.1	111.1	113.1	1107,139,14,6	172.2	39.4829030	73.5862303	4673.0
1800	12.0	12.0	12.0	1571,53,10,11	171.8	39.4829167	73.5861936	4664.7
1801	18.0	18.0	22.0	565,297,12,11	171.8	39.4829172	73.5861937	4664.7
1802	178.2	178.2	178.2	1291,83,4,12	171.8	39.4829029	73.5862196	4673.1
1803	165.2	165.2	165.2	129,243,6,9	171.7	39.4828997	73.5862226	4673.1
1804	189.2	189.2	189.2	255,60,16,5	171.3	39.4829069	73.5862181	4673.1
1805	188.2	188.2	188.2	1767,935,12,7	170.5	39.4829069	73.5862180	4673.1
1806	199.2	199.2	199.2	1233,290,8,6	170.5	39.4829105	73.5862204	4673.1
1807	136.1	136.1	136.1	1321,977,10,8	170.4	39.4828998	73.5862232	4673.0
1808	168.2	168.2	168.2	33,30,6,15	170.4	39.4828991	73.5862220	4673.1
1809	31.0	27.0	32.0	1558,777,7,8	170.1	39.4829153	73.5861970	4664.7
1810	69.1	69.1	69.1	441,774,10,9	169.9	39.4829133	73.5861887	4664.6
1811	27.0	27.0	27.0	1402,67,8,10	169.8	39.4829154	73.5861984	4664.6
1812	246.2	246.2	249.2	1795,4,15,9	169.7	39.4829116	73.5862149	4673.0
1813	46.0	46.0	46.0	339,965,5,12	169.2	39.4829128	73.5861921	4664.6
1814	143.1	143.1	143.1	49,81,6,10	168.9	39.4829015	73.5862208	4673.0
1815	87.1	87.1	87.1	155,1073,9,7	168.8	39.4829002	73.5862171	4664.6
1816	69.1	69.1	69.1	1355,244,6,9	168.5	39.4829133	73.5861887	4664.6
1817	28.0	28.0	28.0	0,825,7,6	168.4	39.4829156	73.5861982	4664.6
1818	253.3	253.3	253.3	1283,563,12,4	168.0	39.4829116	73.5862121	4673.0
1819	154.2	154.2	154.2	23,252,7,10	167.6	39.4829034	73.5862240	4673.1
1820	54.1	54.1	54.1	1849,932,8,11	167.4	39.4829115	73.5861889	4664.6
1821	110.1	110.1	110.1	597,681,8,8	167.2	39.4828976	73.5862408	4673.1
1822	23.0	23.0	23.0	1257,19,8,6	167.0	39.4829170	73.5861974	4664.7
1823	94.1	94.1	94.1	1761,439,8,10	167.0	39.4828174	73.5863949	4671.5
1824	24.0	24.0	24.0	1171,539,12,4	166.9	39.4829164	73.5861979	4664.7
1825	220.2	220.2	220.2	1355,580,12,11	166.4	39.4829150	73.5862125	4673.0
1826	220.2	220.2	220.2	471,857,9,6	166.0	39.4829150	73.5862125	4673.0
1827	115.1	113.1	115.1	377,21,8,6	165.8	39.4829046	73.5862268	4673.0
1828	173.2	173.2	174.2	1912,295,8,10	164.8	39.4829011	73.5862204	4673.1
1829	193.2	193.2	193.2	1894,543,7,10	164.7	39.4829077	73.5862188	4673.1
1830	72.1	72.1	72.1	1023,595,10,8	164.3	39.4829155	73.5861904	4664.6
1831	234.2	233.2	234.2	1044,682,6,15	164.0	39.4829123	73.5862107	4673.0
1832	193.2	193.2	193.2	1511,377,10,8	163.6	39.4829077	73.5862188	4673.1
1833	57.1	57.1	57.1	1087,673,12,8	163.5	39.4829106	73.5861874	4664.6
1834	25.0	25.0	25.0	690,871,9,6	162.5	39.4829160	73.5861982	4664.7
1835	137.1	137.1	137.1	1111,900,8,11	162.4	39.4829004	73.5862223	4673.0
1836	148.1	148.1	148.1	457,611,8,6	162.4	39.4829029	73.5862214	4673.1
1837	9.0	9.0	9.0	812,323,7,12	162.0	39.4829165	73.5861944	4664.6
1838	64.1	64.1	64.1	1755,511,12,8	161.6	39.4829112	73.5861861	4664.6
1839	197.2	197.2	197.2	647,558,5,13	161.5	39.4829086	73.5862200	4673.1
1840	195.2	195.2	195.2	1579,125,10,8	161.3	39.4829076	73.5862194	4673.1
1841	27.0	27.0	27.0	255,36,11,7	161.2	39.4829154	73.5861984	4664.6
1842	128.1	128.1	128.1	689,173,5,10	161.0	39.4829003	73.5862257	4673.0
1843	27.0	27.0	27.0	15,0,12,7	160.8	39.4829154	73.5861984	4664.6
1844	77.1	76.1	77.1	956,585,7,8	160.8	39.4829160	73.5861898	4664.6
1845	136.1	136.1	136.1	276,733,10,7	160.7	39.4828998	73.5862232	4673.0
1846	9.0	9.0	9.0	904,10,7,12	160.4	39.4829165	73.5861944	4664.6
1847	138.1	138.1	138.1	219,734,6,9	160.3	39.4829010	73.5862217	4673.1
1848	187.2	187.2	187.2	321,295,6,10	160.0	39.4829070	73.5862180	4673.1
1849	143.1	143.1	143.1	867,881,20,3	159.3	39.4829015	73.5862208	4673.0
1850	170.2	170.2	170.2	525,169,6,8	159.2	39.4828995	73.5862213	4673.1
1851	20.0	20.0	20.0	1599,1057,10,6	158.2	39.4829185	73.5861949	4664.6
1852	141.1	141.1	142.1	1011,1013,6,10	157.9	39.4829017	73.5862207	4673.1
1853	14.0	14.0	14.0	761,740,6,10	157.8	39.4829165	73.5861930	4664.6
1854	71.1	71.1	71.1	81,801,6,10	157.8	39.4829145	73.5861897	4664.6
1855	140.1	139.1	140.1	369,659,6,10	157.8	39.4829017	73.5862207	4673.1
1856	191.2	191.2	192.2	1297,105,7,8	157.8	39.4829073	73.5862183	4673.1
1857	221.2	221.2	221.2	182,817,11,5	157.7	39.4829151	73.5862118	4673.0
1858	32.0	32.0	32.0	229,557,10,6	157.6	39.4829153	73.5861966	4664.7
1859	209.2	209.2	209.2	66,490,7,7	157.6	39.4829135	73.5862182	4673.0
1860	52.1	52.1	52.1	73,465,8,7	157.5	39.4829113	73.5861901	4664.6
1861	220.2	220.2	220.2	921,579,8,8	157.5	39.4829150	73.5862125	4673.0
1862	221.2	221.2	221.2	731,273,10,6	157.4	39.4829151	73.5862118	4673.0
1863	235.2	235.2	235.2	1125,643,10,8	157.3	39.4829123	73.5862109	4673.0
1864	199.2	199.2	199.2	929,511,8,6	157.2	39.4829105	73.5862204	4673.1
1865	162.2	162.2	162.2	689,113,8,8	156.8	39.4829015	73.5862245	4673.0
1866	232.2	232.2	232.2	51,897,8,8	156.8	39.4829122	73.5862102	4673.0
1867	99.1	99.1	99.1	1423,747,10,12	155.8	39.4828034	73.5864268	4673.0
1868	239.2	239.2	246.2	334,17,6,9	155.6	39.4829122	73.5862143	4673.1
1869	116.1	116.1	116.1	1827,347,14,8	155.5	39.4829045	73.5862267	4673.0
1870	114.1	114.1	114.1	230,123,11,9	155.3	39.4829045	73.5862268	4673.1
1871	116.1	116.1	116.1	53,1011,4,13	154.3	39.4829045	73.5862267	4673.0
1872	49.0	49.0	49.0	314,1013,6,10	153.9	39.4829126	73.5861914	4664.6
1873	114.1	114.1	114.1	293,112,6,9	153.9	39.4829045	73.5862268	4673.1
1874	199.2	199.2	199.2	169,275,6,6	153.8	39.4829105	73.5862204	4673.1
1875	31.0	31.0	31.0	1219,1045,11,5	153.6	39.4829153	73.5861970	4664.7
1876	116.1	116.1	116.1	605,937,8,14	153.6	39.4829045	73.5862267	4673.0
1877	164.2	164.2	164.2	1338,131,7,6	153.4	39.4829002	73.5862230	4673.1
1878	144.1	144.1	144.1	682,450,7,9	153.1	39.4829016	73.5862210	4673.1
1879	222.2	222.2	222.2	1593,413,12,6	153.1	39.4829150	73.5862116	4673.0
1880	29.0	26.0	29.0	239,435,7,11	152.8	39.4829155	73.5861980	4664.6
1881	130.1	130.1	130.1	355,827,12,6	152.4	39.4829003	73.5862251	4673.0
1882	139.1	139.1	139.1	89,529,8,6	151.9	39.4829015	73.5862211	4673.1
1883	189.2	189.2	189.2	635,1011,9,12	151.9	39.4829069	73.5862181	4673.1
1884	18.0	18.0	19.0	1753,697,8,5	151.8	39.4829172	73.5861937	4664.7
1885	31.0	31.0	31.0	337,74,7,7	151.6	39.4829153	73.5861970	4664.7
1886	135.1	135.1	135.1	536,1074,7,6	151.1	39.4828996	73.5862237	4673.1
1887	188.2	188.2	188.2	711,250,11,5	151.0	39.4829069	73.5862180	4673.1
1888	150.2	150.2	150.2	97,185,8,8	150.7	39.4829034	73.5862221	4673.1
1889	18.0	18.0	18.0	1124,969,5,8	150.5	39.4829172	73.5861937	4664.7
1890	194.2	193.2	197.2	1016,77,17,3	150.4	39.4829077	73.5862190	4673.1
1891	233.2	233.2	233.2	68,123,11,6	150.1	39.4829122	73.5862105	4673.0
1892	239.2	239.2	239.2	1291,833,6,12	149.8	39.4829122	73.5862143	4673.1
1893	216.2	216.2	216.2	1720,547,7,8	149.7	39.4829147	73.5862148	4673.1
1894	14.0	14.0	14.0	63,699,8,6	149.6	39.4829165	73.5861930	4664.6
1895	140.1	140.1	140.1	1145,999,7,10	149.6	39.4829017	73.5862207	4673.1
1896	219.2	219.2	219.2	73,130,6,7	149.5	39.4829148	73.5862131	4673.0
1897	28.0	28.0	32.0	833,122,8,7	149.1	39.4829156	73.5861982	4664.6
1898	106.1	106.1	106.1	1121,529,8,12	149.0	39.4828089	73.5864196	4673.0
1899	8.0	8.0	9.0	471,882,6,9	148.9	39.4829166	73.5861945	4664.6
1900	97.1	97.1	97.1	1491,970,10,5	148.9	39.4828024	73.5864275	4673.0
1901	215.2	215.2	215.2	771,227,5,8	148.9	39.4829147	73.5862151	4673.0
1902	111.1	111.1	111.1	494,561,7,9	148.8	39.4829030	73.5862303	4673.0
1903	116.1	116.1	116.1	747,881,12,6	148.7	39.4829045	73.5862267	4673.0
1904	136.1	135.1	136.1	391,545,6,11	148.1	39.4828998	73.5862232	4673.0
1905	157.2	157.2	157.2	0,275,12,4	147.9	39.4829028	73.5862256	4673.1
1906	30.0	30.0	30.0	1811,823,12,10	147.6	39.4829153	73.5861976	4664.7
1907	30.0	29.0	30.0	1257,1063,8,8	147.5	39.4829153	73.5861976	4664.7
1908	80.1	80.1	80.1	141,511,20,2	147.5	39.4829173	73.5861890	4664.6
1909	135.1	135.1	135.1	1687,387,8,12	147.4	39.4828996	73.5862237	4673.1
1910	11.0	11.0	11.0	577,81,9,8	147.2	39.4829166	73.5861941	4664.7
1911	31.0	31.0	31.0	1623,945,6,8	147.2	39.4829153	73.5861970	4664.7
1912	97.1	97.1	97.1	1777,655,16,6	146.3	39.4828024	73.5864275	4673.0
1913	233.2	233.2	233.2	1827,91,11,4	146.3	39.4829122	73.5862105	4673.0
1914	178.2	178.2	178.2	451,521,4,8	146.2	39.4829029	73.5862196	4673.1
1915	29.0	29.0	29.0	1756,925,6,11	146.1	39.4829155	73.5861980	4664.6
1916	42.0	42.0	42.0	553,1047,10,8	146.0	39.4829126	73.5861932	4664.6
1917	225.2	225.2	225.2	35,1066,6,14	146.0	39.4829139	73.5862111	4673.0
1918	237.2	237.2	240.2	1303,369,14,5	145.9	39.4829119	73.5862122	4673.0
1919	61.1	61.1	61.1	1035,401,6,8	145.8	39.4829108	73.5861863	4664.6
1920	128.1	128.1	128.1	984,501,4,12	145.7	39.4829003	73.5862257	4673.0
1921	215.2	215.2	215.2	1448,563,6,12	145.2	39.4829147	73.5862151	4673.0
1922	14.0	14.0	14.0	777,391,14,8	144.9	39.4829165	73.5861930	4664.6
1923	136.1	136.1	136.1	993,133,8,8	144.8	39.4828998	73.5862232	4673.0
1924	77.1	77.1	77.1	1327,551,18,5	144.7	39.4829160	73.5861898	4664.6
1925	95.1	95.1	95.1	109,897,5,9	144.7	39.4828108	73.5864094	4672.6
1926	227.2	227.2	227.2	467,930,6,10	144.5	39.4829137	73.5862106	4673.1
1927	27.0	27.0	27.0	389,763,12,4	144.3	39.4829154	73.5861984	4664.6
1928	12.0	12.0	12.0	1366,55,8,10	144.1	39.4829167	73.5861936	4664.7
1929	30.0	30.0	30.0	667,53,8,12	144.1	39.4829153	73.5861976	4664.7
1930	68.1	68.1	69.1	1379,251,6,6	143.9	39.4829127	73.5861882	4664.6
1931	56.1	56.1	56.1	1073,889,6,8	143.8	39.4829109	73.5861876	4664.6
1932	76.1	76.1	78.1	1457,727,16,4	143.0	39.4829154	73.5861901	4664.6
1933	135.1	135.1	135.1	11,177,4,10	142.9	39.4828996	73.5862237	4673.1
1934	87.1	87.1	87.1	1040,147,11,6	142.8	39.4829002	73.5862171	4664.6
1935	27.0	26.0	27.0	868,275,9,4	142.7	39.4829154	73.5861984	4664.6
1936	191.2	191.2	191.2	1677,325,10,8	142.6	39.4829073	73.5862183	4673.1
1937	28.0	28.0	28.0	1906,209,7,6	142.5	39.4829156	73.5861982	4664.6
1938	31.0	31.0	31.0	1825,342,8,9	142.4	39.4829153	73.5861970	4664.7
1939	71.1	71.1	71.1	195,887,7,9	142.4	39.4829145	73.5861897	4664.6
1940	170.2	170.2	170.2	1059,274,12,5	142.2	39.4828995	73.5862213	4673.1
1941	114.1	114.1	114.1	1737,375,4,18	142.0	39.4829045	73.5862268	4673.1
1942	128.1	128.1	128.1	1508,335,5,10	141.8	39.4829003	73.5862257	4673.0
1943	210.2	210.2	210.2	1713,596,8,6	141.5	39.4829140	73.5862177	4673.1
1944	49.0	49.0	49.0	0,748,6,7	141.3	39.4829126	73.5861914	4664.6
1945	150.2	150.2	150.2	1250,225,10,8	141.2	39.4829034	73.5862221	4673.1
1946	207.2	207.2	207.2	774,1075,9,5	141.0	39.4829127	73.5862191	4673.1
1947	96.1	96.1	96.1	369,1025,3,16	140.9	39.4828036	73.5864247	4673.0
1948	173.2	173.2	173.2	405,369,4,10	140.4	39.4829011	73.5862204	4673.1
1949	160.2	160.2	160.2	1857,187,10,4	140.3	39.4829020	73.5862256	4673.1
1950	24.0	24.0	24.0	761,296,14,3	140.0	39.4829164	73.5861979	4664.7
1951	14.0	14.0	14.0	1439,61,11,4	139.9	39.4829165	73.5861930	4664.6
1952	14.0	14.0	14.0	1872,667,7,6	139.9	39.4829165	73.5861930	4664.6
1953	42.0	42.0	42.0	439,561,6,8	139.6	39.4829126	73.5861932	4664.6
1954	53.1	53.1	53.1	569,593,3,14	139.4	39.4829115	73.5861895	4664.6
1955	11.0	11.0	11.0	994,109,7,14	139.3	39.4829166	73.5861941	4664.7
1956	139.1	139.1	139.1	561,769,6,6	139.2	39.4829015	73.5862211	4673.1
1957	95.1	95.1	95.1	1217,81,10,5	139.1	39.4828108	73.5864094	4672.6
1958	220.2	220.2	220.2	1123,103,6,10	138.5	39.4829150	73.5862125	4673.0
1959	150.2	150.2	150.2	1529,331,14,10	138.1	39.4829034	73.5862221	4673.1
1960	25.0	25.0	25.0	913,21,11,6	138.0	39.4829160	73.5861982	4664.7
1961	25.0	25.0	25.0	629,905,4,8	137.7	39.4829160	73.5861982	4664.7
1962	210.2	210.2	210.2	378,97,7,6	137.7	39.4829140	73.5862177	4673.1
1963	218.2	218.2	218.2	509,935,4,10	137.5	39.4829147	73.5862137	4673.0
1964	128.1	128.1	128.1	1610,587,9,6	136.9	39.4829003	73.5862257	4673.0
1965	128.1	128.1	128.1	1825,622,6,9	136.3	39.4829003	73.5862257	4673.0
1966	206.2	206.2	206.2	977,193,10,4	136.0	39.4829125	73.5862196	4673.1
1967	11.0	11.0	11.0	1339,506,14,5	135.6	39.4829166	73.5861941	4664.7
1968	164.2	164.2	164.2	1763,899,4,10	135.4	39.4829002	73.5862230	4673.1
1969	209.2	209.2	209.2	617,1007,8,10	135.1	39.4829135	73.5862182	4673.0
1970	220.2	220.2	220.2	875,97,6,8	135.0	39.4829150	73.5862125	4673.0
1971	221.2	221.2	221.2	203,521,9,6	135.0	39.4829151	73.5862118	4673.0
1972	12.0	12.0	12.0	415,9,7,6	134.9	39.4829167	73.5861936	4664.7
1973	56.1	56.1	56.1	1769,353,5,10	134.4	39.4829109	73.5861876	4664.6
1974	242.2	240.2	242.2	1270,795,9,6	134.2	39.4829134	73.5862165	4673.0
1975	115.1	115.1	115.1	565,3,12,4	134.1	39.4829046	73.5862268	4673.0
1976	140.1	140.1	140.1	99,971,14,3	133.9	39.4829017	73.5862207	4673.1
1977	33.0	33.0	33.0	1739,124,6,12	133.8	39.4829145	73.5861960	4664.6
1978	26.0	26.0	26.0	1411,961,6,6	133.6	39.4829156	73.5861983	4664.6
1979	64.1	64.1	64.1	1521,807,16,3	133.6	39.4829112	73.5861861	4664.6
1980	32.0	32.0	32.0	289,987,9,6	133.4	39.4829153	73.5861966	4664.7
1981	233.2	233.2	234.2	897,387,6,8	133.4	39.4829122	73.5862105	4673.0
1982	88.1	85.1	88.1	317,548,11,13	133.2	39.4828844	73.5862494	4664.6
1983	60.1	60.1	60.1	953,25,8,6	133.1	39.4829107	73.5861865	4664.6
1984	214.2	214.2	214.2	1635,211,8,7	133.1	39.4829148	73.5862156	4673.0
1985	69.1	69.1	69.1	234,85,6,6	133.0	39.4829133	73.5861887	4664.6
1986	94.1	94.1	94.1	1325,801,5,9	133.0	39.4828174	73.5863949	4671.5
1987	136.1	136.1	136.1	1543,83,8,7	132.9	39.4828998	73.5862232	4673.0
1988	213.2	213.2	213.2	1430,181,9,11	132.8	39.4829149	73.5862160	4673.0
1989	89.1	89.1	89.1	217,1045,7,8	132.7	39.4828664	73.5862872	4664.8
1990	143.1	143.1	143.1	631,1041,5,16	132.7	39.4829015	73.5862208	4673.0
1991	81.1	81.1	81.1	439,102,10,7	132.5	39.4829171	73.5861888	4664.6
1992	137.1	137.1	137.1	814,966,5,9	132.5	39.4829004	73.5862223	4673.0
1993	195.2	195.2	195.2	555,358,6,7	132.5	39.4829076	73.5862194	4673.1
1994	246.2	237.2	246.2	1179,441,6,8	132.3	39.4829116	73.5862149	4673.0
1995	25.0	25.0	29.0	1297,83,8,6	131.9	39.4829160	73.5861982	4664.7
1996	56.1	56.1	56.1	265,986,7,7	131.8	39.4829109	73.5861876	4664.6
1997	215.2	215.2	215.2	1891,93,9,8	131.7	39.4829147	73.5862151	4673.0
1998	26.0	26.0	26.0	573,801,4,8	131.4	39.4829156	73.5861983	4664.6
1999	224.2	224.2	224.2	339,843,14,6	131.4	39.4829142	73.5862113	4673.1
2000	165.2	165.2	165.2	1467,756,6,11	131.2	39.4828997	73.5862226	4673.1
2001	214.2	214.2	214.2	645,35,10,7	131.2	39.4829148	73.5862156	4673.0
2002	154.2	154.2	154.2	22,1074,8,6	131.0	39.4829034	73.5862240	4673.1
2003	224.2	224.2	224.2	912,629,8,8	130.9	39.4829142	73.5862113	4673.1
2004	14.0	14.0	16.0	8,969,6,8	130.7	39.4829165	73.5861930	4664.6
2005	30.0	30.0	30.0	113,102,6,6	130.5	39.4829153	73.5861976	4664.7
2006	201.2	200.2	201.2	1633,970,9,5	130.5	39.4829111	73.5862208	4673.1
2007	181.2	181.2	181.2	1827,699,14,4	130.1	39.4829039	73.5862189	4673.0
2008	88.1	88.1	88.1	445,441,6,13	129.7	39.4828844	73.5862494	4664.6
2009	128.1	128.1	128.1	295,267,6,6	129.7	39.4829003	73.5862257	4673.0
2010	247.2	247.2	247.2	1097,420,8,5	129.4	39.4829117	73.5862146	4673.0
2011	90.1	89.1	90.1	433,473,8,8	129.2	39.4828485	73.5863248	4665.9
2012	104.1	104.1	104.1	697,241,8,8	129.2	39.4828056	73.5864257	4673.0
2013	150.2	150.2	150.2	1425,307,6,6	128.5	39.4829034	73.5862221	4673.1
2014	156.2	156.2	156.2	361,215,6,6	128.1	39.4829027	73.5862251	4673.1
2015	238.2	236.2	238.2	1385,840,6,9	128.1	39.4829119	73.5862131	4673.1
2016	70.1	70.1	70.1	137,553,6,8	127.8	39.4829139	73.5861892	4664.6
2017	219.2	219.2	219.2	1881,511,8,6	127.4	39.4829148	73.5862131	4673.0
2018	95.1	95.1	95.1	721,611,7,7	127.1	39.4828108	73.5864094	4672.6
2019	216.2	216.2	216.2	1226,109,5,8	126.9	39.4829147	73.5862148	4673.1
2020	94.1	94.1	94.1	1833,49,4,8	126.8	39.4828174	73.5863949	4671.5
2021	14.0	14.0	14.0	1916,903,4,10	125.9	39.4829165	73.5861930	4664.6
2022	222.2	222.2	222.2	1697,49,8,7	125.1	39.4829150	73.5862116	4673.0
2023	214.2	214.2	214.2	1224,323,7,7	124.7	39.4829148	73.5862156	4673.0
2024	63.1	63.1	63.1	1377,69,10,4	124.5	39.4829111	73.5861860	4664.6
2025	63.1	63.1	63.1	1229,797,9,6	124.2	39.4829111	73.5861860	4664.6
2026	134.1	134.1	134.1	1609,314,8,7	124.2	39.4828996	73.5862241	4673.0
2027	85.1	85.1	85.1	1005,424,6,12	124.1	39.4829162	73.5861868	4664.6
2028	234.2	234.2	234.2	1217,121,6,8	123.3	39.4829123	73.5862107	4673.0
2029	94.1	94.1	94.1	815,1073,8,7	123.2	39.4828174	73.5863949	4671.5
2030	233.2	233.2	233.2	1563,195,6,10	122.6	39.4829122	73.5862105	4673.0
2031	221.2	221.2	221.2	938,641,11,4	122.5	39.4829151	73.5862118	4673.0
2032	70.1	70.1	70.1	1129,531,6,6	122.4	39.4829139	73.5861892	4664.6
2033	72.1	72.1	74.1	943,488,8,9	122.4	39.4829155	73.5861904	4664.6
2034	140.1	140.1	140.1	1800,209,7,6	122.3	39.4829017	73.5862207	4673.1
2035	219.2	219.2	219.2	581,8,6,7	122.3	39.4829148	73.5862131	4673.0
2036	168.2	168.2	168.2	1377,415,16,6	121.8	39.4828991	73.5862220	4673.1
2037	194.2	194.2	197.2	937,542,8,6	121.8	39.4829077	73.5862190	4673.1
2038	145.1	144.1	145.1	988,483,7,6	121.5	39.4829023	73.5862211	4673.1
2039	226.2	226.2	226.2	1001,377,8,4	121.4	39.4829140	73.5862109	4673.0
2040	189.2	189.2	189.2	1592,565,8,8	121.0	39.4829069	73.5862181	4673.1
2041	22.0	22.0	22.0	1534,604,11,7	120.9	39.4829179	73.5861969	4664.6
2042	105.1	105.1	105.1	1287,75,10,7	120.8	39.4828056	73.5864258	4673.1
2043	210.2	210.2	210.2	1909,373,6,10	120.8	39.4829140	73.5862177	4673.1
2044	25.0	25.0	25.0	745,73,12,6	120.5	39.4829160	73.5861982	4664.7
2045	143.1	143.1	143.1	1837,664,4,10	120.3	39.4829015	73.5862208	4673.0
2046	137.1	137.1	137.1	737,33,8,4	119.5	39.4829004	73.5862223	4673.0
2047	29.0	29.0	29.0	1913,694,7,5	119.3	39.4829155	73.5861980	4664.6
2048	78.1	78.1	78.1	513,367,8,9	119.3	39.4829165	73.5861896	4664.6
2049	152.2	152.2	152.2	728,269,6,12	119.3	39.4829039	73.5862227	4673.1
2050	74.1	74.1	74.1	949,649,2,16	118.9	39.4829157	73.5861907	4664.5
2051	226.2	226.2	226.2	1108,355,11,4	118.4	39.4829140	73.5862109	4673.0
2052	116.1	116.1	116.1	1094,987,9,6	118.3	39.4829045	73.5862267	4673.0
2053	223.2	223.2	223.2	105,718,5,11	118.2	39.4829148	73.5862115	4673.1
2054	194.2	194.2	194.2	297,1066,7,7	117.6	39.4829077	73.5862190	4673.1
2055	113.1	112.1	113.1	769,953,10,4	117.5	39.4829048	73.5862269	4673.1
2056	113.1	113.1	113.1	1131,267,4,10	117.4	39.4829048	73.5862269	4673.1
2057	22.0	22.0	22.0	46,323,4,14	116.4	39.4829179	73.5861969	4664.6
2058	198.2	198.2	198.2	252,208,5,9	116.3	39.4829095	73.5862201	4673.1
2059	157.2	157.2	157.2	399,1073,5,7	115.7	39.4829028	73.5862256	4673.1
2060	82.1	82.1	82.1	1221,853,9,6	115.5	39.4829171	73.5861882	4664.6
2061	64.1	64.1	64.1	1547,355,6,6	115.1	39.4829112	73.5861861	4664.6
2062	8.0	8.0	8.0	35,673,4,8	115.0	39.4829166	73.5861945	4664.6
2063	223.2	223.2	223.2	147,969,14,8	114.9	39.4829148	73.5862115	4673.1
2064	139.1	139.1	139.1	1787,555,6,6	114.7	39.4829015	73.5862211	4673.1
2065	30.0	30.0	30.0	1025,135,5,10	114.6	39.4829153	73.5861976	4664.7
2066	156.2	156.2	156.2	291,921,10,6	114.6	39.4829027	73.5862251	4673.1
2067	82.1	82.1	82.1	562,419,7,6	114.4	39.4829171	73.5861882	4664.6
2068	168.2	168.2	168.2	473,865,7,7	114.4	39.4828991	73.5862220	4673.1
2069	116.1	116.1	116.1	1633,953,4,8	113.6	39.4829045	73.5862267	4673.0
2070	234.2	234.2	234.2	1419,971,4,10	113.6	39.4829123	73.5862107	4673.0
2071	22.0	22.0	22.0	512,391,9,6	113.5	39.4829179	73.5861969	4664.6
2072	93.1	93.1	93.1	497,0,8,5	113.1	39.4828212	73.5863855	4670.0
2073	116.1	116.1	116.1	1021,1073,4,7	113.0	39.4829045	73.5862267	4673.0
2074	8.0	8.0	10.0	1781,347,6,9	112.4	39.4829166	73.5861945	4664.6
2075	112.1	112.1	112.1	893,753,7,8	112.4	39.4829044	73.5862277	4673.0
2076	220.2	220.2	220.2	859,1027,9,6	112.3	39.4829150	73.5862125	4673.0
2077	223.2	223.2	223.2	1307,57,6,8	112.2	39.4829148	73.5862115	4673.1
2078	214.2	214.2	214.2	1896,67,10,5	111.9	39.4829148	73.5862156	4673.0
2079	234.2	234.2	234.2	1037,51,4,11	111.7	39.4829123	73.5862107	4673.0
2080	215.2	215.2	215.2	1907,267,6,8	111.2	39.4829147	73.5862151	4673.0
2081	10.0	10.0	10.0	1890,981,7,10	111.1	39.4829165	73.5861943	4664.7
2082	78.1	78.1	78.1	158,764,13,5	111.0	39.4829165	73.5861896	4664.6
2083	225.2	225.2	225.2	1505,803,9,5	110.8	39.4829139	73.5862111	4673.0
2084	250.2	250.2	250.2	1321,1027,7,7	110.8	39.4829117	73.5862132	4673.0
2085	137.1	137.1	137.1	358,143,9,7	110.7	39.4829004	73.5862223	4673.0
2086	108.1	108.1	108.1	433,59,6,8	110.6	39.4828465	73.5863437	4673.1
2087	30.0	30.0	30.0	641,1003,8,6	110.2	39.4829153	73.5861976	4664.7
2088	87.1	87.1	87.1	362,625,7,12	110.2	39.4829002	73.5862171	4664.6
2089	189.2	189.2	189.2	1482,454,5,8	109.9	39.4829069	73.5862181	4673.1
2090	137.1	137.1	137.1	631,657,6,6	109.5	39.4829004	73.5862223	4673.0
2091	227.2	227.2	227.2	1634,931,6,8	109.5	39.4829137	73.5862106	4673.1
2092	195.2	195.2	199.2	753,337,7,5	109.4	39.4829076	73.5862194	4673.1
2093	14.0	14.0	17.0	1287,1040,10,6	109.3	39.4829165	73.5861930	4664.6
2094	56.1	56.1	56.1	1777,673,6,6	108.7	39.4829109	73.5861876	4664.6
2095	135.1	135.1	135.1	1913,461,7,5	108.1	39.4828996	73.5862237	4673.1
2096	225.2	225.2	225.2	339,601,8,4	107.9	39.4829139	73.5862111	4673.0
2097	169.2	169.2	169.2	715,700,6,5	107.6	39.4828992	73.5862216	4673.1
2098	189.2	189.2	189.2	1343,65,5,11	107.6	39.4829069	73.5862181	4673.1
2099	141.1	141.1	141.1	263,817,6,6	107.1	39.4829017	73.5862207	4673.1
2100	29.0	29.0	29.0	790,878,10,5	106.5	39.4829155	73.5861980	4664.6
2101	137.1	137.1	137.1	225,449,8,4	106.2	39.4829004	73.5862223	4673.0
2102	84.1	84.1	84.1	45,209,4,14	106.0	39.4829166	73.5861870	4664.6
2103	19.0	19.0	19.0	1329,1001,8,4	105.7	39.4829180	73.5861941	4664.6
2104	189.2	189.2	189.2	1479,642,9,5	105.7	39.4829069	73.5862181	4673.1
2105	200.2	200.2	200.2	276,299,8,6	105.5	39.4829111	73.5862207	4673.1
2106	12.0	12.0	12.0	1858,404,8,10	105.2	39.4829167	73.5861936	4664.7
2107	234.2	234.2	234.2	723,195,4,12	104.9	39.4829123	73.5862107	4673.0
2108	79.1	79.1	79.1	29,145,5,8	104.4	39.4829169	73.5861892	4664.6
2109	218.2	218.2	218.2	1745,705,12,6	104.4	39.4829147	73.5862137	4673.0
2110	58.1	58.1	58.1	755,881,8,9	103.9	39.4829105	73.5861872	4664.6
2111	206.2	206.2	206.2	236,963,3,9	103.9	39.4829125	73.5862196	4673.1
2112	114.1	114.1	114.1	235,81,6,5	103.2	39.4829045	73.5862268	4673.1
2113	192.2	192.2	192.2	801,554,7,4	102.6	39.4829075	73.5862186	4673.1
2114	225.2	225.2	225.2	1895,283,6,6	102.6	39.4829139	73.5862111	4673.0
2115	106.1	106.1	106.1	1029,839,4,8	102.2	39.4828089	73.5864196	4673.0
2116	148.1	148.1	148.1	137,113,5,14	102.1	39.4829029	73.5862214	4673.1
2117	191.2	191.2	191.2	177,952,4,9	102.0	39.4829073	73.5862183	4673.1
2118	225.2	225.2	225.2	1850,625,6,8	101.9	39.4829139	73.5862111	4673.0
2119	218.2	218.2	218.2	1891,1011,8,6	101.6	39.4829147	73.5862137	4673.0
2120	68.1	68.1	68.1	1735,203,8,4	101.5	39.4829127	73.5861882	4664.6
2121	98.1	98.1	98.1	31,227,7,6	101.5	39.4828027	73.5864274	4673.1
2122	200.2	200.2	200.2	1018,858,8,6	100.6	39.4829111	73.5862207	4673.1
2123	11.0	11.0	11.0	1193,363,4,6	100.5	39.4829166	73.5861941	4664.7
2124	226.2	226.2	226.2	1747,761,6,6	100.4	39.4829140	73.5862109	4673.0
2125	20.0	20.0	20.0	1181,129,5,8	100.1	39.4829185	73.5861949	4664.6
2126	235.2	235.2	235.2	1151,473,6,7	100.0	39.4829123	73.5862109	4673.0
2127	110.1	110.1	110.1	245,239,8,6	99.9	39.4828976	73.5862408	4673.1
2128	148.1	148.1	148.1	1195,1003,7,6	99.8	39.4829029	73.5862214	4673.1
2129	87.1	87.1	87.1	1041,264,4,9	99.4	39.4829002	73.5862171	4664.6
2130	216.2	216.2	216.2	1830,196,6,5	99.2	39.4829147	73.5862148	4673.1
2131	98.1	98.1	98.1	1489,17,6,6	99.1	39.4828027	73.5864274	4673.1
2132	76.1	75.1	76.1	1309,724,10,7	99.0	39.4829154	73.5861901	4664.6
2133	144.1	144.1	144.1	599,921,5,8	98.8	39.4829016	73.5862210	4673.1
2134	12.0	12.0	12.0	1769,0,8,3	98.7	39.4829167	73.5861936	4664.7
2135	12.0	12.0	12.0	1795,131,4,6	98.7	39.4829167	73.5861936	4664.7
2136	80.1	80.1	80.1	1446,369,6,8	98.6	39.4829173	73.5861890	4664.6
2137	136.1	136.1	136.1	1910,740,10,5	98.4	39.4828998	73.5862232	4673.0
2138	190.2	190.2	190.2	197,958,8,6	98.3	39.4829071	73.5862181	4673.1
2139	238.2	238.2	238.2	296,954,6,7	98.2	39.4829119	73.5862131	4673.1
2140	28.0	28.0	28.0	1739,56,5,7	98.1	39.4829156	73.5861982	4664.6
2141	225.2	225.2	225.2	1569,172,6,5	97.7	39.4829139	73.5862111	4673.0
2142	232.2	232.2	232.2	1397,881,8,7	97.7	39.4829122	73.5862102	4673.0
2143	90.1	90.1	90.1	1193,545,5,6	97.3	39.4828485	73.5863248	4665.9
2144	26.0	26.0	26.0	1297,0,4,10	97.2	39.4829156	73.5861983	4664.6
2145	27.0	27.0	27.0	1746,385,7,4	97.0	39.4829154	73.5861984	4664.6
2146	242.2	242.2	242.2	1438,1041,10,8	96.9	39.4829134	73.5862165	4673.0
2147	51.1	51.1	51.1	322,121,5,6	96.8	39.4829117	73.5861907	4664.6
2148	68.1	68.1	68.1	817,247,6,4	96.8	39.4829127	73.5861882	4664.6
2149	218.2	218.2	218.2	1427,710,6,9	96.8	39.4829147	73.5862137	4673.0
2150	9.0	9.0	9.0	195,67,9,6	96.6	39.4829165	73.5861944	4664.6
2151	78.1	78.1	78.1	1542,67,9,4	96.4	39.4829165	73.5861896	4664.6
2152	131.1	131.1	131.1	356,203,7,15	96.3	39.4829004	73.5862246	4673.0
2153	225.2	225.2	225.2	1907,803,13,2	95.8	39.4829139	73.5862111	4673.0
2154	28.0	28.0	28.0	1333,19,6,6	95.5	39.4829156	73.5861982	4664.6
2155	200.2	200.2	200.2	265,35,6,12	95.5	39.4829111	73.5862207	4673.1
2156	22.0	22.0	22.0	1303,47,5,8	95.4	39.4829179	73.5861969	4664.6
2157	252.3	252.3	253.3	757,321,4,8	95.4	39.4829116	73.5862124	4673.0
2158	104.1	104.1	104.1	401,307,5,6	95.3	39.4828056	73.5864257	4673.0
2159	218.2	218.2	218.2	1699,1000,6,8	94.8	39.4829147	73.5862137	4673.0
2160	28.0	28.0	28.0	1121,110,6,6	94.7	39.4829156	73.5861982	4664.6
2161	235.2	235.2	235.2	1523,1064,11,3	94.7	39.4829123	73.5862109	4673.0
2162	51.1	51.1	51.1	191,626,7,7	94.2	39.4829117	73.5861907	4664.6
2163	22.0	22.0	22.0	1913,487,7,6	94.1	39.4829179	73.5861969	4664.6
2164	215.2	215.2	215.2	322,525,7,9	94.1	39.4829147	73.5862151	4673.0
2165	9.0	9.0	9.0	107,227,6,4	93.4	39.4829165	73.5861944	4664.6
2166	220.2	220.2	220.2	919,11,8,4	93.3	39.4829150	73.5862125	4673.0
2167	90.1	90.1	90.1	875,913,10,5	92.8	39.4828485	73.5863248	4665.9
2168	114.1	114.1	114.1	153,159,3,8	92.8	39.4829045	73.5862268	4673.1
2169	219.2	219.2	219.2	913,289,7,5	92.7	39.4829148	73.5862131	4673.0
2170	11.0	11.0	11.0	803,499,4,6	92.6	39.4829166	73.5861941	4664.7
2171	168.2	168.2	168.2	1139,223,6,7	92.6	39.4828991	73.5862220	4673.1
2172	225.2	225.2	225.2	170,377,7,6	92.5	39.4829139	73.5862111	4673.0
2173	68.1	68.1	68.1	153,852,3,11	92.4	39.4829127	73.5861882	4664.6
2174	248.2	248.2	248.2	712,531,7,5	92.1	39.4829117	73.5862142	4673.0
2175	234.2	234.2	234.2	1268,451,6,7	91.9	39.4829123	73.5862107	4673.0
2176	252.3	252.3	252.3	1331,851,4,12	91.9	39.4829116	73.5862124	4673.0
2177	248.2	248.2	248.2	1538,675,6,10	91.8	39.4829117	73.5862142	4673.0
2178	100.1	100.1	100.1	1005,867,7,6	91.6	39.4828038	73.5864265	4673.0
2179	201.2	200.2	201.2	557,538,8,4	91.6	39.4829111	73.5862208	4673.1
2180	131.1	131.1	131.1	1836,171,11,3	91.5	39.4829004	73.5862246	4673.0
2181	234.2	234.2	234.2	1620,129,7,4	90.8	39.4829123	73.5862107	4673.0
2182	15.0	15.0	15.0	1054,31,3,9	90.6	39.4829165	73.5861932	4664.6
2183	91.1	91.1	91.1	1211,1035,8,6	90.6	39.4828326	73.5863593	4667.2
2184	213.2	213.2	213.2	99,201,12,2	90.2	39.4829149	73.5862160	4673.0
2185	9.0	9.0	9.0	1205,227,7,8	90.1	39.4829165	73.5861944	4664.6
2186	16.0	16.0	16.0	770,219,7,7	90.1	39.4829168	73.5861934	4664.7
2187	200.2	200.2	200.2	813,183,5,6	90.1	39.4829111	73.5862207	4673.1
2188	112.1	112.1	113.1	1499,1011,6,6	89.1	39.4829044	73.5862277	4673.0
2189	165.2	165.2	165.2	828,456,5,9	89.0	39.4828997	73.5862226	4673.1
2190	54.1	54.1	54.1	1065,361,8,4	88.8	39.4829115	73.5861889	4664.6
2191	114.1	114.1	114.1	105,223,3,8	88.8	39.4829045	73.5862268	4673.1
2192	220.2	220.2	220.2	853,308,10,4	88.0	39.4829150	73.5862125	4673.0
2193	196.2	196.2	196.2	1813,385,4,8	87.3	39.4829081	73.5862198	4673.1
2194	29.0	29.0	29.0	459,1075,4,5	87.2	39.4829155	73.5861980	4664.6
2195	115.1	115.1	115.1	977,269,6,4	86.9	39.4829046	73.5862268	4673.0
2196	108.1	108.1	108.1	1453,629,6,12	86.1	39.4828465	73.5863437	4673.1
2197	219.2	219.2	219.2	1220,538,9,6	85.7	39.4829148	73.5862131	4673.0
2198	102.1	102.1	102.1	77,1063,9,6	85.3	39.4828050	73.5864258	4673.1
2199	84.1	84.1	86.1	353,877,8,6	85.1	39.4829166	73.5861870	4664.6
2200	247.2	247.2	251.3	884,379,10,3	85.1	39.4829117	73.5862146	4673.0
2201	219.2	219.2	219.2	1815,787,6,4	84.6	39.4829148	73.5862131	4673.0
2202	87.1	87.1	87.1	1353,229,8,4	84.2	39.4829002	73.5862171	4664.6
2203	102.1	102.1	102.1	267,241,6,6	84.0	39.4828050	73.5864258	4673.1
2204	88.1	88.1	88.1	297,229,6,4	83.9	39.4828844	73.5862494	4664.6
2205	198.2	198.2	198.2	345,799,4,10	83.9	39.4829095	73.5862201	4673.1
2206	201.2	201.2	201.2	1803,609,4,8	83.9	39.4829111	73.5862208	4673.1
2207	169.2	169.2	169.2	881,233,6,4	83.2	39.4828992	73.5862216	4673.1
2208	201.2	200.2	201.2	1079,459,8,3	81.2	39.4829111	73.5862208	4673.1
2209	238.2	238.2	242.2	459,458,4,11	81.1	39.4829119	73.5862131	4673.1
2210	109.1	109.1	109.1	1811,1033,6,4	81.0	39.4828746	73.5862872	4673.1
2211	201.2	201.2	201.2	82,449,5,8	80.3	39.4829111	73.5862208	4673.1
2212	15.0	15.0	15.0	1866,1071,11,3	80.2	39.4829165	73.5861932	4664.6
2213	207.2	207.2	207.2	1603,1075,6,5	80.2	39.4829127	73.5862191	4673.1
2214	238.2	238.2	242.2	522,44,5,8	79.9	39.4829119	73.5862131	4673.1
2215	196.2	196.2	196.2	1079,753,3,10	79.7	39.4829081	73.5862198	4673.1
2216	26.0	26.0	26.0	446,143,3,9	79.6	39.4829156	73.5861983	4664.6
2217	100.1	100.1	100.1	1681,609,6,5	79.6	39.4828038	73.5864265	4673.0
2218	209.2	209.2	209.2	482,739,6,6	79.0	39.4829135	73.5862182	4673.0
2219	198.2	198.2	198.2	908,497,7,8	78.6	39.4829095	73.5862201	4673.1
2220	86.1	86.1	86.1	1361,393,3,7	78.3	39.4829115	73.5861950	4664.6
2221	26.0	26.0	26.0	1291,1023,9,4	78.2	39.4829156	73.5861983	4664.6
2222	15.0	15.0	15.0	1243,236,6,5	77.9	39.4829165	73.5861932	4664.6
2223	213.2	213.2	213.2	1283,409,4,6	77.9	39.4829149	73.5862160	4673.0
2224	76.1	76.1	76.1	1361,991,8,3	77.3	39.4829154	73.5861901	4664.6
2225	243.2	243.2	243.2	691,488,4,7	77.0	39.4829130	73.5862162	4673.0
2226	142.1	142.1	142.1	1218,74,7,4	76.9	39.4829015	73.5862208	4673.0
2227	201.2	201.2	201.2	41,819,7,3	76.7	39.4829111	73.5862208	4673.1
2228	106.1	106.1	106.1	825,386,6,10	76.6	39.4828089	73.5864196	4673.0
2229	215.2	215.2	215.2	1634,172,13,3	76.3	39.4829147	73.5862151	4673.0
2230	80.1	80.1	83.1	933,705,8,4	76.1	39.4829173	73.5861890	4664.6
2231	115.1	115.1	115.1	129,795,6,4	76.0	39.4829046	73.5862268	4673.0
2232	249.2	249.2	249.2	194,213,4,6	75.8	39.4829117	73.5862138	4673.0
2233	79.1	79.1	79.1	721,237,8,4	75.6	39.4829169	73.5861892	4664.6
2234	200.2	200.2	200.2	87,964,8,5	75.2	39.4829111	73.5862207	4673.1
2235	106.1	106.1	106.1	1087,917,10,6	74.6	39.4828089	73.5864196	4673.0
2236	196.2	194.2	196.2	1089,689,4,7	74.4	39.4829081	73.5862198	4673.1
2237	86.1	86.1	86.1	139,653,4,6	74.3	39.4829115	73.5861950	4664.6
2238	111.1	111.1	111.1	1681,917,6,4	74.0	39.4829030	73.5862303	4673.0
2239	95.1	95.1	95.1	153,185,8,4	73.8	39.4828108	73.5864094	4672.6
2240	235.2	235.2	235.2	1596,1073,3,7	73.7	39.4829123	73.5862109	4673.0
2241	20.0	20.0	20.0	1571,157,4,6	73.5	39.4829185	73.5861949	4664.6
2242	77.1	77.1	77.1	1903,299,13,2	73.4	39.4829160	73.5861898	4664.6
2243	15.0	15.0	15.0	1624,98,9,4	73.0	39.4829165	73.5861932	4664.6
2244	201.2	201.2	201.2	987,259,4,6	73.0	39.4829111	73.5862208	4673.1
2245	198.2	198.2	198.2	809,495,6,6	71.6	39.4829095	73.5862201	4673.1
2246	15.0	15.0	17.0	1149,1049,4,6	71.4	39.4829165	73.5861932	4664.6
2247	9.0	9.0	9.0	972,13,5,4	71.3	39.4829165	73.5861944	4664.6
2248	198.2	198.2	198.2	825,26,6,5	70.8	39.4829095	73.5862201	4673.1
2249	247.2	247.2	247.2	120,141,7,4	69.9	39.4829117	73.5862146	4673.0
2250	114.1	114.1	114.1	1828,370,5,7	69.8	39.4829045	73.5862268	4673.1
2251	251.3	251.3	253.3	785,424,3,7	69.7	39.4829117	73.5862128	4673.0
2252	11.0	11.0	11.0	1849,893,4,8	69.1	39.4829166	73.5861941	4664.7
2253	11.0	11.0	11.0	713,179,6,4	68.8	39.4829166	73.5861941	4664.7
2254	72.1	72.1	72.1	737,293,6,6	68.7	39.4829155	73.5861904	4664.6
2255	209.2	209.2	209.2	1841,101,8,4	68.3	39.4829135	73.5862182	4673.0
2256	236.2	236.2	236.2	1483,707,4,10	67.9	39.4829121	73.5862113	4673.0
2257	79.1	79.1	79.1	1073,977,8,5	67.7	39.4829169	73.5861892	4664.6
2258	192.2	192.2	192.2	937,1015,5,5	67.3	39.4829075	73.5862186	4673.1
2259	206.2	206.2	206.2	313,875,6,4	67.2	39.4829125	73.5862196	4673.1
2260	111.1	111.1	111.1	305,57,8,3	66.7	39.4829030	73.5862303	4673.0
2261	15.0	15.0	15.0	585,991,11,5	66.4	39.4829165	73.5861932	4664.6
2262	9.0	9.0	9.0	729,875,4,6	66.1	39.4829165	73.5861944	4664.6
2263	87.1	87.1	87.1	340,977,5,4	65.6	39.4829002	73.5862171	4664.6
2264	16.0	16.0	16.0	643,602,8,3	65.1	39.4829168	73.5861934	4664.7
2265	147.1	147.1	147.1	1315,972,6,3	65.0	39.4829026	73.5862212	4673.1
2266	195.2	195.2	195.2	1197,643,4,6	65.0	39.4829076	73.5862194	4673.1
2267	102.1	102.1	102.1	1026,237,8,5	64.9	39.4828050	73.5864258	4673.1
2268	192.2	192.2	192.2	1286,59,6,4	64.9	39.4829075	73.5862186	4673.1
2269	206.2	206.2	206.2	1510,939,5,4	63.1	39.4829125	73.5862196	4673.1
2270	20.0	20.0	20.0	441,373,6,4	62.6	39.4829185	73.5861949	4664.6
2271	107.1	107.1	107.1	349,1017,4,8	62.4	39.4828232	73.5863907	4673.0
2272	235.2	235.2	235.2	69,765,12,2	62.4	39.4829123	73.5862109	4673.0
2273	89.1	89.1	89.1	145,971,8,2	62.0	39.4828664	73.5862872	4664.8
2274	111.1	111.1	111.1	65,213,3,6	61.5	39.4829030	73.5862303	4673.0
2275	87.1	87.1	87.1	233,321,2,8	61.4	39.4829002	73.5862171	4664.6
2276	135.1	135.1	135.1	949,867,4,6	57.7	39.4828996	73.5862237	4673.1
2277	201.2	201.2	201.2	1741,777,4,5	57.0	39.4829111	73.5862208	4673.1
2278	240.2	240.2	240.2	1118,597,4,4	57.0	39.4829127	73.5862155	4673.1
2279	147.1	147.1	147.1	1332,497,7,4	56.8	39.4829026	73.5862212	4673.1
2280	113.1	113.1	113.1	1487,574,9,5	56.3	39.4829048	73.5862269	4673.1
2281	87.1	87.1	87.1	1039,1009,2,8	56.1	39.4829002	73.5862171	4664.6
2282	248.2	244.2	248.2	569,76,7,3	56.1	39.4829117	73.5862142	4673.0
2283	111.1	111.1	111.1	1281,537,8,2	54.8	39.4829030	73.5862303	4673.0
2284	108.1	108.1	108.1	749,929,4,6	53.7	39.4828465	73.5863437	4673.1
2285	110.1	110.1	110.1	1553,513,10,2	52.6	39.4828976	73.5862408	4673.1
2286	73.1	73.1	73.1	1825,349,8,2	52.2	39.4829158	73.5861907	4664.6
2287	75.1	75.1	75.1	161,426,2,9	51.9	39.4829153	73.5861905	4664.6
2288	87.1	87.1	87.1	301,929,2,8	51.8	39.4829002	73.5862171	4664.6
2289	107.1	107.1	107.1	177,537,2,8	50.5	39.4828232	73.5863907	4673.0
2290	209.2	209.2	209.2	1171,229,6,3	50.3	39.4829135	73.5862182	4673.0
2291	200.2	200.2	200.2	312,867,7,2	49.5	39.4829111	73.5862207	4673.1
2292	92.1	92.1	92.1	1269,713,2,8	49.1	39.4828231	73.5863799	4668.6
2293	209.2	209.2	209.2	1608,952,7,2	48.9	39.4829135	73.5862182	4673.0
2294	87.1	87.1	87.1	237,442,2,7	48.5	39.4829002	73.5862171	4664.6
2295	200.2	200.2	200.2	968,761,3,6	48.2	39.4829111	73.5862207	4673.1
2296	201.2	201.2	201.2	1271,429,4,4	48.2	39.4829111	73.5862208	4673.1
2297	110.1	110.1	110.1	1733,1040,4,4	48.1	39.4828976	73.5862408	4673.1
2298	73.1	73.1	73.1	849,587,7,4	48.0	39.4829158	73.5861907	4664.6
2299	16.0	16.0	16.0	1244,780,4,5	47.5	39.4829168	73.5861934	4664.7
2300	16.0	16.0	18.0	155,285,8,4	47.1	39.4829168	73.5861934	4664.7
2301	87.1	87.1	87.1	913,710,5,3	46.8	39.4829002	73.5862171	4664.6
2302	110.1	110.1	110.1	1516,399,5,6	46.7	39.4828976	73.5862408	4673.1
2303	113.1	113.1	113.1	529,57,8,2	46.4	39.4829048	73.5862269	4673.1
2304	201.2	201.2	201.2	586,101,4,5	46.4	39.4829111	73.5862208	4673.1
2305	251.3	251.3	251.3	1633,909,4,3	44.3	39.4829117	73.5862128	4673.0
2306	107.1	107.1	107.1	1178,991,7,2	43.9	39.4828232	73.5863907	4673.0
2307	87.1	87.1	87.1	617,957,4,4	43.6	39.4829002	73.5862171	4664.6
2308	91.1	91.1	91.1	1197,1031,8,2	42.6	39.4828326	73.5863593	4667.2
2309	108.1	108.1	108.1	1154,579,7,2	42.1	39.4828465	73.5863437	4673.1
2310	93.1	93.1	93.1	1709,455,3,6	41.6	39.4828212	73.5863855	4670.0
2311	198.2	198.2	198.2	1389,89,4,3	40.5	39.4829095	73.5862201	4673.1
2312	106.1	106.1	106.1	1841,801,3,4	39.5	39.4828089	73.5864196	4673.0
2313	18.0	18.0	18.0	333,221,4,4	39.2	39.4829172	73.5861937	4664.7
2314	83.1	83.1	83.1	93,785,4,3	38.5	39.4829170	73.5861876	4664.6
2315	241.2	241.2	241.2	683,788,3,4	37.9	39.4829131	73.5862163	4673.0
2316	84.1	84.1	84.1	1308,383,5,2	35.7	39.4829166	73.5861870	4664.6
2317	243.2	243.2	243.2	1608,1072,5,2	35.6	39.4829130	73.5862162	4673.0
2318	87.1	87.1	87.1	266,1065,5,2	35.0	39.4829002	73.5862171	4664.6
2319	240.2	240.2	240.2	1811,225,4,3	35.0	39.4829127	73.5862155	4673.1
2320	241.2	241.2	241.2	1107,5,3,4	34.9	39.4829131	73.5862163	4673.0
2321	85.1	85.1	85.1	1625,52,4,3	34.3	39.4829162	73.5861868	4664.6
2322	93.1	93.1	93.1	294,77,3,4	30.5	39.4828212	73.5863855	4670.0
2323	112.1	112.1	112.1	1023,755,2,5	30.3	39.4829044	73.5862277	4673.0
2324	241.2	241.2	241.2	1457,242,3,3	28.2	39.4829131	73.5862163	4673.0
2325	109.1	109.1	109.1	789,5,2,4	24.9	39.4828746	73.5862872	4673.1
2326	75.1	75.1	75.1	293,428,4,3	23.5	39.4829153	73.5861905	4664.6
2327	93.1	93.1	93.1	1191,849,2,3	23.5	39.4828212	73.5863855	4670.0
2328	78.1	78.1	78.1	337,997,3,3	23.1	39.4829165	73.5861896	4664.6
2329	95.1	95.1	95.1	1377,1073,3,2	22.9	39.4828108	73.5864094	4672.6
2330	115.1	115.1	115.1	1822,1053,3,2	21.9	39.4829046	73.5862268	4673.0
2331	91.1	91.1	91.1	1701,249,3,2	21.1	39.4828326	73.5863593	4667.2
2332	91.1	91.1	91.1	529,201,3,2	20.1	39.4828326	73.5863593	4667.2
2333	112.1	112.1	112.1	909,280,2,3	20.0	39.4829044	73.5862277	4673.0
2334	115.1	115.1	115.1	876,691,3,3	17.1	39.4829046	73.5862268	4673.0
