track	t_best	t0	t1	bbox	score	lat	lon	alt
0	380.4	368.4	382.4	1383,854,44,83	7633.6	39.4813795	73.5951062	5107.6
1	289.3	287.3	289.3	818,297,91,108	6911.9	39.4813777	73.5951080	5107.6
2	87.1	86.1	89.1	1097,965,56,76	6846.1	39.4813754	73.5951115	5107.6
3	535.6	535.6	537.6	751,534,82,47	5684.2	39.4814226	73.5953919	5107.6
4	543.6	541.6	543.6	867,609,76,52	5550.8	39.4814222	73.5953912	5107.6
5	676.8	675.8	677.8	69,23,78,78	5214.4	39.4814223	73.5953892	5107.6
6	398.4	394.4	407.5	855,518,70,52	4716.9	39.4813787	73.5951059	5107.6
7	387.4	386.4	392.4	461,337,56,48	4716.3	39.4813792	73.5951063	5107.6
8	101.1	100.1	107.1	897,729,48,66	4523.5	39.4813765	73.5951116	5107.6
9	480.5	478.5	482.5	929,569,76,38	4471.1	39.4813771	73.5951047	5107.6
10	545.6	543.6	546.6	871,635,55,38	4385.8	39.4814222	73.5953910	5107.6
11	598.7	581.7	600.7	1433,147,64,32	4247.1	39.4814216	73.5953903	5107.6
12	464.5	461.5	467.5	793,483,50,36	4189.2	39.4813785	73.5951056	5107.6
13	433.5	430.5	438.5	449,429,48,46	4186.0	39.4813782	73.5951060	5107.6
14	564.6	560.6	567.6	1345,263,100,26	4131.8	39.4814209	73.5953903	5107.6
15	527.6	522.6	531.6	1629,113,82,26	4115.7	39.4814222	73.5953917	5107.6
16	406.5	394.4	407.5	851,527,50,41	4096.3	39.4813794	73.5951059	5107.6
17	574.6	572.6	574.6	77,0,51,64	4075.7	39.4814212	73.5953908	5107.6
18	576.6	576.6	580.7	1487,194,80,24	4062.3	39.4814212	73.5953907	5107.6
19	570.6	570.6	570.6	1345,99,64,30	4005.8	39.4814216	73.5953906	5107.6
20	737.8	737.8	737.8	1857,17,63,56	3924.0	39.4814240	73.5953888	5107.6
21	385.4	385.4	385.4	739,441,62,40	3856.4	39.4813794	73.5951065	5107.6
22	462.5	462.5	467.5	135,1041,76,39	3659.9	39.4813787	73.5951056	5107.6
23	390.4	390.4	392.4	583,709,58,29	3474.1	39.4813788	73.5951058	5107.6
24	574.6	572.6	582.7	943,549,82,34	3471.6	39.4814212	73.5953908	5107.6
25	532.6	524.6	537.6	1463,183,58,22	3376.4	39.4814226	73.5953915	5107.6
26	418.5	411.5	420.5	845,530,52,39	3359.5	39.4813788	73.5951060	5107.6
27	525.6	524.6	530.6	0,577,34,50	3358.9	39.4814222	73.5953917	5107.6
28	707.8	704.8	713.8	881,1049,62,24	3329.4	39.4814224	73.5953887	5107.6
29	686.8	686.8	686.8	88,59,44,60	3286.1	39.4814226	73.5953890	5107.6
30	288.3	287.3	289.3	873,138,80,97	3266.2	39.4813776	73.5951081	5107.6
31	386.4	386.4	390.4	1378,933,35,60	3240.1	39.4813793	73.5951064	5107.6
32	538.6	538.6	538.6	7,283,30,44	3211.7	39.4814228	73.5953917	5107.6
33	415.5	413.5	420.5	785,493,48,40	3202.7	39.4813786	73.5951060	5107.6
34	695.8	694.8	696.8	1463,839,42,36	3188.3	39.4814230	73.5953887	5107.6
35	290.3	290.3	291.3	896,405,78,90	3171.7	39.4813778	73.5951080	5107.6
36	613.7	612.7	613.7	743,713,44,72	3162.0	39.4814215	73.5953893	5107.6
37	726.8	725.8	726.8	756,937,34,56	3130.4	39.4814234	73.5953890	5107.6
38	289.3	288.3	290.3	1585,93,52,38	3037.6	39.4813777	73.5951080	5107.6
39	554.6	552.6	555.6	153,737,32,58	3031.7	39.4814213	73.5953903	5107.6
40	685.8	684.8	685.8	35,24,54,37	3018.9	39.4814225	73.5953889	5107.6
41	722.8	720.8	724.8	147,323,52,32	3005.9	39.4814233	73.5953891	5107.6
42	153.2	151.2	153.2	5,457,38,34	2994.0	39.4813767	73.5951107	5107.6
43	566.6	558.6	569.6	9,929,48,64	2978.7	39.4814209	73.5953906	5107.6
44	539.6	539.6	541.6	1727,193,66,24	2933.4	39.4814226	73.5953914	5107.6
45	553.6	551.6	569.6	1833,89,40,24	2903.9	39.4814213	73.5953905	5107.6
46	641.7	641.7	641.7	377,14,54,35	2881.9	39.4814222	73.5953890	5107.6
47	477.5	468.5	477.5	1035,619,46,34	2878.9	39.4813775	73.5951050	5107.6
48	655.7	652.7	669.8	403,311,46,26	2863.5	39.4814222	73.5953891	5107.6
49	684.8	684.8	687.8	1641,745,60,20	2807.4	39.4814225	73.5953888	5107.6
50	650.7	648.7	669.8	469,353,70,22	2792.7	39.4814215	73.5953887	5107.6
51	412.5	412.5	412.5	913,545,32,34	2784.2	39.4813790	73.5951060	5107.5
52	571.6	571.6	573.6	927,428,66,21	2770.9	39.4814215	73.5953907	5107.6
53	611.7	611.7	611.7	769,655,50,48	2762.6	39.4814215	73.5953893	5107.6
54	408.5	408.5	408.5	903,521,40,30	2755.2	39.4813793	73.5951058	5107.6
55	116.1	116.1	116.1	327,33,34,60	2754.0	39.4813763	73.5951119	5107.6
56	568.6	568.6	569.6	0,843,27,52	2742.6	39.4814214	73.5953908	5107.6
57	290.3	290.3	290.3	1718,55,33,27	2704.6	39.4813778	73.5951080	5107.6
58	422.5	417.5	423.5	901,521,30,34	2693.8	39.4813788	73.5951062	5107.6
59	287.3	287.3	289.3	1565,330,24,50	2677.2	39.4813776	73.5951079	5107.5
60	538.6	538.6	538.6	1471,63,44,30	2670.6	39.4814228	73.5953917	5107.6
61	448.5	446.5	451.5	1443,161,30,63	2641.0	39.4813785	73.5951059	5107.6
62	405.5	394.4	407.5	731,531,49,28	2630.1	39.4813795	73.5951060	5107.6
63	384.4	384.4	386.4	881,503,38,30	2609.1	39.4813795	73.5951065	5107.6
64	534.6	534.6	534.6	148,17,57,36	2605.8	39.4814227	73.5953918	5107.6
65	633.7	633.7	640.7	1673,179,58,22	2594.4	39.4814225	73.5953887	5107.6
66	155.2	155.2	160.2	175,634,46,27	2567.5	39.4813765	73.5951106	5107.6
67	558.6	556.6	561.6	153,897,27,64	2554.5	39.4814208	73.5953899	5107.6
68	465.5	463.5	466.5	0,0,27,23	2535.4	39.4813783	73.5951056	5107.6
69	612.7	612.7	614.7	1569,709,40,29	2529.3	39.4814215	73.5953893	5107.6
70	461.5	461.5	461.5	1851,0,31,41	2524.7	39.4813787	73.5951056	5107.6
71	634.7	629.7	636.7	105,764,28,61	2476.5	39.4814225	73.5953887	5107.6
72	674.8	674.8	677.8	389,0,42,29	2470.5	39.4814222	73.5953893	5107.6
73	481.5	478.5	481.5	8,51,41,56	2465.3	39.4813771	73.5951047	5107.6
74	544.6	544.6	545.6	65,15,26,36	2457.0	39.4814222	73.5953911	5107.6
75	702.8	702.8	702.8	1805,159,38,33	2392.7	39.4814227	73.5953889	5107.6
76	525.6	524.6	532.6	1442,243,29,54	2392.1	39.4814222	73.5953917	5107.6
77	388.4	386.4	391.4	1807,937,38,51	2375.7	39.4813788	73.5951059	5107.6
78	614.7	614.7	614.7	331,1041,33,39	2372.7	39.4814218	73.5953894	5107.6
79	414.5	413.5	422.5	677,455,44,26	2342.2	39.4813787	73.5951060	5107.6
80	720.8	720.8	723.8	129,0,56,41	2341.0	39.4814232	73.5953891	5107.6
81	150.2	149.2	157.2	225,921,31,30	2333.0	39.4813767	73.5951106	5107.6
82	614.7	614.7	614.7	809,193,18,64	2317.7	39.4814218	73.5953894	5107.6
83	242.3	242.3	243.3	395,985,65,32	2293.0	39.4813767	73.5951099	5107.5
84	685.8	685.8	686.8	773,765,44,32	2288.7	39.4814225	73.5953889	5107.6
85	759.9	758.9	759.9	1713,81,38,32	2259.8	39.4814228	73.5953878	5107.6
86	645.7	644.7	646.7	923,409,30,30	2219.4	39.4814222	73.5953892	5107.6
87	673.8	673.8	675.8	197,21,45,60	2199.9	39.4814224	73.5953893	5107.6
88	726.8	726.8	726.8	584,985,33,56	2196.3	39.4814234	73.5953890	5107.6
89	22.0	22.0	23.0	1747,429,33,39	2189.2	39.4813760	73.5951135	5107.7
90	632.7	628.7	640.7	1795,95,46,20	2183.3	39.4814222	73.5953884	5107.6
91	644.7	644.7	645.7	17,723,50,39	2180.3	39.4814222	73.5953892	5107.6
92	576.6	576.6	605.7	1305,323,22,40	2149.6	39.4814212	73.5953907	5107.6
93	647.7	647.7	647.7	338,36,49,51	2139.5	39.4814218	73.5953891	5107.6
94	459.5	459.5	461.5	1810,69,23,42	2129.8	39.4813786	73.5951058	5107.6
95	613.7	612.7	613.7	743,673,34,34	2128.9	39.4814215	73.5953893	5107.6
96	325.4	322.4	334.4	689,513,20,34	2122.0	39.4813783	73.5951071	5107.5
97	39.0	35.0	40.0	1753,265,24,38	2117.5	39.4813762	73.5951132	5107.7
98	775.9	765.9	797.9	633,323,40,40	2110.7	39.4814240	73.5953875	5107.6
99	487.5	487.5	487.5	1793,24,58,65	2109.9	39.4813770	73.5951046	5107.6
100	624.7	623.7	626.7	1801,673,47,31	2105.2	39.4814215	73.5953888	5107.6
101	545.6	545.6	545.6	89,991,39,26	2092.5	39.4814222	73.5953910	5107.6
102	738.8	738.8	739.8	0,50,25,29	2092.2	39.4814240	73.5953887	5107.6
103	748.8	745.8	750.8	1103,0,66,17	2044.3	39.4814233	73.5953884	5107.6
104	356.4	356.4	363.4	1857,17,63,20	2043.5	39.4813790	73.5951063	5107.6
105	392.4	387.4	392.4	1122,337,23,36	2039.4	39.4813786	73.5951061	5107.6
106	473.5	472.5	475.5	1539,63,40,20	2038.0	39.4813777	73.5951055	5107.6
107	727.8	726.8	727.8	431,996,30,53	2007.8	39.4814235	73.5953889	5107.6
108	471.5	471.5	471.5	1803,169,22,38	2006.9	39.4813778	73.5951054	5107.6
109	683.8	683.8	683.8	1579,767,68,32	1998.7	39.4814225	73.5953887	5107.6
110	768.9	768.9	775.9	0,945,33,40	1998.7	39.4814240	73.5953878	5107.6
111	470.5	468.5	470.5	203,1027,40,40	1979.5	39.4813777	73.5951053	5107.6
112	448.5	447.5	451.5	1825,163,64,36	1979.1	39.4813785	73.5951059	5107.6
113	755.8	753.8	757.9	1244,721,29,38	1974.2	39.4814231	73.5953882	5107.6
114	570.6	570.6	570.6	198,283,25,30	1970.2	39.4814216	73.5953906	5107.6
115	546.6	542.6	546.6	213,993,36,42	1958.2	39.4814221	73.5953910	5107.6
116	355.4	355.4	355.4	915,19,46,20	1957.2	39.4813789	73.5951062	5107.6
117	179.2	177.2	185.2	83,332,38,51	1951.5	39.4813759	73.5951108	5107.6
118	277.3	277.3	278.3	1671,29,34,29	1951.3	39.4813781	73.5951084	5107.5
119	693.8	693.8	693.8	955,959,58,26	1934.5	39.4814230	73.5953888	5107.6
120	351.4	345.4	354.4	539,521,62,22	1911.2	39.4813791	73.5951062	5107.6
121	643.7	638.7	643.7	0,493,21,24	1900.9	39.4814222	73.5953892	5107.6
122	534.6	533.6	539.6	862,497,43,24	1896.4	39.4814227	73.5953918	5107.6
123	392.4	392.4	392.4	1357,303,26,26	1891.5	39.4813786	73.5951061	5107.6
124	173.2	170.2	176.2	97,83,30,46	1890.6	39.4813764	73.5951106	5107.6
125	381.4	380.4	383.4	417,629,26,28	1878.0	39.4813797	73.5951062	5107.6
126	744.8	744.8	750.8	801,23,78,18	1875.5	39.4814232	73.5953882	5107.6
127	685.8	685.8	685.8	990,297,25,41	1868.3	39.4814225	73.5953889	5107.6
128	644.7	643.7	644.7	1241,385,40,32	1863.4	39.4814222	73.5953892	5107.6
129	385.4	385.4	385.4	595,442,50,23	1855.4	39.4813794	73.5951065	5107.6
130	200.2	191.2	207.2	281,465,28,30	1853.2	39.4813769	73.5951105	5107.6
131	289.3	286.3	296.3	1642,1041,78,39	1848.1	39.4813777	73.5951080	5107.6
132	587.7	586.7	587.7	1611,51,52,22	1841.8	39.4814219	73.5953903	5107.6
133	286.3	286.3	288.3	835,305,24,46	1840.3	39.4813774	73.5951079	5107.5
134	222.2	217.2	222.2	5,251,20,84	1826.8	39.4813768	73.5951101	5107.6
135	338.4	322.4	339.4	643,1019,26,53	1826.8	39.4813790	73.5951066	5107.5
136	481.5	476.5	481.5	1003,415,34,20	1823.9	39.4813771	73.5951047	5107.6
137	583.7	576.6	602.7	419,308,23,45	1818.8	39.4814213	73.5953904	5107.6
138	713.8	713.8	714.8	1459,946,24,29	1814.9	39.4814233	73.5953894	5107.6
139	393.4	393.4	405.5	1091,395,24,30	1798.5	39.4813785	73.5951061	5107.6
140	409.5	409.5	411.5	605,979,31,28	1798.5	39.4813793	73.5951058	5107.5
141	289.3	287.3	291.3	273,481,30,24	1786.6	39.4813777	73.5951080	5107.6
142	717.8	713.8	718.8	1203,319,56,18	1786.6	39.4814231	73.5953890	5107.6
143	760.9	760.9	761.9	1683,391,50,30	1784.1	39.4814228	73.5953879	5107.6
144	35.0	35.0	40.0	1545,1043,32,37	1776.4	39.4813761	73.5951136	5107.7
145	597.7	581.7	602.7	0,737,17,32	1772.8	39.4814216	73.5953903	5107.6
146	572.6	572.6	574.6	197,0,21,49	1772.6	39.4814214	73.5953908	5107.6
147	612.7	612.7	612.7	659,180,20,29	1763.0	39.4814215	73.5953893	5107.6
148	688.8	688.8	688.8	1451,749,60,30	1762.4	39.4814229	73.5953890	5107.6
149	523.6	523.6	524.6	207,575,26,42	1759.3	39.4814220	73.5953919	5107.6
150	90.1	90.1	90.1	920,992,45,33	1754.3	39.4813756	73.5951114	5107.7
151	532.6	530.6	532.6	391,337,20,38	1750.7	39.4814226	73.5953915	5107.6
152	93.1	93.1	95.1	69,1035,42,34	1748.2	39.4813759	73.5951116	5107.6
153	476.5	476.5	479.5	273,801,21,37	1747.0	39.4813773	73.5951051	5107.6
154	696.8	696.8	696.8	425,897,46,27	1743.8	39.4814229	73.5953888	5107.6
155	710.8	710.8	712.8	296,181,25,30	1742.6	39.4814228	73.5953889	5107.6
156	365.4	363.4	373.4	503,251,58,16	1739.3	39.4813795	73.5951065	5107.6
157	437.5	430.5	437.5	793,1033,26,32	1735.8	39.4813782	73.5951060	5107.6
158	474.5	472.5	479.5	467,67,20,28	1735.7	39.4813776	73.5951054	5107.6
159	752.8	752.8	756.9	1026,493,31,28	1734.8	39.4814232	73.5953882	5107.6
160	187.2	186.2	194.2	205,579,26,30	1733.0	39.4813764	73.5951109	5107.6
161	697.8	697.8	700.8	1117,1005,52,19	1731.6	39.4814229	73.5953888	5107.6
162	581.7	576.6	603.7	307,978,45,31	1727.7	39.4814213	73.5953903	5107.6
163	478.5	478.5	483.5	1589,677,31,24	1719.4	39.4813774	73.5951049	5107.6
164	482.5	480.5	482.5	201,167,22,36	1719.1	39.4813772	73.5951048	5107.6
165	591.7	583.7	607.7	193,801,38,32	1717.5	39.4814217	73.5953903	5107.6
166	381.4	381.4	386.4	209,811,30,29	1716.6	39.4813797	73.5951062	5107.6
167	719.8	719.8	719.8	0,0,33,17	1713.6	39.4814231	73.5953891	5107.6
168	626.7	626.7	636.7	427,129,22,24	1713.2	39.4814216	73.5953887	5107.6
169	393.4	393.4	400.5	1692,990,31,66	1711.6	39.4813785	73.5951061	5107.6
170	580.7	580.7	580.7	1611,89,38,14	1708.9	39.4814212	73.5953905	5107.6
171	42.0	37.0	42.0	1585,35,48,17	1706.0	39.4813762	73.5951136	5107.7
172	555.6	549.6	569.6	1233,67,32,22	1705.9	39.4814213	73.5953902	5107.6
173	552.6	552.6	555.6	1653,385,22,33	1703.5	39.4814213	73.5953907	5107.6
174	268.3	267.3	269.3	1703,129,26,26	1699.2	39.4813776	73.5951084	5107.6
175	389.4	384.4	392.4	1410,551,21,32	1697.6	39.4813787	73.5951059	5107.6
176	557.6	555.6	566.6	223,449,17,41	1697.5	39.4814210	73.5953900	5107.6
177	498.6	496.6	498.6	1651,0,32,21	1685.1	39.4813773	73.5951046	5107.6
178	584.7	576.6	600.7	985,27,38,38	1677.0	39.4814217	73.5953904	5107.6
179	287.3	287.3	297.3	1620,817,19,68	1673.6	39.4813776	73.5951079	5107.5
180	99.1	99.1	99.1	25,81,34,72	1672.6	39.4813766	73.5951114	5107.6
181	287.3	287.3	287.3	1445,1047,44,33	1669.6	39.4813776	73.5951079	5107.5
182	542.6	542.6	542.6	1189,913,28,32	1666.8	39.4814223	73.5953912	5107.6
183	423.5	423.5	423.5	563,1035,30,22	1659.9	39.4813789	73.5951061	5107.6
184	179.2	179.2	185.2	27,377,38,20	1659.6	39.4813759	73.5951108	5107.6
185	387.4	384.4	387.4	1585,399,32,19	1650.8	39.4813792	73.5951063	5107.6
186	684.8	684.8	684.8	401,503,37,26	1634.5	39.4814225	73.5953888	5107.6
187	415.5	413.5	415.5	1511,209,32,19	1631.0	39.4813786	73.5951060	5107.6
188	416.5	415.5	420.5	477,23,46,20	1627.8	39.4813786	73.5951061	5107.5
189	570.6	570.6	570.6	1153,257,16,32	1614.0	39.4814216	73.5953906	5107.6
190	735.8	735.8	738.8	623,1043,18,30	1606.5	39.4814236	73.5953889	5107.6
191	287.3	287.3	288.3	75,523,38,30	1598.8	39.4813776	73.5951079	5107.5
192	616.7	616.7	617.7	1740,9,45,38	1590.0	39.4814218	73.5953894	5107.6
193	325.4	319.4	330.4	1180,737,23,32	1589.0	39.4813783	73.5951071	5107.5
194	472.5	472.5	472.5	1839,73,34,14	1580.7	39.4813776	73.5951055	5107.6
195	202.2	198.2	208.2	375,691,34,44	1579.9	39.4813771	73.5951104	5107.6
196	544.6	544.6	544.6	1637,997,24,24	1577.5	39.4814222	73.5953911	5107.6
197	463.5	462.5	467.5	1381,157,28,16	1572.2	39.4813787	73.5951056	5107.6
198	545.6	545.6	545.6	265,593,40,13	1566.4	39.4814222	73.5953910	5107.6
199	676.8	675.8	676.8	0,0,35,13	1562.0	39.4814223	73.5953892	5107.6
200	373.4	364.4	374.4	1217,977,24,28	1561.5	39.4813791	73.5951060	5107.6
201	450.5	449.5	450.5	1825,225,45,40	1561.4	39.4813782	73.5951059	5107.6
202	619.7	619.7	624.7	1695,985,64,18	1556.0	39.4814217	73.5953893	5107.6
203	289.3	289.3	290.3	1361,901,37,34	1550.6	39.4813777	73.5951080	5107.6
204	684.8	684.8	684.8	1089,566,30,35	1545.9	39.4814225	73.5953888	5107.6
205	538.6	538.6	538.6	529,357,32,22	1540.3	39.4814228	73.5953917	5107.6
206	382.4	376.4	383.4	873,369,24,27	1526.7	39.4813795	73.5951064	5107.6
207	177.2	176.2	180.2	177,445,15,36	1524.7	39.4813759	73.5951109	5107.6
208	391.4	388.4	391.4	1149,390,24,23	1524.1	39.4813786	73.5951060	5107.6
209	227.3	227.3	227.3	33,199,32,60	1517.4	39.4813771	73.5951102	5107.5
210	286.3	286.3	286.3	1559,987,24,34	1510.5	39.4813774	73.5951079	5107.5
211	476.5	476.5	476.5	401,17,40,16	1507.1	39.4813773	73.5951051	5107.6
212	125.1	125.1	127.1	89,383,18,46	1505.5	39.4813757	73.5951120	5107.6
213	409.5	409.5	411.5	933,527,26,18	1504.4	39.4813793	73.5951058	5107.5
214	588.7	585.7	596.7	785,113,32,16	1501.5	39.4814217	73.5953903	5107.6
215	393.4	393.4	394.4	599,528,26,37	1499.9	39.4813785	73.5951061	5107.6
216	532.6	525.6	532.6	273,985,56,32	1493.9	39.4814226	73.5953915	5107.6
217	530.6	530.6	532.6	1133,65,44,14	1491.5	39.4814226	73.5953916	5107.6
218	535.6	535.6	535.6	625,87,26,26	1485.1	39.4814226	73.5953919	5107.6
219	390.4	383.4	393.4	1393,183,22,22	1477.1	39.4813788	73.5951058	5107.6
220	198.2	196.2	203.2	291,41,38,82	1475.8	39.4813771	73.5951105	5107.6
221	672.8	672.8	672.8	849,41,39,16	1475.6	39.4814225	73.5953893	5107.6
222	677.8	675.8	677.8	0,41,20,41	1473.1	39.4814223	73.5953891	5107.6
223	282.3	279.3	282.3	48,1007,21,66	1470.5	39.4813777	73.5951082	5107.6
224	135.2	135.2	135.2	0,85,23,28	1461.8	39.4813763	73.5951116	5107.6
225	473.5	473.5	474.5	41,992,30,39	1461.5	39.4813777	73.5951055	5107.6
226	546.6	546.6	546.6	923,566,18,39	1457.4	39.4814221	73.5953910	5107.6
227	539.6	539.6	541.6	1545,323,16,34	1453.9	39.4814226	73.5953914	5107.6
228	607.7	607.7	609.7	103,1005,34,22	1448.8	39.4814214	73.5953897	5107.6
229	564.6	556.6	564.6	609,1007,23,24	1444.5	39.4814209	73.5953903	5107.6
230	548.6	548.6	548.6	1641,267,38,18	1440.7	39.4814220	73.5953912	5107.6
231	470.5	468.5	470.5	125,850,14,31	1439.4	39.4813777	73.5951053	5107.6
232	439.5	439.5	446.5	661,587,24,22	1431.5	39.4813783	73.5951061	5107.6
233	605.7	603.7	607.7	509,927,50,42	1430.7	39.4814215	73.5953898	5107.6
234	542.6	542.6	546.6	179,119,26,26	1430.3	39.4814223	73.5953912	5107.6
235	534.6	534.6	534.6	792,181,28,28	1429.7	39.4814227	73.5953918	5107.6
236	93.1	93.1	96.1	71,929,34,42	1428.4	39.4813759	73.5951116	5107.6
237	471.5	471.5	471.5	385,1011,30,42	1428.1	39.4813778	73.5951054	5107.6
238	462.5	462.5	467.5	44,698,27,31	1425.5	39.4813787	73.5951056	5107.6
239	557.6	557.6	561.6	1825,69,36,49	1424.3	39.4814210	73.5953900	5107.6
240	642.7	641.7	645.7	369,593,32,20	1417.8	39.4814222	73.5953892	5107.6
241	797.9	796.9	797.9	1122,786,45,23	1414.9	39.4814243	73.5953878	5107.6
242	460.5	453.5	460.5	417,917,31,39	1412.7	39.4813786	73.5951056	5107.6
243	423.5	423.5	423.5	929,529,30,24	1411.7	39.4813789	73.5951061	5107.6
244	84.1	84.1	84.1	33,9,44,40	1411.1	39.4813757	73.5951120	5107.7
245	483.5	483.5	483.5	535,326,30,26	1410.1	39.4813772	73.5951047	5107.6
246	154.2	150.2	157.2	93,827,35,24	1404.0	39.4813766	73.5951106	5107.6
247	611.7	611.7	611.7	1361,655,21,28	1392.2	39.4814215	73.5953893	5107.6
248	353.4	346.4	355.4	610,619,47,32	1389.5	39.4813792	73.5951061	5107.6
249	142.2	142.2	142.2	81,1001,18,48	1385.5	39.4813761	73.5951113	5107.6
250	642.7	642.7	642.7	0,911,27,16	1385.5	39.4814222	73.5953892	5107.6
251	191.2	189.2	194.2	33,708,23,33	1385.4	39.4813766	73.5951108	5107.6
252	563.6	560.6	567.6	1315,209,28,24	1384.6	39.4814208	73.5953903	5107.6
253	243.3	241.3	243.3	511,604,38,21	1381.4	39.4813766	73.5951099	5107.5
254	142.2	142.2	142.2	203,993,29,56	1380.6	39.4813761	73.5951113	5107.6
255	282.3	280.3	282.3	11,660,14,54	1374.7	39.4813777	73.5951082	5107.6
256	96.1	96.1	96.1	274,7,37,15	1373.4	39.4813764	73.5951114	5107.6
257	560.6	557.6	569.6	369,691,16,30	1366.0	39.4814205	73.5953900	5107.6
258	570.6	570.6	570.6	809,0,40,17	1365.5	39.4814216	73.5953906	5107.6
259	222.2	222.2	222.2	43,0,42,45	1364.6	39.4813768	73.5951101	5107.6
260	166.2	165.2	167.2	79,929,18,24	1361.8	39.4813763	73.5951107	5107.6
261	289.3	287.3	289.3	1727,420,24,33	1355.9	39.4813777	73.5951080	5107.6
262	461.5	461.5	461.5	315,841,28,25	1355.1	39.4813787	73.5951056	5107.6
263	229.3	228.3	229.3	505,263,24,37	1354.3	39.4813776	73.5951100	5107.6
264	532.6	531.6	532.6	123,401,16,22	1354.1	39.4814226	73.5953915	5107.6
265	594.7	577.6	602.7	967,387,16,30	1353.0	39.4814215	73.5953901	5107.6
266	684.8	684.8	687.8	615,987,26,26	1352.1	39.4814225	73.5953888	5107.6
267	405.5	399.4	405.5	737,727,26,18	1349.6	39.4813795	73.5951060	5107.6
268	381.4	381.4	381.4	177,953,26,24	1348.2	39.4813797	73.5951062	5107.6
269	99.1	99.1	99.1	70,111,27,62	1347.0	39.4813766	73.5951114	5107.6
270	463.5	463.5	466.5	110,713,19,24	1346.1	39.4813787	73.5951056	5107.6
271	470.5	468.5	470.5	1601,177,16,48	1345.4	39.4813777	73.5951053	5107.6
272	619.7	615.7	626.7	321,962,32,30	1343.2	39.4814217	73.5953893	5107.6
273	584.7	576.6	597.7	1795,0,46,9	1331.9	39.4814217	73.5953904	5107.6
274	386.4	386.4	392.4	1229,750,28,45	1331.7	39.4813793	73.5951064	5107.6
275	242.3	239.3	243.3	663,152,38,31	1330.9	39.4813767	73.5951099	5107.5
276	552.6	552.6	552.6	641,1049,49,24	1326.5	39.4814213	73.5953907	5107.6
277	358.4	355.4	362.4	1028,375,35,18	1325.5	39.4813791	73.5951065	5107.6
278	390.4	390.4	390.4	803,1009,30,26	1323.9	39.4813788	73.5951058	5107.6
279	597.7	589.7	600.7	23,773,32,18	1323.8	39.4814216	73.5953903	5107.6
280	443.5	440.5	444.5	1825,805,46,19	1322.9	39.4813785	73.5951058	5107.6
281	600.7	576.6	600.7	1715,0,44,17	1320.5	39.4814217	73.5953904	5107.6
282	461.5	461.5	461.5	13,467,20,30	1317.2	39.4813787	73.5951056	5107.6
283	390.4	386.4	390.4	489,641,32,24	1312.9	39.4813788	73.5951058	5107.6
284	631.7	617.7	635.7	482,889,23,40	1309.7	39.4814216	73.5953884	5107.6
285	720.8	717.8	720.8	113,61,27,36	1304.5	39.4814232	73.5953891	5107.6
286	359.4	359.4	369.4	551,0,17,31	1304.4	39.4813791	73.5951065	5107.6
287	582.7	578.7	584.7	567,872,24,25	1302.6	39.4814215	73.5953904	5107.6
288	249.3	248.3	249.3	822,580,33,29	1300.5	39.4813765	73.5951094	5107.5
289	161.2	156.2	163.2	113,477,36,20	1293.4	39.4813765	73.5951106	5107.6
290	611.7	611.7	617.7	865,543,40,34	1293.3	39.4814215	73.5953893	5107.6
291	620.7	615.7	620.7	625,31,17,26	1282.3	39.4814217	73.5953891	5107.6
292	96.1	96.1	96.1	329,81,24,24	1280.6	39.4813764	73.5951114	5107.6
293	227.3	227.3	227.3	59,153,44,32	1273.8	39.4813771	73.5951102	5107.5
294	399.4	394.4	407.5	1407,829,28,28	1273.2	39.4813788	73.5951059	5107.6
295	464.5	464.5	467.5	752,455,28,31	1269.1	39.4813785	73.5951056	5107.6
296	286.3	286.3	288.3	913,231,20,30	1267.8	39.4813774	73.5951079	5107.5
297	376.4	376.4	379.4	1855,0,34,11	1266.8	39.4813791	73.5951061	5107.6
298	108.1	108.1	109.1	1059,387,12,34	1266.5	39.4813758	73.5951123	5107.6
299	425.5	425.5	425.5	1301,781,18,30	1265.6	39.4813789	73.5951060	5107.5
300	390.4	388.4	392.4	1745,469,32,14	1259.4	39.4813788	73.5951058	5107.6
301	104.1	103.1	107.1	655,111,44,44	1259.1	39.4813758	73.5951116	5107.6
302	393.4	393.4	394.4	1900,285,20,30	1258.7	39.4813785	73.5951061	5107.6
303	472.5	472.5	473.5	335,987,28,34	1257.6	39.4813776	73.5951055	5107.6
304	726.8	726.8	726.8	705,1001,23,20	1255.6	39.4814234	73.5953890	5107.6
305	16.0	14.0	20.0	1763,631,14,64	1245.9	39.4813760	73.5951135	5107.7
306	619.7	619.7	626.7	1633,1001,42,18	1242.5	39.4814217	73.5953893	5107.6
307	696.8	696.8	696.8	1613,223,26,23	1241.4	39.4814229	73.5953888	5107.6
308	458.5	453.5	459.5	1033,873,22,24	1240.3	39.4813784	73.5951056	5107.6
309	778.9	773.9	780.9	115,979,14,30	1239.6	39.4814236	73.5953875	5107.6
310	85.1	85.1	89.1	1905,1059,15,21	1238.5	39.4813755	73.5951119	5107.7
311	537.6	537.6	537.6	0,265,21,32	1238.2	39.4814228	73.5953917	5107.6
312	415.5	414.5	419.5	1437,863,19,38	1237.3	39.4813786	73.5951060	5107.6
313	424.5	424.5	425.5	929,529,22,24	1236.0	39.4813788	73.5951060	5107.5
314	677.8	676.8	677.8	21,65,25,29	1235.7	39.4814223	73.5953891	5107.6
315	484.5	484.5	484.5	1393,209,32,18	1234.2	39.4813773	73.5951048	5107.6
316	687.8	684.8	687.8	1337,789,17,38	1227.0	39.4814228	73.5953891	5107.6
317	743.8	736.8	744.8	1757,561,16,32	1226.8	39.4814236	73.5953883	5107.6
318	693.8	693.8	693.8	929,1003,32,38	1226.2	39.4814230	73.5953888	5107.6
319	375.4	368.4	376.4	1873,1041,32,32	1224.8	39.4813793	73.5951062	5107.6
320	686.8	686.8	686.8	1315,735,31,17	1224.0	39.4814226	73.5953890	5107.6
321	541.6	539.6	541.6	249,119,30,14	1222.7	39.4814223	73.5953912	5107.6
322	141.2	140.2	142.2	169,91,25,22	1220.8	39.4813761	73.5951115	5107.6
323	732.8	731.8	732.8	1743,127,34,26	1220.3	39.4814232	73.5953890	5107.6
324	696.8	696.8	696.8	1703,259,26,18	1218.6	39.4814229	73.5953888	5107.6
325	543.6	543.6	545.6	126,835,19,30	1216.1	39.4814222	73.5953912	5107.6
326	752.8	751.8	752.8	1665,83,30,20	1214.6	39.4814232	73.5953882	5107.6
327	358.4	357.4	361.4	1835,215,24,50	1213.7	39.4813791	73.5951065	5107.6
328	586.7	576.6	600.7	113,919,22,34	1208.4	39.4814219	73.5953903	5107.6
329	614.7	614.7	614.7	868,617,20,40	1207.7	39.4814218	73.5953894	5107.6
330	441.5	437.5	446.5	1897,641,23,22	1206.6	39.4813785	73.5951059	5107.6
331	462.5	462.5	465.5	65,625,30,16	1205.9	39.4813787	73.5951056	5107.6
332	395.4	395.4	403.5	1173,1048,22,32	1201.0	39.4813786	73.5951059	5107.6
333	290.3	290.3	290.3	801,705,32,18	1199.4	39.4813778	73.5951080	5107.6
334	606.7	603.7	610.7	437,213,21,58	1196.2	39.4814214	73.5953897	5107.6
335	483.5	483.5	483.5	1815,111,26,20	1194.7	39.4813772	73.5951047	5107.6
336	642.7	642.7	642.7	945,437,30,18	1193.8	39.4814222	73.5953892	5107.6
337	684.8	684.8	684.8	1477,831,28,30	1189.8	39.4814225	73.5953888	5107.6
338	223.3	217.2	223.3	17,97,25,28	1189.3	39.4813770	73.5951099	5107.6
339	757.9	754.8	757.9	1431,655,49,14	1184.3	39.4814229	73.5953879	5107.6
340	751.8	751.8	753.8	993,501,32,18	1182.2	39.4814232	73.5953882	5107.6
341	424.5	424.5	424.5	625,959,28,18	1182.1	39.4813788	73.5951060	5107.5
342	643.7	643.7	643.7	1227,597,38,28	1181.0	39.4814222	73.5953892	5107.6
343	473.5	472.5	474.5	1361,185,16,24	1179.0	39.4813777	73.5951055	5107.6
344	289.3	289.3	289.3	1084,537,23,24	1178.3	39.4813777	73.5951080	5107.6
345	99.1	99.1	99.1	1867,639,12,94	1176.1	39.4813766	73.5951114	5107.6
346	697.8	697.8	697.8	697,785,51,15	1175.9	39.4814229	73.5953888	5107.6
347	570.6	570.6	570.6	240,695,18,34	1175.8	39.4814216	73.5953906	5107.6
348	99.1	99.1	99.1	123,59,25,48	1175.0	39.4813766	73.5951114	5107.6
349	171.2	171.2	171.2	0,881,13,46	1173.9	39.4813761	73.5951109	5107.6
350	441.5	439.5	447.5	1763,609,40,16	1173.2	39.4813785	73.5951059	5107.6
351	615.7	615.7	621.7	1699,1046,24,19	1171.0	39.4814218	73.5953893	5107.6
352	725.8	721.8	725.8	871,667,22,33	1168.7	39.4814234	73.5953890	5107.6
353	544.6	544.6	544.6	713,161,22,16	1168.4	39.4814222	73.5953911	5107.6
354	737.8	735.8	747.8	957,433,20,38	1167.9	39.4814240	73.5953888	5107.6
355	597.7	594.7	600.7	82,931,47,22	1166.8	39.4814216	73.5953903	5107.6
356	594.7	583.7	601.7	225,977,16,32	1165.0	39.4814215	73.5953901	5107.6
357	525.6	524.6	528.6	74,1049,23,31	1160.4	39.4814222	73.5953917	5107.6
358	612.7	612.7	614.7	679,971,20,26	1160.1	39.4814215	73.5953893	5107.6
359	481.5	479.5	481.5	1089,543,30,28	1159.2	39.4813771	73.5951047	5107.6
360	735.8	735.8	736.8	1833,1041,26,16	1159.1	39.4814236	73.5953889	5107.6
361	714.8	713.8	714.8	1825,721,24,22	1157.5	39.4814233	73.5953893	5107.6
362	557.6	556.6	559.6	107,897,22,16	1157.0	39.4814210	73.5953900	5107.6
363	533.6	533.6	533.6	273,161,42,24	1156.9	39.4814227	73.5953917	5107.6
364	586.7	584.7	590.7	601,929,18,26	1156.9	39.4814219	73.5953903	5107.6
365	342.4	328.4	343.4	947,921,30,18	1156.3	39.4813789	73.5951063	5107.5
366	531.6	528.6	531.6	9,707,24,31	1155.5	39.4814227	73.5953915	5107.6
367	472.5	472.5	475.5	1361,0,48,9	1151.2	39.4813776	73.5951055	5107.6
368	608.7	608.7	608.7	0,449,33,30	1150.4	39.4814214	73.5953896	5107.6
369	542.6	542.6	542.6	375,881,32,28	1146.2	39.4814223	73.5953912	5107.6
370	538.6	538.6	538.6	1217,265,21,38	1145.0	39.4814228	73.5953917	5107.6
371	423.5	423.5	424.5	937,335,16,26	1141.9	39.4813789	73.5951061	5107.6
372	417.5	413.5	418.5	695,719,23,24	1141.0	39.4813787	73.5951060	5107.5
373	334.4	331.4	337.4	1875,173,30,21	1137.6	39.4813788	73.5951069	5107.5
374	290.3	290.3	290.3	119,17,22,20	1136.0	39.4813778	73.5951080	5107.6
375	228.3	228.3	228.3	27,242,32,58	1134.0	39.4813772	73.5951102	5107.6
376	586.7	576.6	602.7	1895,891,25,20	1132.5	39.4814219	73.5953903	5107.6
377	474.5	474.5	474.5	547,8,44,9	1132.3	39.4813776	73.5951054	5107.6
378	416.5	414.5	420.5	1364,825,21,30	1126.2	39.4813786	73.5951061	5107.5
379	386.4	386.4	389.4	477,721,20,32	1125.0	39.4813793	73.5951064	5107.6
380	286.3	286.3	286.3	1269,171,32,21	1124.2	39.4813774	73.5951079	5107.5
381	155.2	155.2	161.2	585,1019,16,36	1120.7	39.4813765	73.5951106	5107.6
382	685.8	685.8	687.8	1209,601,24,24	1119.8	39.4814225	73.5953889	5107.6
383	287.3	287.3	290.3	157,5,20,26	1116.1	39.4813776	73.5951079	5107.5
384	606.7	601.7	610.7	1329,857,26,20	1114.6	39.4814214	73.5953897	5107.6
385	290.3	290.3	290.3	261,79,14,34	1112.0	39.4813778	73.5951080	5107.6
386	242.3	240.3	242.3	1274,553,29,22	1110.4	39.4813767	73.5951099	5107.5
387	501.6	501.6	511.6	1747,0,20,21	1109.6	39.4813771	73.5951045	5107.6
388	227.3	227.3	227.3	10,267,15,49	1109.5	39.4813771	73.5951102	5107.5
389	21.0	21.0	21.0	1729,27,28,22	1109.0	39.4813759	73.5951134	5107.7
390	593.7	588.7	593.7	1547,963,20,20	1109.0	39.4814215	73.5953902	5107.6
391	283.3	283.3	284.3	97,257,24,48	1107.3	39.4813776	73.5951082	5107.6
392	243.3	237.3	243.3	836,495,23,29	1103.7	39.4813766	73.5951099	5107.5
393	244.3	244.3	244.3	1435,381,20,20	1103.7	39.4813765	73.5951098	5107.5
394	165.2	163.2	168.2	121,757,24,20	1102.7	39.4813763	73.5951107	5107.6
395	341.4	326.4	341.4	655,1061,23,19	1100.7	39.4813790	73.5951064	5107.5
396	483.5	483.5	484.5	367,313,21,16	1099.6	39.4813772	73.5951047	5107.6
397	23.0	23.0	23.0	883,357,22,28	1098.9	39.4813762	73.5951135	5107.7
398	533.6	533.6	533.6	1749,51,16,31	1098.4	39.4814227	73.5953917	5107.6
399	291.3	291.3	291.3	1810,788,19,77	1096.6	39.4813778	73.5951078	5107.5
400	186.2	181.2	187.2	95,225,20,20	1096.4	39.4813764	73.5951110	5107.6
401	535.6	535.6	537.6	1666,259,22,22	1095.8	39.4814226	73.5953919	5107.6
402	288.3	287.3	289.3	155,701,40,20	1094.6	39.4813776	73.5951081	5107.6
403	359.4	359.4	363.4	1783,97,52,8	1094.3	39.4813791	73.5951065	5107.6
404	467.5	462.5	467.5	785,401,16,38	1093.4	39.4813781	73.5951055	5107.6
405	231.3	231.3	234.3	663,251,26,22	1091.9	39.4813777	73.5951101	5107.6
406	102.1	99.1	102.1	601,289,38,32	1091.4	39.4813763	73.5951116	5107.6
407	380.4	367.4	381.4	209,997,24,26	1090.8	39.4813795	73.5951062	5107.6
408	592.7	590.7	603.7	69,915,22,46	1090.7	39.4814216	73.5953903	5107.6
409	583.7	576.6	587.7	48,481,23,16	1090.5	39.4814213	73.5953904	5107.6
410	655.7	650.7	655.7	17,0,37,17	1090.4	39.4814222	73.5953891	5107.6
411	454.5	447.5	460.5	1665,11,22,22	1087.9	39.4813786	73.5951057	5107.6
412	470.5	462.5	471.5	17,807,40,30	1087.6	39.4813777	73.5951053	5107.6
413	611.7	611.7	611.7	1193,921,19,34	1087.0	39.4814215	73.5953893	5107.6
414	290.3	290.3	290.3	1140,247,23,26	1086.6	39.4813778	73.5951080	5107.6
415	779.9	777.9	781.9	862,19,32,27	1086.3	39.4814234	73.5953875	5107.6
416	387.4	385.4	388.4	893,1062,20,18	1084.9	39.4813792	73.5951063	5107.6
417	552.6	552.6	569.6	1345,153,46,8	1084.0	39.4814213	73.5953907	5107.6
418	40.0	40.0	42.0	1764,459,27,36	1083.1	39.4813762	73.5951132	5107.7
419	603.7	603.7	610.7	74,929,19,31	1080.6	39.4814217	73.5953900	5107.6
420	721.8	721.8	721.8	353,49,16,24	1079.8	39.4814232	73.5953891	5107.6
421	239.3	239.3	239.3	1007,419,22,23	1079.3	39.4813773	73.5951101	5107.5
422	525.6	524.6	530.6	21,977,18,22	1078.4	39.4814222	73.5953917	5107.6
423	213.2	208.2	213.2	11,647,16,58	1077.5	39.4813768	73.5951101	5107.6
424	364.4	364.4	367.4	1897,65,23,20	1077.5	39.4813796	73.5951066	5107.6
425	464.5	464.5	466.5	177,983,24,24	1075.2	39.4813785	73.5951056	5107.6
426	217.2	217.2	217.2	17,1027,14,46	1073.6	39.4813770	73.5951100	5107.6
427	287.3	287.3	289.3	1533,399,30,28	1073.4	39.4813776	73.5951079	5107.5
428	387.4	387.4	391.4	833,613,32,18	1073.0	39.4813792	73.5951063	5107.6
429	563.6	559.6	568.6	129,875,22,22	1072.0	39.4814208	73.5953903	5107.6
430	570.6	570.6	570.6	95,986,42,29	1070.9	39.4814216	73.5953906	5107.6
431	611.7	611.7	611.7	1887,771,33,20	1070.6	39.4814215	73.5953893	5107.6
432	24.0	24.0	27.0	1579,433,28,40	1070.3	39.4813760	73.5951137	5107.7
433	4.0	3.0	4.0	1589,73,24,24	1069.9	39.4813756	73.5951136	5107.7
434	394.4	394.4	407.5	1680,129,19,24	1068.9	39.4813785	73.5951060	5107.6
435	643.7	643.7	643.7	929,395,33,16	1067.8	39.4814222	73.5953892	5107.6
436	663.7	663.7	663.7	1809,10,18,29	1067.5	39.4814224	73.5953892	5107.6
437	682.8	677.8	682.8	1367,695,26,18	1065.9	39.4814224	73.5953887	5107.6
438	560.6	556.6	569.6	295,652,20,21	1062.3	39.4814205	73.5953900	5107.6
439	212.2	207.2	213.2	195,515,30,27	1060.8	39.4813768	73.5951103	5107.6
440	225.3	224.3	226.3	0,425,17,58	1058.5	39.4813771	73.5951099	5107.6
441	414.5	414.5	416.5	1219,865,28,28	1057.9	39.4813787	73.5951060	5107.6
442	782.9	779.9	797.9	906,185,29,19	1057.2	39.4814235	73.5953875	5107.6
443	645.7	645.7	645.7	5,489,17,40	1054.8	39.4814222	73.5953892	5107.6
444	224.3	224.3	224.3	1553,50,24,15	1054.7	39.4813772	73.5951098	5107.6
445	468.5	468.5	468.5	833,443,21,22	1054.4	39.4813779	73.5951055	5107.6
446	475.5	475.5	475.5	83,19,22,22	1052.6	39.4813775	73.5951053	5107.6
447	225.3	225.3	225.3	121,0,44,27	1051.7	39.4813771	73.5951099	5107.6
448	529.6	524.6	529.6	433,1013,24,25	1051.5	39.4814224	73.5953915	5107.6
449	655.7	655.7	657.7	1203,979,30,19	1051.2	39.4814222	73.5953891	5107.6
450	83.1	83.1	84.1	86,97,21,32	1046.9	39.4813758	73.5951121	5107.7
451	173.2	172.2	173.2	37,353,14,56	1046.1	39.4813764	73.5951106	5107.6
452	359.4	348.4	359.4	1737,1035,48,45	1045.7	39.4813791	73.5951065	5107.6
453	19.0	18.0	20.0	1795,792,16,25	1045.4	39.4813759	73.5951133	5107.7
454	470.5	470.5	470.5	1545,0,38,19	1044.4	39.4813777	73.5951053	5107.6
455	795.9	795.9	797.9	0,169,15,24	1043.8	39.4814244	73.5953876	5107.6
456	633.7	632.7	640.7	1561,195,46,12	1039.8	39.4814225	73.5953887	5107.6
457	220.2	220.2	221.2	0,0,53,37	1039.6	39.4813769	73.5951101	5107.6
458	685.8	685.8	686.8	1820,321,28,15	1038.4	39.4814225	73.5953889	5107.6
459	532.6	532.6	532.6	1875,915,22,20	1037.8	39.4814226	73.5953915	5107.6
460	704.8	700.8	704.8	1299,1065,42,15	1037.7	39.4814229	73.5953888	5107.6
461	442.5	439.5	452.5	935,281,18,34	1034.2	39.4813785	73.5951059	5107.6
462	97.1	94.1	98.1	81,326,14,65	1031.7	39.4813764	73.5951114	5107.6
463	386.4	386.4	391.4	1303,273,20,18	1027.7	39.4813793	73.5951064	5107.6
464	221.2	219.2	221.2	37,145,32,40	1027.5	39.4813768	73.5951101	5107.6
465	336.4	332.4	343.4	1873,301,32,20	1026.4	39.4813789	73.5951068	5107.5
466	543.6	543.6	545.6	90,11,17,22	1026.2	39.4814222	73.5953912	5107.6
467	470.5	469.5	470.5	145,931,28,20	1024.5	39.4813777	73.5951053	5107.6
468	545.6	542.6	545.6	753,547,26,22	1024.4	39.4814222	73.5953910	5107.6
469	393.4	393.4	393.4	871,271,18,21	1023.6	39.4813785	73.5951061	5107.6
470	556.6	551.6	557.6	705,257,32,16	1023.4	39.4814211	73.5953900	5107.6
471	684.8	684.8	684.8	1585,334,20,25	1022.6	39.4814225	73.5953888	5107.6
472	172.2	172.2	173.2	36,577,17,72	1020.6	39.4813761	73.5951109	5107.6
473	406.5	396.4	406.5	1100,131,27,14	1019.2	39.4813794	73.5951059	5107.6
474	641.7	641.7	641.7	308,36,26,23	1018.8	39.4814222	73.5953890	5107.6
475	732.8	727.8	732.8	1813,161,55,28	1016.8	39.4814232	73.5953890	5107.6
476	536.6	535.6	536.6	13,27,12,46	1016.5	39.4814227	73.5953918	5107.6
477	748.8	748.8	750.8	1231,29,50,10	1015.1	39.4814233	73.5953884	5107.6
478	525.6	524.6	532.6	1159,355,16,28	1014.2	39.4814222	73.5953917	5107.6
479	182.2	178.2	186.2	285,461,24,52	1011.2	39.4813761	73.5951109	5107.6
480	716.8	716.8	718.8	337,361,22,20	1011.1	39.4814232	73.5953892	5107.6
481	390.4	387.4	391.4	1361,835,24,30	1009.9	39.4813788	73.5951058	5107.6
482	538.6	538.6	538.6	0,153,31,14	1009.6	39.4814228	73.5953917	5107.6
483	724.8	723.8	724.8	945,61,24,28	1009.6	39.4814234	73.5953891	5107.6
484	398.4	398.4	398.4	557,115,20,20	1009.1	39.4813787	73.5951059	5107.6
485	410.5	409.5	411.5	1295,113,24,24	1008.5	39.4813794	73.5951059	5107.5
486	523.6	523.6	523.6	1523,195,22,15	1008.5	39.4814220	73.5953919	5107.6
487	545.6	544.6	545.6	169,808,38,25	1008.0	39.4814222	73.5953910	5107.6
488	626.7	624.7	626.7	1747,939,35,16	1006.2	39.4814216	73.5953887	5107.6
489	285.3	285.3	285.3	114,555,15,32	1005.6	39.4813775	73.5951080	5107.6
490	641.7	637.7	646.7	545,353,24,16	1005.6	39.4814222	73.5953890	5107.6
491	386.4	386.4	392.4	1303,387,18,22	1005.4	39.4813793	73.5951064	5107.6
492	393.4	393.4	393.4	1339,1037,18,28	1004.8	39.4813785	73.5951061	5107.6
493	291.3	291.3	291.3	325,625,16,31	1004.1	39.4813778	73.5951078	5107.5
494	2.0	2.0	2.0	1457,315,14,28	1004.0	39.4813757	73.5951138	5107.7
495	153.2	148.2	159.2	406,623,18,28	1003.9	39.4813767	73.5951107	5107.6
496	231.3	231.3	231.3	241,105,50,42	1003.1	39.4813777	73.5951101	5107.6
497	599.7	599.7	599.7	139,1023,30,24	1002.4	39.4814216	73.5953904	5107.6
498	360.4	354.4	360.4	865,971,40,10	1001.6	39.4813794	73.5951067	5107.6
499	554.6	554.6	558.6	771,41,20,30	1000.1	39.4814213	73.5953903	5107.6
500	223.3	223.3	223.3	0,157,25,28	1000.0	39.4813770	73.5951099	5107.6
501	466.5	463.5	469.5	513,865,16,20	998.4	39.4813782	73.5951055	5107.6
502	718.8	717.8	719.8	339,987,38,22	997.2	39.4814230	73.5953891	5107.6
503	694.8	694.8	694.8	1659,585,32,24	995.9	39.4814230	73.5953888	5107.6
504	410.5	409.5	411.5	0,49,31,14	993.2	39.4813794	73.5951059	5107.5
505	222.2	222.2	222.2	11,347,8,52	992.0	39.4813768	73.5951101	5107.6
506	661.7	661.7	662.7	69,529,30,24	991.7	39.4814222	73.5953892	5107.6
507	533.6	533.6	533.6	907,527,22,18	991.4	39.4814227	73.5953917	5107.6
508	38.0	34.0	38.0	1853,149,22,66	990.8	39.4813763	73.5951133	5107.7
509	162.2	156.2	163.2	95,271,28,30	989.7	39.4813764	73.5951105	5107.6
510	202.2	202.2	204.2	225,55,46,30	989.6	39.4813771	73.5951104	5107.6
511	569.6	557.6	569.6	385,0,20,17	989.3	39.4814218	73.5953906	5107.6
512	546.6	546.6	546.6	0,755,25,18	988.9	39.4814221	73.5953910	5107.6
513	612.7	612.7	614.7	1837,0,50,17	987.6	39.4814215	73.5953893	5107.6
514	173.2	173.2	173.2	25,603,16,58	986.4	39.4813764	73.5951106	5107.6
515	176.2	175.2	176.2	281,73,48,32	986.3	39.4813759	73.5951109	5107.6
516	631.7	628.7	637.7	635,811,23,15	985.1	39.4814216	73.5953884	5107.6
517	88.1	88.1	88.1	1857,1035,32,14	985.0	39.4813755	73.5951115	5107.6
518	196.2	195.2	204.2	225,57,40,28	984.8	39.4813768	73.5951106	5107.6
519	694.8	694.8	694.8	1407,807,42,21	984.8	39.4814230	73.5953888	5107.6
520	220.2	218.2	221.2	83,528,12,56	984.6	39.4813769	73.5951101	5107.6
521	532.6	532.6	532.6	19,755,14,30	983.2	39.4814226	73.5953915	5107.6
522	399.4	397.4	408.5	1167,143,34,18	982.4	39.4813788	73.5951059	5107.6
523	499.6	497.6	499.6	1885,3,35,26	981.8	39.4813773	73.5951045	5107.6
524	601.7	601.7	601.7	321,963,16,28	981.7	39.4814216	73.5953903	5107.6
525	274.3	271.3	274.3	15,907,14,54	981.5	39.4813776	73.5951085	5107.5
526	613.7	611.7	613.7	897,921,20,21	980.9	39.4814215	73.5953893	5107.6
527	538.6	538.6	539.6	627,111,32,15	980.1	39.4814228	73.5953917	5107.6
528	444.5	441.5	452.5	605,715,20,22	980.0	39.4813788	73.5951059	5107.6
529	140.2	138.2	140.2	11,385,22,16	978.4	39.4813760	73.5951114	5107.6
530	405.5	393.4	407.5	1619,501,24,34	978.2	39.4813795	73.5951060	5107.6
531	124.1	122.1	126.1	1569,803,16,22	975.9	39.4813757	73.5951119	5107.6
532	702.8	701.8	702.8	1878,583,22,23	975.8	39.4814227	73.5953889	5107.6
533	438.5	437.5	438.5	477,959,26,28	972.9	39.4813783	73.5951061	5107.6
534	693.8	693.8	693.8	85,113,42,16	972.0	39.4814230	73.5953888	5107.6
535	82.1	82.1	82.1	0,241,13,32	971.7	39.4813757	73.5951121	5107.7
536	313.4	313.4	315.4	1897,423,23,32	971.7	39.4813781	73.5951068	5107.6
537	142.2	142.2	142.2	33,939,16,46	970.8	39.4813761	73.5951113	5107.6
538	554.6	551.6	554.6	127,489,22,20	970.8	39.4814213	73.5953903	5107.6
539	592.7	583.7	602.7	0,483,25,34	970.6	39.4814216	73.5953903	5107.6
540	463.5	462.5	466.5	746,358,23,25	968.4	39.4813787	73.5951056	5107.6
541	36.0	35.0	40.0	1489,817,18,42	967.9	39.4813763	73.5951135	5107.7
542	206.2	205.2	206.2	379,467,22,30	967.7	39.4813770	73.5951104	5107.6
543	106.1	106.1	107.1	0,753,16,46	967.4	39.4813759	73.5951120	5107.6
544	399.4	395.4	405.5	1189,845,14,20	967.4	39.4813788	73.5951059	5107.6
545	526.6	526.6	531.6	743,903,32,24	967.0	39.4814222	73.5953917	5107.6
546	700.8	700.8	700.8	757,955,24,16	964.8	39.4814230	73.5953890	5107.6
547	587.7	576.6	604.7	867,179,30,14	962.7	39.4814219	73.5953903	5107.6
548	640.7	640.7	640.7	673,245,21,24	960.4	39.4814222	73.5953888	5107.6
549	376.4	370.4	376.4	1471,1057,34,16	959.8	39.4813791	73.5951061	5107.6
550	642.7	642.7	642.7	18,18,15,23	958.3	39.4814222	73.5953892	5107.6
551	602.7	579.7	604.7	103,163,15,22	956.3	39.4814216	73.5953903	5107.6
552	647.7	647.7	647.7	274,70,21,21	955.3	39.4814218	73.5953891	5107.6
553	312.4	309.3	314.4	1575,865,26,16	954.8	39.4813778	73.5951069	5107.6
554	603.7	603.7	609.7	105,245,26,20	954.6	39.4814217	73.5953900	5107.6
555	523.6	523.6	523.6	1341,311,19,26	951.9	39.4814220	73.5953919	5107.6
556	703.8	703.8	711.8	1481,505,36,18	950.8	39.4814228	73.5953888	5107.6
557	214.2	214.2	214.2	1881,39,39,28	949.8	39.4813768	73.5951101	5107.6
558	363.4	363.4	373.4	1897,5,20,22	948.8	39.4813795	73.5951068	5107.6
559	570.6	570.6	570.6	1467,971,20,22	948.8	39.4814216	73.5953906	5107.6
560	642.7	642.7	642.7	1503,1049,16,24	948.3	39.4814222	73.5953892	5107.6
561	686.8	686.8	686.8	0,292,13,30	948.1	39.4814226	73.5953890	5107.6
562	662.7	654.7	665.7	1909,36,11,45	947.9	39.4814223	73.5953892	5107.6
563	694.8	694.8	694.8	593,945,23,16	947.8	39.4814230	73.5953888	5107.6
564	705.8	705.8	705.8	1377,979,22,22	947.1	39.4814229	73.5953888	5107.6
565	222.2	222.2	222.2	5,215,28,28	946.4	39.4813768	73.5951101	5107.6
566	386.4	386.4	386.4	149,1031,22,28	945.9	39.4813793	73.5951064	5107.6
567	482.5	482.5	482.5	920,583,51,18	944.7	39.4813772	73.5951048	5107.6
568	549.6	549.6	549.6	1787,919,22,17	944.7	39.4814219	73.5953912	5107.6
569	191.2	188.2	194.2	563,633,18,20	944.0	39.4813766	73.5951108	5107.6
570	612.7	612.7	613.7	623,557,16,20	943.2	39.4814215	73.5953893	5107.6
571	523.6	523.6	523.6	1183,27,28,12	941.9	39.4814220	73.5953919	5107.6
572	797.9	779.9	797.9	1001,179,23,28	939.9	39.4814243	73.5953878	5107.6
573	388.4	386.4	392.4	746,385,45,16	939.8	39.4813788	73.5951059	5107.6
574	211.2	195.2	213.2	81,65,20,28	938.8	39.4813770	73.5951104	5107.6
575	384.4	381.4	384.4	911,183,16,24	938.6	39.4813795	73.5951065	5107.6
576	500.6	500.6	500.6	1302,33,37,16	938.4	39.4813772	73.5951044	5107.6
577	419.5	416.5	419.5	801,0,20,17	938.3	39.4813788	73.5951060	5107.6
578	580.7	577.6	584.7	87,881,17,28	936.9	39.4814212	73.5953905	5107.6
579	608.7	589.7	609.7	865,599,20,20	935.2	39.4814214	73.5953896	5107.6
580	697.8	697.8	700.8	287,177,22,37	933.5	39.4814229	73.5953888	5107.6
581	743.8	742.8	743.8	25,161,42,21	932.8	39.4814236	73.5953883	5107.6
582	702.8	702.8	702.8	1809,0,20,15	931.6	39.4814227	73.5953889	5107.6
583	124.1	124.1	127.1	37,497,8,50	931.5	39.4813757	73.5951119	5107.6
584	352.4	342.4	353.4	1877,989,18,38	930.1	39.4813792	73.5951061	5107.6
585	547.6	547.6	547.6	578,843,18,26	928.9	39.4814220	73.5953911	5107.6
586	572.6	572.6	574.6	817,58,16,39	926.2	39.4814214	73.5953908	5107.6
587	182.2	181.2	185.2	181,213,20,28	925.5	39.4813761	73.5951109	5107.6
588	441.5	440.5	441.5	1819,1021,22,26	924.9	39.4813785	73.5951059	5107.6
589	108.1	105.1	110.1	110,75,25,22	924.2	39.4813758	73.5951123	5107.6
590	375.4	374.4	379.4	1780,79,27,17	923.5	39.4813793	73.5951062	5107.6
591	540.6	539.6	542.6	97,641,24,22	922.9	39.4814222	73.5953912	5107.6
592	415.5	414.5	418.5	1113,805,16,28	922.1	39.4813786	73.5951060	5107.6
593	515.6	509.6	515.6	25,1005,20,19	922.1	39.4814150	73.5953396	5107.6
594	318.4	318.4	319.4	1757,881,28,48	920.6	39.4813786	73.5951067	5107.6
595	357.4	356.4	357.4	1793,113,26,32	919.9	39.4813791	73.5951065	5107.6
596	282.3	279.3	282.3	0,1001,9,46	919.0	39.4813777	73.5951082	5107.6
597	695.8	695.8	695.8	1761,41,22,44	916.6	39.4814230	73.5953887	5107.6
598	543.6	543.6	545.6	49,377,16,24	914.7	39.4814222	73.5953912	5107.6
599	593.7	590.7	598.7	521,861,18,23	913.5	39.4814215	73.5953902	5107.6
600	635.7	629.7	640.7	967,335,26,14	912.6	39.4814225	73.5953886	5107.6
601	419.5	414.5	419.5	1495,389,24,18	912.1	39.4813788	73.5951060	5107.6
602	49.1	49.1	50.1	1469,15,32,13	910.9	39.4813764	73.5951134	5107.7
603	675.8	673.8	675.8	90,33,27,34	909.4	39.4814223	73.5953893	5107.6
604	575.6	575.6	575.6	497,265,16,24	908.9	39.4814212	73.5953905	5107.6
605	186.2	184.2	188.2	29,501,16,20	908.7	39.4813764	73.5951110	5107.6
606	533.6	533.6	533.6	1329,977,27,22	908.5	39.4814227	73.5953917	5107.6
607	524.6	524.6	532.6	1011,145,22,14	908.2	39.4814221	73.5953917	5107.6
608	557.6	557.6	561.6	1889,0,16,17	908.1	39.4814210	73.5953900	5107.6
609	705.8	704.8	711.8	411,125,24,32	907.7	39.4814229	73.5953888	5107.6
610	108.1	108.1	110.1	0,929,17,16	907.3	39.4813758	73.5951123	5107.6
611	594.7	577.6	594.7	677,327,21,26	906.8	39.4814215	73.5953901	5107.6
612	656.7	650.7	658.7	1731,675,30,20	906.1	39.4814223	73.5953892	5107.6
613	749.8	735.8	750.8	1809,273,22,16	905.2	39.4814233	73.5953883	5107.6
614	368.4	363.4	372.4	200,607,27,12	905.0	39.4813791	73.5951059	5107.6
615	556.6	553.6	556.6	785,323,22,14	903.2	39.4814211	73.5953900	5107.6
616	414.5	412.5	414.5	1442,241,24,16	902.1	39.4813787	73.5951060	5107.6
617	24.0	24.0	26.0	1905,291,10,34	902.0	39.4813760	73.5951137	5107.7
618	344.4	340.4	351.4	586,585,23,18	900.6	39.4813791	73.5951064	5107.6
619	276.3	276.3	276.3	15,81,38,44	900.2	39.4813781	73.5951084	5107.5
620	536.6	536.6	536.6	1199,169,19,16	900.1	39.4814227	73.5953918	5107.6
621	574.6	572.6	574.6	1879,273,16,24	899.9	39.4814212	73.5953908	5107.6
622	472.5	472.5	472.5	1105,1033,30,14	899.8	39.4813776	73.5951055	5107.6
623	601.7	599.7	610.7	59,737,20,32	899.5	39.4814216	73.5953903	5107.6
624	222.2	222.2	222.2	5,109,28,32	899.1	39.4813768	73.5951101	5107.6
625	145.2	145.2	145.2	7,49,24,34	899.0	39.4813763	73.5951112	5107.6
626	571.6	571.6	572.6	1057,419,22,20	897.8	39.4814215	73.5953907	5107.6
627	704.8	704.8	711.8	39,0,14,25	897.0	39.4814229	73.5953888	5107.6
628	433.5	430.5	436.5	877,1029,20,16	895.7	39.4813782	73.5951060	5107.6
629	276.3	276.3	277.3	127,89,36,40	895.2	39.4813781	73.5951084	5107.5
630	727.8	727.8	727.8	513,961,22,16	894.6	39.4814235	73.5953889	5107.6
631	25.0	25.0	28.0	1523,915,20,12	893.1	39.4813760	73.5951137	5107.7
632	629.7	627.7	632.7	184,338,13,45	893.1	39.4814212	73.5953883	5107.6
633	547.6	547.6	547.6	1713,159,18,16	892.3	39.4814220	73.5953911	5107.6
634	472.5	472.5	475.5	1377,295,22,26	891.6	39.4813776	73.5951055	5107.6
635	548.6	548.6	548.6	211,187,36,23	891.1	39.4814220	73.5953912	5107.6
636	25.0	25.0	27.0	1277,489,11,49	889.5	39.4813760	73.5951137	5107.7
637	541.6	539.6	541.6	523,733,22,26	888.8	39.4814223	73.5953912	5107.6
638	550.6	550.6	550.6	1313,0,32,9	888.8	39.4814217	73.5953911	5107.6
639	26.0	25.0	26.0	1720,321,17,18	887.0	39.4813761	73.5951137	5107.7
640	468.5	468.5	473.5	421,525,18,18	886.7	39.4813779	73.5951055	5107.6
641	614.7	611.7	620.7	1489,689,32,16	886.1	39.4814218	73.5953894	5107.6
642	544.6	543.6	546.6	475,109,18,16	885.9	39.4814222	73.5953911	5107.6
643	224.3	224.3	226.3	0,0,32,37	885.8	39.4813772	73.5951098	5107.6
644	530.6	530.6	532.6	285,743,20,18	885.2	39.4814226	73.5953916	5107.6
645	381.4	381.4	381.4	66,913,21,14	884.9	39.4813797	73.5951062	5107.6
646	407.5	404.5	407.5	1501,887,20,18	884.6	39.4813794	73.5951059	5107.6
647	670.8	668.8	670.8	1521,515,16,22	884.2	39.4814229	73.5953892	5107.6
648	221.2	219.2	221.2	25,67,12,45	884.1	39.4813768	73.5951101	5107.6
649	620.7	615.7	636.7	669,299,14,35	883.6	39.4814217	73.5953891	5107.6
650	702.8	702.8	706.8	1645,239,20,15	882.5	39.4814227	73.5953889	5107.6
651	217.2	217.2	221.2	63,49,22,32	881.2	39.4813770	73.5951100	5107.6
652	523.6	523.6	523.6	293,997,16,30	880.7	39.4814220	73.5953919	5107.6
653	526.6	525.6	529.6	1129,21,46,10	879.5	39.4814222	73.5953917	5107.6
654	110.1	108.1	110.1	320,238,20,51	877.5	39.4813758	73.5951122	5107.6
655	714.8	713.8	718.8	321,129,38,22	875.5	39.4814233	73.5953893	5107.6
656	175.2	175.2	176.2	217,781,24,16	874.9	39.4813759	73.5951109	5107.6
657	412.5	410.5	412.5	1217,929,16,24	874.8	39.4813790	73.5951060	5107.5
658	605.7	604.7	605.7	427,83,24,12	874.8	39.4814215	73.5953898	5107.6
659	18.0	18.0	20.0	1831,171,20,20	874.5	39.4813760	73.5951134	5107.7
660	171.2	170.2	173.2	225,185,16,20	874.5	39.4813761	73.5951109	5107.6
661	695.8	695.8	695.8	1793,699,22,24	873.8	39.4814230	73.5953887	5107.6
662	104.1	100.1	105.1	571,53,30,28	872.8	39.4813758	73.5951116	5107.6
663	525.6	525.6	527.6	713,824,22,23	870.9	39.4814222	73.5953917	5107.6
664	614.7	614.7	614.7	377,371,28,14	869.0	39.4814218	73.5953894	5107.6
665	245.3	245.3	245.3	991,105,14,36	868.0	39.4813763	73.5951096	5107.5
666	393.4	393.4	393.4	1609,605,24,16	867.7	39.4813785	73.5951061	5107.6
667	15.0	14.0	20.0	1777,815,22,40	866.2	39.4813760	73.5951135	5107.7
668	414.5	413.5	415.5	1523,1006,16,19	865.5	39.4813787	73.5951060	5107.6
669	667.8	667.8	669.8	1569,0,31,10	865.5	39.4814228	73.5953891	5107.6
670	359.4	359.4	359.4	1841,133,40,11	864.6	39.4813791	73.5951065	5107.6
671	233.3	233.3	233.3	1833,299,14,22	864.2	39.4813780	73.5951106	5107.6
672	623.7	620.7	626.7	1825,861,22,14	864.2	39.4814214	73.5953888	5107.6
673	566.6	551.6	567.6	731,695,27,16	863.5	39.4814209	73.5953906	5107.6
674	738.8	735.8	739.8	755,727,14,26	863.5	39.4814240	73.5953887	5107.6
675	99.1	99.1	99.1	1861,605,22,36	863.2	39.4813766	73.5951114	5107.6
676	325.4	318.4	328.4	1767,853,22,12	861.9	39.4813783	73.5951071	5107.5
677	393.4	393.4	393.4	1463,985,26,24	860.3	39.4813785	73.5951061	5107.6
678	267.3	266.3	269.3	1819,119,60,10	859.9	39.4813779	73.5951086	5107.6
679	464.5	464.5	465.5	1009,391,16,18	859.1	39.4813785	73.5951056	5107.6
680	578.7	576.6	578.7	231,843,28,14	858.8	39.4814213	73.5953906	5107.6
681	419.5	414.5	419.5	1628,1041,29,16	858.2	39.4813788	73.5951060	5107.6
682	527.6	524.6	528.6	155,1041,14,22	855.4	39.4814222	73.5953917	5107.6
683	445.5	440.5	452.5	915,349,14,26	853.9	39.4813788	73.5951059	5107.6
684	609.7	608.7	612.7	61,703,16,18	853.6	39.4814214	73.5953895	5107.6
685	698.8	698.8	700.8	925,735,42,18	853.2	39.4814229	73.5953891	5107.6
686	279.3	279.3	282.3	65,604,9,55	853.1	39.4813779	73.5951082	5107.6
687	488.5	487.5	490.6	1825,237,28,22	852.7	39.4813770	73.5951045	5107.6
688	536.6	535.6	536.6	1751,529,18,18	852.6	39.4814227	73.5953918	5107.6
689	710.8	710.8	711.8	1726,1029,18,20	851.9	39.4814228	73.5953889	5107.6
690	683.8	683.8	683.8	1543,829,36,24	851.5	39.4814225	73.5953887	5107.6
691	445.5	444.5	451.5	17,107,21,30	851.2	39.4813788	73.5951059	5107.6
692	595.7	595.7	595.7	986,517,37,12	850.6	39.4814215	73.5953902	5107.6
693	535.6	535.6	537.6	1473,781,32,12	847.4	39.4814226	73.5953919	5107.6
694	650.7	650.7	652.7	145,4,34,14	847.4	39.4814215	73.5953887	5107.6
695	279.3	279.3	282.3	21,709,10,36	847.1	39.4813779	73.5951082	5107.6
696	50.1	50.1	53.1	1567,976,18,35	846.1	39.4813761	73.5951133	5107.7
697	759.9	758.9	759.9	1855,129,42,10	845.3	39.4814228	73.5953878	5107.6
698	527.6	525.6	533.6	137,437,24,20	844.1	39.4814222	73.5953917	5107.6
699	623.7	623.7	626.7	1841,577,26,16	842.8	39.4814214	73.5953888	5107.6
700	615.7	615.7	619.7	1609,116,38,11	842.6	39.4814218	73.5953893	5107.6
701	623.7	619.7	624.7	1599,663,36,25	841.3	39.4814214	73.5953888	5107.6
702	439.5	439.5	439.5	341,1051,24,22	839.9	39.4813783	73.5951061	5107.6
703	724.8	723.8	724.8	193,828,23,17	839.0	39.4814234	73.5953891	5107.6
704	25.0	24.0	26.0	1661,753,14,22	838.6	39.4813760	73.5951137	5107.7
705	350.4	349.4	359.4	1795,43,32,21	838.6	39.4813791	73.5951063	5107.6
706	229.3	229.3	230.3	83,277,26,28	838.0	39.4813776	73.5951100	5107.6
707	579.7	579.7	579.7	457,0,24,13	836.8	39.4814212	73.5953906	5107.6
708	225.3	225.3	226.3	84,81,25,60	835.9	39.4813771	73.5951099	5107.6
709	217.2	217.2	217.2	0,963,17,22	835.1	39.4813770	73.5951100	5107.6
710	400.5	400.5	400.5	1144,737,17,40	834.9	39.4813789	73.5951059	5107.6
711	612.7	609.7	614.7	720,813,25,18	834.1	39.4814215	73.5953893	5107.6
712	575.6	575.6	575.6	1681,923,18,25	833.4	39.4814212	73.5953905	5107.6
713	476.5	476.5	476.5	309,96,23,21	833.2	39.4813773	73.5951051	5107.6
714	208.2	208.2	208.2	189,998,10,35	832.6	39.4813769	73.5951103	5107.6
715	766.9	762.9	766.9	1835,27,38,13	831.8	39.4814237	73.5953877	5107.6
716	663.7	661.7	663.7	129,737,16,16	831.5	39.4814224	73.5953892	5107.6
717	407.5	400.5	407.5	1527,371,20,14	831.0	39.4813794	73.5951059	5107.6
718	670.8	670.8	670.8	241,17,32,11	830.5	39.4814229	73.5953892	5107.6
719	393.4	393.4	393.4	1285,985,12,38	830.2	39.4813785	73.5951061	5107.6
720	91.1	91.1	91.1	608,149,25,20	829.6	39.4813757	73.5951115	5107.7
721	80.1	78.1	81.1	1599,561,34,26	829.5	39.4813761	73.5951120	5107.6
722	385.4	385.4	391.4	1845,842,24,17	827.4	39.4813794	73.5951065	5107.6
723	537.6	536.6	539.6	1518,561,21,16	827.0	39.4814228	73.5953917	5107.6
724	342.4	342.4	352.4	1835,11,28,30	826.2	39.4813789	73.5951063	5107.5
725	535.6	535.6	535.6	1393,673,18,18	825.4	39.4814226	73.5953919	5107.6
726	287.3	286.3	287.3	1480,517,17,36	823.2	39.4813776	73.5951079	5107.5
727	23.0	23.0	23.0	1321,69,16,32	823.0	39.4813762	73.5951135	5107.7
728	762.9	758.9	764.9	1761,498,18,28	820.4	39.4814231	73.5953878	5107.6
729	24.0	24.0	24.0	1764,212,13,49	819.2	39.4813760	73.5951137	5107.7
730	239.3	239.3	239.3	742,504,37,14	819.2	39.4813773	73.5951101	5107.5
731	551.6	551.6	554.6	222,1065,28,15	818.9	39.4814216	73.5953909	5107.6
732	718.8	715.8	718.8	761,363,36,17	817.6	39.4814230	73.5953891	5107.6
733	126.1	126.1	126.1	35,819,6,54	815.7	39.4813758	73.5951120	5107.6
734	532.6	531.6	532.6	704,353,27,16	815.1	39.4814226	73.5953915	5107.6
735	232.3	228.3	233.3	411,0,42,27	813.9	39.4813779	73.5951103	5107.6
736	535.6	533.6	537.6	1397,727,22,18	812.9	39.4814226	73.5953919	5107.6
737	116.1	116.1	116.1	5,317,16,15	812.2	39.4813763	73.5951119	5107.6
738	541.6	540.6	541.6	1169,1041,22,14	812.1	39.4814223	73.5953912	5107.6
739	577.6	577.6	577.6	593,985,24,16	811.4	39.4814212	73.5953906	5107.6
740	403.5	401.5	406.5	972,143,21,16	810.2	39.4813791	73.5951061	5107.6
741	477.5	477.5	477.5	192,171,31,32	810.1	39.4813775	73.5951050	5107.6
742	422.5	421.5	422.5	1564,63,23,22	809.3	39.4813788	73.5951062	5107.6
743	432.5	430.5	438.5	1163,762,34,8	809.2	39.4813784	73.5951062	5107.6
744	588.7	586.7	589.7	45,923,26,21	807.6	39.4814217	73.5953903	5107.6
745	468.5	468.5	470.5	464,245,17,18	807.1	39.4813779	73.5951055	5107.6
746	555.6	552.6	555.6	321,881,34,22	806.7	39.4814213	73.5953902	5107.6
747	464.5	464.5	466.5	1468,17,29,21	805.7	39.4813785	73.5951056	5107.6
748	701.8	701.8	701.8	1085,1010,30,19	805.7	39.4814228	73.5953889	5107.6
749	385.4	385.4	385.4	1422,803,19,25	805.6	39.4813794	73.5951065	5107.6
750	662.7	661.7	662.7	130,1049,25,18	805.6	39.4814223	73.5953892	5107.6
751	476.5	476.5	476.5	1513,171,24,20	805.5	39.4813773	73.5951051	5107.6
752	729.8	729.8	729.8	1025,514,19,13	804.7	39.4814235	73.5953890	5107.6
753	571.6	571.6	571.6	33,1001,16,24	803.9	39.4814215	73.5953907	5107.6
754	574.6	574.6	574.6	1025,363,16,18	803.0	39.4814212	73.5953908	5107.6
755	358.4	357.4	365.4	1897,205,23,20	800.3	39.4813791	73.5951065	5107.6
756	125.1	125.1	126.1	57,295,16,44	800.2	39.4813757	73.5951120	5107.6
757	146.2	146.2	146.2	89,59,20,14	800.2	39.4813763	73.5951112	5107.6
758	221.2	219.2	221.2	0,211,37,24	799.4	39.4813768	73.5951101	5107.6
759	169.2	163.2	169.2	87,325,14,40	799.2	39.4813761	73.5951108	5107.6
760	363.4	362.4	364.4	1881,77,30,20	799.1	39.4813795	73.5951068	5107.6
761	721.8	721.8	721.8	1825,1065,17,15	798.3	39.4814232	73.5953891	5107.6
762	550.6	550.6	550.6	1665,339,26,12	797.8	39.4814217	73.5953911	5107.6
763	555.6	551.6	555.6	177,609,19,16	797.2	39.4814213	73.5953902	5107.6
764	138.2	137.2	141.2	289,497,24,20	796.8	39.4813759	73.5951116	5107.6
765	241.3	237.3	243.3	891,817,17,16	796.5	39.4813768	73.5951100	5107.6
766	408.5	408.5	408.5	1321,1049,20,12	795.4	39.4813793	73.5951058	5107.6
767	693.8	693.8	693.8	1057,851,46,16	794.9	39.4814230	73.5953888	5107.6
768	579.7	576.6	587.7	43,775,17,18	794.8	39.4814212	73.5953906	5107.6
769	547.6	547.6	547.6	515,481,16,22	794.3	39.4814220	73.5953911	5107.6
770	539.6	538.6	540.6	1257,431,16,18	792.7	39.4814226	73.5953914	5107.6
771	447.5	446.5	449.5	1809,97,28,21	792.3	39.4813787	73.5951060	5107.6
772	111.1	111.1	111.1	388,817,21,16	791.3	39.4813758	73.5951122	5107.6
773	34.0	34.0	38.0	1844,834,23,61	791.0	39.4813761	73.5951136	5107.7
774	293.3	292.3	301.3	443,609,14,32	790.9	39.4813781	73.5951077	5107.6
775	645.7	645.7	645.7	1863,77,40,18	789.8	39.4814222	73.5953892	5107.6
776	332.4	331.4	335.4	1211,51,30,18	789.0	39.4813788	73.5951071	5107.5
777	537.6	536.6	537.6	541,625,22,17	787.7	39.4814228	73.5953917	5107.6
778	169.2	161.2	169.2	129,139,28,30	786.2	39.4813761	73.5951108	5107.6
779	643.7	643.7	643.7	1563,507,22,22	785.7	39.4814222	73.5953892	5107.6
780	576.6	576.6	577.6	1863,57,42,8	785.3	39.4814212	73.5953907	5107.6
781	51.1	49.1	52.1	1713,638,32,35	784.9	39.4813759	73.5951133	5107.7
782	702.8	702.8	702.8	1841,375,18,26	784.4	39.4814227	73.5953889	5107.6
783	501.6	501.6	509.6	700,433,34,15	784.0	39.4813771	73.5951045	5107.6
784	319.4	318.4	321.4	1795,617,20,22	783.6	39.4813785	73.5951069	5107.6
785	126.1	122.1	127.1	1297,613,16,20	783.4	39.4813758	73.5951120	5107.6
786	444.5	443.5	444.5	67,931,14,20	783.4	39.4813788	73.5951059	5107.6
787	646.7	645.7	646.7	921,559,24,16	783.3	39.4814219	73.5953891	5107.6
788	286.3	286.3	290.3	1189,30,18,27	783.0	39.4813774	73.5951079	5107.5
789	217.2	217.2	221.2	98,185,13,56	782.4	39.4813770	73.5951100	5107.6
790	378.4	376.4	381.4	341,987,18,20	782.1	39.4813793	73.5951061	5107.6
791	546.6	546.6	546.6	123,769,12,48	781.4	39.4814221	73.5953910	5107.6
792	627.7	627.7	627.7	191,275,13,40	781.4	39.4814214	73.5953887	5107.6
793	670.8	670.8	670.8	1905,35,15,14	780.4	39.4814229	73.5953892	5107.6
794	240.3	239.3	240.3	0,265,21,14	779.0	39.4813771	73.5951100	5107.5
795	288.3	288.3	288.3	99,1005,23,16	778.9	39.4813776	73.5951081	5107.6
796	172.2	172.2	173.2	37,473,20,20	778.8	39.4813761	73.5951109	5107.6
797	393.4	393.4	393.4	842,472,23,25	778.6	39.4813785	73.5951061	5107.6
798	683.8	683.8	683.8	1449,337,32,16	778.0	39.4814225	73.5953887	5107.6
799	728.8	728.8	728.8	81,905,24,20	777.9	39.4814235	73.5953890	5107.6
800	528.6	524.6	533.6	727,193,27,16	776.8	39.4814223	73.5953916	5107.6
801	413.5	413.5	420.5	1681,741,16,18	776.1	39.4813786	73.5951060	5107.6
802	642.7	642.7	642.7	346,371,23,30	776.1	39.4814222	73.5953892	5107.6
803	687.8	687.8	690.8	489,521,24,16	775.0	39.4814228	73.5953891	5107.6
804	284.3	284.3	284.3	1817,1015,14,42	773.9	39.4813776	73.5951081	5107.6
805	719.8	715.8	719.8	1698,513,23,15	773.8	39.4814231	73.5953891	5107.6
806	793.9	768.9	794.9	423,1011,25,16	773.5	39.4814240	73.5953877	5107.6
807	353.4	353.4	353.4	1909,49,11,32	772.6	39.4813792	73.5951061	5107.6
808	646.7	646.7	646.7	151,673,24,22	772.6	39.4814219	73.5953891	5107.6
809	635.7	634.7	640.7	1690,0,19,16	772.1	39.4814225	73.5953886	5107.6
810	24.0	24.0	24.0	1855,903,18,46	771.6	39.4813760	73.5951137	5107.7
811	670.8	670.8	670.8	1741,1007,18,20	771.5	39.4814229	73.5953892	5107.6
812	380.4	373.4	380.4	1825,1049,36,28	771.4	39.4813795	73.5951062	5107.6
813	421.5	421.5	422.5	925,161,18,23	771.4	39.4813788	73.5951062	5107.6
814	696.8	695.8	696.8	1897,709,23,16	769.5	39.4814229	73.5953888	5107.6
815	317.4	317.4	317.4	1553,855,10,24	768.2	39.4813786	73.5951067	5107.6
816	646.7	645.7	646.7	75,981,19,26	767.9	39.4814219	73.5953891	5107.6
817	15.0	15.0	20.0	1679,957,26,30	767.5	39.4813760	73.5951135	5107.7
818	289.3	285.3	289.3	0,218,11,21	767.5	39.4813777	73.5951080	5107.6
819	471.5	471.5	471.5	314,1015,33,11	766.3	39.4813778	73.5951054	5107.6
820	288.3	288.3	288.3	1358,73,17,28	764.5	39.4813776	73.5951081	5107.6
821	641.7	641.7	641.7	353,595,22,18	764.5	39.4814222	73.5953890	5107.6
822	283.3	283.3	283.3	283,649,16,37	763.3	39.4813776	73.5951082	5107.6
823	641.7	641.7	641.7	299,417,14,22	763.3	39.4814222	73.5953890	5107.6
824	93.1	93.1	96.1	145,1009,16,32	761.9	39.4813759	73.5951116	5107.6
825	540.6	540.6	541.6	252,899,24,14	761.9	39.4814222	73.5953912	5107.6
826	795.9	795.9	797.9	981,833,42,8	761.9	39.4814244	73.5953876	5107.6
827	553.6	553.6	553.6	210,908,19,28	761.5	39.4814213	73.5953905	5107.6
828	503.6	503.6	508.6	1841,0,32,9	761.4	39.4813772	73.5951045	5107.6
829	242.3	240.3	242.3	855,478,18,25	761.2	39.4813767	73.5951099	5107.5
830	180.2	178.2	185.2	114,429,15,40	760.6	39.4813760	73.5951109	5107.6
831	794.9	763.9	797.9	829,1037,28,17	760.3	39.4814244	73.5953877	5107.6
832	540.6	539.6	540.6	1203,0,12,19	760.1	39.4814222	73.5953912	5107.6
833	213.2	206.2	213.2	111,121,10,56	759.3	39.4813768	73.5951101	5107.6
834	685.8	685.8	685.8	1185,1045,23,13	758.7	39.4814225	73.5953889	5107.6
835	658.7	648.7	658.7	783,11,43,11	757.7	39.4814223	73.5953892	5107.6
836	456.5	453.5	460.5	1879,113,16,16	756.8	39.4813784	73.5951058	5107.6
837	210.2	203.2	210.2	73,3,30,35	755.6	39.4813769	73.5951104	5107.6
838	575.6	575.6	575.6	561,27,32,22	754.5	39.4814212	73.5953905	5107.6
839	211.2	211.2	213.2	67,1047,10,33	753.6	39.4813770	73.5951104	5107.6
840	646.7	646.7	646.7	283,1061,22,19	753.2	39.4814219	73.5953891	5107.6
841	583.7	579.7	583.7	139,737,26,20	752.8	39.4814213	73.5953904	5107.6
842	668.8	668.8	672.8	1283,25,22,29	752.6	39.4814228	73.5953892	5107.6
843	358.4	358.4	360.4	1857,83,32,22	752.5	39.4813791	73.5951065	5107.6
844	758.9	758.9	759.9	1471,0,32,17	752.2	39.4814230	73.5953879	5107.6
845	629.7	628.7	632.7	217,1039,30,24	751.5	39.4814212	73.5953883	5107.6
846	609.7	602.7	610.7	1249,681,16,22	750.8	39.4814214	73.5953895	5107.6
847	763.9	763.9	781.9	19,401,14,26	750.8	39.4814233	73.5953876	5107.6
848	637.7	628.7	637.7	65,743,8,26	750.7	39.4814222	73.5953885	5107.6
849	350.4	350.4	351.4	1681,13,40,14	749.6	39.4813791	73.5951063	5107.6
850	105.1	100.1	106.1	1763,467,14,14	749.3	39.4813758	73.5951120	5107.6
851	144.2	144.2	144.2	1721,737,22,32	749.0	39.4813762	73.5951113	5107.6
852	551.6	551.6	555.6	350,937,15,18	748.9	39.4814216	73.5953909	5107.6
853	95.1	93.1	95.1	0,916,14,27	748.8	39.4813762	73.5951115	5107.6
854	450.5	446.5	450.5	40,353,11,28	748.6	39.4813782	73.5951059	5107.6
855	142.2	135.2	142.2	387,69,42,32	747.5	39.4813761	73.5951113	5107.6
856	644.7	644.7	646.7	641,441,22,24	747.2	39.4814222	73.5953892	5107.6
857	406.5	394.4	406.5	1271,937,23,16	746.7	39.4813794	73.5951059	5107.6
858	80.1	71.1	81.1	1604,237,29,17	745.6	39.4813761	73.5951120	5107.6
859	482.5	482.5	482.5	31,181,28,15	744.5	39.4813772	73.5951048	5107.6
860	358.4	357.4	359.4	147,219,28,28	743.9	39.4813791	73.5951065	5107.6
861	601.7	601.7	601.7	81,1032,26,12	743.9	39.4814216	73.5953903	5107.6
862	227.3	227.3	227.3	95,71,22,22	743.5	39.4813771	73.5951102	5107.5
863	466.5	462.5	468.5	993,734,20,13	743.5	39.4813782	73.5951055	5107.6
864	611.7	611.7	611.7	769,725,24,11	743.0	39.4814215	73.5953893	5107.6
865	219.2	217.2	220.2	21,237,28,38	742.8	39.4813770	73.5951101	5107.6
866	414.5	413.5	414.5	1063,1067,24,13	742.6	39.4813787	73.5951060	5107.6
867	674.8	674.8	675.8	251,5,18,36	742.3	39.4814222	73.5953893	5107.6
868	600.7	598.7	601.7	266,833,15,21	741.1	39.4814217	73.5953904	5107.6
869	178.2	175.2	185.2	409,641,12,18	741.0	39.4813759	73.5951109	5107.6
870	479.5	479.5	482.5	1329,757,16,17	741.0	39.4813772	73.5951047	5107.6
871	397.4	395.4	407.5	1040,451,14,20	740.9	39.4813787	73.5951059	5107.6
872	541.6	541.6	541.6	81,1041,20,22	740.3	39.4814223	73.5953912	5107.6
873	553.6	553.6	553.6	298,1055,11,25	740.3	39.4814213	73.5953905	5107.6
874	642.7	642.7	642.7	1427,631,28,32	739.2	39.4814222	73.5953892	5107.6
875	392.4	385.4	392.4	605,897,14,18	738.4	39.4813786	73.5951061	5107.6
876	384.4	384.4	384.4	1241,957,22,18	738.3	39.4813795	73.5951065	5107.6
877	223.3	217.2	223.3	15,7,26,18	738.0	39.4813770	73.5951099	5107.6
878	460.5	452.5	460.5	1329,57,31,9	736.9	39.4813786	73.5951056	5107.6
879	307.3	306.3	307.3	1858,113,13,30	736.4	39.4813779	73.5951069	5107.5
880	355.4	353.4	356.4	1689,197,16,14	736.1	39.4813789	73.5951062	5107.6
881	123.1	122.1	126.1	265,0,26,27	735.9	39.4813759	73.5951118	5107.6
882	696.8	696.8	698.8	81,537,28,12	735.7	39.4814229	73.5953888	5107.6
883	773.9	773.9	774.9	628,337,29,14	735.7	39.4814242	73.5953875	5107.6
884	428.5	428.5	428.5	1329,809,10,24	735.5	39.4813790	73.5951057	5107.6
885	775.9	767.9	775.9	473,1057,28,8	735.2	39.4814240	73.5953875	5107.6
886	498.6	497.6	499.6	1821,325,24,22	734.6	39.4813773	73.5951046	5107.6
887	702.8	702.8	702.8	1762,200,23,22	733.8	39.4814227	73.5953889	5107.6
888	252.3	247.3	253.3	948,372,19,27	733.6	39.4813770	73.5951092	5107.6
889	738.8	735.8	738.8	1891,0,29,8	733.4	39.4814240	73.5953887	5107.6
890	389.4	388.4	392.4	1261,885,20,20	733.0	39.4813787	73.5951059	5107.6
891	610.7	608.7	610.7	173,691,20,14	732.1	39.4814214	73.5953894	5107.6
892	611.7	611.7	611.7	1503,937,18,16	731.8	39.4814215	73.5953893	5107.6
893	693.8	693.8	693.8	1137,1024,16,29	731.6	39.4814230	73.5953888	5107.6
894	486.5	486.5	486.5	1003,977,12,22	730.9	39.4813770	73.5951046	5107.6
895	612.7	610.7	612.7	211,179,38,24	730.9	39.4814215	73.5953893	5107.6
896	539.6	539.6	541.6	229,499,26,20	730.3	39.4814226	73.5953914	5107.6
897	50.1	50.1	50.1	1597,1045,20,35	730.2	39.4813761	73.5951133	5107.7
898	50.1	49.1	52.1	1701,321,12,31	729.9	39.4813761	73.5951133	5107.7
899	437.5	437.5	438.5	647,49,10,30	729.7	39.4813782	73.5951060	5107.6
900	242.3	242.3	242.3	1521,1041,16,16	728.8	39.4813767	73.5951099	5107.5
901	129.1	128.1	129.1	37,49,14,20	728.3	39.4813759	73.5951117	5107.6
902	413.5	413.5	413.5	1751,129,26,9	728.2	39.4813786	73.5951060	5107.6
903	640.7	636.7	640.7	0,391,18,26	727.2	39.4814222	73.5953888	5107.6
904	458.5	454.5	458.5	23,585,24,18	726.0	39.4813784	73.5951056	5107.6
905	286.3	286.3	286.3	1397,1047,16,22	725.7	39.4813774	73.5951079	5107.5
906	695.8	695.8	695.8	795,877,14,20	725.1	39.4814230	73.5953887	5107.6
907	413.5	408.5	419.5	1131,945,14,32	724.1	39.4813786	73.5951060	5107.6
908	685.8	685.8	686.8	839,598,17,23	723.7	39.4814225	73.5953889	5107.6
909	382.4	382.4	385.4	167,865,18,16	723.0	39.4813795	73.5951064	5107.6
910	220.2	219.2	221.2	45,183,28,34	722.8	39.4813769	73.5951101	5107.6
911	536.6	536.6	536.6	97,73,18,16	722.7	39.4814227	73.5953918	5107.6
912	202.2	196.2	204.2	701,17,28,28	722.3	39.4813771	73.5951104	5107.6
913	637.7	636.7	637.7	87,939,19,23	722.0	39.4814222	73.5953885	5107.6
914	480.5	476.5	481.5	936,409,13,28	720.7	39.4813771	73.5951047	5107.6
915	169.2	162.2	169.2	223,129,10,34	719.8	39.4813761	73.5951108	5107.6
916	438.5	430.5	438.5	1281,459,16,20	719.6	39.4813783	73.5951061	5107.6
917	760.9	760.9	762.9	11,1059,17,21	719.2	39.4814228	73.5953879	5107.6
918	696.8	696.8	696.8	1626,345,18,17	717.6	39.4814229	73.5953888	5107.6
919	270.3	270.3	270.3	1841,203,16,22	717.2	39.4813774	73.5951085	5107.5
920	26.0	25.0	26.0	1619,33,22,20	716.4	39.4813761	73.5951137	5107.7
921	461.5	461.5	461.5	260,757,21,12	715.2	39.4813787	73.5951056	5107.6
922	277.3	276.3	278.3	23,246,26,41	714.0	39.4813781	73.5951084	5107.5
923	456.5	453.5	459.5	1103,941,25,29	714.0	39.4813784	73.5951058	5107.6
924	727.8	727.8	727.8	848,751,30,10	713.5	39.4814235	73.5953889	5107.6
925	195.2	195.2	211.2	427,910,14,22	713.0	39.4813769	73.5951105	5107.6
926	527.6	524.6	531.6	449,721,24,14	712.3	39.4814222	73.5953917	5107.6
927	468.5	468.5	470.5	869,509,20,13	712.1	39.4813779	73.5951055	5107.6
928	452.5	447.5	452.5	1473,236,19,25	712.0	39.4813782	73.5951058	5107.6
929	495.6	494.6	495.6	317,883,16,26	712.0	39.4813770	73.5951046	5107.6
930	290.3	290.3	297.3	1417,213,24,10	711.7	39.4813778	73.5951080	5107.6
931	789.9	782.9	797.9	711,740,11,33	711.5	39.4814235	73.5953874	5107.6
932	618.7	615.7	619.7	465,993,24,28	711.2	39.4814217	73.5953893	5107.6
933	644.7	643.7	645.7	17,359,20,26	709.7	39.4814222	73.5953892	5107.6
934	540.6	539.6	540.6	253,481,12,22	709.6	39.4814222	73.5953912	5107.6
935	386.4	386.4	386.4	1237,4,28,23	709.4	39.4813793	73.5951064	5107.6
936	274.3	271.3	277.3	1873,377,10,46	708.6	39.4813776	73.5951085	5107.5
937	484.5	484.5	484.5	67,1027,28,22	708.6	39.4813773	73.5951048	5107.6
938	370.4	367.4	377.4	1851,499,19,28	708.5	39.4813789	73.5951058	5107.6
939	475.5	474.5	475.5	40,831,19,23	708.4	39.4813775	73.5951053	5107.6
940	740.8	740.8	744.8	133,153,37,15	707.9	39.4814240	73.5953886	5107.6
941	475.5	472.5	475.5	67,970,22,25	707.5	39.4813775	73.5951053	5107.6
942	419.5	413.5	420.5	1585,529,18,16	706.5	39.4813788	73.5951060	5107.6
943	283.3	283.3	284.3	309,994,12,43	705.9	39.4813776	73.5951082	5107.6
944	746.8	734.8	747.8	1777,850,16,31	705.8	39.4814234	73.5953883	5107.6
945	544.6	544.6	544.6	435,1045,17,16	704.9	39.4814222	73.5953911	5107.6
946	646.7	642.7	646.7	1457,427,21,22	704.3	39.4814219	73.5953891	5107.6
947	389.4	386.4	391.4	1073,753,23,17	704.0	39.4813787	73.5951059	5107.6
948	228.3	228.3	230.3	467,209,21,16	703.5	39.4813772	73.5951102	5107.6
949	572.6	572.6	572.6	1294,861,17,14	703.1	39.4814214	73.5953908	5107.6
950	675.8	672.8	683.8	1732,1002,20,17	703.0	39.4814223	73.5953893	5107.6
951	137.2	136.2	141.2	315,943,6,44	702.9	39.4813762	73.5951114	5107.6
952	262.3	261.3	267.3	307,520,20,27	702.2	39.4813775	73.5951089	5107.5
953	685.8	685.8	687.8	1889,305,24,18	701.7	39.4814225	73.5953889	5107.6
954	550.6	550.6	550.6	1201,359,16,26	700.6	39.4814217	73.5953911	5107.6
955	450.5	445.5	451.5	84,255,8,48	700.2	39.4813782	73.5951059	5107.6
956	613.7	613.7	613.7	1527,193,18,16	700.0	39.4814215	73.5953893	5107.6
957	636.7	634.7	636.7	101,771,18,20	699.9	39.4814223	73.5953886	5107.6
958	388.4	388.4	388.4	241,184,24,17	699.8	39.4813788	73.5951059	5107.6
959	553.6	552.6	556.6	445,833,18,19	699.8	39.4814213	73.5953905	5107.6
960	275.3	271.3	278.3	1069,736,11,41	696.7	39.4813779	73.5951084	5107.5
961	20.0	20.0	22.0	1655,25,18,17	696.0	39.4813761	73.5951134	5107.7
962	529.6	529.6	531.6	1747,977,14,14	695.0	39.4814224	73.5953915	5107.6
963	383.4	381.4	383.4	1847,947,16,19	694.0	39.4813796	73.5951063	5107.6
964	207.2	195.2	207.2	129,637,10,44	693.9	39.4813769	73.5951105	5107.6
965	145.2	145.2	145.2	117,11,16,20	693.2	39.4813763	73.5951112	5107.6
966	576.6	576.6	576.6	259,1041,29,24	692.9	39.4814212	73.5953907	5107.6
967	452.5	447.5	452.5	1803,359,22,10	692.6	39.4813782	73.5951058	5107.6
968	613.7	610.7	613.7	843,553,14,30	692.5	39.4814215	73.5953893	5107.6
969	366.4	365.4	366.4	1804,121,21,15	692.4	39.4813794	73.5951064	5107.6
970	523.6	523.6	523.6	267,937,22,16	691.6	39.4814220	73.5953919	5107.6
971	15.0	14.0	23.0	1803,765,20,28	691.3	39.4813760	73.5951135	5107.7
972	767.9	758.9	771.9	1796,0,22,12	690.5	39.4814237	73.5953877	5107.6
973	613.7	612.7	613.7	1073,270,19,21	690.4	39.4814215	73.5953893	5107.6
974	416.5	416.5	420.5	469,289,16,22	690.2	39.4813786	73.5951061	5107.5
975	745.8	736.8	750.8	1441,1000,32,16	690.0	39.4814233	73.5953882	5107.6
976	188.2	186.2	188.2	753,81,31,24	688.6	39.4813763	73.5951108	5107.6
977	91.1	91.1	91.1	15,0,18,23	688.4	39.4813757	73.5951115	5107.7
978	438.5	433.5	438.5	305,615,26,26	687.7	39.4813783	73.5951061	5107.6
979	106.1	106.1	107.1	33,173,22,24	686.0	39.4813759	73.5951120	5107.6
980	29.0	26.0	29.0	1711,9,15,24	685.4	39.4813761	73.5951137	5107.7
981	700.8	700.8	700.8	669,1029,20,16	685.1	39.4814230	73.5953890	5107.6
982	141.2	138.2	141.2	53,289,12,16	684.3	39.4813761	73.5951115	5107.6
983	693.8	693.8	693.8	671,883,18,18	683.5	39.4814230	73.5953888	5107.6
984	176.2	176.2	176.2	134,749,15,18	683.0	39.4813759	73.5951109	5107.6
985	394.4	394.4	401.5	1083,283,18,16	683.0	39.4813785	73.5951060	5107.6
986	124.1	124.1	126.1	133,9,16,40	682.9	39.4813757	73.5951119	5107.6
987	532.6	530.6	532.6	1765,23,34,10	682.3	39.4814226	73.5953915	5107.6
988	19.0	14.0	20.0	1597,177,12,32	681.6	39.4813759	73.5951133	5107.7
989	540.6	540.6	541.6	287,969,14,27	679.6	39.4814222	73.5953912	5107.6
990	681.8	678.8	682.8	1491,545,30,12	679.3	39.4814225	73.5953886	5107.6
991	88.1	88.1	89.1	1810,988,29,21	679.2	39.4813755	73.5951115	5107.6
992	142.2	142.2	142.2	133,235,24,42	679.2	39.4813761	73.5951113	5107.6
993	482.5	482.5	482.5	1731,175,18,26	678.8	39.4813772	73.5951048	5107.6
994	545.6	545.6	545.6	422,365,21,18	678.7	39.4814222	73.5953910	5107.6
995	553.6	552.6	553.6	15,897,16,14	678.5	39.4814213	73.5953905	5107.6
996	207.2	195.2	213.2	201,505,16,30	678.0	39.4813769	73.5951105	5107.6
997	82.1	82.1	82.1	225,15,30,29	677.8	39.4813757	73.5951121	5107.7
998	641.7	641.7	641.7	273,628,23,13	676.8	39.4814222	73.5953890	5107.6
999	484.5	482.5	484.5	537,71,16,18	676.1	39.4813773	73.5951048	5107.6
1000	290.3	286.3	292.3	1209,507,16,22	675.9	39.4813778	73.5951080	5107.6
1001	225.3	225.3	226.3	71,184,46,33	675.7	39.4813771	73.5951099	5107.6
1002	570.6	570.6	570.6	691,147,20,12	673.3	39.4814216	73.5953906	5107.6
1003	601.7	594.7	601.7	815,0,18,12	673.3	39.4814216	73.5953903	5107.6
1004	139.2	137.2	141.2	113,513,12,22	673.0	39.4813758	73.5951116	5107.6
1005	89.1	86.1	89.1	705,81,24,29	672.5	39.4813756	73.5951114	5107.7
1006	371.4	371.4	373.4	1873,897,16,32	672.2	39.4813789	73.5951059	5107.6
1007	583.7	576.6	584.7	122,796,13,29	672.2	39.4814213	73.5953904	5107.6
1008	543.6	543.6	543.6	43,669,12,26	672.1	39.4814222	73.5953912	5107.6
1009	361.4	361.4	364.4	1863,35,30,18	672.0	39.4813797	73.5951069	5107.6
1010	347.4	346.4	358.4	1831,69,26,12	671.7	39.4813792	73.5951063	5107.6
1011	286.3	286.3	286.3	1145,631,24,20	671.3	39.4813774	73.5951079	5107.5
1012	74.1	74.1	74.1	24,622,20,19	670.9	39.4813760	73.5951121	5107.7
1013	396.4	393.4	409.5	1161,375,16,15	670.7	39.4813786	73.5951058	5107.6
1014	542.6	542.6	542.6	1075,51,16,14	670.5	39.4814223	73.5953912	5107.6
1015	457.5	453.5	457.5	141,833,22,14	669.5	39.4813784	73.5951058	5107.6
1016	608.7	608.7	610.7	99,215,20,14	669.2	39.4814214	73.5953896	5107.6
1017	390.4	387.4	390.4	921,377,34,18	668.9	39.4813788	73.5951058	5107.6
1018	385.4	385.4	386.4	1131,57,22,22	668.2	39.4813794	73.5951065	5107.6
1019	362.4	354.4	362.4	1865,1037,12,34	668.1	39.4813795	73.5951068	5107.6
1020	415.5	415.5	419.5	993,119,18,14	667.7	39.4813786	73.5951060	5107.6
1021	31.0	31.0	35.0	1729,939,11,22	667.0	39.4813762	73.5951136	5107.7
1022	123.1	123.1	123.1	31,33,18,24	667.0	39.4813759	73.5951118	5107.6
1023	662.7	660.7	662.7	1300,341,29,12	666.8	39.4814223	73.5953892	5107.6
1024	555.6	554.6	555.6	62,801,11,32	666.3	39.4814213	73.5953902	5107.6
1025	570.6	570.6	570.6	1793,903,16,16	665.7	39.4814216	73.5953906	5107.6
1026	582.7	582.7	582.7	337,841,18,16	664.9	39.4814215	73.5953904	5107.6
1027	571.6	571.6	575.6	889,83,21,15	664.8	39.4814215	73.5953907	5107.6
1028	571.6	571.6	571.6	247,51,24,21	664.3	39.4814215	73.5953907	5107.6
1029	142.2	142.2	142.2	65,179,22,30	664.1	39.4813761	73.5951113	5107.6
1030	685.8	685.8	685.8	1236,535,18,18	663.8	39.4814225	73.5953889	5107.6
1031	753.8	752.8	755.8	199,277,16,12	663.6	39.4814232	73.5953881	5107.6
1032	169.2	168.2	169.2	0,821,11,19	661.6	39.4813761	73.5951108	5107.6
1033	287.3	287.3	289.3	1501,284,22,17	661.1	39.4813776	73.5951079	5107.5
1034	571.6	571.6	571.6	160,0,19,9	660.7	39.4814215	73.5953907	5107.6
1035	666.7	664.7	666.7	87,11,19,13	660.3	39.4814226	73.5953891	5107.6
1036	726.8	726.8	726.8	1681,881,16,18	660.3	39.4814234	73.5953890	5107.6
1037	534.6	534.6	534.6	1577,139,17,25	659.8	39.4814227	73.5953918	5107.6
1038	405.5	395.4	411.5	545,23,18,20	659.1	39.4813795	73.5951060	5107.6
1039	266.3	265.3	267.3	67,673,14,16	658.7	39.4813776	73.5951087	5107.6
1040	604.7	604.7	606.7	105,999,16,18	658.6	39.4814217	73.5953900	5107.6
1041	544.6	544.6	544.6	665,7,18,16	658.5	39.4814222	73.5953911	5107.6
1042	718.8	718.8	719.8	103,1031,12,25	658.4	39.4814230	73.5953891	5107.6
1043	99.1	99.1	99.1	193,69,16,36	658.0	39.4813766	73.5951114	5107.6
1044	145.2	145.2	145.2	157,584,7,53	657.5	39.4813763	73.5951112	5107.6
1045	217.2	217.2	221.2	47,157,17,20	655.8	39.4813770	73.5951100	5107.6
1046	439.5	431.5	439.5	1595,1051,14,12	655.1	39.4813783	73.5951061	5107.6
1047	349.4	347.4	351.4	1841,185,14,22	655.0	39.4813791	73.5951063	5107.6
1048	387.4	387.4	387.4	816,145,17,19	655.0	39.4813792	73.5951063	5107.6
1049	100.1	100.1	101.1	1635,707,14,14	654.7	39.4813766	73.5951115	5107.6
1050	140.2	136.2	142.2	527,323,12,22	654.5	39.4813760	73.5951114	5107.6
1051	296.3	289.3	301.3	1749,715,14,41	654.4	39.4813779	73.5951075	5107.6
1052	556.6	556.6	560.6	925,539,18,20	653.9	39.4814211	73.5953900	5107.6
1053	221.2	220.2	221.2	81,1065,16,15	653.8	39.4813768	73.5951101	5107.6
1054	431.5	430.5	437.5	778,818,27,25	653.4	39.4813784	73.5951061	5107.6
1055	452.5	447.5	452.5	546,1073,23,7	653.2	39.4813782	73.5951058	5107.6
1056	423.5	423.5	423.5	1150,817,19,16	653.0	39.4813789	73.5951061	5107.6
1057	706.8	706.8	707.8	1857,661,26,11	652.9	39.4814227	73.5953888	5107.6
1058	684.8	684.8	687.8	1553,730,24,13	652.8	39.4814225	73.5953888	5107.6
1059	362.4	362.4	364.4	1561,0,37,13	652.7	39.4813795	73.5951068	5107.6
1060	400.5	393.4	407.5	905,7,21,24	652.6	39.4813789	73.5951059	5107.6
1061	522.6	522.6	522.6	529,831,16,26	652.6	39.4814223	73.5953919	5107.6
1062	230.3	229.3	230.3	209,111,32,20	652.4	39.4813776	73.5951101	5107.6
1063	471.5	471.5	471.5	817,1009,22,10	652.2	39.4813778	73.5951054	5107.6
1064	471.5	471.5	471.5	593,309,23,20	651.7	39.4813778	73.5951054	5107.6
1065	387.4	387.4	390.4	613,125,16,18	651.3	39.4813792	73.5951063	5107.6
1066	138.2	137.2	138.2	271,105,26,18	651.2	39.4813759	73.5951116	5107.6
1067	534.6	534.6	534.6	1057,87,26,26	650.8	39.4814227	73.5953918	5107.6
1068	538.6	538.6	541.6	17,993,10,18	650.8	39.4814228	73.5953917	5107.6
1069	378.4	378.4	379.4	1793,81,40,10	650.4	39.4813793	73.5951061	5107.6
1070	697.8	694.8	697.8	1059,1073,30,7	650.3	39.4814229	73.5953888	5107.6
1071	450.5	447.5	450.5	31,143,22,10	649.4	39.4813782	73.5951059	5107.6
1072	267.3	267.3	269.3	133,0,22,23	649.2	39.4813779	73.5951086	5107.6
1073	750.8	744.8	750.8	970,523,23,14	648.8	39.4814231	73.5953881	5107.6
1074	339.4	337.4	348.4	1793,20,24,20	648.7	39.4813791	73.5951066	5107.5
1075	472.5	472.5	472.5	161,665,22,17	648.7	39.4813776	73.5951055	5107.6
1076	541.6	540.6	541.6	777,965,18,20	648.7	39.4814223	73.5953912	5107.6
1077	484.5	484.5	484.5	17,979,15,14	648.2	39.4813773	73.5951048	5107.6
1078	610.7	608.7	610.7	81,419,10,22	648.0	39.4814214	73.5953894	5107.6
1079	776.9	776.9	777.9	147,963,14,14	648.0	39.4814239	73.5953876	5107.6
1080	232.3	229.3	232.3	273,0,14,25	646.6	39.4813779	73.5951103	5107.6
1081	703.8	703.8	703.8	1425,345,17,14	646.5	39.4814228	73.5953888	5107.6
1082	468.5	468.5	468.5	293,627,14,30	646.3	39.4813779	73.5951055	5107.6
1083	505.6	502.6	519.6	1413,182,29,11	646.0	39.4813767	73.5951044	5107.6
1084	686.8	680.8	686.8	1563,13,24,14	645.7	39.4814226	73.5953890	5107.6
1085	585.7	585.7	595.7	241,721,18,26	645.4	39.4814217	73.5953902	5107.6
1086	181.2	181.2	185.2	29,883,24,22	644.9	39.4813760	73.5951107	5107.6
1087	752.8	751.8	752.8	1908,591,12,33	644.9	39.4814232	73.5953882	5107.6
1088	533.6	533.6	538.6	1425,119,8,28	644.8	39.4814227	73.5953917	5107.6
1089	577.6	577.6	577.6	113,479,32,8	644.8	39.4814212	73.5953906	5107.6
1090	696.8	694.8	696.8	1697,554,16,27	644.5	39.4814229	73.5953888	5107.6
1091	614.7	614.7	614.7	811,497,10,24	644.0	39.4814218	73.5953894	5107.6
1092	666.7	648.7	668.8	273,377,20,16	644.0	39.4814226	73.5953891	5107.6
1093	461.5	461.5	461.5	1873,186,26,12	643.1	39.4813787	73.5951056	5107.6
1094	228.3	228.3	228.3	21,27,18,28	642.6	39.4813772	73.5951102	5107.6
1095	396.4	396.4	396.4	1475,635,20,22	642.3	39.4813786	73.5951058	5107.6
1096	474.5	474.5	474.5	1762,0,31,18	641.7	39.4813776	73.5951054	5107.6
1097	52.1	52.1	52.1	1907,942,13,19	640.6	39.4813759	73.5951133	5107.7
1098	376.4	368.4	379.4	1891,829,22,28	640.3	39.4813791	73.5951061	5107.6
1099	60.1	57.1	60.1	1011,45,14,20	640.1	39.4813766	73.5951125	5107.7
1100	691.8	690.8	692.8	47,147,8,30	639.4	39.4814227	73.5953890	5107.6
1101	540.6	539.6	544.6	181,463,14,18	638.7	39.4814222	73.5953912	5107.6
1102	699.8	699.8	699.8	1289,89,18,16	638.7	39.4814230	73.5953890	5107.6
1103	361.4	360.4	361.4	1577,139,24,14	638.6	39.4813797	73.5951069	5107.6
1104	409.5	409.5	411.5	67,627,14,12	638.6	39.4813793	73.5951058	5107.5
1105	413.5	413.5	423.5	785,285,22,18	638.3	39.4813786	73.5951060	5107.6
1106	417.5	413.5	417.5	769,1047,15,26	636.4	39.4813787	73.5951060	5107.5
1107	485.5	485.5	485.5	1233,258,22,21	635.9	39.4813773	73.5951047	5107.6
1108	177.2	177.2	187.2	113,1003,12,38	635.4	39.4813759	73.5951109	5107.6
1109	468.5	467.5	470.5	283,907,18,16	635.4	39.4813779	73.5951055	5107.6
1110	608.7	608.7	609.7	145,0,24,15	635.4	39.4814214	73.5953896	5107.6
1111	82.1	81.1	82.1	325,193,16,24	635.3	39.4813757	73.5951121	5107.7
1112	421.5	420.5	421.5	1899,649,16,20	635.1	39.4813788	73.5951062	5107.6
1113	242.3	242.3	243.3	1755,469,22,12	634.9	39.4813767	73.5951099	5107.5
1114	476.5	476.5	476.5	1113,107,20,12	634.5	39.4813773	73.5951051	5107.6
1115	525.6	525.6	525.6	449,881,26,16	634.5	39.4814222	73.5953917	5107.6
1116	586.7	576.6	591.7	1148,85,17,26	634.1	39.4814219	73.5953903	5107.6
1117	405.5	395.4	408.5	620,945,25,16	633.5	39.4813795	73.5951060	5107.6
1118	723.8	723.8	724.8	1857,23,27,10	633.2	39.4814234	73.5953890	5107.6
1119	316.4	316.4	316.4	1653,162,15,31	632.5	39.4813784	73.5951068	5107.6
1120	671.8	671.8	677.8	719,51,16,22	632.4	39.4814227	73.5953893	5107.6
1121	537.6	535.6	537.6	1663,73,15,20	632.0	39.4814228	73.5953917	5107.6
1122	613.7	613.7	613.7	1113,129,22,8	631.8	39.4814215	73.5953893	5107.6
1123	21.0	21.0	21.0	1667,349,20,14	631.6	39.4813759	73.5951134	5107.7
1124	429.5	429.5	429.5	943,501,22,14	631.1	39.4813787	73.5951058	5107.6
1125	151.2	147.2	154.2	473,385,18,40	630.3	39.4813769	73.5951106	5107.6
1126	110.1	110.1	110.1	0,993,13,20	629.0	39.4813758	73.5951122	5107.6
1127	636.7	628.7	636.7	81,831,18,23	628.6	39.4814223	73.5953886	5107.6
1128	696.8	696.8	696.8	353,1044,16,13	627.8	39.4814229	73.5953888	5107.6
1129	359.4	358.4	359.4	1835,241,22,8	627.6	39.4813791	73.5951065	5107.6
1130	702.8	702.8	705.8	1571,359,16,14	627.5	39.4814227	73.5953889	5107.6
1131	470.5	470.5	470.5	155,764,30,17	627.1	39.4813777	73.5951053	5107.6
1132	360.4	360.4	360.4	1785,41,30,14	626.8	39.4813794	73.5951067	5107.6
1133	177.2	176.2	179.2	589,217,18,46	626.2	39.4813759	73.5951109	5107.6
1134	535.6	535.6	535.6	710,148,17,28	626.0	39.4814226	73.5953919	5107.6
1135	176.2	175.2	177.2	237,261,12,36	625.7	39.4813759	73.5951109	5107.6
1136	377.4	368.4	378.4	1903,867,17,18	625.6	39.4813792	73.5951062	5107.6
1137	128.1	128.1	128.1	1305,43,14,22	625.1	39.4813759	73.5951119	5107.6
1138	421.5	421.5	421.5	1809,387,14,20	624.8	39.4813788	73.5951062	5107.6
1139	364.4	358.4	364.4	1827,1009,22,30	623.9	39.4813796	73.5951066	5107.6
1140	683.8	683.8	683.8	1889,143,22,13	623.9	39.4814225	73.5953887	5107.6
1141	354.4	352.4	356.4	1905,157,15,24	623.8	39.4813792	73.5951062	5107.6
1142	369.4	367.4	369.4	1857,1059,22,21	623.8	39.4813791	73.5951058	5107.6
1143	19.0	15.0	21.0	1566,295,19,24	623.7	39.4813759	73.5951133	5107.7
1144	123.1	122.1	125.1	93,59,24,30	623.7	39.4813759	73.5951118	5107.6
1145	317.4	317.4	317.4	686,11,35,10	623.5	39.4813786	73.5951067	5107.6
1146	417.5	413.5	418.5	1879,979,17,14	623.4	39.4813787	73.5951060	5107.5
1147	242.3	240.3	243.3	1015,675,18,22	623.1	39.4813767	73.5951099	5107.5
1148	311.4	311.4	312.4	417,233,16,18	621.3	39.4813779	73.5951069	5107.6
1149	713.8	713.8	713.8	827,25,24,23	621.0	39.4814233	73.5953894	5107.6
1150	288.3	288.3	291.3	1770,325,27,29	620.8	39.4813776	73.5951081	5107.6
1151	415.5	413.5	419.5	1641,81,16,26	620.6	39.4813786	73.5951060	5107.6
1152	226.3	225.3	226.3	0,429,19,20	619.9	39.4813771	73.5951100	5107.5
1153	396.4	394.4	396.4	975,149,26,14	619.9	39.4813786	73.5951058	5107.6
1154	710.8	710.8	710.8	1905,1019,15,12	618.3	39.4814228	73.5953889	5107.6
1155	123.1	123.1	124.1	0,665,9,28	618.1	39.4813759	73.5951118	5107.6
1156	637.7	636.7	638.7	377,823,24,14	618.0	39.4814222	73.5953885	5107.6
1157	566.6	564.6	567.6	458,1057,16,17	617.4	39.4814209	73.5953906	5107.6
1158	318.4	317.4	318.4	1719,1058,34,19	617.3	39.4813786	73.5951067	5107.6
1159	285.3	285.3	285.3	167,1015,10,30	617.1	39.4813775	73.5951080	5107.6
1160	134.2	132.1	135.2	1362,883,13,13	616.4	39.4813764	73.5951115	5107.6
1161	502.6	501.6	502.6	1877,1009,13,29	616.2	39.4813772	73.5951045	5107.6
1162	366.4	366.4	374.4	1877,337,12,22	615.8	39.4813794	73.5951064	5107.6
1163	243.3	243.3	245.3	1217,569,22,16	615.2	39.4813766	73.5951099	5107.5
1164	385.4	385.4	385.4	1751,1055,18,16	614.7	39.4813794	73.5951065	5107.6
1165	419.5	417.5	420.5	1001,465,16,18	614.4	39.4813788	73.5951060	5107.6
1166	400.5	395.4	405.5	578,883,23,14	613.8	39.4813789	73.5951059	5107.6
1167	180.2	177.2	187.2	633,745,14,20	613.7	39.4813760	73.5951109	5107.6
1168	289.3	289.3	289.3	1039,577,14,20	613.6	39.4813777	73.5951080	5107.6
1169	97.1	97.1	98.1	43,117,20,38	613.3	39.4813764	73.5951114	5107.6
1170	389.4	389.4	389.4	747,153,20,12	613.3	39.4813787	73.5951059	5107.6
1171	698.8	698.8	698.8	199,3,40,38	612.9	39.4814229	73.5953891	5107.6
1172	605.7	605.7	605.7	1281,81,38,6	612.7	39.4814215	73.5953898	5107.6
1173	643.7	643.7	643.7	1153,217,24,13	612.2	39.4814222	73.5953892	5107.6
1174	181.2	177.2	185.2	389,489,10,39	612.0	39.4813760	73.5951107	5107.6
1175	572.6	572.6	574.6	1569,707,24,20	610.8	39.4814214	73.5953908	5107.6
1176	661.7	661.7	662.7	17,1057,16,23	610.8	39.4814222	73.5953892	5107.6
1177	420.5	415.5	420.5	657,39,26,8	610.7	39.4813787	73.5951061	5107.6
1178	795.9	795.9	795.9	0,899,13,21	609.9	39.4814244	73.5953876	5107.6
1179	569.6	567.6	569.6	1895,107,10,36	609.5	39.4814218	73.5953906	5107.6
1180	523.6	523.6	523.6	689,19,14,12	608.8	39.4814220	73.5953919	5107.6
1181	330.4	321.4	330.4	125,1033,12,14	608.6	39.4813784	73.5951071	5107.5
1182	532.6	532.6	532.6	1121,115,20,10	608.2	39.4814226	73.5953915	5107.6
1183	530.6	525.6	532.6	253,933,20,20	608.1	39.4814226	73.5953916	5107.6
1184	645.7	643.7	645.7	1000,400,13,17	607.9	39.4814222	73.5953892	5107.6
1185	20.0	18.0	23.0	1637,145,22,22	607.4	39.4813761	73.5951134	5107.7
1186	774.9	768.9	786.9	1827,373,12,14	607.1	39.4814241	73.5953875	5107.6
1187	530.6	530.6	530.6	945,127,16,18	606.9	39.4814226	73.5953916	5107.6
1188	225.3	225.3	225.3	53,0,16,31	606.6	39.4813771	73.5951099	5107.6
1189	383.4	383.4	383.4	1267,81,14,18	606.6	39.4813796	73.5951063	5107.6
1190	553.6	553.6	557.6	604,771,21,16	606.3	39.4814213	73.5953905	5107.6
1191	741.8	739.8	744.8	225,395,21,16	606.1	39.4814238	73.5953885	5107.6
1192	536.6	536.6	537.6	1557,1039,16,12	606.0	39.4814227	73.5953918	5107.6
1193	23.0	12.0	23.0	895,439,26,18	605.6	39.4813762	73.5951135	5107.7
1194	386.4	385.4	389.4	195,977,30,8	605.3	39.4813793	73.5951064	5107.6
1195	521.6	521.6	521.6	81,199,16,19	604.4	39.4814225	73.5953923	5107.6
1196	776.9	776.9	776.9	179,1011,6,28	604.2	39.4814239	73.5953876	5107.6
1197	176.2	176.2	176.2	241,33,20,30	603.9	39.4813759	73.5951109	5107.6
1198	544.6	544.6	544.6	1217,556,22,15	603.8	39.4814222	73.5953911	5107.6
1199	566.6	563.6	566.6	1827,395,19,22	603.8	39.4814209	73.5953906	5107.6
1200	529.6	523.6	532.6	377,811,24,15	603.5	39.4814224	73.5953915	5107.6
1201	268.3	267.3	269.3	540,115,19,14	602.9	39.4813776	73.5951084	5107.6
1202	612.7	612.7	613.7	1491,603,14,22	602.9	39.4814215	73.5953893	5107.6
1203	354.4	354.4	354.4	771,69,30,6	602.7	39.4813792	73.5951062	5107.6
1204	394.4	394.4	394.4	547,121,20,10	602.6	39.4813785	73.5951060	5107.6
1205	47.1	47.1	47.1	1877,113,16,14	602.4	39.4813761	73.5951135	5107.7
1206	80.1	80.1	81.1	1713,1065,16,15	602.2	39.4813761	73.5951120	5107.6
1207	165.2	162.2	165.2	795,0,16,27	602.2	39.4813763	73.5951107	5107.6
1208	556.6	554.6	556.6	1169,0,20,14	602.1	39.4814211	73.5953900	5107.6
1209	409.5	409.5	411.5	1137,785,16,16	602.0	39.4813793	73.5951058	5107.5
1210	286.3	285.3	286.3	1489,873,26,10	601.8	39.4813774	73.5951079	5107.5
1211	486.5	486.5	486.5	1541,760,14,17	601.8	39.4813770	73.5951046	5107.6
1212	797.9	797.9	797.9	1107,307,14,14	601.7	39.4814243	73.5953878	5107.6
1213	287.3	287.3	287.3	1665,573,22,16	601.6	39.4813776	73.5951079	5107.5
1214	487.5	487.5	487.5	1729,22,22,15	601.1	39.4813770	73.5951046	5107.6
1215	484.5	484.5	484.5	1027,21,24,9	601.0	39.4813773	73.5951048	5107.6
1216	464.5	463.5	467.5	57,1057,16,23	600.7	39.4813785	73.5951056	5107.6
1217	372.4	367.4	372.4	1875,1057,22,23	600.5	39.4813790	73.5951059	5107.6
1218	659.7	656.7	665.7	278,287,19,10	600.5	39.4814223	73.5953891	5107.6
1219	341.4	340.4	350.4	1903,79,17,16	600.3	39.4813790	73.5951064	5107.5
1220	596.7	596.7	597.7	401,675,7,48	599.2	39.4814216	73.5953903	5107.6
1221	167.2	164.2	169.2	497,583,14,42	599.0	39.4813762	73.5951107	5107.6
1222	478.5	478.5	479.5	25,1007,18,12	598.1	39.4813774	73.5951049	5107.6
1223	468.5	468.5	468.5	1481,881,24,9	597.8	39.4813779	73.5951055	5107.6
1224	703.8	703.8	703.8	49,49,20,12	597.8	39.4814228	73.5953888	5107.6
1225	77.1	75.1	78.1	1673,1009,26,30	597.5	39.4813761	73.5951120	5107.7
1226	541.6	541.6	541.6	897,983,18,10	597.1	39.4814223	73.5953912	5107.6
1227	75.1	70.1	77.1	1285,9,28,20	596.8	39.4813761	73.5951120	5107.7
1228	108.1	107.1	108.1	104,329,20,25	596.8	39.4813758	73.5951123	5107.6
1229	469.5	462.5	470.5	585,913,14,18	595.6	39.4813780	73.5951054	5107.6
1230	463.5	463.5	466.5	361,865,18,20	595.3	39.4813787	73.5951056	5107.6
1231	371.4	365.4	375.4	209,712,12,19	594.8	39.4813789	73.5951059	5107.6
1232	613.7	612.7	613.7	1747,1001,19,15	594.6	39.4814215	73.5953893	5107.6
1233	367.4	366.4	367.4	1576,119,46,10	594.4	39.4813790	73.5951060	5107.6
1234	457.5	457.5	457.5	1599,65,28,16	594.4	39.4813784	73.5951058	5107.6
1235	97.1	97.1	98.1	33,265,8,40	594.3	39.4813764	73.5951114	5107.6
1236	483.5	483.5	483.5	481,297,32,14	594.1	39.4813772	73.5951047	5107.6
1237	613.7	613.7	613.7	13,99,24,20	593.6	39.4814215	73.5953893	5107.6
1238	652.7	648.7	654.7	379,623,8,24	592.8	39.4814217	73.5953886	5107.6
1239	162.2	162.2	162.2	455,377,14,40	592.7	39.4813764	73.5951105	5107.6
1240	83.1	83.1	83.1	0,868,12,21	592.6	39.4813758	73.5951121	5107.7
1241	542.6	542.6	542.6	573,553,12,16	592.6	39.4814223	73.5953912	5107.6
1242	381.4	381.4	381.4	627,979,12,21	592.4	39.4813797	73.5951062	5107.6
1243	584.7	583.7	584.7	205,1019,14,22	591.1	39.4814217	73.5953904	5107.6
1244	492.6	492.6	492.6	1524,68,17,37	591.0	39.4813770	73.5951048	5107.6
1245	230.3	230.3	230.3	673,195,24,14	590.8	39.4813776	73.5951101	5107.6
1246	539.6	539.6	539.6	803,895,14,18	589.7	39.4814226	73.5953914	5107.6
1247	649.7	649.7	649.7	1634,883,21,12	589.5	39.4814215	73.5953887	5107.6
1248	582.7	582.7	586.7	305,919,16,18	589.4	39.4814215	73.5953904	5107.6
1249	443.5	443.5	452.5	961,337,18,24	589.0	39.4813785	73.5951058	5107.6
1250	723.8	723.8	732.8	393,841,24,14	588.8	39.4814234	73.5953890	5107.6
1251	330.4	329.4	330.4	1763,41,17,22	588.0	39.4813784	73.5951071	5107.5
1252	371.4	368.4	371.4	1830,1003,25,26	587.9	39.4813789	73.5951059	5107.6
1253	612.7	607.7	612.7	1432,353,39,6	586.2	39.4814215	73.5953893	5107.6
1254	144.2	144.2	144.2	1783,1017,6,24	585.8	39.4813762	73.5951113	5107.6
1255	278.3	277.3	278.3	1879,41,10,28	585.6	39.4813779	73.5951084	5107.5
1256	270.3	270.3	270.3	43,993,16,14	585.0	39.4813774	73.5951085	5107.5
1257	601.7	601.7	601.7	347,27,22,12	584.1	39.4814216	73.5953903	5107.6
1258	268.3	260.3	269.3	1067,715,15,23	583.5	39.4813776	73.5951084	5107.6
1259	534.6	534.6	534.6	1439,33,17,14	583.2	39.4814227	73.5953918	5107.6
1260	315.4	315.4	315.4	189,705,18,22	583.1	39.4813783	73.5951067	5107.5
1261	737.8	737.8	737.8	1529,65,24,14	582.2	39.4814240	73.5953888	5107.6
1262	317.4	317.4	317.4	311,1013,16,12	581.7	39.4813786	73.5951067	5107.6
1263	553.6	551.6	553.6	175,219,26,10	581.5	39.4814213	73.5953905	5107.6
1264	607.7	607.7	607.7	462,301,11,20	581.4	39.4814214	73.5953897	5107.6
1265	616.7	616.7	619.7	736,295,31,9	581.2	39.4814218	73.5953894	5107.6
1266	461.5	461.5	461.5	935,0,18,12	580.8	39.4813787	73.5951056	5107.6
1267	281.3	280.3	282.3	0,716,11,29	580.4	39.4813776	73.5951082	5107.6
1268	544.6	544.6	545.6	966,681,17,16	580.4	39.4814222	73.5953911	5107.6
1269	681.8	681.8	682.8	1321,1009,20,22	579.8	39.4814225	73.5953886	5107.6
1270	421.5	421.5	422.5	835,537,22,15	579.4	39.4813788	73.5951062	5107.6
1271	588.7	588.7	588.7	1491,99,12,14	579.4	39.4814217	73.5953903	5107.6
1272	717.8	716.8	718.8	497,705,10,16	579.3	39.4814231	73.5953890	5107.6
1273	362.4	362.4	362.4	21,0,43,7	579.0	39.4813795	73.5951068	5107.6
1274	365.4	364.4	375.4	1817,107,24,14	578.5	39.4813795	73.5951065	5107.6
1275	696.8	696.8	696.8	1269,715,20,20	578.1	39.4814229	73.5953888	5107.6
1276	722.8	722.8	722.8	233,509,14,21	578.1	39.4814233	73.5953891	5107.6
1277	316.4	316.4	316.4	1245,852,16,33	578.0	39.4813784	73.5951068	5107.6
1278	285.3	285.3	285.3	1369,175,16,14	577.9	39.4813775	73.5951080	5107.6
1279	463.5	463.5	463.5	0,745,11,14	577.9	39.4813787	73.5951056	5107.6
1280	119.1	117.1	120.1	21,123,10,30	576.5	39.4813762	73.5951120	5107.6
1281	316.4	316.4	316.4	457,265,18,15	576.5	39.4813784	73.5951068	5107.6
1282	617.7	617.7	618.7	1363,0,28,7	576.5	39.4814218	73.5953893	5107.6
1283	694.8	694.8	697.8	675,945,32,10	576.5	39.4814230	73.5953888	5107.6
1284	430.5	430.5	430.5	141,561,14,16	576.4	39.4813785	73.5951060	5107.6
1285	469.5	469.5	469.5	1137,897,26,16	576.4	39.4813780	73.5951054	5107.6
1286	644.7	644.7	644.7	799,305,10,16	576.2	39.4814222	73.5953892	5107.6
1287	466.5	466.5	466.5	585,769,8,32	575.7	39.4813782	73.5951055	5107.6
1288	453.5	453.5	460.5	755,454,16,27	575.1	39.4813784	73.5951057	5107.6
1289	437.5	437.5	444.5	1239,33,24,8	575.0	39.4813782	73.5951060	5107.6
1290	541.6	540.6	541.6	1523,1033,22,18	575.0	39.4814223	73.5953912	5107.6
1291	687.8	687.8	687.8	641,961,16,12	574.8	39.4814228	73.5953891	5107.6
1292	469.5	467.5	470.5	551,785,21,26	574.5	39.4813780	73.5951054	5107.6
1293	458.5	458.5	458.5	54,1051,16,19	574.0	39.4813784	73.5951056	5107.6
1294	754.8	749.8	757.9	1534,429,19,8	573.6	39.4814231	73.5953882	5107.6
1295	339.4	336.4	339.4	643,931,14,12	572.8	39.4813791	73.5951066	5107.5
1296	604.7	602.7	604.7	707,931,14,14	572.8	39.4814217	73.5953900	5107.6
1297	399.4	399.4	403.5	1825,515,15,14	572.7	39.4813788	73.5951059	5107.6
1298	237.3	237.3	241.3	545,281,22,16	572.5	39.4813777	73.5951103	5107.6
1299	620.7	620.7	623.7	1692,601,20,14	572.5	39.4814217	73.5953891	5107.6
1300	546.6	546.6	546.6	332,1017,14,16	572.4	39.4814221	73.5953910	5107.6
1301	399.4	397.4	399.4	1729,849,14,14	572.0	39.4813788	73.5951059	5107.6
1302	313.4	313.4	314.4	1869,817,14,42	571.8	39.4813781	73.5951068	5107.6
1303	536.6	535.6	536.6	307,577,23,10	571.7	39.4814227	73.5953918	5107.6
1304	617.7	617.7	617.7	1179,33,11,24	571.6	39.4814218	73.5953893	5107.6
1305	92.1	92.1	92.1	55,609,16,32	571.2	39.4813758	73.5951116	5107.6
1306	338.4	337.4	340.4	1903,21,17,18	571.0	39.4813790	73.5951066	5107.5
1307	80.1	78.1	80.1	1225,79,28,14	570.8	39.4813761	73.5951120	5107.6
1308	624.7	621.7	625.7	383,950,14,17	570.7	39.4814215	73.5953888	5107.6
1309	241.3	241.3	245.3	509,34,22,26	570.4	39.4813768	73.5951100	5107.6
1310	464.5	464.5	464.5	1511,353,10,24	570.4	39.4813785	73.5951056	5107.6
1311	211.2	211.2	216.2	471,515,10,28	570.3	39.4813770	73.5951104	5107.6
1312	273.3	271.3	277.3	1513,265,16,16	569.9	39.4813774	73.5951082	5107.5
1313	605.7	604.7	606.7	353,574,26,11	569.9	39.4814215	73.5953898	5107.6
1314	756.9	756.9	760.9	9,155,24,10	569.7	39.4814230	73.5953881	5107.6
1315	80.1	75.1	80.1	582,97,15,20	568.9	39.4813761	73.5951120	5107.6
1316	391.4	391.4	392.4	1313,39,32,18	568.7	39.4813786	73.5951060	5107.6
1317	310.3	300.3	314.4	1441,211,16,22	568.6	39.4813778	73.5951069	5107.6
1318	441.5	430.5	443.5	811,897,14,20	568.3	39.4813785	73.5951059	5107.6
1319	606.7	606.7	609.7	132,65,21,18	568.1	39.4814214	73.5953897	5107.6
1320	436.5	432.5	436.5	957,665,18,16	567.3	39.4813781	73.5951060	5107.6
1321	711.8	704.8	711.8	1907,667,13,17	566.9	39.4814229	73.5953890	5107.6
1322	270.3	270.3	270.3	577,161,16,12	566.7	39.4813774	73.5951085	5107.5
1323	259.3	259.3	259.3	419,627,14,12	565.3	39.4813771	73.5951092	5107.6
1324	745.8	733.8	745.8	901,483,15,14	565.3	39.4814233	73.5953882	5107.6
1325	473.5	473.5	473.5	1271,17,18,12	565.2	39.4813777	73.5951055	5107.6
1326	195.2	195.2	203.2	145,99,30,14	565.0	39.4813769	73.5951105	5107.6
1327	719.8	719.8	726.8	566,128,24,14	565.0	39.4814231	73.5953891	5107.6
1328	731.8	731.8	749.8	1851,529,30,20	564.7	39.4814233	73.5953889	5107.6
1329	242.3	240.3	242.3	983,756,20,28	564.5	39.4813767	73.5951099	5107.5
1330	3.0	2.0	4.0	1627,169,18,24	564.3	39.4813756	73.5951138	5107.7
1331	628.7	625.7	631.7	299,993,12,16	564.2	39.4814214	73.5953884	5107.6
1332	236.3	236.3	236.3	51,67,26,16	564.0	39.4813778	73.5951104	5107.5
1333	262.3	262.3	265.3	411,7,14,24	563.9	39.4813775	73.5951089	5107.5
1334	549.6	549.6	549.6	305,252,16,20	563.8	39.4814219	73.5953912	5107.6
1335	96.1	96.1	96.1	119,609,10,26	562.9	39.4813764	73.5951114	5107.6
1336	422.5	422.5	422.5	1647,337,20,9	562.8	39.4813788	73.5951062	5107.6
1337	698.8	698.8	698.8	615,1065,36,15	562.6	39.4814229	73.5953891	5107.6
1338	384.4	384.4	384.4	1251,1025,14,14	562.1	39.4813795	73.5951065	5107.6
1339	733.8	733.8	733.8	32,961,17,11	561.8	39.4814236	73.5953890	5107.6
1340	609.7	608.7	610.7	145,1065,12,15	561.6	39.4814214	73.5953895	5107.6
1341	343.4	343.4	345.4	837,71,20,12	560.1	39.4813790	73.5951065	5107.5
1342	122.1	122.1	127.1	705,73,18,16	559.9	39.4813759	73.5951118	5107.6
1343	661.7	657.7	665.7	819,0,34,7	559.9	39.4814222	73.5953892	5107.6
1344	464.5	464.5	464.5	897,215,32,9	559.4	39.4813785	73.5951056	5107.6
1345	393.4	393.4	393.4	537,999,24,14	558.7	39.4813785	73.5951061	5107.6
1346	79.1	78.1	81.1	1790,701,11,29	558.6	39.4813762	73.5951119	5107.6
1347	705.8	704.8	710.8	1443,446,36,7	558.6	39.4814229	73.5953888	5107.6
1348	532.6	532.6	532.6	1683,0,28,7	558.2	39.4814226	73.5953915	5107.6
1349	463.5	463.5	467.5	201,623,17,14	557.9	39.4813787	73.5951056	5107.6
1350	544.6	543.6	545.6	495,237,14,20	557.8	39.4814222	73.5953911	5107.6
1351	540.6	540.6	540.6	528,562,17,17	557.6	39.4814222	73.5953912	5107.6
1352	454.5	454.5	460.5	1303,1011,16,22	557.4	39.4813786	73.5951057	5107.6
1353	718.8	718.8	719.8	353,737,16,12	557.4	39.4814230	73.5953891	5107.6
1354	437.5	430.5	437.5	644,167,25,14	557.2	39.4813782	73.5951060	5107.6
1355	129.1	128.1	131.1	339,325,28,32	556.1	39.4813759	73.5951117	5107.6
1356	422.5	421.5	422.5	1897,177,17,15	555.9	39.4813788	73.5951062	5107.6
1357	306.3	304.3	307.3	1899,177,21,23	555.6	39.4813779	73.5951071	5107.5
1358	456.5	453.5	457.5	163,483,12,20	555.5	39.4813784	73.5951058	5107.6
1359	22.0	22.0	22.0	1235,179,24,14	554.5	39.4813760	73.5951135	5107.7
1360	496.6	496.6	496.6	1727,225,16,26	554.5	39.4813770	73.5951045	5107.6
1361	483.5	483.5	483.5	963,561,26,22	553.7	39.4813772	73.5951047	5107.6
1362	206.2	191.2	206.2	155,75,18,26	553.5	39.4813770	73.5951104	5107.6
1363	661.7	650.7	664.7	760,227,33,16	553.4	39.4814222	73.5953892	5107.6
1364	22.0	22.0	22.0	1898,1063,22,17	552.7	39.4813760	73.5951135	5107.7
1365	648.7	648.7	667.8	665,284,18,19	552.5	39.4814214	73.5953888	5107.6
1366	290.3	290.3	290.3	1229,50,18,19	552.0	39.4813778	73.5951080	5107.6
1367	745.8	745.8	745.8	321,37,26,12	552.0	39.4814233	73.5953882	5107.6
1368	143.2	143.2	143.2	1569,853,12,12	551.4	39.4813762	73.5951113	5107.6
1369	691.8	690.8	691.8	0,829,15,12	551.4	39.4814227	73.5953890	5107.6
1370	501.6	501.6	520.6	1260,0,15,15	551.2	39.4813771	73.5951045	5107.6
1371	458.5	453.5	460.5	708,953,13,22	551.0	39.4813784	73.5951056	5107.6
1372	142.2	142.2	142.2	259,219,22,38	550.8	39.4813761	73.5951113	5107.6
1373	82.1	82.1	82.1	119,83,26,14	550.6	39.4813757	73.5951121	5107.7
1374	534.6	534.6	534.6	915,177,14,16	550.0	39.4814227	73.5953918	5107.6
1375	102.1	100.1	103.1	375,12,18,35	549.4	39.4813763	73.5951116	5107.6
1376	752.8	752.8	756.9	913,425,18,12	549.4	39.4814232	73.5953882	5107.6
1377	559.6	554.6	559.6	53,1025,16,23	549.3	39.4814207	73.5953899	5107.6
1378	585.7	585.7	585.7	435,201,28,8	549.3	39.4814217	73.5953902	5107.6
1379	685.8	685.8	686.8	870,235,27,14	549.3	39.4814225	73.5953889	5107.6
1380	389.4	389.4	391.4	777,38,18,11	548.7	39.4813787	73.5951059	5107.6
1381	473.5	472.5	474.5	455,981,12,18	548.4	39.4813777	73.5951055	5107.6
1382	495.6	492.6	495.6	309,953,10,24	548.3	39.4813770	73.5951046	5107.6
1383	715.8	714.8	715.8	1849,739,24,16	548.3	39.4814232	73.5953893	5107.6
1384	86.1	85.1	86.1	1763,737,30,14	548.2	39.4813754	73.5951116	5107.6
1385	404.5	394.4	407.5	1679,1039,16,13	548.0	39.4813793	73.5951061	5107.5
1386	605.7	603.7	606.7	459,779,11,20	547.8	39.4814215	73.5953898	5107.6
1387	698.8	694.8	698.8	457,11,60,12	547.6	39.4814229	73.5953891	5107.6
1388	695.8	695.8	695.8	1767,831,15,18	547.4	39.4814230	73.5953887	5107.6
1389	648.7	648.7	648.7	0,0,18,17	547.2	39.4814214	73.5953888	5107.6
1390	424.5	424.5	424.5	1161,983,24,14	546.8	39.4813788	73.5951060	5107.5
1391	302.3	297.3	302.3	1631,374,48,9	546.7	39.4813780	73.5951074	5107.6
1392	474.5	473.5	475.5	0,1001,15,20	546.7	39.4813776	73.5951054	5107.6
1393	360.4	360.4	362.4	1883,58,37,13	546.4	39.4813794	73.5951067	5107.6
1394	408.5	408.5	408.5	931,155,16,16	546.3	39.4813793	73.5951058	5107.6
1395	215.2	215.2	216.2	57,1033,24,16	545.7	39.4813767	73.5951102	5107.6
1396	169.2	169.2	169.2	36,913,15,16	545.6	39.4813761	73.5951108	5107.6
1397	91.1	91.1	91.1	1841,305,6,32	545.1	39.4813757	73.5951115	5107.7
1398	625.7	623.7	636.7	600,103,15,16	545.1	39.4814215	73.5953887	5107.6
1399	725.8	725.8	725.8	786,499,15,14	545.1	39.4814234	73.5953890	5107.6
1400	423.5	423.5	423.5	1290,97,31,18	544.9	39.4813789	73.5951061	5107.6
1401	643.7	643.7	643.7	185,545,23,14	544.9	39.4814222	73.5953892	5107.6
1402	687.8	687.8	687.8	171,159,37,18	544.9	39.4814228	73.5953891	5107.6
1403	20.0	20.0	20.0	1689,801,15,17	544.8	39.4813761	73.5951134	5107.7
1404	169.2	166.2	169.2	255,823,19,14	544.6	39.4813761	73.5951108	5107.6
1405	570.6	570.6	570.6	81,762,20,15	544.3	39.4814216	73.5953906	5107.6
1406	676.8	676.8	682.8	1841,697,22,22	543.7	39.4814223	73.5953892	5107.6
1407	471.5	471.5	471.5	945,0,16,9	543.5	39.4813778	73.5951054	5107.6
1408	537.6	537.6	537.6	0,347,15,17	543.5	39.4814228	73.5953917	5107.6
1409	96.1	96.1	96.1	0,431,13,24	543.0	39.4813764	73.5951114	5107.6
1410	646.7	646.7	646.7	423,497,16,16	542.9	39.4814219	73.5953891	5107.6
1411	196.2	196.2	196.2	584,611,16,22	542.3	39.4813768	73.5951106	5107.6
1412	585.7	585.7	585.7	955,97,12,16	542.2	39.4814217	73.5953902	5107.6
1413	344.4	343.4	347.4	1761,137,31,8	541.9	39.4813791	73.5951064	5107.6
1414	620.7	620.7	620.7	1881,563,24,14	541.9	39.4814217	73.5953891	5107.6
1415	231.3	231.3	231.3	857,71,14,26	541.4	39.4813777	73.5951101	5107.6
1416	176.2	176.2	176.2	377,69,10,30	541.3	39.4813759	73.5951109	5107.6
1417	232.3	232.3	232.3	1719,103,21,15	540.9	39.4813779	73.5951103	5107.6
1418	394.4	393.4	396.4	1041,385,20,12	540.7	39.4813785	73.5951060	5107.6
1419	789.9	789.9	794.9	1497,103,38,10	540.7	39.4814235	73.5953874	5107.6
1420	92.1	92.1	92.1	1769,97,4,48	540.5	39.4813758	73.5951116	5107.6
1421	534.6	534.6	534.6	839,0,16,15	540.4	39.4814227	73.5953918	5107.6
1422	390.4	390.4	390.4	449,457,24,13	540.1	39.4813788	73.5951058	5107.6
1423	82.1	82.1	82.1	40,353,13,30	540.0	39.4813757	73.5951121	5107.7
1424	231.3	231.3	231.3	499,371,14,21	539.7	39.4813777	73.5951101	5107.6
1425	382.4	382.4	383.4	531,907,36,6	539.7	39.4813795	73.5951064	5107.6
1426	140.2	139.2	140.2	113,353,12,16	539.6	39.4813760	73.5951114	5107.6
1427	756.9	756.9	756.9	135,1023,16,12	539.6	39.4814230	73.5953881	5107.6
1428	91.1	91.1	91.1	1637,195,6,46	539.3	39.4813757	73.5951115	5107.7
1429	645.7	645.7	645.7	663,15,26,34	538.4	39.4814222	73.5953892	5107.6
1430	533.6	533.6	533.6	193,183,16,18	538.2	39.4814227	73.5953917	5107.6
1431	564.6	564.6	567.6	1840,21,35,12	538.0	39.4814209	73.5953903	5107.6
1432	352.4	349.4	354.4	1849,177,38,12	537.5	39.4813792	73.5951061	5107.6
1433	475.5	475.5	475.5	1041,49,26,8	537.3	39.4813775	73.5951053	5107.6
1434	647.7	647.7	649.7	891,137,30,14	536.8	39.4814218	73.5953891	5107.6
1435	233.3	233.3	233.3	1131,145,20,11	536.7	39.4813780	73.5951106	5107.6
1436	475.5	474.5	475.5	397,768,18,17	536.6	39.4813775	73.5951053	5107.6
1437	476.5	476.5	477.5	239,417,11,24	536.2	39.4813773	73.5951051	5107.6
1438	430.5	430.5	438.5	1385,117,16,12	536.1	39.4813785	73.5951060	5107.6
1439	475.5	473.5	475.5	263,997,16,14	535.7	39.4813775	73.5951053	5107.6
1440	542.6	542.6	542.6	727,1002,12,15	535.2	39.4814223	73.5953912	5107.6
1441	695.8	695.8	695.8	1429,33,24,17	535.0	39.4814230	73.5953887	5107.6
1442	501.6	500.6	501.6	483,371,14,12	534.3	39.4813771	73.5951045	5107.6
1443	606.7	604.7	606.7	395,0,20,17	533.9	39.4814214	73.5953897	5107.6
1444	709.8	705.8	714.8	573,543,20,14	533.9	39.4814226	73.5953890	5107.6
1445	705.8	703.8	707.8	1433,821,18,12	533.6	39.4814229	73.5953888	5107.6
1446	272.3	271.3	274.3	115,798,6,35	533.3	39.4813774	73.5951083	5107.6
1447	20.0	15.0	20.0	1427,139,12,14	533.1	39.4813761	73.5951134	5107.7
1448	311.4	311.4	311.4	115,931,12,12	532.6	39.4813779	73.5951069	5107.6
1449	477.5	477.5	477.5	0,197,17,15	532.6	39.4813775	73.5951050	5107.6
1450	600.7	596.7	600.7	1079,93,20,12	532.3	39.4814217	73.5953904	5107.6
1451	254.3	254.3	254.3	715,963,14,28	532.1	39.4813770	73.5951089	5107.6
1452	701.8	701.8	701.8	1217,681,20,16	532.1	39.4814228	73.5953889	5107.6
1453	38.0	36.0	41.0	1363,713,30,16	531.9	39.4813763	73.5951133	5107.7
1454	232.3	232.3	232.3	1889,169,12,16	531.9	39.4813779	73.5951103	5107.6
1455	100.1	100.1	105.1	513,365,22,24	531.8	39.4813766	73.5951115	5107.6
1456	188.2	187.2	194.2	187,841,14,17	531.5	39.4813763	73.5951108	5107.6
1457	93.1	93.1	95.1	1083,376,19,15	531.2	39.4813759	73.5951116	5107.6
1458	601.7	601.7	607.7	1066,1025,13,16	530.9	39.4814216	73.5953903	5107.6
1459	669.8	667.8	669.8	51,709,14,12	530.6	39.4814229	73.5953892	5107.6
1460	556.6	556.6	556.6	131,1043,13,15	530.4	39.4814211	73.5953900	5107.6
1461	230.3	230.3	232.3	19,659,12,12	530.3	39.4813776	73.5951101	5107.6
1462	476.5	476.5	482.5	3,919,16,16	530.3	39.4813773	73.5951051	5107.6
1463	536.6	535.6	536.6	1143,234,14,21	530.1	39.4814227	73.5953918	5107.6
1464	285.3	285.3	285.3	4,375,9,38	529.9	39.4813775	73.5951080	5107.6
1465	33.0	30.0	33.0	1541,627,12,13	529.7	39.4813761	73.5951136	5107.7
1466	437.5	437.5	438.5	1171,9,10,22	529.7	39.4813782	73.5951060	5107.6
1467	625.7	623.7	625.7	1794,1032,19,13	529.6	39.4814215	73.5953887	5107.6
1468	104.1	101.1	107.1	635,263,22,12	529.3	39.4813758	73.5951116	5107.6
1469	468.5	468.5	470.5	1659,113,19,14	528.4	39.4813779	73.5951055	5107.6
1470	106.1	106.1	106.1	1875,258,12,15	528.0	39.4813759	73.5951120	5107.6
1471	517.6	513.6	520.6	1814,509,27,12	527.9	39.4814209	73.5953810	5107.6
1472	582.7	582.7	582.7	563,249,36,14	527.9	39.4814215	73.5953904	5107.6
1473	215.2	215.2	216.2	155,932,5,45	527.5	39.4813767	73.5951102	5107.6
1474	236.3	232.3	236.3	1107,947,12,20	527.2	39.4813778	73.5951104	5107.5
1475	402.5	402.5	402.5	505,967,24,14	527.1	39.4813790	73.5951061	5107.6
1476	95.1	94.1	95.1	1835,97,22,12	527.0	39.4813762	73.5951115	5107.6
1477	454.5	454.5	456.5	71,915,16,13	527.0	39.4813786	73.5951057	5107.6
1478	611.7	611.7	611.7	1089,347,14,15	526.6	39.4814215	73.5953893	5107.6
1479	380.4	377.4	380.4	1745,168,28,13	526.0	39.4813795	73.5951062	5107.6
1480	99.1	99.1	99.1	23,7,8,26	525.5	39.4813766	73.5951114	5107.6
1481	696.8	696.8	696.8	1889,549,15,23	525.4	39.4814229	73.5953888	5107.6
1482	796.9	775.9	796.9	1139,387,12,14	524.7	39.4814244	73.5953876	5107.6
1483	527.6	524.6	528.6	461,1063,20,14	524.6	39.4814222	73.5953917	5107.6
1484	685.8	685.8	692.8	1297,513,14,16	524.5	39.4814225	73.5953889	5107.6
1485	135.2	135.2	136.2	3,343,10,16	524.2	39.4813763	73.5951116	5107.6
1486	582.7	582.7	582.7	473,377,19,15	524.2	39.4814215	73.5953904	5107.6
1487	374.4	371.4	374.4	1905,1021,15,22	523.6	39.4813793	73.5951061	5107.6
1488	736.8	736.8	736.8	589,169,36,7	523.5	39.4814237	73.5953889	5107.6
1489	543.6	543.6	543.6	875,529,6,40	523.4	39.4814222	73.5953912	5107.6
1490	620.7	615.7	626.7	1603,621,22,8	522.9	39.4814217	73.5953891	5107.6
1491	464.5	464.5	464.5	1893,898,21,14	522.7	39.4813785	73.5951056	5107.6
1492	573.6	573.6	573.6	1475,265,18,13	522.7	39.4814214	73.5953909	5107.6
1493	614.7	614.7	614.7	913,83,23,16	522.7	39.4814218	73.5953894	5107.6
1494	25.0	25.0	27.0	1333,333,16,21	522.6	39.4813760	73.5951137	5107.7
1495	367.4	364.4	367.4	1785,1035,28,18	522.6	39.4813790	73.5951060	5107.6
1496	377.4	367.4	380.4	1754,879,17,26	521.4	39.4813792	73.5951062	5107.6
1497	50.1	45.1	51.1	1737,449,12,20	521.0	39.4813761	73.5951133	5107.7
1498	704.8	703.8	708.8	1609,457,22,8	520.8	39.4814229	73.5953888	5107.6
1499	286.3	286.3	286.3	591,1021,23,19	520.7	39.4813774	73.5951079	5107.5
1500	474.5	474.5	477.5	850,196,29,13	520.7	39.4813776	73.5951054	5107.6
1501	644.7	644.7	646.7	17,147,16,13	520.6	39.4814222	73.5953892	5107.6
1502	212.2	205.2	213.2	67,151,16,24	520.5	39.4813768	73.5951103	5107.6
1503	703.8	703.8	703.8	1395,897,21,18	520.3	39.4814228	73.5953888	5107.6
1504	235.3	235.3	235.3	1907,1057,13,14	520.2	39.4813779	73.5951104	5107.5
1505	275.3	274.3	276.3	1791,963,18,14	519.9	39.4813779	73.5951084	5107.5
1506	544.6	544.6	544.6	71,929,12,19	519.5	39.4814222	73.5953911	5107.6
1507	319.4	318.4	327.4	1899,275,21,10	519.0	39.4813785	73.5951069	5107.6
1508	606.7	606.7	610.7	501,699,25,14	519.0	39.4814214	73.5953897	5107.6
1509	225.3	225.3	226.3	0,257,11,32	518.8	39.4813771	73.5951099	5107.6
1510	660.7	660.7	663.7	0,428,9,35	518.8	39.4814222	73.5953892	5107.6
1511	602.7	602.7	605.7	433,155,22,12	518.7	39.4814216	73.5953903	5107.6
1512	698.8	698.8	698.8	331,161,28,10	518.7	39.4814229	73.5953891	5107.6
1513	197.2	195.2	205.2	225,209,16,20	518.3	39.4813768	73.5951105	5107.6
1514	433.5	431.5	436.5	475,71,16,18	518.0	39.4813782	73.5951060	5107.6
1515	430.5	430.5	436.5	593,211,16,15	517.5	39.4813785	73.5951060	5107.6
1516	555.6	554.6	556.6	271,867,18,12	517.3	39.4814213	73.5953902	5107.6
1517	695.8	694.8	695.8	1627,935,16,14	517.1	39.4814230	73.5953887	5107.6
1518	531.6	526.6	531.6	137,535,15,16	516.8	39.4814227	73.5953915	5107.6
1519	569.6	567.6	569.6	659,411,31,11	516.4	39.4814218	73.5953906	5107.6
1520	228.3	228.3	228.3	119,795,6,28	516.1	39.4813772	73.5951102	5107.6
1521	284.3	284.3	284.3	439,547,12,20	515.6	39.4813776	73.5951081	5107.6
1522	703.8	700.8	703.8	1263,1059,16,18	515.6	39.4814228	73.5953888	5107.6
1523	560.6	558.6	567.6	1553,113,22,16	515.4	39.4814205	73.5953900	5107.6
1524	485.5	485.5	485.5	526,778,13,23	515.3	39.4813773	73.5951047	5107.6
1525	616.7	615.7	618.7	499,119,14,33	515.1	39.4814218	73.5953894	5107.6
1526	683.8	683.8	684.8	1141,643,20,12	515.0	39.4814225	73.5953887	5107.6
1527	594.7	594.7	598.7	1411,283,30,20	514.8	39.4814215	73.5953901	5107.6
1528	352.4	352.4	353.4	1745,42,22,9	514.6	39.4813792	73.5951061	5107.6
1529	699.8	699.8	699.8	1203,19,14,11	514.5	39.4814230	73.5953890	5107.6
1530	287.3	287.3	287.3	1033,297,12,16	514.3	39.4813776	73.5951079	5107.5
1531	569.6	567.6	569.6	801,331,16,12	514.2	39.4814218	73.5953906	5107.6
1532	618.7	616.7	618.7	1536,34,20,13	514.0	39.4814217	73.5953893	5107.6
1533	106.1	101.1	106.1	1193,553,16,14	513.5	39.4813759	73.5951120	5107.6
1534	79.1	78.1	79.1	1193,17,20,11	513.4	39.4813762	73.5951119	5107.6
1535	231.3	231.3	231.3	211,12,17,21	513.0	39.4813777	73.5951101	5107.6
1536	599.7	599.7	599.7	1539,979,12,12	512.4	39.4814216	73.5953904	5107.6
1537	82.1	82.1	82.1	297,103,32,10	512.0	39.4813757	73.5951121	5107.7
1538	4.0	3.0	4.0	1787,129,16,11	511.9	39.4813756	73.5951136	5107.7
1539	313.4	308.3	314.4	1615,1018,24,13	511.9	39.4813781	73.5951068	5107.6
1540	288.3	288.3	289.3	1775,671,10,24	511.8	39.4813776	73.5951081	5107.6
1541	528.6	525.6	528.6	1795,9,28,6	511.7	39.4814223	73.5953916	5107.6
1542	508.6	502.6	515.6	386,899,36,6	511.6	39.4813809	73.5951339	5107.6
1543	393.4	393.4	399.4	1842,308,15,13	511.4	39.4813785	73.5951061	5107.6
1544	274.3	274.3	276.3	1905,25,8,28	511.3	39.4813776	73.5951085	5107.5
1545	244.3	244.3	244.3	1817,369,12,26	511.2	39.4813765	73.5951098	5107.5
1546	242.3	242.3	242.3	241,649,17,16	511.1	39.4813767	73.5951099	5107.5
1547	644.7	643.7	645.7	1649,785,13,19	510.7	39.4814222	73.5953892	5107.6
1548	97.1	97.1	97.1	391,130,20,17	510.5	39.4813764	73.5951114	5107.6
1549	387.4	387.4	387.4	1314,907,13,32	510.3	39.4813792	73.5951063	5107.6
1550	619.7	619.7	622.7	1554,1059,13,13	509.9	39.4814217	73.5953893	5107.6
1551	729.8	729.8	729.8	1882,973,17,13	509.8	39.4814235	73.5953890	5107.6
1552	597.7	597.7	601.7	43,859,22,12	508.8	39.4814216	73.5953903	5107.6
1553	356.4	356.4	356.4	683,861,22,12	508.6	39.4813790	73.5951063	5107.6
1554	96.1	96.1	96.1	289,553,18,34	508.4	39.4813764	73.5951114	5107.6
1555	573.6	572.6	573.6	929,814,22,19	508.2	39.4814214	73.5953909	5107.6
1556	24.0	24.0	24.0	1059,21,14,14	508.1	39.4813760	73.5951137	5107.7
1557	678.8	677.8	681.8	342,329,27,10	508.1	39.4814224	73.5953890	5107.6
1558	701.8	701.8	701.8	1497,933,16,20	507.7	39.4814228	73.5953889	5107.6
1559	73.1	70.1	73.1	25,739,16,22	507.4	39.4813760	73.5951123	5107.7
1560	651.7	651.7	654.7	1881,1009,21,12	507.2	39.4814216	73.5953886	5107.6
1561	155.2	155.2	158.2	979,279,18,32	506.9	39.4813765	73.5951106	5107.6
1562	239.3	239.3	243.3	1309,473,20,16	506.8	39.4813773	73.5951101	5107.5
1563	702.8	702.8	702.8	1761,911,20,12	506.7	39.4814227	73.5953889	5107.6
1564	550.6	550.6	550.6	1601,311,22,14	506.6	39.4814217	73.5953911	5107.6
1565	470.5	470.5	470.5	1662,53,17,12	506.3	39.4813777	73.5951053	5107.6
1566	238.3	238.3	238.3	1875,609,12,26	506.2	39.4813775	73.5951103	5107.6
1567	326.4	324.4	331.4	1875,58,12,18	505.9	39.4813782	73.5951070	5107.5
1568	231.3	231.3	231.3	117,129,20,24	505.7	39.4813777	73.5951101	5107.6
1569	320.4	320.4	323.4	1901,0,19,13	505.7	39.4813786	73.5951069	5107.6
1570	196.2	195.2	204.2	301,81,10,31	505.4	39.4813768	73.5951106	5107.6
1571	696.8	696.8	696.8	1459,617,12,16	505.4	39.4814229	73.5953888	5107.6
1572	454.5	452.5	455.5	655,577,18,16	505.3	39.4813786	73.5951057	5107.6
1573	414.5	414.5	419.5	577,865,18,16	505.1	39.4813787	73.5951060	5107.6
1574	572.6	571.6	572.6	729,769,12,24	505.1	39.4814214	73.5953908	5107.6
1575	174.2	171.2	174.2	443,717,8,36	505.0	39.4813763	73.5951106	5107.6
1576	686.8	685.8	686.8	424,994,21,10	504.5	39.4814226	73.5953890	5107.6
1577	162.2	161.2	163.2	545,305,12,44	504.4	39.4813764	73.5951105	5107.6
1578	556.6	552.6	556.6	61,513,10,19	504.4	39.4814211	73.5953900	5107.6
1579	698.8	698.8	698.8	103,177,18,16	504.4	39.4814229	73.5953891	5107.6
1580	283.3	283.3	283.3	1903,124,17,15	503.9	39.4813776	73.5951082	5107.6
1581	751.8	751.8	751.8	215,237,16,10	503.8	39.4814232	73.5953882	5107.6
1582	207.2	195.2	210.2	72,345,17,20	503.6	39.4813769	73.5951105	5107.6
1583	409.5	409.5	410.5	1867,1003,14,12	503.4	39.4813793	73.5951058	5107.5
1584	648.7	648.7	649.7	79,0,18,15	503.4	39.4814214	73.5953888	5107.6
1585	158.2	156.2	159.2	561,365,16,27	502.8	39.4813766	73.5951107	5107.6
1586	50.1	44.0	55.1	1588,448,21,16	502.7	39.4813761	73.5951133	5107.7
1587	241.3	241.3	241.3	1889,395,16,14	501.9	39.4813768	73.5951100	5107.6
1588	542.6	542.6	542.6	1875,1065,22,9	501.2	39.4814223	73.5953912	5107.6
1589	796.9	790.9	797.9	1873,897,10,16	501.0	39.4814244	73.5953876	5107.6
1590	21.0	21.0	21.0	1331,635,8,46	500.9	39.4813759	73.5951134	5107.7
1591	483.5	481.5	483.5	987,83,14,23	500.9	39.4813772	73.5951047	5107.6
1592	556.6	556.6	556.6	309,359,12,16	500.9	39.4814211	73.5953900	5107.6
1593	50.1	44.0	55.1	1627,203,19,14	500.6	39.4813761	73.5951133	5107.7
1594	643.7	642.7	644.7	705,289,12,16	500.4	39.4814222	73.5953892	5107.6
1595	646.7	646.7	646.7	793,243,12,14	500.4	39.4814219	73.5953891	5107.6
1596	574.6	574.6	574.6	24,1041,23,7	500.2	39.4814212	73.5953908	5107.6
1597	486.5	486.5	486.5	1604,269,25,8	500.0	39.4813770	73.5951046	5107.6
1598	627.7	627.7	628.7	1427,145,30,10	499.9	39.4814214	73.5953887	5107.6
1599	496.6	496.6	496.6	1670,305,19,16	499.6	39.4813770	73.5951045	5107.6
1600	243.3	240.3	243.3	697,586,14,17	499.3	39.4813766	73.5951099	5107.5
1601	124.1	124.1	131.1	113,769,7,32	498.9	39.4813757	73.5951119	5107.6
1602	422.5	421.5	422.5	1057,53,32,8	498.8	39.4813788	73.5951062	5107.6
1603	316.4	316.4	316.4	1345,203,14,18	497.8	39.4813784	73.5951068	5107.6
1604	346.4	344.4	349.4	597,801,18,14	497.8	39.4813793	73.5951063	5107.6
1605	461.5	461.5	461.5	145,661,16,12	497.8	39.4813787	73.5951056	5107.6
1606	276.3	276.3	278.3	0,9,13,32	497.4	39.4813781	73.5951084	5107.5
1607	21.0	21.0	21.0	1473,163,12,18	496.8	39.4813759	73.5951134	5107.7
1608	81.1	80.1	82.1	1529,145,36,8	496.6	39.4813760	73.5951120	5107.7
1609	162.2	157.2	162.2	537,145,16,23	496.5	39.4813764	73.5951105	5107.6
1610	225.3	225.3	225.3	343,45,18,12	496.5	39.4813771	73.5951099	5107.6
1611	570.6	570.6	570.6	978,33,23,16	496.1	39.4814216	73.5953906	5107.6
1612	86.1	86.1	88.1	1265,993,29,16	495.9	39.4813754	73.5951116	5107.6
1613	482.5	482.5	484.5	1367,945,20,13	495.4	39.4813772	73.5951048	5107.6
1614	553.6	553.6	553.6	793,825,14,24	494.9	39.4814213	73.5953905	5107.6
1615	142.2	140.2	142.2	0,829,9,30	494.4	39.4813761	73.5951113	5107.6
1616	464.5	462.5	464.5	771,735,20,18	494.4	39.4813785	73.5951056	5107.6
1617	156.2	156.2	157.2	809,61,20,12	494.3	39.4813766	73.5951105	5107.6
1618	439.5	439.5	439.5	683,215,22,18	494.2	39.4813783	73.5951061	5107.6
1619	485.5	485.5	485.5	1543,1057,24,12	494.0	39.4813773	73.5951047	5107.6
1620	430.5	430.5	438.5	1009,883,16,10	493.6	39.4813785	73.5951060	5107.6
1621	482.5	478.5	482.5	221,157,30,12	493.3	39.4813772	73.5951048	5107.6
1622	162.2	162.2	162.2	543,49,10,20	492.4	39.4813764	73.5951105	5107.6
1623	413.5	413.5	413.5	995,1005,14,12	492.3	39.4813786	73.5951060	5107.6
1624	92.1	92.1	92.1	589,41,17,15	492.2	39.4813758	73.5951116	5107.6
1625	518.6	517.6	519.6	433,1072,32,5	492.2	39.4814222	73.5953913	5107.6
1626	380.4	377.4	380.4	1839,1013,18,20	492.0	39.4813795	73.5951062	5107.6
1627	701.8	701.8	701.8	1359,495,24,12	491.9	39.4814228	73.5953889	5107.6
1628	696.8	696.8	696.8	1497,885,14,22	491.6	39.4814229	73.5953888	5107.6
1629	245.3	245.3	249.3	809,141,18,12	491.5	39.4813763	73.5951096	5107.5
1630	393.4	393.4	393.4	896,753,21,8	491.5	39.4813785	73.5951061	5107.6
1631	99.1	99.1	99.1	493,201,17,16	491.4	39.4813766	73.5951114	5107.6
1632	354.4	354.4	355.4	481,7,16,10	491.3	39.4813792	73.5951062	5107.6
1633	390.4	390.4	390.4	1089,7,16,11	490.7	39.4813788	73.5951058	5107.6
1634	725.8	725.8	729.8	1814,35,14,14	490.5	39.4814234	73.5953890	5107.6
1635	309.3	309.3	314.4	1715,781,18,12	490.3	39.4813779	73.5951069	5107.6
1636	273.3	272.3	274.3	17,929,12,16	490.2	39.4813774	73.5951082	5107.5
1637	307.3	305.3	307.3	1895,39,25,6	490.1	39.4813779	73.5951069	5107.5
1638	558.6	558.6	558.6	17,911,16,18	490.0	39.4814208	73.5953899	5107.6
1639	187.2	179.2	188.2	379,217,14,24	489.4	39.4813764	73.5951109	5107.6
1640	696.8	696.8	696.8	359,737,12,16	489.1	39.4814229	73.5953888	5107.6
1641	696.8	695.8	700.8	817,859,16,11	489.1	39.4814229	73.5953888	5107.6
1642	330.4	330.4	334.4	675,703,18,10	489.0	39.4813784	73.5951071	5107.5
1643	425.5	425.5	425.5	309,969,11,16	488.9	39.4813789	73.5951060	5107.5
1644	30.0	29.0	30.0	1778,31,7,30	488.8	39.4813765	73.5951136	5107.7
1645	714.8	714.8	717.8	190,185,19,14	488.8	39.4814233	73.5953893	5107.6
1646	293.3	292.3	295.3	1747,915,10,26	488.7	39.4813781	73.5951077	5107.6
1647	558.6	558.6	558.6	787,65,12,14	488.6	39.4814208	73.5953899	5107.6
1648	110.1	110.1	110.1	47,559,14,12	488.5	39.4813758	73.5951122	5107.6
1649	693.8	693.8	693.8	858,689,25,12	488.4	39.4814230	73.5953888	5107.6
1650	279.3	279.3	279.3	1464,1053,15,27	488.3	39.4813779	73.5951082	5107.6
1651	646.7	646.7	646.7	659,1027,13,12	488.3	39.4814219	73.5953891	5107.6
1652	424.5	424.5	424.5	1274,142,22,11	488.0	39.4813788	73.5951060	5107.5
1653	646.7	644.7	646.7	365,121,12,14	487.9	39.4814219	73.5953891	5107.6
1654	428.5	428.5	428.5	1841,521,14,10	487.7	39.4813790	73.5951057	5107.6
1655	678.8	678.8	682.8	1545,929,14,22	487.7	39.4814224	73.5953890	5107.6
1656	575.6	575.6	575.6	1159,369,16,16	487.6	39.4814212	73.5953905	5107.6
1657	127.1	127.1	127.1	1153,1049,16,16	487.5	39.4813758	73.5951120	5107.6
1658	268.3	268.3	269.3	137,81,16,22	487.5	39.4813776	73.5951084	5107.6
1659	695.8	695.8	695.8	1803,127,18,22	487.5	39.4814230	73.5953887	5107.6
1660	668.8	664.7	669.8	513,273,16,12	487.2	39.4814228	73.5953892	5107.6
1661	235.3	235.3	235.3	505,723,6,32	487.0	39.4813779	73.5951104	5107.5
1662	488.5	488.5	491.6	1645,117,12,22	486.9	39.4813770	73.5951045	5107.6
1663	225.3	225.3	225.3	377,259,8,21	486.2	39.4813771	73.5951099	5107.6
1664	675.8	675.8	675.8	15,0,22,13	486.0	39.4814223	73.5953893	5107.6
1665	398.4	396.4	398.4	1272,817,19,16	485.7	39.4813787	73.5951059	5107.6
1666	385.4	385.4	385.4	313,753,14,20	484.9	39.4813794	73.5951065	5107.6
1667	455.5	453.5	456.5	129,481,16,10	484.9	39.4813786	73.5951057	5107.6
1668	455.5	455.5	457.5	205,841,12,18	484.9	39.4813786	73.5951057	5107.6
1669	538.6	538.6	538.6	835,408,14,17	484.8	39.4814228	73.5953917	5107.6
1670	737.8	735.8	745.8	787,968,16,15	484.5	39.4814240	73.5953888	5107.6
1671	236.3	236.3	236.3	723,164,14,11	484.4	39.4813778	73.5951104	5107.5
1672	597.7	597.7	597.7	251,884,22,13	484.0	39.4814216	73.5953903	5107.6
1673	353.4	350.4	353.4	1655,933,16,12	483.5	39.4813792	73.5951061	5107.6
1674	462.5	462.5	462.5	355,280,20,15	483.5	39.4813787	73.5951056	5107.6
1675	390.4	390.4	392.4	1730,699,23,18	483.4	39.4813788	73.5951058	5107.6
1676	142.2	142.2	143.2	75,881,12,16	483.3	39.4813761	73.5951113	5107.6
1677	169.2	161.2	169.2	87,103,16,24	482.7	39.4813761	73.5951108	5107.6
1678	35.0	28.0	35.0	1195,112,16,15	482.6	39.4813761	73.5951136	5107.7
1679	212.2	206.2	212.2	89,25,16,14	482.5	39.4813768	73.5951103	5107.6
1680	96.1	96.1	96.1	385,0,6,26	482.3	39.4813764	73.5951114	5107.6
1681	358.4	358.4	359.4	481,7,22,12	482.1	39.4813791	73.5951065	5107.6
1682	119.1	117.1	119.1	193,22,10,26	481.4	39.4813762	73.5951120	5107.6
1683	91.1	91.1	91.1	41,139,16,36	481.3	39.4813757	73.5951115	5107.7
1684	675.8	675.8	675.8	45,113,14,20	480.9	39.4814223	73.5953893	5107.6
1685	508.6	504.6	515.6	0,977,18,12	480.7	39.4813809	73.5951339	5107.6
1686	641.7	641.7	641.7	353,260,30,11	480.7	39.4814222	73.5953890	5107.6
1687	126.1	126.1	130.1	77,655,8,30	480.4	39.4813758	73.5951120	5107.6
1688	375.4	364.4	375.4	1761,1013,24,18	480.2	39.4813793	73.5951062	5107.6
1689	104.1	101.1	105.1	1747,157,14,14	480.1	39.4813758	73.5951116	5107.6
1690	696.8	696.8	696.8	1473,267,20,22	480.0	39.4814229	73.5953888	5107.6
1691	227.3	227.3	227.3	107,101,13,24	479.7	39.4813771	73.5951102	5107.5
1692	450.5	445.5	450.5	1481,314,16,19	479.7	39.4813782	73.5951059	5107.6
1693	354.4	354.4	354.4	1817,61,24,14	479.4	39.4813792	73.5951062	5107.6
1694	338.4	336.4	340.4	1840,111,17,15	479.3	39.4813790	73.5951066	5107.5
1695	95.1	93.1	95.1	1153,417,16,14	479.2	39.4813762	73.5951115	5107.6
1696	534.6	534.6	537.6	369,284,13,21	479.1	39.4814227	73.5953918	5107.6
1697	581.7	581.7	581.7	931,226,13,15	478.9	39.4814213	73.5953903	5107.6
1698	209.2	203.2	213.2	100,269,13,26	478.6	39.4813769	73.5951104	5107.6
1699	359.4	358.4	365.4	1745,73,24,8	478.3	39.4813791	73.5951065	5107.6
1700	538.6	538.6	542.6	1025,961,10,16	478.3	39.4814228	73.5953917	5107.6
1701	788.9	784.9	794.9	593,31,18,16	478.3	39.4814235	73.5953873	5107.6
1702	531.6	526.6	532.6	415,875,18,10	478.1	39.4814227	73.5953915	5107.6
1703	614.7	614.7	614.7	1135,1025,10,16	478.0	39.4814218	73.5953894	5107.6
1704	461.5	461.5	461.5	123,1063,14,17	477.7	39.4813787	73.5951056	5107.6
1705	577.6	577.6	590.7	308,801,19,14	477.6	39.4814212	73.5953906	5107.6
1706	268.3	267.3	268.3	171,169,8,26	477.4	39.4813776	73.5951084	5107.6
1707	110.1	109.1	110.1	333,191,14,26	477.1	39.4813758	73.5951122	5107.6
1708	285.3	284.3	285.3	1733,793,12,14	476.6	39.4813775	73.5951080	5107.6
1709	106.1	106.1	108.1	5,399,9,36	476.4	39.4813759	73.5951120	5107.6
1710	315.4	311.4	315.4	13,854,18,19	476.4	39.4813783	73.5951067	5107.5
1711	353.4	342.4	353.4	72,1029,25,18	476.4	39.4813792	73.5951061	5107.6
1712	526.6	526.6	526.6	609,332,18,13	474.8	39.4814222	73.5953917	5107.6
1713	461.5	461.5	461.5	651,861,12,15	474.2	39.4813787	73.5951056	5107.6
1714	383.4	383.4	383.4	1113,281,24,8	473.9	39.4813796	73.5951063	5107.6
1715	239.3	239.3	239.3	289,387,12,18	473.7	39.4813773	73.5951101	5107.5
1716	539.6	539.6	539.6	113,1047,10,14	473.7	39.4814226	73.5953914	5107.6
1717	272.3	272.3	276.3	0,217,13,25	473.2	39.4813774	73.5951083	5107.6
1718	605.7	602.7	605.7	614,1027,17,14	473.1	39.4814215	73.5953898	5107.6
1719	407.5	407.5	407.5	337,135,16,10	473.0	39.4813794	73.5951059	5107.6
1720	471.5	467.5	471.5	1225,1073,18,7	473.0	39.4813778	73.5951054	5107.6
1721	744.8	737.8	747.8	1537,421,16,10	472.9	39.4814232	73.5953882	5107.6
1722	611.7	611.7	611.7	433,313,18,14	472.8	39.4814215	73.5953893	5107.6
1723	473.5	472.5	473.5	27,577,13,18	472.6	39.4813777	73.5951055	5107.6
1724	641.7	641.7	641.7	515,77,16,12	472.6	39.4814222	73.5953890	5107.6
1725	142.2	141.2	142.2	3,897,12,14	472.4	39.4813761	73.5951113	5107.6
1726	455.5	453.5	460.5	982,702,15,17	472.4	39.4813786	73.5951057	5107.6
1727	418.5	417.5	419.5	889,0,14,23	472.2	39.4813788	73.5951060	5107.6
1728	415.5	415.5	415.5	335,1049,17,12	472.1	39.4813786	73.5951060	5107.6
1729	406.5	406.5	408.5	553,103,14,24	471.9	39.4813794	73.5951059	5107.6
1730	315.4	315.4	315.4	1867,985,22,22	471.7	39.4813783	73.5951067	5107.5
1731	600.7	588.7	600.7	83,745,14,12	471.7	39.4814217	73.5953904	5107.6
1732	473.5	473.5	474.5	161,419,22,8	471.5	39.4813777	73.5951055	5107.6
1733	353.4	348.4	355.4	865,379,16,16	471.1	39.4813792	73.5951061	5107.6
1734	719.8	719.8	719.8	1475,1013,15,12	471.0	39.4814231	73.5953891	5107.6
1735	618.7	616.7	620.7	505,961,16,10	470.9	39.4814217	73.5953893	5107.6
1736	303.3	292.3	303.3	1695,988,20,29	470.8	39.4813781	73.5951073	5107.6
1737	42.0	39.0	42.0	1835,0,12,11	470.5	39.4813762	73.5951136	5107.7
1738	491.6	491.6	491.6	1647,133,18,12	470.2	39.4813770	73.5951046	5107.6
1739	271.3	271.3	271.3	1781,1027,10,30	469.9	39.4813774	73.5951084	5107.6
1740	694.8	694.8	694.8	1633,214,16,9	469.5	39.4814230	73.5953888	5107.6
1741	468.5	468.5	468.5	17,962,16,15	469.0	39.4813779	73.5951055	5107.6
1742	566.6	561.6	566.6	1889,523,16,14	469.0	39.4814209	73.5953906	5107.6
1743	360.4	360.4	360.4	1643,89,22,20	468.7	39.4813794	73.5951067	5107.6
1744	755.8	751.8	757.9	1289,583,9,24	468.7	39.4814231	73.5953882	5107.6
1745	690.8	689.8	690.8	43,391,20,16	468.3	39.4814227	73.5953889	5107.6
1746	731.8	731.8	733.8	1905,151,15,12	467.2	39.4814233	73.5953889	5107.6
1747	317.4	317.4	317.4	1529,85,14,24	467.1	39.4813786	73.5951067	5107.6
1748	661.7	661.7	662.7	97,721,16,16	466.3	39.4814222	73.5953892	5107.6
1749	736.8	736.8	736.8	1255,19,20,10	465.7	39.4814237	73.5953889	5107.6
1750	304.3	303.3	304.3	1555,1041,18,39	465.4	39.4813780	73.5951073	5107.6
1751	546.6	546.6	546.6	36,641,13,13	465.1	39.4814221	73.5953910	5107.6
1752	509.6	504.6	517.6	1544,1027,15,16	464.1	39.4813851	73.5951621	5107.6
1753	607.7	607.7	608.7	1257,417,8,24	464.1	39.4814214	73.5953897	5107.6
1754	216.2	215.2	216.2	3,977,12,32	463.9	39.4813767	73.5951100	5107.6
1755	152.2	151.2	152.2	65,0,8,17	463.6	39.4813768	73.5951107	5107.6
1756	679.8	676.8	680.8	1411,327,26,8	463.5	39.4814224	73.5953889	5107.6
1757	542.6	542.6	542.6	1031,661,26,8	463.3	39.4814223	73.5953912	5107.6
1758	370.4	370.4	370.4	1593,971,24,26	463.0	39.4813789	73.5951058	5107.6
1759	547.6	547.6	548.6	607,817,18,8	462.9	39.4814220	73.5953911	5107.6
1760	464.5	462.5	464.5	434,1066,15,14	462.7	39.4813785	73.5951056	5107.6
1761	288.3	287.3	288.3	1855,781,18,28	462.3	39.4813776	73.5951081	5107.6
1762	540.6	540.6	540.6	329,881,8,22	462.1	39.4814222	73.5953912	5107.6
1763	660.7	658.7	660.7	1731,643,14,14	462.1	39.4814222	73.5953892	5107.6
1764	121.1	121.1	121.1	1001,529,8,16	462.0	39.4813759	73.5951120	5107.6
1765	556.6	556.6	562.6	743,381,12,14	462.0	39.4814211	73.5953900	5107.6
1766	646.7	646.7	646.7	1834,15,12,24	461.8	39.4814219	73.5953891	5107.6
1767	193.2	191.2	194.2	139,833,14,16	461.7	39.4813766	73.5951107	5107.6
1768	706.8	704.8	710.8	1457,871,16,10	461.4	39.4814227	73.5953888	5107.6
1769	495.6	494.6	495.6	1739,241,18,12	461.3	39.4813770	73.5951046	5107.6
1770	570.6	570.6	570.6	82,1057,17,23	460.9	39.4814216	73.5953906	5107.6
1771	526.6	524.6	529.6	431,667,20,14	460.7	39.4814222	73.5953917	5107.6
1772	612.7	612.7	612.7	177,369,6,24	460.2	39.4814215	73.5953893	5107.6
1773	168.2	168.2	170.2	651,413,6,34	459.6	39.4813762	73.5951107	5107.6
1774	696.8	696.8	697.8	1607,417,16,12	459.6	39.4814229	73.5953888	5107.6
1775	556.6	554.6	556.6	67,0,24,8	459.5	39.4814211	73.5953900	5107.6
1776	539.6	539.6	542.6	913,296,16,10	459.2	39.4814226	73.5953914	5107.6
1777	682.8	682.8	682.8	803,49,16,16	459.1	39.4814224	73.5953887	5107.6
1778	546.6	546.6	546.6	1697,33,16,8	458.8	39.4814221	73.5953910	5107.6
1779	564.6	559.6	564.6	301,999,20,15	458.6	39.4814209	73.5953903	5107.6
1780	541.6	541.6	541.6	236,179,13,27	458.2	39.4814223	73.5953912	5107.6
1781	668.8	664.7	669.8	258,327,32,10	458.0	39.4814228	73.5953892	5107.6
1782	313.4	313.4	313.4	1875,15,20,18	457.9	39.4813781	73.5951068	5107.6
1783	575.6	575.6	575.6	1511,90,26,18	457.3	39.4814212	73.5953905	5107.6
1784	791.9	791.9	794.9	563,49,14,13	457.2	39.4814238	73.5953875	5107.6
1785	417.5	413.5	417.5	1525,789,12,12	457.0	39.4813787	73.5951060	5107.5
1786	710.8	707.8	710.8	1801,490,24,12	456.9	39.4814228	73.5953889	5107.6
1787	125.1	124.1	131.1	153,773,12,24	456.6	39.4813757	73.5951120	5107.6
1788	707.8	707.8	709.8	369,105,24,14	456.6	39.4814224	73.5953887	5107.6
1789	603.7	599.7	603.7	899,113,19,12	456.3	39.4814217	73.5953900	5107.6
1790	383.4	378.4	384.4	1129,738,16,11	455.7	39.4813796	73.5951063	5107.6
1791	615.7	613.7	615.7	51,277,14,12	455.7	39.4814218	73.5953893	5107.6
1792	313.4	309.3	315.4	297,737,14,14	455.6	39.4813781	73.5951068	5107.6
1793	628.7	627.7	630.7	1826,145,13,14	455.6	39.4814214	73.5953884	5107.6
1794	6.0	3.0	6.0	21,167,10,18	455.2	39.4813759	73.5951133	5107.7
1795	227.3	227.3	227.3	81,39,16,22	455.1	39.4813771	73.5951102	5107.5
1796	401.5	401.5	401.5	1881,129,10,16	455.1	39.4813789	73.5951060	5107.6
1797	524.6	524.6	524.6	289,705,22,8	454.9	39.4814221	73.5953917	5107.6
1798	305.3	305.3	307.3	1841,5,24,12	454.8	39.4813779	73.5951072	5107.5
1799	520.6	514.6	520.6	1763,639,24,12	454.7	39.4814225	73.5953929	5107.6
1800	7.0	3.0	7.0	9,229,14,12	454.6	39.4813758	73.5951133	5107.7
1801	290.3	290.3	290.3	1623,876,18,21	454.2	39.4813778	73.5951080	5107.6
1802	424.5	424.5	424.5	1795,971,14,20	453.9	39.4813788	73.5951060	5107.5
1803	736.8	736.8	737.8	1577,33,16,8	453.9	39.4814237	73.5953889	5107.6
1804	325.4	321.4	326.4	1703,993,10,16	453.8	39.4813783	73.5951071	5107.5
1805	575.6	575.6	575.6	1309,673,10,19	453.8	39.4814212	73.5953905	5107.6
1806	95.1	94.1	95.1	1911,57,9,16	453.3	39.4813762	73.5951115	5107.6
1807	276.3	275.3	277.3	131,185,16,28	453.3	39.4813781	73.5951084	5107.5
1808	740.8	739.8	745.8	180,132,13,13	453.2	39.4814240	73.5953886	5107.6
1809	569.6	568.6	569.6	1061,245,12,12	453.0	39.4814218	73.5953906	5107.6
1810	53.1	53.1	60.1	1875,929,14,10	452.9	39.4813760	73.5951133	5107.7
1811	233.3	233.3	233.3	1511,189,46,8	452.8	39.4813780	73.5951106	5107.6
1812	781.9	781.9	781.9	125,506,16,13	452.8	39.4814235	73.5953876	5107.6
1813	218.2	217.2	221.2	65,65,12,16	452.6	39.4813771	73.5951100	5107.6
1814	618.7	617.7	618.7	1201,0,28,13	452.5	39.4814217	73.5953893	5107.6
1815	27.0	25.0	27.0	1553,385,10,21	452.2	39.4813760	73.5951137	5107.7
1816	49.1	49.1	57.1	1489,552,16,9	451.9	39.4813764	73.5951134	5107.7
1817	125.1	123.1	125.1	295,529,8,36	451.9	39.4813757	73.5951120	5107.6
1818	422.5	421.5	422.5	730,283,21,12	451.8	39.4813788	73.5951062	5107.6
1819	523.6	523.6	523.6	563,951,20,10	451.4	39.4814220	73.5953919	5107.6
1820	703.8	703.8	704.8	1661,320,20,9	451.4	39.4814228	73.5953888	5107.6
1821	160.2	160.2	160.2	561,67,9,30	450.8	39.4813766	73.5951106	5107.6
1822	470.5	470.5	470.5	401,369,16,10	450.7	39.4813777	73.5951053	5107.6
1823	713.8	713.8	713.8	1160,0,9,17	450.5	39.4814233	73.5953894	5107.6
1824	105.1	105.1	106.1	51,987,9,20	450.4	39.4813758	73.5951120	5107.6
1825	361.4	361.4	363.4	1753,43,30,16	450.4	39.4813797	73.5951069	5107.6
1826	504.6	501.6	507.6	1795,1053,22,10	450.0	39.4813770	73.5951045	5107.6
1827	557.6	554.6	557.6	35,761,22,8	450.0	39.4814210	73.5953900	5107.6
1828	270.3	270.3	270.3	1139,834,14,15	449.5	39.4813774	73.5951085	5107.5
1829	264.3	264.3	265.3	281,53,16,24	449.3	39.4813778	73.5951088	5107.6
1830	604.7	604.7	604.7	1331,875,17,12	449.3	39.4814217	73.5953900	5107.6
1831	254.3	254.3	254.3	507,297,22,8	448.6	39.4813770	73.5951089	5107.6
1832	470.5	470.5	470.5	1587,83,14,22	448.6	39.4813777	73.5951053	5107.6
1833	532.6	530.6	532.6	7,994,18,13	448.6	39.4814226	73.5953915	5107.6
1834	386.4	386.4	386.4	1473,295,16,12	448.5	39.4813793	73.5951064	5107.6
1835	286.3	286.3	286.3	811,1023,16,10	448.4	39.4813774	73.5951079	5107.5
1836	386.4	386.4	386.4	675,314,19,13	448.3	39.4813793	73.5951064	5107.6
1837	290.3	290.3	290.3	1494,53,15,12	448.2	39.4813778	73.5951080	5107.6
1838	553.6	553.6	553.6	11,1009,22,6	448.1	39.4814213	73.5953905	5107.6
1839	432.5	430.5	437.5	673,765,16,12	448.0	39.4813784	73.5951062	5107.6
1840	534.6	534.6	534.6	259,0,28,7	448.0	39.4814227	73.5953918	5107.6
1841	571.6	571.6	571.6	1721,381,16,10	447.9	39.4814215	73.5953907	5107.6
1842	240.3	240.3	240.3	12,343,17,17	447.7	39.4813771	73.5951100	5107.5
1843	441.5	440.5	444.5	1603,730,36,10	447.7	39.4813785	73.5951059	5107.6
1844	316.4	316.4	316.4	1409,289,14,14	447.6	39.4813784	73.5951068	5107.6
1845	395.4	394.4	395.4	673,37,18,8	447.4	39.4813786	73.5951059	5107.6
1846	92.1	92.1	95.1	235,548,14,29	447.2	39.4813758	73.5951116	5107.6
1847	104.1	104.1	110.1	49,559,10,20	447.1	39.4813758	73.5951116	5107.6
1848	265.3	265.3	270.3	349,125,12,35	446.8	39.4813777	73.5951088	5107.6
1849	581.7	581.7	581.7	1731,491,20,12	446.7	39.4814213	73.5953903	5107.6
1850	633.7	633.7	634.7	63,981,22,10	446.4	39.4814225	73.5953887	5107.6
1851	124.1	121.1	125.1	1641,1072,32,8	446.1	39.4813757	73.5951119	5107.6
1852	343.4	336.4	348.4	203,577,12,15	446.0	39.4813790	73.5951065	5107.5
1853	538.6	534.6	538.6	905,67,14,12	446.0	39.4814228	73.5953917	5107.6
1854	343.4	339.4	343.4	625,753,16,8	445.9	39.4813790	73.5951065	5107.5
1855	448.5	448.5	448.5	1731,987,14,12	445.9	39.4813785	73.5951059	5107.6
1856	532.6	532.6	532.6	177,799,8,20	445.8	39.4814226	73.5953915	5107.6
1857	455.5	454.5	460.5	1604,959,19,16	445.7	39.4813786	73.5951057	5107.6
1858	609.7	609.7	609.7	417,1073,18,7	445.6	39.4814214	73.5953895	5107.6
1859	84.1	83.1	84.1	129,89,16,12	445.5	39.4813757	73.5951120	5107.7
1860	478.5	478.5	478.5	723,513,19,9	445.4	39.4813774	73.5951049	5107.6
1861	98.1	98.1	98.1	435,57,11,18	444.9	39.4813765	73.5951114	5107.6
1862	614.7	614.7	614.7	1379,467,12,12	444.7	39.4814218	73.5953894	5107.6
1863	210.2	209.2	210.2	15,11,28,18	444.6	39.4813769	73.5951104	5107.6
1864	376.4	371.4	376.4	1893,1033,27,24	444.5	39.4813791	73.5951061	5107.6
1865	414.5	414.5	414.5	1893,443,14,12	444.5	39.4813787	73.5951060	5107.6
1866	222.2	222.2	222.2	283,865,16,10	444.4	39.4813768	73.5951101	5107.6
1867	407.5	407.5	407.5	27,1009,20,9	444.4	39.4813794	73.5951059	5107.6
1868	12.0	8.0	13.0	1621,532,14,22	444.1	39.4813760	73.5951134	5107.7
1869	659.7	653.7	663.7	1429,63,16,35	444.0	39.4814223	73.5953891	5107.6
1870	125.1	125.1	131.1	0,845,9,26	443.5	39.4813757	73.5951120	5107.6
1871	646.7	646.7	646.7	0,177,14,15	443.0	39.4814219	73.5953891	5107.6
1872	283.3	283.3	283.3	67,217,12,16	442.9	39.4813776	73.5951082	5107.6
1873	357.4	357.4	362.4	1776,139,21,6	442.9	39.4813791	73.5951065	5107.6
1874	757.9	757.9	757.9	7,510,18,9	442.9	39.4814229	73.5953879	5107.6
1875	698.8	698.8	698.8	71,157,20,16	441.8	39.4814229	73.5953891	5107.6
1876	24.0	24.0	24.0	1749,969,16,24	441.7	39.4813760	73.5951137	5107.7
1877	711.8	710.8	711.8	1767,1058,17,16	441.7	39.4814229	73.5953890	5107.6
1878	509.6	502.6	515.6	1457,1058,15,15	441.6	39.4813851	73.5951621	5107.6
1879	277.3	275.3	278.3	49,1047,12,26	441.5	39.4813781	73.5951084	5107.5
1880	520.6	518.6	520.6	1381,728,13,10	441.5	39.4814225	73.5953929	5107.6
1881	420.5	417.5	420.5	987,745,13,13	441.3	39.4813787	73.5951061	5107.6
1882	721.8	721.8	721.8	1143,25,10,18	441.3	39.4814232	73.5953891	5107.6
1883	726.8	726.8	726.8	1873,87,8,18	441.0	39.4814234	73.5953890	5107.6
1884	100.1	100.1	103.1	649,171,17,10	440.7	39.4813766	73.5951115	5107.6
1885	417.5	415.5	417.5	295,355,16,14	440.7	39.4813787	73.5951060	5107.5
1886	238.3	238.3	238.3	1813,229,6,24	440.6	39.4813775	73.5951103	5107.6
1887	608.7	606.7	609.7	1117,883,14,21	440.6	39.4814214	73.5953896	5107.6
1888	558.6	558.6	561.6	600,0,9,17	440.4	39.4814208	73.5953899	5107.6
1889	290.3	290.3	290.3	1673,187,27,18	440.3	39.4813778	73.5951080	5107.6
1890	711.8	711.8	711.8	1873,505,14,10	440.3	39.4814229	73.5953890	5107.6
1891	152.2	151.2	152.2	134,0,11,17	440.2	39.4813768	73.5951107	5107.6
1892	458.5	458.5	458.5	1849,345,22,24	440.2	39.4813784	73.5951056	5107.6
1893	478.5	478.5	478.5	1401,357,9,20	440.2	39.4813774	73.5951049	5107.6
1894	606.7	606.7	606.7	155,929,20,14	440.0	39.4814214	73.5953897	5107.6
1895	36.0	36.0	40.0	1307,1057,8,16	439.7	39.4813763	73.5951135	5107.7
1896	644.7	644.7	644.7	1444,788,13,22	439.5	39.4814222	73.5953892	5107.6
1897	729.8	729.8	729.8	833,19,22,14	439.5	39.4814235	73.5953890	5107.6
1898	716.8	716.8	716.8	1661,739,18,18	439.4	39.4814232	73.5953892	5107.6
1899	732.8	731.8	732.8	1839,101,20,8	439.4	39.4814232	73.5953890	5107.6
1900	399.4	394.4	399.4	911,663,18,16	439.3	39.4813788	73.5951059	5107.6
1901	544.6	544.6	544.6	115,763,13,24	439.2	39.4814222	73.5953911	5107.6
1902	684.8	684.8	687.8	1601,633,19,8	439.1	39.4814225	73.5953888	5107.6
1903	407.5	407.5	407.5	1887,769,12,12	439.0	39.4813794	73.5951059	5107.6
1904	609.7	607.7	609.7	211,355,12,14	439.0	39.4814214	73.5953895	5107.6
1905	359.4	359.4	359.4	451,0,14,9	438.9	39.4813791	73.5951065	5107.6
1906	533.6	533.6	533.6	129,801,16,10	438.9	39.4814227	73.5953917	5107.6
1907	345.4	343.4	353.4	401,422,10,15	438.6	39.4813793	73.5951063	5107.6
1908	317.4	316.4	317.4	1874,1070,26,10	438.5	39.4813786	73.5951067	5107.6
1909	80.1	76.1	80.1	1297,33,22,16	438.3	39.4813761	73.5951120	5107.6
1910	484.5	484.5	484.5	33,801,14,14	438.2	39.4813773	73.5951048	5107.6
1911	230.3	230.3	230.3	9,219,13,22	437.9	39.4813776	73.5951101	5107.6
1912	726.8	725.8	727.8	1457,517,30,17	437.8	39.4814234	73.5953890	5107.6
1913	379.4	379.4	379.4	1505,766,21,13	437.6	39.4813793	73.5951061	5107.6
1914	395.4	395.4	398.4	1511,899,12,14	437.3	39.4813786	73.5951059	5107.6
1915	774.9	769.9	774.9	1513,177,10,16	437.3	39.4814241	73.5953875	5107.6
1916	23.0	23.0	23.0	351,365,14,16	437.1	39.4813762	73.5951135	5107.7
1917	529.6	529.6	529.6	691,1043,12,12	437.1	39.4814224	73.5953915	5107.6
1918	261.3	261.3	261.3	357,21,10,28	436.7	39.4813773	73.5951091	5107.6
1919	476.5	476.5	476.5	32,779,18,38	436.7	39.4813773	73.5951051	5107.6
1920	555.6	555.6	555.6	723,979,12,12	436.7	39.4814213	73.5953902	5107.6
1921	314.4	314.4	314.4	1897,961,14,14	436.6	39.4813783	73.5951067	5107.5
1922	541.6	541.6	541.6	987,56,16,9	436.6	39.4814223	73.5953912	5107.6
1923	2.0	2.0	2.0	1376,245,17,20	436.5	39.4813757	73.5951138	5107.7
1924	592.7	592.7	592.7	89,635,14,12	436.5	39.4814216	73.5953903	5107.6
1925	382.4	380.4	382.4	1889,475,22,6	436.4	39.4813795	73.5951064	5107.6
1926	124.1	124.1	132.1	19,1010,14,37	436.3	39.4813757	73.5951119	5107.6
1927	698.8	698.8	698.8	541,129,20,10	436.2	39.4814229	73.5953891	5107.6
1928	492.6	492.6	495.6	1839,321,18,17	435.7	39.4813770	73.5951048	5107.6
1929	198.2	198.2	198.2	547,675,12,14	435.6	39.4813771	73.5951105	5107.6
1930	575.6	575.6	575.6	745,47,10,21	435.3	39.4814212	73.5953905	5107.6
1931	547.6	547.6	547.6	137,75,14,22	435.2	39.4814220	73.5953911	5107.6
1932	602.7	602.7	602.7	207,601,16,11	434.8	39.4814216	73.5953903	5107.6
1933	734.8	734.8	734.8	1909,65,11,10	434.8	39.4814239	73.5953890	5107.6
1934	646.7	646.7	646.7	433,706,24,13	434.7	39.4814219	73.5953891	5107.6
1935	736.8	735.8	739.8	1519,97,24,6	434.5	39.4814237	73.5953889	5107.6
1936	93.1	93.1	95.1	85,343,16,21	434.2	39.4813759	73.5951116	5107.6
1937	578.7	578.7	578.7	1713,109,30,10	434.2	39.4814213	73.5953906	5107.6
1938	770.9	768.9	772.9	1857,154,14,11	434.1	39.4814239	73.5953876	5107.6
1939	48.1	48.1	56.1	1809,1041,14,16	433.9	39.4813762	73.5951135	5107.7
1940	286.3	286.3	286.3	797,381,12,12	433.7	39.4813774	73.5951079	5107.5
1941	604.7	604.7	604.7	307,961,14,10	433.7	39.4814217	73.5953900	5107.6
1942	379.4	379.4	379.4	1809,193,25,10	433.6	39.4813793	73.5951061	5107.6
1943	270.3	263.3	270.3	409,277,18,24	433.5	39.4813774	73.5951085	5107.5
1944	96.1	96.1	96.1	189,221,18,20	433.4	39.4813764	73.5951114	5107.6
1945	661.7	661.7	661.7	260,547,26,14	433.1	39.4814222	73.5953892	5107.6
1946	122.1	122.1	122.1	483,197,14,28	432.8	39.4813759	73.5951118	5107.6
1947	288.3	288.3	290.3	305,9,16,8	432.8	39.4813776	73.5951081	5107.6
1948	315.4	315.4	315.4	971,0,22,8	432.7	39.4813783	73.5951067	5107.5
1949	117.1	117.1	120.1	17,745,8,32	432.3	39.4813763	73.5951119	5107.6
1950	465.5	465.5	465.5	497,139,10,22	431.7	39.4813783	73.5951056	5107.6
1951	307.3	305.3	307.3	513,49,15,11	431.4	39.4813779	73.5951069	5107.5
1952	317.4	317.4	317.4	1727,1065,24,15	431.4	39.4813786	73.5951067	5107.6
1953	446.5	444.5	451.5	1711,163,12,12	431.4	39.4813788	73.5951060	5107.6
1954	546.6	546.6	546.6	1497,553,13,17	431.4	39.4814221	73.5953910	5107.6
1955	723.8	723.8	724.8	993,11,24,8	431.4	39.4814234	73.5953890	5107.6
1956	374.4	374.4	374.4	377,0,14,22	431.3	39.4813793	73.5951061	5107.6
1957	739.8	739.8	750.8	911,753,18,8	430.9	39.4814240	73.5953887	5107.6
1958	621.7	620.7	621.7	1857,833,15,14	430.7	39.4814215	73.5953889	5107.6
1959	147.2	146.2	153.2	253,385,6,32	430.3	39.4813762	73.5951110	5107.6
1960	294.3	294.3	307.3	371,17,18,28	430.3	39.4813781	73.5951077	5107.6
1961	291.3	291.3	291.3	1280,337,11,12	430.1	39.4813778	73.5951078	5107.5
1962	403.5	403.5	406.5	1265,819,16,14	430.0	39.4813791	73.5951061	5107.6
1963	212.2	206.2	213.2	25,268,8,21	429.9	39.4813768	73.5951103	5107.6
1964	547.6	547.6	547.6	115,643,18,14	429.8	39.4814220	73.5953911	5107.6
1965	287.3	287.3	288.3	1497,444,10,21	429.5	39.4813776	73.5951079	5107.5
1966	393.4	393.4	393.4	1249,523,16,16	429.5	39.4813785	73.5951061	5107.6
1967	612.7	612.7	613.7	1019,130,12,15	429.5	39.4814215	73.5953893	5107.6
1968	191.2	190.2	194.2	613,717,10,18	429.1	39.4813766	73.5951108	5107.6
1969	726.8	726.8	726.8	575,705,18,32	429.1	39.4814234	73.5953890	5107.6
1970	343.4	343.4	343.4	625,337,8,16	428.8	39.4813790	73.5951065	5107.5
1971	210.2	210.2	210.2	1097,939,6,20	428.7	39.4813769	73.5951104	5107.6
1972	630.7	623.7	630.7	206,1049,31,6	428.7	39.4814214	73.5953884	5107.6
1973	573.6	573.6	574.6	1187,253,22,7	428.4	39.4814214	73.5953909	5107.6
1974	541.6	541.6	541.6	0,807,23,13	427.9	39.4814223	73.5953912	5107.6
1975	604.7	604.7	606.7	75,855,12,17	427.9	39.4814217	73.5953900	5107.6
1976	320.4	318.4	327.4	1761,369,16,16	427.8	39.4813786	73.5951069	5107.6
1977	366.4	363.4	369.4	177,401,12,10	427.2	39.4813794	73.5951064	5107.6
1978	575.6	575.6	575.6	1849,661,16,8	427.2	39.4814212	73.5953905	5107.6
1979	598.7	598.7	598.7	961,961,22,6	427.2	39.4814216	73.5953903	5107.6
1980	613.7	613.7	613.7	694,565,13,12	427.0	39.4814215	73.5953893	5107.6
1981	478.5	478.5	479.5	337,561,23,13	426.9	39.4813774	73.5951049	5107.6
1982	288.3	288.3	288.3	1898,1027,22,16	426.8	39.4813776	73.5951081	5107.6
1983	603.7	593.7	603.7	881,164,20,13	426.6	39.4814217	73.5953900	5107.6
1984	351.4	344.4	355.4	889,673,18,12	426.5	39.4813791	73.5951062	5107.6
1985	244.3	244.3	244.3	1601,673,16,10	426.3	39.4813765	73.5951098	5107.5
1986	261.3	261.3	261.3	598,897,9,18	426.2	39.4813773	73.5951091	5107.6
1987	263.3	263.3	264.3	212,29,15,24	426.2	39.4813778	73.5951089	5107.5
1988	324.4	322.4	324.4	713,353,8,16	426.0	39.4813783	73.5951070	5107.5
1989	288.3	288.3	289.3	1453,63,22,10	425.8	39.4813776	73.5951081	5107.6
1990	276.3	276.3	277.3	95,17,12,24	425.7	39.4813781	73.5951084	5107.5
1991	563.6	561.6	563.6	1795,339,14,14	425.7	39.4814208	73.5953903	5107.6
1992	727.8	727.8	730.8	1259,961,14,14	425.7	39.4814235	73.5953889	5107.6
1993	231.3	231.3	231.3	109,25,14,24	425.6	39.4813777	73.5951101	5107.6
1994	605.7	605.7	608.7	49,1040,22,9	425.6	39.4814215	73.5953898	5107.6
1995	720.8	720.8	720.8	1561,977,14,10	425.6	39.4814232	73.5953891	5107.6
1996	96.1	96.1	96.1	91,239,9,18	425.5	39.4813764	73.5951114	5107.6
1997	542.6	542.6	542.6	795,501,12,12	425.5	39.4814223	73.5953912	5107.6
1998	571.6	571.6	573.6	449,61,14,12	425.5	39.4814215	73.5953907	5107.6
1999	312.4	312.4	312.4	307,939,14,12	425.2	39.4813778	73.5951069	5107.6
2000	533.6	533.6	533.6	993,873,14,11	425.2	39.4814227	73.5953917	5107.6
2001	167.2	162.2	167.2	17,401,12,12	424.6	39.4813762	73.5951107	5107.6
2002	423.5	423.5	424.5	865,994,16,15	424.6	39.4813789	73.5951061	5107.6
2003	80.1	75.1	83.1	1557,355,15,14	424.3	39.4813761	73.5951120	5107.6
2004	647.7	647.7	647.7	323,304,23,10	424.3	39.4814218	73.5953891	5107.6
2005	104.1	102.1	107.1	763,237,12,20	424.0	39.4813758	73.5951116	5107.6
2006	360.4	360.4	361.4	1742,5,19,8	424.0	39.4813794	73.5951067	5107.6
2007	729.8	729.8	733.8	895,93,17,20	423.9	39.4814235	73.5953890	5107.6
2008	738.8	738.8	738.8	895,1049,24,8	423.8	39.4814240	73.5953887	5107.6
2009	701.8	701.8	701.8	251,0,10,19	423.2	39.4814228	73.5953889	5107.6
2010	443.5	441.5	443.5	1821,1041,14,14	423.1	39.4813785	73.5951058	5107.6
2011	243.3	243.3	243.3	1214,255,22,12	423.0	39.4813766	73.5951099	5107.5
2012	672.8	671.8	672.8	1691,1029,22,12	423.0	39.4814225	73.5953893	5107.6
2013	279.3	279.3	282.3	113,443,6,22	422.6	39.4813779	73.5951082	5107.6
2014	316.4	316.4	316.4	1193,547,22,12	422.5	39.4813784	73.5951068	5107.6
2015	462.5	462.5	462.5	471,1003,17,14	422.5	39.4813787	73.5951056	5107.6
2016	93.1	93.1	98.1	299,707,30,8	422.1	39.4813759	73.5951116	5107.6
2017	556.6	552.6	556.6	0,941,16,8	421.9	39.4814211	73.5953900	5107.6
2018	775.9	775.9	779.9	131,837,14,18	421.9	39.4814240	73.5953875	5107.6
2019	136.2	136.2	138.2	20,25,13,12	421.5	39.4813762	73.5951116	5107.6
2020	538.6	538.6	538.6	1444,239,13,12	421.1	39.4814228	73.5953917	5107.6
2021	681.8	671.8	682.8	925,1061,10,15	420.8	39.4814225	73.5953886	5107.6
2022	788.9	788.9	788.9	1063,647,18,10	420.6	39.4814235	73.5953873	5107.6
2023	79.1	75.1	79.1	1601,13,14,12	420.2	39.4813762	73.5951119	5107.6
2024	142.2	142.2	142.2	1745,317,8,12	420.2	39.4813761	73.5951113	5107.6
2025	391.4	388.4	391.4	774,561,11,18	420.2	39.4813786	73.5951060	5107.6
2026	312.4	308.3	312.4	1795,1025,14,9	420.1	39.4813778	73.5951069	5107.6
2027	29.0	29.0	29.0	1455,79,10,17	419.9	39.4813761	73.5951137	5107.7
2028	562.6	562.6	567.6	257,395,12,14	419.8	39.4814208	73.5953902	5107.6
2029	212.2	208.2	215.2	497,610,10,15	419.6	39.4813768	73.5951103	5107.6
2030	553.6	553.6	553.6	1241,1009,8,16	419.5	39.4814213	73.5953905	5107.6
2031	75.1	75.1	77.1	1423,197,30,8	418.6	39.4813761	73.5951120	5107.7
2032	172.2	172.2	174.2	95,201,10,20	418.3	39.4813761	73.5951109	5107.6
2033	468.5	468.5	468.5	681,813,16,12	418.3	39.4813779	73.5951055	5107.6
2034	223.3	222.2	223.3	209,723,6,25	418.2	39.4813770	73.5951099	5107.6
2035	126.1	125.1	127.1	113,141,12,16	418.1	39.4813758	73.5951120	5107.6
2036	766.9	766.9	770.9	35,513,12,16	418.0	39.4814237	73.5953877	5107.6
2037	97.1	97.1	98.1	349,539,20,38	417.6	39.4813764	73.5951114	5107.6
2038	610.7	610.7	610.7	813,665,18,9	416.8	39.4814214	73.5953894	5107.6
2039	621.7	621.7	621.7	1827,1057,12,14	416.7	39.4814215	73.5953889	5107.6
2040	23.0	22.0	23.0	1743,175,12,12	416.6	39.4813762	73.5951135	5107.7
2041	160.2	153.2	162.2	161,337,8,20	416.5	39.4813766	73.5951106	5107.6
2042	411.5	411.5	411.5	673,1065,26,12	416.5	39.4813790	73.5951059	5107.5
2043	177.2	177.2	179.2	485,313,30,14	416.4	39.4813759	73.5951109	5107.6
2044	286.3	286.3	286.3	1296,889,17,9	416.4	39.4813774	73.5951079	5107.5
2045	310.3	308.3	310.3	1306,729,21,28	416.3	39.4813778	73.5951069	5107.6
2046	463.5	463.5	463.5	1675,1063,17,17	416.3	39.4813787	73.5951056	5107.6
2047	638.7	637.7	638.7	19,785,21,16	416.3	39.4814224	73.5953886	5107.6
2048	693.8	693.8	693.8	453,125,28,12	416.1	39.4814230	73.5953888	5107.6
2049	475.5	475.5	475.5	156,1049,16,14	416.0	39.4813775	73.5951053	5107.6
2050	722.8	722.8	722.8	1905,599,15,16	416.0	39.4814233	73.5953891	5107.6
2051	333.4	333.4	333.4	737,649,14,14	415.5	39.4813788	73.5951069	5107.5
2052	586.7	584.7	586.7	251,569,20,8	415.5	39.4814219	73.5953903	5107.6
2053	473.5	473.5	475.5	1212,9,16,14	415.3	39.4813777	73.5951055	5107.6
2054	454.5	453.5	457.5	315,493,8,16	415.0	39.4813786	73.5951057	5107.6
2055	640.7	639.7	640.7	89,426,22,13	414.9	39.4814222	73.5953888	5107.6
2056	461.5	461.5	461.5	242,689,11,18	414.7	39.4813787	73.5951056	5107.6
2057	283.3	283.3	284.3	199,555,8,37	414.6	39.4813776	73.5951082	5107.6
2058	479.5	478.5	480.5	1617,753,16,9	414.4	39.4813772	73.5951047	5107.6
2059	671.8	671.8	671.8	979,37,22,12	414.4	39.4814227	73.5953893	5107.6
2060	612.7	612.7	612.7	1495,395,15,16	414.3	39.4814215	73.5953893	5107.6
2061	599.7	598.7	599.7	161,913,16,16	414.2	39.4814216	73.5953904	5107.6
2062	737.8	737.8	737.8	1524,0,17,13	414.2	39.4814240	73.5953888	5107.6
2063	333.4	333.4	333.4	101,539,10,22	414.1	39.4813788	73.5951069	5107.5
2064	693.8	693.8	693.8	401,69,18,12	414.1	39.4814230	73.5953888	5107.6
2065	38.0	34.0	38.0	1731,93,16,14	414.0	39.4813763	73.5951133	5107.7
2066	478.5	478.5	478.5	907,371,22,16	413.9	39.4813774	73.5951049	5107.6
2067	703.8	703.8	703.8	1457,575,16,12	413.5	39.4814228	73.5953888	5107.6
2068	464.5	462.5	464.5	1175,268,11,21	413.4	39.4813785	73.5951056	5107.6
2069	623.7	622.7	623.7	653,73,10,14	413.4	39.4814214	73.5953888	5107.6
2070	92.1	92.1	92.1	17,59,12,18	413.2	39.4813758	73.5951116	5107.6
2071	393.4	393.4	393.4	529,585,16,8	413.1	39.4813785	73.5951061	5107.6
2072	238.3	238.3	238.3	1827,463,6,26	413.0	39.4813775	73.5951103	5107.6
2073	775.9	774.9	796.9	886,41,17,14	412.8	39.4814240	73.5953875	5107.6
2074	278.3	278.3	278.3	61,54,22,23	412.6	39.4813779	73.5951084	5107.5
2075	406.5	402.5	406.5	1011,739,10,12	412.5	39.4813794	73.5951059	5107.6
2076	452.5	452.5	452.5	629,881,12,16	412.5	39.4813782	73.5951058	5107.6
2077	439.5	439.5	460.5	867,387,14,12	412.5	39.4813783	73.5951061	5107.6
2078	651.7	648.7	661.7	98,313,13,17	412.5	39.4814216	73.5953886	5107.6
2079	626.7	624.7	635.7	385,233,10,14	412.4	39.4814216	73.5953887	5107.6
2080	475.5	474.5	478.5	43,909,18,8	412.1	39.4813775	73.5951053	5107.6
2081	152.2	152.2	152.2	97,185,16,14	412.0	39.4813768	73.5951107	5107.6
2082	746.8	744.8	750.8	1441,871,16,10	412.0	39.4814234	73.5953883	5107.6
2083	283.3	283.3	284.3	1497,772,14,26	411.6	39.4813776	73.5951082	5107.6
2084	569.6	569.6	569.6	0,895,25,10	411.6	39.4814218	73.5953906	5107.6
2085	702.8	702.8	702.8	855,649,18,8	411.6	39.4814227	73.5953889	5107.6
2086	97.1	97.1	99.1	561,895,16,26	411.5	39.4813764	73.5951114	5107.6
2087	142.2	142.2	142.2	129,57,20,20	411.4	39.4813761	73.5951113	5107.6
2088	37.0	34.0	37.0	1687,31,18,10	411.2	39.4813764	73.5951133	5107.7
2089	167.2	167.2	169.2	369,689,14,40	411.0	39.4813762	73.5951107	5107.6
2090	75.1	73.1	77.1	1323,177,14,10	410.9	39.4813761	73.5951120	5107.7
2091	393.4	393.4	393.4	827,565,21,8	410.9	39.4813785	73.5951061	5107.6
2092	240.3	240.3	244.3	1457,113,29,8	410.8	39.4813771	73.5951100	5107.5
2093	571.6	571.6	571.6	1409,801,18,15	410.7	39.4814215	73.5953907	5107.6
2094	681.8	680.8	682.8	817,943,8,14	410.5	39.4814225	73.5953886	5107.6
2095	410.5	409.5	411.5	1378,53,23,12	410.1	39.4813794	73.5951059	5107.5
2096	612.7	612.7	612.7	1809,817,16,10	409.9	39.4814215	73.5953893	5107.6
2097	235.3	235.3	235.3	75,203,18,26	409.8	39.4813779	73.5951104	5107.5
2098	141.2	141.2	141.2	169,55,13,13	409.2	39.4813761	73.5951115	5107.6
2099	390.4	387.4	391.4	785,429,13,12	409.2	39.4813788	73.5951058	5107.6
2100	575.6	572.6	575.6	525,465,20,14	409.1	39.4814212	73.5953905	5107.6
2101	296.3	296.3	296.3	43,1025,7,24	408.9	39.4813779	73.5951075	5107.6
2102	258.3	258.3	258.3	739,1011,12,11	408.8	39.4813771	73.5951092	5107.6
2103	281.3	281.3	282.3	1735,1017,14,16	408.2	39.4813776	73.5951082	5107.6
2104	233.3	233.3	233.3	225,0,16,9	407.9	39.4813780	73.5951106	5107.6
2105	367.4	361.4	367.4	1717,969,20,24	407.9	39.4813790	73.5951060	5107.6
2106	222.2	222.2	222.2	25,159,16,12	407.8	39.4813768	73.5951101	5107.6
2107	424.5	424.5	424.5	1857,705,12,10	407.4	39.4813788	73.5951060	5107.5
2108	544.6	544.6	544.6	921,1063,17,17	407.4	39.4814222	73.5953911	5107.6
2109	687.8	687.8	687.8	871,649,18,8	407.2	39.4814228	73.5953891	5107.6
2110	144.2	144.2	144.2	51,233,8,21	407.1	39.4813762	73.5951113	5107.6
2111	698.8	698.8	698.8	89,101,24,14	407.1	39.4814229	73.5953891	5107.6
2112	240.3	237.3	241.3	1356,971,11,22	406.8	39.4813771	73.5951100	5107.5
2113	242.3	242.3	242.3	785,843,11,20	406.6	39.4813767	73.5951099	5107.5
2114	588.7	588.7	588.7	1025,509,16,8	406.2	39.4814217	73.5953903	5107.6
2115	685.8	685.8	685.8	1145,857,24,8	406.2	39.4814225	73.5953889	5107.6
2116	384.4	379.4	384.4	1759,201,12,13	405.9	39.4813795	73.5951065	5107.6
2117	73.1	72.1	73.1	23,707,10,14	405.8	39.4813760	73.5951123	5107.7
2118	551.6	551.6	551.6	1825,761,9,16	405.8	39.4814216	73.5953909	5107.6
2119	651.7	650.7	651.7	515,529,11,15	405.8	39.4814216	73.5953886	5107.6
2120	725.8	725.8	725.8	1683,700,21,12	405.7	39.4814234	73.5953890	5107.6
2121	283.3	283.3	284.3	247,865,6,23	405.5	39.4813776	73.5951082	5107.6
2122	380.4	380.4	380.4	1909,346,11,15	405.5	39.4813795	73.5951062	5107.6
2123	523.6	523.6	523.6	415,807,16,20	405.1	39.4814220	73.5953919	5107.6
2124	317.4	317.4	317.4	1350,0,27,9	405.0	39.4813786	73.5951067	5107.6
2125	408.5	408.5	408.5	843,531,16,16	405.0	39.4813793	73.5951058	5107.6
2126	595.7	595.7	595.7	1107,169,12,14	404.6	39.4814215	73.5953902	5107.6
2127	566.6	566.6	566.6	1617,323,19,8	404.5	39.4814209	73.5953906	5107.6
2128	125.1	124.1	125.1	1891,1057,8,14	404.4	39.4813757	73.5951120	5107.6
2129	354.4	354.4	354.4	1737,7,15,18	404.4	39.4813792	73.5951062	5107.6
2130	480.5	480.5	481.5	1328,17,19,13	404.1	39.4813771	73.5951047	5107.6
2131	639.7	639.7	639.7	1468,115,13,20	404.1	39.4814221	73.5953886	5107.6
2132	691.8	689.8	692.8	1017,688,16,17	404.1	39.4814227	73.5953890	5107.6
2133	235.3	235.3	235.3	9,153,20,24	403.5	39.4813779	73.5951104	5107.5
2134	50.1	50.1	51.1	1641,271,12,18	403.4	39.4813761	73.5951133	5107.7
2135	290.3	290.3	290.3	877,505,12,14	403.2	39.4813778	73.5951080	5107.6
2136	78.1	78.1	82.1	1665,921,8,22	402.8	39.4813763	73.5951119	5107.7
2137	305.3	304.3	307.3	1827,169,6,40	402.8	39.4813779	73.5951072	5107.5
2138	228.3	228.3	228.3	109,45,18,16	402.6	39.4813772	73.5951102	5107.6
2139	695.8	695.8	695.8	310,1021,27,6	402.6	39.4814230	73.5953887	5107.6
2140	523.6	523.6	523.6	1107,133,20,8	402.5	39.4814220	73.5953919	5107.6
2141	275.3	275.3	278.3	1775,399,12,14	402.4	39.4813779	73.5951084	5107.5
2142	420.5	420.5	420.5	0,1033,15,10	402.4	39.4813787	73.5951061	5107.6
2143	471.5	471.5	471.5	1363,97,20,8	402.4	39.4813778	73.5951054	5107.6
2144	691.8	689.8	692.8	38,534,12,15	402.2	39.4814227	73.5953890	5107.6
2145	90.1	90.1	90.1	1649,1057,14,13	402.1	39.4813756	73.5951114	5107.7
2146	703.8	703.8	705.8	1423,177,16,12	402.0	39.4814228	73.5953888	5107.6
2147	397.4	397.4	397.4	1011,739,15,13	401.7	39.4813787	73.5951059	5107.6
2148	658.7	658.7	665.7	22,371,19,13	401.5	39.4814223	73.5953892	5107.6
2149	476.5	475.5	476.5	1505,311,16,12	401.4	39.4813773	73.5951051	5107.6
2150	419.5	419.5	419.5	1899,535,21,16	401.3	39.4813788	73.5951060	5107.6
2151	5.0	2.0	6.0	1627,195,14,13	401.1	39.4813759	73.5951135	5107.7
2152	539.6	539.6	539.6	537,785,16,16	401.0	39.4814226	73.5953914	5107.6
2153	229.3	229.3	230.3	91,67,18,15	400.8	39.4813776	73.5951100	5107.6
2154	536.6	536.6	536.6	1881,184,14,11	400.5	39.4814227	73.5953918	5107.6
2155	475.5	475.5	475.5	19,707,14,14	400.4	39.4813775	73.5951053	5107.6
2156	327.4	326.4	327.4	195,1073,14,7	400.3	39.4813782	73.5951069	5107.5
2157	469.5	469.5	469.5	561,531,14,14	400.2	39.4813780	73.5951054	5107.6
2158	713.8	713.8	714.8	1539,917,28,6	400.2	39.4814233	73.5953894	5107.6
2159	323.4	323.4	323.4	595,121,22,8	400.1	39.4813783	73.5951070	5107.6
2160	556.6	556.6	556.6	0,1010,14,15	400.1	39.4814211	73.5953900	5107.6
2161	642.7	642.7	642.7	695,433,10,16	400.0	39.4814222	73.5953892	5107.6
2162	331.4	331.4	339.4	1765,97,10,22	399.9	39.4813787	73.5951072	5107.5
2163	606.7	606.7	606.7	129,755,10,16	399.7	39.4814214	73.5953897	5107.6
2164	786.9	786.9	793.9	843,259,12,12	399.6	39.4814236	73.5953872	5107.6
2165	77.1	75.1	77.1	1465,51,28,12	399.5	39.4813761	73.5951120	5107.7
2166	547.6	547.6	547.6	1573,255,6,18	399.5	39.4814220	73.5953911	5107.6
2167	15.0	11.0	18.0	1505,425,6,24	399.4	39.4813760	73.5951135	5107.7
2168	440.5	440.5	440.5	1777,461,16,10	399.3	39.4813782	73.5951059	5107.6
2169	661.7	661.7	661.7	35,852,14,19	399.3	39.4814222	73.5953892	5107.6
2170	669.8	667.8	669.8	272,515,17,14	399.2	39.4814229	73.5953892	5107.6
2171	691.8	689.8	692.8	811,924,22,19	399.2	39.4814227	73.5953890	5107.6
2172	211.2	211.2	212.2	227,1043,16,12	399.1	39.4813770	73.5951104	5107.6
2173	703.8	703.8	703.8	1299,764,17,10	398.7	39.4814228	73.5953888	5107.6
2174	50.1	50.1	56.1	1801,153,18,11	398.6	39.4813761	73.5951133	5107.7
2175	271.3	271.3	271.3	1753,811,8,22	398.6	39.4813774	73.5951084	5107.6
2176	91.1	91.1	94.1	535,23,16,10	398.5	39.4813757	73.5951115	5107.7
2177	522.6	521.6	522.6	685,925,8,18	398.5	39.4814223	73.5953919	5107.6
2178	703.8	703.8	703.8	1539,185,14,8	398.5	39.4814228	73.5953888	5107.6
2179	376.4	374.4	380.4	1466,753,11,11	398.3	39.4813791	73.5951061	5107.6
2180	468.5	468.5	469.5	1578,666,13,13	398.3	39.4813779	73.5951055	5107.6
2181	544.6	544.6	544.6	1761,639,18,17	398.3	39.4814222	73.5953911	5107.6
2182	218.2	218.2	218.2	899,995,13,12	398.1	39.4813771	73.5951100	5107.6
2183	469.5	469.5	469.5	369,1043,14,13	398.0	39.4813780	73.5951054	5107.6
2184	688.8	688.8	688.8	1347,403,29,8	398.0	39.4814229	73.5953890	5107.6
2185	423.5	423.5	423.5	1137,313,16,9	397.9	39.4813789	73.5951061	5107.6
2186	312.4	308.3	315.4	1863,851,10,14	397.8	39.4813778	73.5951069	5107.6
2187	124.1	124.1	124.1	1577,227,16,18	397.7	39.4813757	73.5951119	5107.6
2188	483.5	483.5	483.5	1313,921,16,8	397.7	39.4813772	73.5951047	5107.6
2189	569.6	560.6	569.6	1149,450,11,15	397.7	39.4814218	73.5953906	5107.6
2190	238.3	238.3	238.3	1621,59,20,22	397.5	39.4813775	73.5951103	5107.6
2191	633.7	633.7	634.7	195,939,14,16	397.3	39.4814225	73.5953887	5107.6
2192	191.2	189.2	192.2	733,127,20,18	397.2	39.4813766	73.5951108	5107.6
2193	548.6	548.6	548.6	189,49,18,14	397.2	39.4814220	73.5953912	5107.6
2194	326.4	325.4	340.4	1849,137,16,14	397.1	39.4813782	73.5951070	5107.5
2195	738.8	735.8	746.8	1127,123,26,10	397.1	39.4814240	73.5953887	5107.6
2196	460.5	460.5	460.5	706,405,22,8	396.9	39.4813786	73.5951056	5107.6
2197	510.6	510.6	510.6	1839,0,8,17	396.9	39.4813907	73.5951943	5107.6
2198	90.1	90.1	93.1	291,107,18,26	396.6	39.4813756	73.5951114	5107.7
2199	642.7	642.7	642.7	1649,369,16,13	396.3	39.4814222	73.5953892	5107.6
2200	619.7	619.7	622.7	337,772,10,19	395.8	39.4814217	73.5953893	5107.6
2201	357.4	357.4	357.4	1709,91,20,13	395.7	39.4813791	73.5951065	5107.6
2202	234.3	234.3	234.3	1241,457,18,12	395.6	39.4813780	73.5951105	5107.6
2203	588.7	585.7	588.7	115,0,12,9	395.3	39.4814217	73.5953903	5107.6
2204	588.7	588.7	595.7	457,363,22,18	395.3	39.4814217	73.5953903	5107.6
2205	279.3	279.3	280.3	37,865,12,16	395.2	39.4813779	73.5951082	5107.6
2206	568.6	568.6	568.6	1906,1057,14,16	395.1	39.4814214	73.5953908	5107.6
2207	649.7	648.7	649.7	33,513,16,8	395.1	39.4814215	73.5953887	5107.6
2208	751.8	751.8	751.8	11,899,12,22	394.9	39.4814232	73.5953882	5107.6
2209	142.2	142.2	142.2	257,1005,12,24	394.8	39.4813761	73.5951113	5107.6
2210	79.1	79.1	80.1	1729,219,24,10	394.5	39.4813762	73.5951119	5107.6
2211	501.6	497.6	504.6	235,451,23,12	394.5	39.4813771	73.5951045	5107.6
2212	255.3	255.3	255.3	425,805,6,20	394.1	39.4813771	73.5951089	5107.6
2213	477.5	477.5	477.5	1089,659,16,12	393.9	39.4813775	73.5951050	5107.6
2214	259.3	257.3	260.3	71,281,9,26	393.6	39.4813771	73.5951092	5107.6
2215	571.6	571.6	571.6	1507,0,11,17	393.4	39.4814215	73.5953907	5107.6
2216	238.3	238.3	238.3	0,273,12,16	393.3	39.4813775	73.5951103	5107.6
2217	477.5	477.5	477.5	1267,161,10,13	393.2	39.4813775	73.5951050	5107.6
2218	553.6	553.6	553.6	705,1065,22,8	393.2	39.4814213	73.5953905	5107.6
2219	718.8	718.8	719.8	11,719,12,11	393.0	39.4814230	73.5953891	5107.6
2220	232.3	232.3	232.3	47,449,16,10	392.9	39.4813779	73.5951103	5107.6
2221	236.3	234.3	236.3	1283,931,12,12	392.9	39.4813778	73.5951104	5107.5
2222	394.4	394.4	394.4	363,883,16,14	392.7	39.4813785	73.5951060	5107.6
2223	584.7	584.7	584.7	867,433,14,22	392.7	39.4814217	73.5953904	5107.6
2224	24.0	24.0	26.0	1494,69,11,18	392.6	39.4813760	73.5951137	5107.7
2225	215.2	215.2	216.2	1843,109,10,14	392.5	39.4813767	73.5951102	5107.6
2226	303.3	297.3	303.3	41,1029,15,22	392.4	39.4813781	73.5951073	5107.6
2227	553.6	552.6	553.6	630,617,18,8	392.4	39.4814213	73.5953905	5107.6
2228	470.5	470.5	471.5	921,65,14,16	392.3	39.4813777	73.5951053	5107.6
2229	484.5	484.5	484.5	339,1043,17,16	392.3	39.4813773	73.5951048	5107.6
2230	223.3	223.3	223.3	1826,0,29,7	392.2	39.4813770	73.5951099	5107.6
2231	387.4	387.4	391.4	454,929,18,16	392.2	39.4813792	73.5951063	5107.6
2232	627.7	621.7	627.7	341,1073,28,7	392.0	39.4814214	73.5953887	5107.6
2233	720.8	720.8	720.8	99,600,14,18	392.0	39.4814232	73.5953891	5107.6
2234	0.0	0.0	0.0	145,395,14,10	391.9	39.4813758	73.5951138	5107.7
2235	470.5	466.5	471.5	91,677,14,18	391.8	39.4813777	73.5951053	5107.6
2236	416.5	416.5	416.5	1453,1019,10,17	391.7	39.4813786	73.5951061	5107.5
2237	429.5	429.5	429.5	1430,147,21,12	391.7	39.4813787	73.5951058	5107.6
2238	415.5	415.5	415.5	149,265,10,14	391.5	39.4813786	73.5951060	5107.6
2239	704.8	704.8	705.8	1272,871,17,10	391.4	39.4814229	73.5953888	5107.6
2240	381.4	381.4	381.4	1809,665,14,8	391.1	39.4813797	73.5951062	5107.6
2241	796.9	795.9	796.9	225,657,14,8	390.8	39.4814244	73.5953876	5107.6
2242	142.2	142.2	142.2	1753,407,8,26	390.4	39.4813761	73.5951113	5107.6
2243	405.5	405.5	405.5	1797,235,18,8	390.4	39.4813795	73.5951060	5107.6
2244	611.7	611.7	611.7	753,541,14,10	390.3	39.4814215	73.5953893	5107.6
2245	642.7	642.7	642.7	1915,857,5,24	390.3	39.4814222	73.5953892	5107.6
2246	91.1	91.1	91.1	81,370,5,31	390.0	39.4813757	73.5951115	5107.7
2247	129.1	128.1	130.1	367,197,18,21	390.0	39.4813759	73.5951117	5107.6
2248	659.7	659.7	659.7	19,467,12,12	390.0	39.4814223	73.5953891	5107.6
2249	570.6	570.6	570.6	113,835,16,20	389.6	39.4814216	73.5953906	5107.6
2250	752.8	751.8	753.8	1887,499,8,15	389.3	39.4814232	73.5953882	5107.6
2251	523.6	523.6	523.6	929,1049,16,8	389.2	39.4814220	73.5953919	5107.6
2252	68.1	64.1	69.1	0,225,9,17	389.1	39.4813765	73.5951122	5107.7
2253	523.6	523.6	523.6	1849,403,14,12	389.1	39.4814220	73.5953919	5107.6
2254	478.5	478.5	480.5	881,249,13,15	389.0	39.4813774	73.5951049	5107.6
2255	310.3	310.3	314.4	1617,937,16,8	388.8	39.4813778	73.5951069	5107.6
2256	562.6	561.6	563.6	1699,291,12,12	388.8	39.4814208	73.5953902	5107.6
2257	432.5	431.5	438.5	1688,162,11,13	388.6	39.4813784	73.5951062	5107.6
2258	275.3	274.3	275.3	0,925,9,20	388.2	39.4813779	73.5951084	5107.5
2259	457.5	456.5	457.5	337,1073,16,7	388.1	39.4813784	73.5951058	5107.6
2260	578.7	578.7	578.7	137,1072,30,8	388.1	39.4814213	73.5953906	5107.6
2261	638.7	638.7	639.7	546,0,15,10	387.9	39.4814224	73.5953886	5107.6
2262	695.8	695.8	699.8	849,851,12,21	387.7	39.4814230	73.5953887	5107.6
2263	160.2	156.2	160.2	497,119,16,10	387.6	39.4813766	73.5951106	5107.6
2264	414.5	414.5	414.5	1743,391,12,12	387.6	39.4813787	73.5951060	5107.6
2265	489.6	488.5	491.6	33,401,16,12	387.6	39.4813771	73.5951045	5107.6
2266	288.3	288.3	288.3	1820,1061,17,19	387.4	39.4813776	73.5951081	5107.6
2267	156.2	153.2	156.2	953,17,20,18	387.0	39.4813766	73.5951105	5107.6
2268	215.2	214.2	216.2	27,91,14,22	386.7	39.4813767	73.5951102	5107.6
2269	612.7	612.7	612.7	1695,1059,11,14	386.6	39.4814215	73.5953893	5107.6
2270	290.3	290.3	290.3	1106,0,29,16	386.5	39.4813778	73.5951080	5107.6
2271	476.5	476.5	476.5	913,75,18,14	386.4	39.4813773	73.5951051	5107.6
2272	461.5	461.5	462.5	1505,1067,22,6	386.3	39.4813787	73.5951056	5107.6
2273	96.1	96.1	96.1	207,577,10,14	386.2	39.4813764	73.5951114	5107.6
2274	768.9	763.9	768.9	1459,313,24,7	386.2	39.4814240	73.5953878	5107.6
2275	780.9	773.9	782.9	949,261,14,18	386.1	39.4814237	73.5953876	5107.6
2276	540.6	540.6	540.6	1915,803,5,20	386.0	39.4814222	73.5953912	5107.6
2277	205.2	205.2	205.2	769,0,23,13	385.9	39.4813770	73.5951105	5107.6
2278	692.8	692.8	692.8	961,763,12,10	385.9	39.4814229	73.5953891	5107.6
2279	216.2	215.2	216.2	1674,921,7,28	385.8	39.4813767	73.5951100	5107.6
2280	698.8	696.8	698.8	997,665,22,8	385.8	39.4814229	73.5953891	5107.6
2281	397.4	397.4	397.4	1169,225,16,11	385.6	39.4813787	73.5951059	5107.6
2282	421.5	421.5	421.5	1745,189,16,8	385.5	39.4813788	73.5951062	5107.6
2283	557.6	557.6	557.6	1705,1043,16,12	385.5	39.4814210	73.5953900	5107.6
2284	121.1	121.1	122.1	0,553,9,16	385.4	39.4813759	73.5951120	5107.6
2285	428.5	428.5	428.5	265,1043,8,12	385.4	39.4813790	73.5951057	5107.6
2286	174.2	170.2	176.2	526,313,11,20	385.3	39.4813763	73.5951106	5107.6
2287	228.3	228.3	228.3	159,99,18,14	385.3	39.4813772	73.5951102	5107.6
2288	522.6	522.6	522.6	101,333,12,11	385.3	39.4814223	73.5953919	5107.6
2289	195.2	195.2	195.2	587,867,12,12	385.1	39.4813769	73.5951105	5107.6
2290	390.4	388.4	392.4	701,113,16,18	385.0	39.4813788	73.5951058	5107.6
2291	457.5	456.5	457.5	257,993,10,20	385.0	39.4813784	73.5951058	5107.6
2292	472.5	472.5	472.5	1313,167,16,16	384.9	39.4813776	73.5951055	5107.6
2293	143.2	143.2	143.2	1653,15,12,10	384.8	39.4813762	73.5951113	5107.6
2294	104.1	102.1	109.1	705,267,22,12	384.7	39.4813758	73.5951116	5107.6
2295	277.3	277.3	277.3	1863,17,10,17	384.6	39.4813781	73.5951084	5107.5
2296	415.5	414.5	415.5	870,121,13,14	384.6	39.4813786	73.5951060	5107.6
2297	385.4	385.4	385.4	1265,939,22,12	384.5	39.4813794	73.5951065	5107.6
2298	533.6	533.6	533.6	659,40,17,16	384.4	39.4814227	73.5953917	5107.6
2299	538.6	538.6	538.6	57,817,8,20	384.4	39.4814228	73.5953917	5107.6
2300	546.6	546.6	546.6	1523,1059,12,12	384.4	39.4814221	73.5953910	5107.6
2301	680.8	677.8	680.8	1329,973,16,10	384.4	39.4814225	73.5953888	5107.6
2302	330.4	323.4	330.4	1679,1050,12,16	384.3	39.4813784	73.5951071	5107.5
2303	699.8	699.8	699.8	311,707,10,13	384.3	39.4814230	73.5953890	5107.6
2304	155.2	146.2	155.2	0,177,10,16	384.2	39.4813765	73.5951106	5107.6
2305	660.7	660.7	660.7	67,515,12,14	384.0	39.4814222	73.5953892	5107.6
2306	796.9	796.9	796.9	45,285,19,13	384.0	39.4814244	73.5953876	5107.6
2307	673.8	672.8	674.8	1711,988,19,11	383.8	39.4814224	73.5953893	5107.6
2308	186.2	181.2	190.2	385,537,8,24	383.6	39.4813764	73.5951110	5107.6
2309	471.5	471.5	471.5	373,577,10,16	383.6	39.4813778	73.5951054	5107.6
2310	89.1	84.1	89.1	503,217,6,26	383.3	39.4813756	73.5951114	5107.7
2311	239.3	239.3	240.3	81,210,9,31	383.3	39.4813773	73.5951101	5107.5
2312	110.1	110.1	110.1	287,115,12,20	383.2	39.4813758	73.5951122	5107.6
2313	567.6	566.6	567.6	595,659,12,12	383.0	39.4814210	73.5953907	5107.6
2314	97.1	97.1	98.1	1642,432,17,11	382.8	39.4813764	73.5951114	5107.6
2315	361.4	361.4	361.4	1505,1073,18,7	382.6	39.4813797	73.5951069	5107.6
2316	685.8	685.8	685.8	1274,673,13,16	382.5	39.4814225	73.5953889	5107.6
2317	533.6	533.6	533.6	425,246,13,17	382.4	39.4814227	73.5953917	5107.6
2318	477.5	475.5	477.5	1225,365,16,9	382.2	39.4813775	73.5951050	5107.6
2319	205.2	204.2	205.2	423,407,10,16	381.9	39.4813770	73.5951105	5107.6
2320	469.5	469.5	469.5	627,720,16,9	381.9	39.4813780	73.5951054	5107.6
2321	244.3	244.3	244.3	1455,1012,18,12	381.8	39.4813765	73.5951098	5107.5
2322	313.4	311.4	313.4	1423,301,18,12	381.8	39.4813781	73.5951068	5107.6
2323	580.7	580.7	580.7	801,143,32,17	381.6	39.4814212	73.5953905	5107.6
2324	772.9	772.9	772.9	51,1025,11,16	381.6	39.4814241	73.5953875	5107.6
2325	143.2	143.2	143.2	1419,89,10,8	381.4	39.4813762	73.5951113	5107.6
2326	234.3	233.3	234.3	296,389,11,14	381.4	39.4813780	73.5951105	5107.6
2327	618.7	617.7	618.7	427,897,6,22	381.3	39.4814217	73.5953893	5107.6
2328	368.4	368.4	371.4	359,117,10,12	380.7	39.4813791	73.5951059	5107.6
2329	286.3	286.3	286.3	985,425,14,12	380.6	39.4813774	73.5951079	5107.5
2330	688.8	688.8	688.8	1089,647,16,10	380.5	39.4814229	73.5953890	5107.6
2331	119.1	117.1	120.1	121,413,6,20	380.4	39.4813762	73.5951120	5107.6
2332	774.9	769.9	774.9	640,439,16,16	380.4	39.4814241	73.5953875	5107.6
2333	344.4	343.4	347.4	981,345,10,16	380.3	39.4813791	73.5951064	5107.6
2334	226.3	226.3	226.3	97,141,30,18	380.2	39.4813771	73.5951100	5107.5
2335	145.2	145.2	145.2	1879,549,18,10	380.1	39.4813763	73.5951112	5107.6
2336	705.8	705.8	705.8	1521,1041,20,8	380.1	39.4814229	73.5953888	5107.6
2337	252.3	249.3	252.3	787,757,27,10	379.8	39.4813770	73.5951092	5107.6
2338	651.7	648.7	655.7	761,83,14,20	379.7	39.4814216	73.5953886	5107.6
2339	22.0	22.0	22.0	1281,1049,16,12	379.6	39.4813760	73.5951135	5107.7
2340	87.1	86.1	88.1	1857,969,16,8	379.6	39.4813754	73.5951115	5107.6
2341	626.7	626.7	626.7	915,65,18,10	379.6	39.4814216	73.5953887	5107.6
2342	79.1	73.1	84.1	1305,337,12,16	379.5	39.4813762	73.5951119	5107.6
2343	670.8	670.8	670.8	1857,1025,16,6	379.5	39.4814229	73.5953892	5107.6
2344	420.5	420.5	420.5	930,833,13,12	379.4	39.4813787	73.5951061	5107.6
2345	316.4	316.4	316.4	1602,769,15,22	379.2	39.4813784	73.5951068	5107.6
2346	400.5	400.5	400.5	489,529,8,16	379.2	39.4813789	73.5951059	5107.6
2347	92.1	92.1	92.1	11,471,20,14	379.1	39.4813758	73.5951116	5107.6
2348	316.4	316.4	316.4	763,7,20,8	379.1	39.4813784	73.5951068	5107.6
2349	568.6	565.6	568.6	567,555,16,14	379.1	39.4814214	73.5953908	5107.6
2350	499.6	497.6	499.6	1881,257,28,16	379.0	39.4813773	73.5951045	5107.6
2351	164.2	161.2	164.2	143,327,12,13	378.9	39.4813763	73.5951106	5107.6
2352	126.1	126.1	126.1	95,375,7,32	378.6	39.4813758	73.5951120	5107.6
2353	572.6	572.6	572.6	241,193,12,16	378.6	39.4814214	73.5953908	5107.6
2354	647.7	647.7	647.7	240,72,16,7	378.4	39.4814218	73.5953891	5107.6
2355	646.7	646.7	646.7	1337,102,14,17	378.3	39.4814219	73.5953891	5107.6
2356	281.3	279.3	282.3	0,853,9,26	378.2	39.4813776	73.5951082	5107.6
2357	705.8	704.8	705.8	1441,673,14,9	378.2	39.4814229	73.5953888	5107.6
2358	569.6	569.6	569.6	81,949,7,20	378.1	39.4814218	73.5953906	5107.6
2359	610.7	606.7	610.7	1350,819,11,14	378.0	39.4814214	73.5953894	5107.6
2360	240.3	240.3	245.3	727,65,10,14	377.9	39.4813771	73.5951100	5107.5
2361	529.6	525.6	529.6	97,859,25,6	377.9	39.4814224	73.5953915	5107.6
2362	726.8	726.8	726.8	1569,257,18,6	377.7	39.4814234	73.5953890	5107.6
2363	412.5	408.5	412.5	1089,866,14,9	377.6	39.4813790	73.5951060	5107.5
2364	568.6	568.6	568.6	481,273,14,16	377.6	39.4814214	73.5953908	5107.6
2365	249.3	248.3	249.3	659,529,12,16	377.3	39.4813765	73.5951094	5107.5
2366	351.4	351.4	351.4	1889,504,6,25	377.1	39.4813791	73.5951062	5107.6
2367	683.8	683.8	683.8	817,793,10,16	377.0	39.4814225	73.5953887	5107.6
2368	575.6	575.6	575.6	1879,434,8,15	376.5	39.4814212	73.5953905	5107.6
2369	193.2	191.2	193.2	229,209,10,24	376.2	39.4813766	73.5951107	5107.6
2370	285.3	285.3	285.3	33,433,10,28	376.1	39.4813775	73.5951080	5107.6
2371	523.6	523.6	523.6	227,881,6,18	376.0	39.4814220	73.5953919	5107.6
2372	533.6	533.6	533.6	323,221,23,7	376.0	39.4814227	73.5953917	5107.6
2373	25.0	25.0	25.0	1401,99,8,14	375.9	39.4813760	73.5951137	5107.7
2374	277.3	276.3	277.3	1899,149,14,16	375.9	39.4813781	73.5951084	5107.5
2375	392.4	392.4	392.4	641,49,16,14	375.9	39.4813786	73.5951061	5107.6
2376	24.0	24.0	24.0	1847,1053,10,20	375.8	39.4813760	73.5951137	5107.7
2377	461.5	461.5	461.5	305,25,12,12	375.8	39.4813787	73.5951056	5107.6
2378	563.6	560.6	565.6	1663,169,18,14	375.8	39.4814208	73.5953903	5107.6
2379	566.6	562.6	567.6	1075,1072,14,8	375.7	39.4814209	73.5953906	5107.6
2380	249.3	245.3	249.3	1019,851,12,12	375.2	39.4813765	73.5951094	5107.5
2381	695.8	695.8	695.8	1499,41,15,24	374.8	39.4814230	73.5953887	5107.6
2382	462.5	462.5	464.5	0,592,14,9	374.7	39.4813787	73.5951056	5107.6
2383	614.7	614.7	614.7	549,1025,14,16	374.5	39.4814218	73.5953894	5107.6
2384	392.4	391.4	392.4	1475,315,13,26	374.4	39.4813786	73.5951061	5107.6
2385	683.8	683.8	687.8	1812,444,8,15	374.4	39.4814225	73.5953887	5107.6
2386	0.0	0.0	1.0	1269,321,14,16	374.3	39.4813758	73.5951138	5107.7
2387	542.6	542.6	542.6	1563,97,22,9	374.3	39.4814223	73.5953912	5107.6
2388	432.5	430.5	432.5	1283,951,27,6	374.1	39.4813784	73.5951062	5107.6
2389	357.4	356.4	357.4	467,193,19,10	374.0	39.4813791	73.5951065	5107.6
2390	540.6	540.6	540.6	1331,843,12,12	374.0	39.4814222	73.5953912	5107.6
2391	155.2	155.2	155.2	973,132,19,21	373.9	39.4813765	73.5951106	5107.6
2392	656.7	656.7	657.7	1787,1036,14,21	373.8	39.4814223	73.5953892	5107.6
2393	229.3	229.3	229.3	9,883,8,20	373.5	39.4813776	73.5951100	5107.6
2394	313.4	313.4	313.4	265,977,32,12	373.5	39.4813781	73.5951068	5107.6
2395	97.1	95.1	98.1	299,209,14,20	373.0	39.4813764	73.5951114	5107.6
2396	92.1	92.1	92.1	489,889,5,24	372.9	39.4813758	73.5951116	5107.6
2397	425.5	425.5	425.5	317,1001,12,12	372.9	39.4813789	73.5951060	5107.5
2398	457.5	457.5	457.5	901,1067,8,13	372.9	39.4813784	73.5951058	5107.6
2399	710.8	709.8	711.8	1681,287,12,12	372.9	39.4814228	73.5953889	5107.6
2400	534.6	534.6	534.6	12,0,21,6	372.7	39.4814227	73.5953918	5107.6
2401	102.1	99.1	107.1	1417,705,8,14	372.6	39.4813763	73.5951116	5107.6
2402	283.3	283.3	283.3	129,18,6,23	372.5	39.4813776	73.5951082	5107.6
2403	613.7	613.7	613.7	353,1015,14,10	372.1	39.4814215	73.5953893	5107.6
2404	753.8	752.8	753.8	1771,483,9,19	372.1	39.4814232	73.5953881	5107.6
2405	177.2	176.2	177.2	219,101,10,12	372.0	39.4813759	73.5951109	5107.6
2406	547.6	547.6	547.6	294,1011,9,14	372.0	39.4814220	73.5953911	5107.6
2407	388.4	388.4	388.4	1901,545,9,16	371.8	39.4813788	73.5951059	5107.6
2408	179.2	177.2	179.2	601,9,16,14	371.7	39.4813759	73.5951108	5107.6
2409	768.9	766.9	775.9	1125,177,16,8	371.7	39.4814240	73.5953878	5107.6
2410	332.4	328.4	333.4	15,995,12,14	371.6	39.4813788	73.5951071	5107.5
2411	290.3	290.3	290.3	1489,1041,16,11	371.4	39.4813778	73.5951080	5107.6
2412	317.4	317.4	317.4	1039,36,16,13	371.4	39.4813786	73.5951067	5107.6
2413	419.5	419.5	419.5	1417,945,18,10	371.4	39.4813788	73.5951060	5107.6
2414	43.0	41.0	43.0	1633,31,25,8	371.3	39.4813762	73.5951136	5107.7
2415	169.2	169.2	169.2	83,839,14,14	371.1	39.4813761	73.5951108	5107.6
2416	278.3	278.3	278.3	53,91,11,22	371.1	39.4813779	73.5951084	5107.5
2417	214.2	214.2	214.2	1825,141,16,12	371.0	39.4813768	73.5951101	5107.6
2418	263.3	263.3	267.3	223,111,20,10	370.9	39.4813778	73.5951089	5107.5
2419	735.8	735.8	736.8	1907,35,13,12	370.9	39.4814236	73.5953889	5107.6
2420	420.5	420.5	420.5	1779,471,14,8	370.8	39.4813787	73.5951061	5107.6
2421	471.5	471.5	471.5	1441,9,16,8	370.6	39.4813778	73.5951054	5107.6
2422	729.8	729.8	729.8	0,897,11,10	370.5	39.4814235	73.5953890	5107.6
2423	92.1	92.1	95.1	0,1005,13,24	370.4	39.4813758	73.5951116	5107.6
2424	728.8	728.8	728.8	1009,425,27,8	370.4	39.4814235	73.5953890	5107.6
2425	716.8	716.8	717.8	113,97,16,13	370.3	39.4814232	73.5953892	5107.6
2426	334.4	333.4	346.4	1899,0,14,14	370.2	39.4813788	73.5951069	5107.5
2427	287.3	287.3	287.3	464,492,12,16	370.1	39.4813776	73.5951079	5107.5
2428	298.3	296.3	298.3	51,1056,12,13	369.9	39.4813778	73.5951076	5107.5
2429	521.6	521.6	521.6	1601,237,16,9	369.9	39.4814225	73.5953923	5107.6
2430	611.7	611.7	611.7	1683,363,6,20	369.6	39.4814215	73.5953893	5107.6
2431	165.2	165.2	165.2	985,957,16,12	369.5	39.4813763	73.5951107	5107.6
2432	5.0	3.0	5.0	39,844,6,21	369.4	39.4813759	73.5951135	5107.7
2433	298.3	294.3	298.3	1698,1057,15,13	369.2	39.4813778	73.5951076	5107.5
2434	393.4	393.4	393.4	959,1007,12,16	369.2	39.4813785	73.5951061	5107.6
2435	797.9	795.9	797.9	209,1049,14,12	369.1	39.4814243	73.5953878	5107.6
2436	122.1	122.1	126.1	33,935,15,20	368.9	39.4813759	73.5951118	5107.6
2437	422.5	422.5	422.5	975,992,8,15	368.7	39.4813788	73.5951062	5107.6
2438	470.5	470.5	470.5	1511,215,16,16	368.5	39.4813777	73.5951053	5107.6
2439	391.4	391.4	391.4	1815,659,18,13	368.4	39.4813786	73.5951060	5107.6
2440	39.0	37.0	40.0	1440,607,17,24	368.3	39.4813762	73.5951132	5107.7
2441	145.2	145.2	145.2	17,915,12,28	368.2	39.4813763	73.5951112	5107.6
2442	243.3	239.3	243.3	956,759,15,12	368.2	39.4813766	73.5951099	5107.5
2443	385.4	385.4	385.4	1279,393,16,8	368.2	39.4813794	73.5951065	5107.6
2444	124.1	122.1	125.1	1605,861,12,12	367.9	39.4813757	73.5951119	5107.6
2445	538.6	538.6	538.6	1069,727,12,10	367.8	39.4814228	73.5953917	5107.6
2446	464.5	464.5	464.5	127,504,14,25	367.5	39.4813785	73.5951056	5107.6
2447	404.5	404.5	404.5	1569,547,16,8	367.4	39.4813793	73.5951061	5107.5
2448	22.0	22.0	22.0	1101,75,12,12	367.0	39.4813760	73.5951135	5107.7
2449	87.1	86.1	87.1	797,37,27,12	367.0	39.4813754	73.5951115	5107.6
2450	355.4	355.4	357.4	1705,0,18,5	367.0	39.4813789	73.5951062	5107.6
2451	698.8	698.8	698.8	503,189,22,14	367.0	39.4814229	73.5953891	5107.6
2452	108.1	108.1	109.1	147,418,12,15	366.8	39.4813758	73.5951123	5107.6
2453	546.6	546.6	550.6	28,910,14,16	366.8	39.4814221	73.5953910	5107.6
2454	94.1	94.1	95.1	1041,433,11,12	366.7	39.4813761	73.5951115	5107.6
2455	556.6	556.6	559.6	1411,243,12,14	366.7	39.4814211	73.5953900	5107.6
2456	464.5	462.5	467.5	1237,983,16,7	366.6	39.4813785	73.5951056	5107.6
2457	51.1	51.1	51.1	876,513,9,18	366.5	39.4813759	73.5951133	5107.7
2458	123.1	123.1	123.1	203,697,10,16	366.5	39.4813759	73.5951118	5107.6
2459	290.3	290.3	290.3	775,43,14,12	366.5	39.4813778	73.5951080	5107.6
2460	615.7	615.7	615.7	1857,899,14,14	366.5	39.4814218	73.5953893	5107.6
2461	712.8	712.8	712.8	1069,48,11,12	366.5	39.4814230	73.5953892	5107.6
2462	293.3	293.3	294.3	466,961,5,32	366.4	39.4813781	73.5951077	5107.6
2463	524.6	524.6	524.6	579,171,18,6	366.4	39.4814221	73.5953917	5107.6
2464	683.8	683.8	683.8	1863,1025,10,16	366.3	39.4814225	73.5953887	5107.6
2465	241.3	241.3	241.3	359,37,26,12	366.2	39.4813768	73.5951100	5107.6
2466	421.5	421.5	421.5	889,267,14,10	366.2	39.4813788	73.5951062	5107.6
2467	742.8	740.8	748.8	1217,169,16,8	366.2	39.4814238	73.5953885	5107.6
2468	752.8	752.8	753.8	1846,875,11,15	366.2	39.4814232	73.5953882	5107.6
2469	696.8	696.8	696.8	1795,903,18,8	366.0	39.4814229	73.5953888	5107.6
2470	547.6	547.6	547.6	229,955,14,14	365.9	39.4814220	73.5953911	5107.6
2471	132.1	130.1	136.2	369,179,14,10	365.7	39.4813762	73.5951115	5107.6
2472	238.3	238.3	238.3	1721,144,8,27	365.7	39.4813775	73.5951103	5107.6
2473	420.5	420.5	424.5	553,329,12,12	365.7	39.4813787	73.5951061	5107.6
2474	179.2	177.2	183.2	201,742,6,26	365.3	39.4813759	73.5951108	5107.6
2475	154.2	147.2	154.2	345,483,14,14	365.1	39.4813766	73.5951106	5107.6
2476	542.6	542.6	542.6	1757,961,14,9	365.0	39.4814223	73.5953912	5107.6
2477	99.1	99.1	99.1	637,819,14,30	364.8	39.4813766	73.5951114	5107.6
2478	398.4	398.4	398.4	987,41,12,8	364.6	39.4813787	73.5951059	5107.6
2479	262.3	262.3	266.3	645,193,18,14	364.4	39.4813775	73.5951089	5107.5
2480	659.7	657.7	659.7	1811,853,14,10	364.4	39.4814223	73.5953891	5107.6
2481	485.5	483.5	485.5	1683,915,12,13	364.3	39.4813773	73.5951047	5107.6
2482	689.8	689.8	689.8	5,377,22,20	364.2	39.4814226	73.5953889	5107.6
2483	271.3	271.3	275.3	0,553,5,28	364.1	39.4813774	73.5951084	5107.6
2484	598.7	598.7	598.7	67,11,28,4	364.1	39.4814216	73.5953903	5107.6
2485	695.8	695.8	695.8	1889,358,20,11	364.1	39.4814230	73.5953887	5107.6
2486	317.4	317.4	317.4	337,815,6,18	364.0	39.4813786	73.5951067	5107.6
2487	557.6	557.6	557.6	97,1017,8,14	364.0	39.4814210	73.5953900	5107.6
2488	729.8	729.8	732.8	1225,82,24,7	363.6	39.4814235	73.5953890	5107.6
2489	103.1	100.1	103.1	211,9,14,8	363.5	39.4813762	73.5951115	5107.6
2490	176.2	175.2	176.2	245,131,24,8	363.5	39.4813759	73.5951109	5107.6
2491	426.5	426.5	429.5	1909,1025,11,20	363.4	39.4813790	73.5951058	5107.6
2492	144.2	144.2	144.2	1403,773,10,12	363.1	39.4813762	73.5951113	5107.6
2493	664.7	663.7	666.7	1500,1070,17,10	363.1	39.4814224	73.5953891	5107.6
2494	125.1	125.1	125.1	313,313,26,12	362.9	39.4813757	73.5951120	5107.6
2495	789.9	785.9	797.9	959,414,12,14	362.9	39.4814235	73.5953874	5107.6
2496	542.6	542.6	542.6	0,95,9,18	362.8	39.4814223	73.5953912	5107.6
2497	106.1	106.1	106.1	881,106,20,17	362.6	39.4813759	73.5951120	5107.6
2498	710.8	707.8	711.8	1701,427,12,11	362.6	39.4814228	73.5953889	5107.6
2499	521.6	521.6	521.6	1903,918,17,7	362.4	39.4814225	73.5953923	5107.6
2500	763.9	759.9	765.9	1748,251,27,6	362.2	39.4814233	73.5953876	5107.6
2501	316.4	316.4	316.4	849,63,18,8	362.1	39.4813784	73.5951068	5107.6
2502	476.5	476.5	476.5	787,241,28,7	362.0	39.4813773	73.5951051	5107.6
2503	523.6	523.6	523.6	1201,1033,14,12	362.0	39.4814220	73.5953919	5107.6
2504	534.6	534.6	534.6	1025,272,22,7	362.0	39.4814227	73.5953918	5107.6
2505	204.2	204.2	204.2	321,0,24,5	361.9	39.4813770	73.5951104	5107.6
2506	239.3	239.3	239.3	0,153,11,14	361.8	39.4813773	73.5951101	5107.5
2507	735.8	735.8	736.8	1903,913,17,8	361.8	39.4814236	73.5953889	5107.6
2508	89.1	87.1	89.1	817,53,16,18	361.7	39.4813756	73.5951114	5107.7
2509	366.4	366.4	366.4	1889,979,16,20	361.7	39.4813794	73.5951064	5107.6
2510	181.2	181.2	183.2	209,841,10,24	361.5	39.4813760	73.5951107	5107.6
2511	22.0	22.0	22.0	1859,97,14,12	361.3	39.4813760	73.5951135	5107.7
2512	21.0	21.0	21.0	1529,93,24,8	361.2	39.4813759	73.5951134	5107.7
2513	4.0	0.0	6.0	1611,305,12,14	361.1	39.4813756	73.5951136	5107.7
2514	145.2	145.2	145.2	161,687,6,24	361.1	39.4813763	73.5951112	5107.6
2515	156.2	155.2	158.2	659,161,14,14	361.1	39.4813766	73.5951105	5107.6
2516	659.7	659.7	659.7	1874,691,14,17	361.1	39.4814223	73.5953891	5107.6
2517	155.2	155.2	159.2	919,609,8,24	360.9	39.4813765	73.5951106	5107.6
2518	455.5	450.5	460.5	873,823,11,18	360.9	39.4813786	73.5951057	5107.6
2519	586.7	586.7	587.7	801,369,14,14	360.8	39.4814219	73.5953903	5107.6
2520	154.2	146.2	154.2	177,9,12,14	360.7	39.4813766	73.5951106	5107.6
2521	203.2	203.2	204.2	333,0,12,11	360.7	39.4813770	73.5951104	5107.6
2522	272.3	271.3	276.3	5,261,12,20	360.5	39.4813774	73.5951083	5107.6
2523	196.2	196.2	201.2	939,125,20,16	360.4	39.4813768	73.5951106	5107.6
2524	212.2	211.2	213.2	99,303,8,21	360.4	39.4813768	73.5951103	5107.6
2525	393.4	393.4	393.4	1264,887,25,22	360.3	39.4813785	73.5951061	5107.6
2526	761.9	761.9	777.9	171,375,16,10	360.3	39.4814229	73.5953879	5107.6
2527	123.1	122.1	125.1	99,563,8,22	360.2	39.4813759	73.5951118	5107.6
2528	482.5	482.5	486.5	1127,321,10,14	360.2	39.4813772	73.5951048	5107.6
2529	498.6	497.6	498.6	1641,47,8,18	360.2	39.4813773	73.5951046	5107.6
2530	86.1	84.1	87.1	817,59,22,9	360.1	39.4813754	73.5951116	5107.6
2531	521.6	521.6	521.6	1517,1025,20,10	360.1	39.4814225	73.5953923	5107.6
2532	89.1	87.1	89.1	487,305,10,16	359.9	39.4813756	73.5951114	5107.7
2533	519.6	518.6	520.6	1031,939,6,14	359.7	39.4814225	73.5953932	5107.6
2534	103.1	100.1	103.1	667,659,6,36	359.5	39.4813762	73.5951115	5107.6
2535	367.4	367.4	368.4	1885,150,12,11	359.4	39.4813790	73.5951060	5107.6
2536	523.6	523.6	523.6	1119,407,16,10	359.4	39.4814220	73.5953919	5107.6
2537	542.6	542.6	542.6	243,1071,13,9	359.4	39.4814223	73.5953912	5107.6
2538	450.5	439.5	451.5	1104,896,9,13	359.3	39.4813782	73.5951059	5107.6
2539	611.7	611.7	611.7	731,299,16,12	359.3	39.4814215	73.5953893	5107.6
2540	316.4	315.4	316.4	1672,367,17,8	359.1	39.4813784	73.5951068	5107.6
2541	309.3	309.3	312.4	1897,909,4,24	358.9	39.4813779	73.5951069	5107.6
2542	424.5	424.5	424.5	1859,635,33,4	358.6	39.4813788	73.5951060	5107.5
2543	457.5	457.5	457.5	789,1024,12,9	358.6	39.4813784	73.5951058	5107.6
2544	720.8	720.8	720.8	41,0,12,11	358.5	39.4814232	73.5953891	5107.6
2545	94.1	93.1	97.1	355,881,10,16	358.2	39.4813761	73.5951115	5107.6
2546	466.5	463.5	469.5	429,417,22,10	358.2	39.4813782	73.5951055	5107.6
2547	177.2	177.2	177.2	115,25,14,12	358.1	39.4813759	73.5951109	5107.6
2548	227.3	227.3	227.3	0,921,11,13	358.1	39.4813771	73.5951102	5107.5
2549	355.4	355.4	355.4	1683,59,20,9	358.1	39.4813789	73.5951062	5107.6
2550	160.2	159.2	162.2	97,377,16,16	357.6	39.4813766	73.5951106	5107.6
2551	396.4	396.4	396.4	1304,457,13,10	357.5	39.4813786	73.5951058	5107.6
2552	579.7	579.7	579.7	1447,469,10,12	357.3	39.4814212	73.5953906	5107.6
2553	77.1	71.1	78.1	1441,293,13,14	357.2	39.4813761	73.5951120	5107.7
2554	285.3	285.3	285.3	1847,225,6,16	357.1	39.4813775	73.5951080	5107.6
2555	429.5	429.5	429.5	1305,91,14,12	357.1	39.4813787	73.5951058	5107.6
2556	468.5	468.5	468.5	455,403,12,14	357.0	39.4813779	73.5951055	5107.6
2557	476.5	476.5	476.5	1017,69,12,14	356.9	39.4813773	73.5951051	5107.6
2558	685.8	685.8	685.8	985,137,24,8	356.9	39.4814225	73.5953889	5107.6
2559	705.8	705.8	708.8	145,0,8,13	356.8	39.4814229	73.5953888	5107.6
2560	461.5	461.5	461.5	79,783,18,10	356.6	39.4813787	73.5951056	5107.6
2561	715.8	714.8	715.8	328,311,25,5	356.2	39.4814232	73.5953893	5107.6
2562	454.5	454.5	455.5	99,721,8,18	356.1	39.4813786	73.5951057	5107.6
2563	642.7	642.7	642.7	1575,99,16,9	355.9	39.4814222	73.5953892	5107.6
2564	719.8	719.8	722.8	1685,803,12,12	355.9	39.4814231	73.5953891	5107.6
2565	587.7	587.7	592.7	579,233,20,6	355.8	39.4814219	73.5953903	5107.6
2566	530.6	525.6	531.6	225,865,23,8	355.6	39.4814226	73.5953916	5107.6
2567	155.2	155.2	161.2	723,903,10,34	355.4	39.4813765	73.5951106	5107.6
2568	319.4	319.4	319.4	1171,241,16,12	355.4	39.4813785	73.5951069	5107.6
2569	541.6	541.6	541.6	707,857,14,8	355.4	39.4814223	73.5953912	5107.6
2570	572.6	572.6	573.6	1519,833,18,16	355.4	39.4814214	73.5953908	5107.6
2571	370.4	369.4	370.4	1683,1019,22,14	355.1	39.4813789	73.5951058	5107.6
2572	383.4	382.4	383.4	51,579,22,6	355.1	39.4813796	73.5951063	5107.6
2573	122.1	118.1	123.1	404,633,9,24	354.9	39.4813759	73.5951118	5107.6
2574	265.3	262.3	267.3	1075,681,14,8	354.8	39.4813777	73.5951088	5107.6
2575	293.3	292.3	296.3	402,823,5,26	354.8	39.4813781	73.5951077	5107.6
2576	632.7	632.7	632.7	0,951,11,18	354.8	39.4814222	73.5953884	5107.6
2577	168.2	166.2	168.2	385,833,8,14	354.6	39.4813762	73.5951107	5107.6
2578	334.4	334.4	334.4	513,910,14,9	354.6	39.4813788	73.5951069	5107.5
2579	572.6	572.6	572.6	545,449,26,14	354.6	39.4814214	73.5953908	5107.6
2580	292.3	292.3	293.3	1813,977,14,16	354.5	39.4813779	73.5951077	5107.5
2581	80.1	75.1	80.1	729,119,12,18	354.4	39.4813761	73.5951120	5107.6
2582	459.5	459.5	459.5	533,1017,9,16	354.4	39.4813786	73.5951058	5107.6
2583	93.1	93.1	97.1	229,733,14,10	354.2	39.4813759	73.5951116	5107.6
2584	761.9	761.9	761.9	0,619,10,22	354.2	39.4814229	73.5953879	5107.6
2585	20.0	19.0	21.0	1089,625,16,6	354.1	39.4813761	73.5951134	5107.7
2586	74.1	74.1	74.1	1347,733,22,8	354.0	39.4813760	73.5951121	5107.7
2587	667.8	667.8	667.8	83,580,17,13	354.0	39.4814228	73.5953891	5107.6
2588	49.1	49.1	49.1	1713,175,27,6	353.9	39.4813764	73.5951134	5107.7
2589	243.3	241.3	243.3	685,949,12,10	353.9	39.4813766	73.5951099	5107.5
2590	523.6	523.6	523.6	563,683,14,12	353.8	39.4814220	73.5953919	5107.6
2591	711.8	707.8	713.8	1235,586,14,17	353.7	39.4814229	73.5953890	5107.6
2592	573.6	573.6	573.6	1881,760,8,17	353.5	39.4814214	73.5953909	5107.6
2593	160.2	156.2	160.2	481,81,16,8	353.4	39.4813766	73.5951106	5107.6
2594	409.5	409.5	410.5	961,147,10,14	353.4	39.4813793	73.5951058	5107.5
2595	460.5	459.5	460.5	613,1021,19,8	353.2	39.4813786	73.5951056	5107.6
2596	558.6	558.6	558.6	562,663,13,14	353.2	39.4814208	73.5953899	5107.6
2597	523.6	523.6	523.6	0,397,11,12	353.1	39.4814220	73.5953919	5107.6
2598	275.3	272.3	277.3	647,431,18,8	352.8	39.4813779	73.5951084	5107.5
2599	421.5	416.5	422.5	1315,1056,14,9	352.8	39.4813788	73.5951062	5107.6
2600	95.1	95.1	95.1	277,1001,16,16	352.5	39.4813762	73.5951115	5107.6
2601	380.4	376.4	381.4	466,403,9,14	352.2	39.4813795	73.5951062	5107.6
2602	514.6	510.6	520.6	1583,212,18,13	352.1	39.4814107	73.5953145	5107.6
2603	47.1	47.1	47.1	1875,976,14,11	352.0	39.4813761	73.5951135	5107.7
2604	583.7	583.7	586.7	1217,105,12,10	351.9	39.4814213	73.5953904	5107.6
2605	657.7	650.7	665.7	1199,59,18,6	351.9	39.4814225	73.5953892	5107.6
2606	232.3	232.3	232.3	59,7,14,10	351.6	39.4813779	73.5951103	5107.6
2607	297.3	293.3	300.3	1855,889,16,18	351.3	39.4813778	73.5951075	5107.5
2608	709.8	708.8	714.8	675,809,14,12	351.3	39.4814226	73.5953890	5107.6
2609	342.4	326.4	342.4	1835,979,6,22	351.0	39.4813789	73.5951063	5107.5
2610	569.6	565.6	569.6	713,339,22,12	351.0	39.4814218	73.5953906	5107.6
2611	716.8	716.8	719.8	1434,771,13,11	350.9	39.4814232	73.5953892	5107.6
2612	523.6	523.6	523.6	1689,57,8,16	350.8	39.4814220	73.5953919	5107.6
2613	370.4	369.4	370.4	1793,331,18,14	350.7	39.4813789	73.5951058	5107.6
2614	646.7	646.7	646.7	1699,515,12,12	350.6	39.4814219	73.5953891	5107.6
2615	730.8	730.8	730.8	1135,1069,10,11	350.6	39.4814236	73.5953890	5107.6
2616	144.2	144.2	144.2	1537,245,12,8	350.5	39.4813762	73.5951113	5107.6
2617	319.4	319.4	320.4	899,77,14,16	350.5	39.4813785	73.5951069	5107.6
2618	413.5	413.5	413.5	577,349,10,18	350.4	39.4813786	73.5951060	5107.6
2619	305.3	304.3	307.3	347,691,8,28	350.3	39.4813779	73.5951072	5107.5
2620	356.4	355.4	356.4	1885,169,12,16	350.3	39.4813790	73.5951063	5107.6
2621	117.1	117.1	120.1	97,545,8,20	350.2	39.4813763	73.5951119	5107.6
2622	95.1	94.1	98.1	179,897,7,22	349.9	39.4813762	73.5951115	5107.6
2623	205.2	196.2	208.2	85,359,8,27	349.7	39.4813770	73.5951105	5107.6
2624	286.3	286.3	288.3	1053,891,12,11	349.4	39.4813774	73.5951079	5107.5
2625	549.6	549.6	549.6	1301,225,11,10	349.4	39.4814219	73.5953912	5107.6
2626	724.8	723.8	724.8	1907,205,13,11	349.4	39.4814234	73.5953891	5107.6
2627	270.3	266.3	270.3	575,265,16,8	349.2	39.4813774	73.5951085	5107.5
2628	295.3	295.3	295.3	793,59,19,13	349.0	39.4813780	73.5951076	5107.6
2629	465.5	465.5	465.5	889,938,19,7	349.0	39.4813783	73.5951056	5107.6
2630	756.9	755.8	756.9	513,417,8,12	348.8	39.4814230	73.5953881	5107.6
2631	91.1	91.1	91.1	1861,183,6,26	348.6	39.4813757	73.5951115	5107.7
2632	389.4	389.4	389.4	20,377,10,21	348.6	39.4813787	73.5951059	5107.6
2633	460.5	458.5	460.5	1545,947,14,12	348.4	39.4813786	73.5951056	5107.6
2634	770.9	759.9	770.9	868,167,27,4	348.3	39.4814239	73.5953876	5107.6
2635	703.8	703.8	703.8	1497,323,18,12	348.2	39.4814228	73.5953888	5107.6
2636	99.1	99.1	99.1	911,1025,10,30	348.1	39.4813766	73.5951114	5107.6
2637	244.3	244.3	244.3	181,753,12,16	347.8	39.4813765	73.5951098	5107.5
2638	191.2	189.2	192.2	767,169,22,12	347.7	39.4813766	73.5951108	5107.6
2639	308.3	308.3	308.3	1779,904,12,17	347.7	39.4813779	73.5951070	5107.6
2640	570.6	570.6	570.6	11,566,22,10	347.7	39.4814216	73.5953906	5107.6
2641	603.7	603.7	603.7	1713,883,14,14	347.7	39.4814217	73.5953900	5107.6
2642	730.8	730.8	730.8	302,511,26,8	347.7	39.4814236	73.5953890	5107.6
2643	762.9	761.9	762.9	177,834,15,7	347.6	39.4814231	73.5953878	5107.6
2644	646.7	646.7	650.7	1475,275,24,10	347.5	39.4814219	73.5953891	5107.6
2645	305.3	305.3	307.3	89,0,19,11	347.4	39.4813779	73.5951072	5107.5
2646	327.4	321.4	329.4	633,581,16,6	347.4	39.4813782	73.5951069	5107.5
2647	542.6	542.6	542.6	1155,715,20,6	347.4	39.4814223	73.5953912	5107.6
2648	281.3	281.3	282.3	1609,83,12,14	347.3	39.4813776	73.5951082	5107.6
2649	587.7	587.7	592.7	337,833,16,8	347.1	39.4814219	73.5953903	5107.6
2650	651.7	648.7	651.7	1128,161,19,13	347.1	39.4814216	73.5953886	5107.6
2651	295.3	294.3	299.3	1147,0,18,21	347.0	39.4813780	73.5951076	5107.6
2652	614.7	614.7	614.7	337,975,16,8	346.9	39.4814218	73.5953894	5107.6
2653	434.5	434.5	437.5	1817,693,18,12	346.8	39.4813782	73.5951061	5107.6
2654	81.1	81.1	83.1	1189,17,28,10	346.7	39.4813760	73.5951120	5107.7
2655	647.7	647.7	647.7	267,449,6,16	346.6	39.4814218	73.5953891	5107.6
2656	680.8	678.8	682.8	1585,283,14,12	346.3	39.4814225	73.5953888	5107.6
2657	20.0	20.0	20.0	1489,17,10,15	346.1	39.4813761	73.5951134	5107.7
2658	212.2	198.2	212.2	31,0,18,9	346.1	39.4813768	73.5951103	5107.6
2659	353.4	351.4	353.4	1553,564,15,13	346.0	39.4813792	73.5951061	5107.6
2660	177.2	176.2	179.2	513,261,16,20	345.9	39.4813759	73.5951109	5107.6
2661	270.3	270.3	270.3	1747,123,20,6	345.9	39.4813774	73.5951085	5107.5
2662	299.3	297.3	299.3	510,553,15,34	345.9	39.4813779	73.5951076	5107.5
2663	293.3	293.3	294.3	1813,979,14,14	345.8	39.4813781	73.5951077	5107.6
2664	385.4	383.4	385.4	673,153,20,8	345.7	39.4813794	73.5951065	5107.6
2665	418.5	418.5	418.5	1551,551,10,10	345.5	39.4813788	73.5951060	5107.6
2666	483.5	483.5	483.5	529,97,13,9	345.3	39.4813772	73.5951047	5107.6
2667	420.5	420.5	420.5	1857,131,8,14	345.2	39.4813787	73.5951061	5107.6
2668	180.2	177.2	182.2	409,599,8,22	345.1	39.4813760	73.5951109	5107.6
2669	218.2	218.2	218.2	681,191,12,18	345.1	39.4813771	73.5951100	5107.6
2670	458.5	456.5	459.5	1139,1049,10,10	344.9	39.4813784	73.5951056	5107.6
2671	385.4	385.4	385.4	1097,478,13,9	344.5	39.4813794	73.5951065	5107.6
2672	740.8	740.8	740.8	1323,139,28,6	343.9	39.4814240	73.5953886	5107.6
2673	482.5	482.5	485.5	1218,169,7,18	343.8	39.4813772	73.5951048	5107.6
2674	534.6	534.6	534.6	193,957,16,12	343.8	39.4814227	73.5953918	5107.6
2675	227.3	227.3	227.3	65,1009,12,31	343.7	39.4813771	73.5951102	5107.5
2676	770.9	770.9	770.9	1683,0,14,11	343.7	39.4814239	73.5953876	5107.6
2677	649.7	648.7	650.7	151,513,10,14	343.4	39.4814215	73.5953887	5107.6
2678	421.5	421.5	421.5	993,249,14,8	343.3	39.4813788	73.5951062	5107.6
2679	440.5	440.5	440.5	597,1025,12,16	343.3	39.4813782	73.5951059	5107.6
2680	642.7	642.7	642.7	1693,557,20,10	343.2	39.4814222	73.5953892	5107.6
2681	91.1	91.1	91.1	199,691,8,22	343.1	39.4813757	73.5951115	5107.7
2682	256.3	256.3	256.3	49,301,10,12	343.1	39.4813770	73.5951090	5107.6
2683	571.6	571.6	571.6	1748,29,15,13	343.1	39.4814215	73.5953907	5107.6
2684	97.1	97.1	98.1	297,0,16,25	343.0	39.4813764	73.5951114	5107.6
2685	128.1	128.1	132.1	305,513,6,38	343.0	39.4813759	73.5951119	5107.6
2686	535.6	535.6	537.6	682,299,9,16	343.0	39.4814226	73.5953919	5107.6
2687	367.4	361.4	367.4	1721,1063,14,14	342.9	39.4813790	73.5951060	5107.6
2688	343.4	343.4	344.4	641,0,14,9	342.8	39.4813790	73.5951065	5107.5
2689	137.2	136.2	139.2	427,478,8,25	342.7	39.4813762	73.5951114	5107.6
2690	169.2	169.2	169.2	3,985,13,10	342.7	39.4813761	73.5951108	5107.6
2691	716.8	716.8	716.8	1515,941,12,12	342.7	39.4814232	73.5953892	5107.6
2692	751.8	751.8	751.8	1914,457,6,21	342.7	39.4814232	73.5953882	5107.6
2693	19.0	19.0	19.0	1263,163,10,16	342.6	39.4813759	73.5951133	5107.7
2694	727.8	727.8	727.8	759,625,7,17	342.4	39.4814235	73.5953889	5107.6
2695	702.8	702.8	702.8	872,547,21,11	342.1	39.4814227	73.5953889	5107.6
2696	712.8	712.8	712.8	933,119,13,10	342.1	39.4814230	73.5953892	5107.6
2697	544.6	544.6	545.6	177,531,15,18	342.0	39.4814222	73.5953911	5107.6
2698	172.2	172.2	172.2	169,197,10,12	341.9	39.4813761	73.5951109	5107.6
2699	553.6	553.6	554.6	162,721,7,16	341.6	39.4814213	73.5953905	5107.6
2700	621.7	621.7	625.7	337,244,14,13	341.5	39.4814215	73.5953889	5107.6
2701	708.8	707.8	708.8	433,969,14,18	341.3	39.4814225	73.5953887	5107.6
2702	739.8	735.8	739.8	1807,119,16,10	341.3	39.4814240	73.5953887	5107.6
2703	562.6	560.6	565.6	1465,193,24,9	341.2	39.4814208	73.5953902	5107.6
2704	693.8	693.8	693.8	349,155,26,6	341.2	39.4814230	73.5953888	5107.6
2705	239.3	239.3	239.3	1197,849,8,14	341.0	39.4813773	73.5951101	5107.5
2706	355.4	355.4	355.4	1859,944,19,7	340.9	39.4813789	73.5951062	5107.6
2707	436.5	432.5	436.5	1113,267,13,16	340.7	39.4813781	73.5951060	5107.6
2708	166.2	164.2	167.2	515,229,10,22	340.6	39.4813763	73.5951107	5107.6
2709	59.1	59.1	60.1	989,201,14,8	340.3	39.4813766	73.5951127	5107.7
2710	378.4	376.4	380.4	1541,177,20,6	340.3	39.4813793	73.5951061	5107.6
2711	680.8	680.8	682.8	1825,235,16,6	340.3	39.4814225	73.5953888	5107.6
2712	404.5	404.5	404.5	705,433,10,14	340.2	39.4813793	73.5951061	5107.5
2713	785.9	783.9	788.9	1537,647,7,16	340.2	39.4814233	73.5953872	5107.6
2714	557.6	557.6	557.6	65,529,8,16	340.1	39.4814210	73.5953900	5107.6
2715	96.1	96.1	96.1	385,179,14,24	339.8	39.4813764	73.5951114	5107.6
2716	538.6	538.6	538.6	867,552,21,9	339.8	39.4814228	73.5953917	5107.6
2717	285.3	285.3	285.3	481,153,12,12	339.5	39.4813775	73.5951080	5107.6
2718	606.7	606.7	606.7	211,979,12,13	339.5	39.4814214	73.5953897	5107.6
2719	96.1	96.1	96.1	228,175,13,16	339.2	39.4813764	73.5951114	5107.6
2720	96.1	96.1	96.1	1156,1065,14,11	339.2	39.4813764	73.5951114	5107.6
2721	122.1	122.1	122.1	0,989,9,12	339.0	39.4813759	73.5951118	5107.6
2722	342.4	336.4	345.4	1451,529,4,30	338.9	39.4813789	73.5951063	5107.5
2723	547.6	547.6	547.6	291,355,14,10	338.9	39.4814220	73.5953911	5107.6
2724	227.3	227.3	228.3	219,563,10,16	338.7	39.4813771	73.5951102	5107.5
2725	478.5	478.5	478.5	324,401,14,16	338.7	39.4813774	73.5951049	5107.6
2726	517.6	515.6	517.6	1830,43,17,6	338.6	39.4814209	73.5953810	5107.6
2727	626.7	626.7	632.7	289,23,10,12	338.6	39.4814216	73.5953887	5107.6
2728	647.7	647.7	647.7	243,676,16,11	338.6	39.4814218	73.5953891	5107.6
2729	480.5	479.5	480.5	1715,39,11,11	338.5	39.4813771	73.5951047	5107.6
2730	615.7	615.7	616.7	467,17,14,8	338.5	39.4814218	73.5953893	5107.6
2731	341.4	341.4	344.4	1715,197,14,8	338.4	39.4813790	73.5951064	5107.5
2732	477.5	477.5	477.5	221,532,14,13	338.4	39.4813775	73.5951050	5107.6
2733	154.2	148.2	155.2	49,225,16,12	338.3	39.4813766	73.5951106	5107.6
2734	390.4	390.4	390.4	1383,769,12,14	338.3	39.4813788	73.5951058	5107.6
2735	540.6	540.6	541.6	575,971,10,10	338.1	39.4814222	73.5953912	5107.6
2736	664.7	664.7	664.7	1778,899,15,12	337.7	39.4814224	73.5953891	5107.6
2737	42.0	37.0	43.0	1887,181,10,14	337.5	39.4813762	73.5951136	5107.7
2738	394.4	394.4	394.4	887,251,10,22	337.5	39.4813785	73.5951060	5107.6
2739	429.5	429.5	429.5	1381,1021,22,12	337.5	39.4813787	73.5951058	5107.6
2740	673.8	673.8	674.8	21,0,18,11	337.5	39.4814224	73.5953893	5107.6
2741	685.8	685.8	685.8	1053,275,36,4	337.2	39.4814225	73.5953889	5107.6
2742	108.1	106.1	110.1	152,143,11,14	337.1	39.4813758	73.5951123	5107.6
2743	275.3	271.3	275.3	873,913,12,10	337.0	39.4813779	73.5951084	5107.5
2744	614.7	614.7	614.7	243,19,28,4	337.0	39.4814218	73.5953894	5107.6
2745	678.8	678.8	682.8	1889,209,16,8	337.0	39.4814224	73.5953890	5107.6
2746	526.6	526.6	529.6	922,323,16,14	336.9	39.4814222	73.5953917	5107.6
2747	321.4	320.4	321.4	1265,161,18,14	336.8	39.4813785	73.5951071	5107.5
2748	662.7	661.7	662.7	25,960,16,9	336.7	39.4814223	73.5953892	5107.6
2749	275.3	275.3	275.3	1163,851,22,22	336.6	39.4813779	73.5951084	5107.5
2750	101.1	100.1	101.1	747,43,16,14	336.2	39.4813765	73.5951116	5107.6
2751	755.8	752.8	757.9	1217,553,9,14	336.2	39.4814231	73.5953882	5107.6
2752	245.3	245.3	247.3	539,281,14,10	336.1	39.4813763	73.5951096	5107.5
2753	316.4	313.4	316.4	1867,465,12,10	336.0	39.4813784	73.5951068	5107.6
2754	399.4	395.4	401.5	1749,615,20,11	336.0	39.4813788	73.5951059	5107.6
2755	541.6	541.6	541.6	90,811,22,7	335.5	39.4814223	73.5953912	5107.6
2756	684.8	684.8	684.8	1486,1071,13,9	335.4	39.4814225	73.5953888	5107.6
2757	527.6	527.6	527.6	507,765,14,20	335.3	39.4814222	73.5953917	5107.6
2758	557.6	557.6	559.6	1443,18,28,5	335.3	39.4814210	73.5953900	5107.6
2759	639.7	630.7	639.7	499,259,14,14	335.3	39.4814221	73.5953886	5107.6
2760	416.5	416.5	416.5	1705,783,10,10	335.2	39.4813786	73.5951061	5107.5
2761	716.8	712.8	718.8	1498,715,13,16	334.9	39.4814232	73.5953892	5107.6
2762	239.3	239.3	243.3	1141,1059,10,12	334.8	39.4813773	73.5951101	5107.5
2763	371.4	371.4	372.4	1482,945,15,26	334.7	39.4813789	73.5951059	5107.6
2764	484.5	484.5	484.5	235,745,20,10	334.7	39.4813773	73.5951048	5107.6
2765	694.8	694.8	694.8	1473,397,15,10	334.7	39.4814230	73.5953888	5107.6
2766	122.1	122.1	122.1	273,569,8,20	334.5	39.4813759	73.5951118	5107.6
2767	585.7	585.7	585.7	1117,359,13,10	334.5	39.4814217	73.5953902	5107.6
2768	686.8	686.8	686.8	1204,225,21,15	334.5	39.4814226	73.5953890	5107.6
2769	121.1	121.1	121.1	0,359,9,18	334.4	39.4813759	73.5951120	5107.6
2770	309.3	309.3	314.4	359,867,16,12	334.4	39.4813779	73.5951069	5107.6
2771	469.5	468.5	469.5	1775,157,18,6	334.4	39.4813780	73.5951054	5107.6
2772	576.6	576.6	576.6	0,707,12,12	334.4	39.4814212	73.5953907	5107.6
2773	123.1	122.1	125.1	87,465,10,22	334.3	39.4813759	73.5951118	5107.6
2774	180.2	179.2	182.2	425,833,4,24	334.3	39.4813760	73.5951109	5107.6
2775	370.4	370.4	370.4	1421,1026,16,15	334.2	39.4813789	73.5951058	5107.6
2776	53.1	53.1	54.1	1197,961,11,14	334.1	39.4813760	73.5951133	5107.7
2777	493.6	489.6	498.6	1865,183,14,16	334.0	39.4813769	73.5951048	5107.6
2778	128.1	128.1	128.1	177,681,6,20	333.9	39.4813759	73.5951119	5107.6
2779	226.3	226.3	226.3	65,189,16,14	333.9	39.4813771	73.5951100	5107.5
2780	460.5	460.5	460.5	149,21,12,12	333.9	39.4813786	73.5951056	5107.6
2781	725.8	725.8	725.8	1388,182,12,11	333.9	39.4814234	73.5953890	5107.6
2782	647.7	647.7	647.7	324,651,19,12	333.8	39.4814218	73.5953891	5107.6
2783	338.4	336.4	338.4	753,1067,23,6	333.5	39.4813790	73.5951066	5107.5
2784	232.3	227.3	232.3	1015,95,10,12	333.3	39.4813779	73.5951103	5107.6
2785	422.5	422.5	422.5	1083,899,6,18	333.2	39.4813788	73.5951062	5107.6
2786	640.7	640.7	640.7	1851,707,20,13	333.2	39.4814222	73.5953888	5107.6
2787	208.2	208.2	208.2	675,147,14,12	332.8	39.4813769	73.5951103	5107.6
2788	264.3	264.3	264.3	51,395,14,12	332.8	39.4813778	73.5951088	5107.6
2789	238.3	238.3	238.3	1765,361,8,18	332.6	39.4813775	73.5951103	5107.6
2790	413.5	413.5	418.5	721,833,14,10	332.6	39.4813786	73.5951060	5107.6
2791	580.7	580.7	580.7	225,931,8,14	332.6	39.4814212	73.5953905	5107.6
2792	366.4	366.4	366.4	1723,897,18,16	332.3	39.4813794	73.5951064	5107.6
2793	258.3	258.3	259.3	500,803,11,10	332.2	39.4813771	73.5951092	5107.6
2794	444.5	436.5	444.5	1601,1059,10,12	332.1	39.4813788	73.5951059	5107.6
2795	581.7	581.7	581.7	35,916,10,13	332.1	39.4814213	73.5953903	5107.6
2796	215.2	215.2	216.2	281,284,8,31	332.0	39.4813767	73.5951102	5107.6
2797	569.6	569.6	569.6	70,1057,11,16	331.8	39.4814218	73.5953906	5107.6
2798	608.7	608.7	608.7	571,1003,22,12	331.8	39.4814214	73.5953896	5107.6
2799	756.9	756.9	761.9	631,87,10,10	331.8	39.4814230	73.5953881	5107.6
2800	270.3	265.3	270.3	133,0,8,20	331.7	39.4813774	73.5951085	5107.5
2801	295.3	291.3	295.3	545,569,10,24	331.7	39.4813780	73.5951076	5107.6
2802	292.3	292.3	295.3	1651,963,14,21	331.7	39.4813779	73.5951077	5107.5
2803	414.5	409.5	414.5	739,257,14,7	331.7	39.4813787	73.5951060	5107.6
2804	797.9	797.9	797.9	1281,904,14,9	331.7	39.4814243	73.5953878	5107.6
2805	112.1	111.1	115.1	115,981,8,21	331.6	39.4813758	73.5951122	5107.6
2806	145.2	145.2	145.2	1325,755,8,22	331.1	39.4813763	73.5951112	5107.6
2807	400.5	399.4	405.5	833,0,18,5	331.1	39.4813789	73.5951059	5107.6
2808	577.6	577.6	577.6	475,403,12,14	331.0	39.4814212	73.5953906	5107.6
2809	786.9	777.9	792.9	1585,585,14,17	331.0	39.4814236	73.5953872	5107.6
2810	637.7	637.7	641.7	1914,195,6,24	330.9	39.4814222	73.5953885	5107.6
2811	486.5	486.5	486.5	1403,721,14,12	330.8	39.4813770	73.5951046	5107.6
2812	568.6	568.6	568.6	528,0,15,7	330.8	39.4814214	73.5953908	5107.6
2813	603.7	603.7	603.7	349,393,14,8	330.8	39.4814217	73.5953900	5107.6
2814	189.2	189.2	190.2	1042,105,25,12	330.7	39.4813763	73.5951108	5107.6
2815	197.2	197.2	201.2	985,51,30,8	330.7	39.4813768	73.5951105	5107.6
2816	6.0	6.0	6.0	1749,33,12,16	330.6	39.4813759	73.5951133	5107.7
2817	238.3	238.3	238.3	33,93,14,26	330.6	39.4813775	73.5951103	5107.6
2818	706.8	706.8	707.8	1905,513,15,8	330.4	39.4814227	73.5953888	5107.6
2819	536.6	536.6	536.6	1585,551,11,11	330.3	39.4814227	73.5953918	5107.6
2820	542.6	542.6	542.6	207,683,16,11	330.0	39.4814223	73.5953912	5107.6
2821	88.1	86.1	88.1	0,619,9,19	329.9	39.4813755	73.5951115	5107.6
2822	526.6	526.6	526.6	258,329,15,8	329.9	39.4814222	73.5953917	5107.6
2823	494.6	494.6	495.6	321,993,8,18	329.8	39.4813770	73.5951047	5107.6
2824	99.1	99.1	99.1	213,195,12,25	329.7	39.4813766	73.5951114	5107.6
2825	298.3	297.3	300.3	1799,969,14,14	329.7	39.4813778	73.5951076	5107.5
2826	439.5	439.5	439.5	814,951,9,18	329.6	39.4813783	73.5951061	5107.6
2827	21.0	21.0	21.0	1825,93,16,10	329.5	39.4813759	73.5951134	5107.7
2828	98.1	98.1	98.1	9,217,11,16	329.5	39.4813765	73.5951114	5107.6
2829	320.4	320.4	321.4	1140,803,13,10	329.5	39.4813786	73.5951069	5107.6
2830	128.1	128.1	137.2	289,1037,8,18	329.4	39.4813759	73.5951119	5107.6
2831	716.8	713.8	719.8	1377,843,13,14	329.4	39.4814232	73.5953892	5107.6
2832	217.2	217.2	217.2	0,705,5,24	329.2	39.4813770	73.5951100	5107.6
2833	339.4	339.4	339.4	533,1031,8,11	329.2	39.4813791	73.5951066	5107.5
2834	417.5	417.5	417.5	339,538,12,13	329.0	39.4813787	73.5951060	5107.5
2835	106.1	106.1	108.1	107,993,6,16	328.9	39.4813759	73.5951120	5107.6
2836	105.1	100.1	105.1	719,491,10,14	328.8	39.4813758	73.5951120	5107.6
2837	217.2	217.2	217.2	34,463,7,18	328.8	39.4813770	73.5951100	5107.6
2838	239.3	239.3	239.3	89,459,14,14	328.7	39.4813773	73.5951101	5107.5
2839	573.6	573.6	573.6	1233,3,12,20	328.6	39.4814214	73.5953909	5107.6
2840	575.6	575.6	575.6	1193,1010,14,13	328.6	39.4814212	73.5953905	5107.6
2841	278.3	278.3	278.3	0,981,7,28	328.5	39.4813779	73.5951084	5107.5
2842	317.4	317.4	317.4	1218,311,25,6	328.5	39.4813786	73.5951067	5107.6
2843	349.4	349.4	349.4	617,81,14,10	328.2	39.4813791	73.5951063	5107.6
2844	264.3	262.3	268.3	337,201,7,16	328.0	39.4813778	73.5951088	5107.6
2845	468.5	468.5	468.5	659,577,13,8	327.9	39.4813779	73.5951055	5107.6
2846	400.5	400.5	400.5	1779,49,12,10	327.8	39.4813789	73.5951059	5107.6
2847	580.7	580.7	580.7	823,385,8,14	327.7	39.4814212	73.5953905	5107.6
2848	686.8	686.8	686.8	3,237,19,8	327.5	39.4814226	73.5953890	5107.6
2849	429.5	429.5	429.5	1282,225,16,6	327.4	39.4813787	73.5951058	5107.6
2850	570.6	570.6	570.6	185,855,14,10	327.2	39.4814216	73.5953906	5107.6
2851	2.0	2.0	2.0	407,879,10,12	326.9	39.4813757	73.5951138	5107.7
2852	124.1	124.1	124.1	347,461,6,36	326.9	39.4813757	73.5951119	5107.6
2853	136.2	136.2	144.2	43,471,10,12	326.9	39.4813762	73.5951116	5107.6
2854	76.1	75.1	77.1	1437,147,23,8	326.8	39.4813761	73.5951119	5107.7
2855	318.4	318.4	318.4	861,35,14,13	326.8	39.4813786	73.5951067	5107.6
2856	174.2	170.2	174.2	441,875,8,15	326.7	39.4813763	73.5951106	5107.6
2857	611.7	611.7	611.7	1547,169,22,8	326.7	39.4814215	73.5953893	5107.6
2858	78.1	78.1	79.1	1753,101,14,16	326.6	39.4813763	73.5951119	5107.7
2859	173.2	172.2	174.2	119,19,10,22	326.6	39.4813764	73.5951106	5107.6
2860	263.3	261.3	264.3	71,321,10,16	326.6	39.4813778	73.5951089	5107.5
2861	756.9	751.8	756.9	559,340,10,13	326.4	39.4814230	73.5953881	5107.6
2862	232.3	232.3	232.3	1666,37,21,8	326.3	39.4813779	73.5951103	5107.6
2863	5.0	2.0	5.0	1777,0,6,17	326.1	39.4813759	73.5951135	5107.7
2864	523.6	523.6	523.6	47,973,18,8	326.1	39.4814220	73.5953919	5107.6
2865	314.4	309.3	314.4	536,885,9,12	326.0	39.4813783	73.5951067	5107.5
2866	538.6	538.6	538.6	275,581,12,10	325.9	39.4814228	73.5953917	5107.6
2867	605.7	605.7	605.7	97,801,18,8	325.9	39.4814215	73.5953898	5107.6
2868	616.7	616.7	616.7	1377,89,12,8	325.8	39.4814218	73.5953894	5107.6
2869	370.4	366.4	370.4	401,497,13,12	325.5	39.4813789	73.5951058	5107.6
2870	482.5	482.5	482.5	901,272,13,12	325.5	39.4813772	73.5951048	5107.6
2871	403.5	403.5	403.5	1907,670,13,9	325.3	39.4813791	73.5951061	5107.6
2872	244.3	244.3	244.3	1465,485,14,8	324.6	39.4813765	73.5951098	5107.5
2873	318.4	309.3	318.4	1519,829,16,10	324.4	39.4813786	73.5951067	5107.6
2874	284.3	284.3	284.3	1672,865,9,22	324.3	39.4813776	73.5951081	5107.6
2875	704.8	704.8	707.8	1873,353,16,10	324.3	39.4814229	73.5953888	5107.6
2876	320.4	320.4	322.4	1135,41,12,12	324.2	39.4813786	73.5951069	5107.6
2877	273.3	271.3	275.3	329,313,16,8	324.0	39.4813774	73.5951082	5107.5
2878	499.6	497.6	499.6	1689,23,20,10	324.0	39.4813773	73.5951045	5107.6
2879	569.6	569.6	569.6	705,489,11,13	324.0	39.4814218	73.5953906	5107.6
2880	384.4	384.4	384.4	1463,101,12,10	323.7	39.4813795	73.5951065	5107.6
2881	346.4	345.4	346.4	1889,147,8,14	323.6	39.4813793	73.5951063	5107.6
2882	99.1	99.1	99.1	359,1013,12,22	323.4	39.4813766	73.5951114	5107.6
2883	302.3	293.3	307.3	1671,817,11,15	323.3	39.4813780	73.5951074	5107.6
2884	783.9	776.9	788.9	291,609,11,10	323.3	39.4814235	73.5953875	5107.6
2885	359.4	359.4	359.4	1801,19,22,14	322.9	39.4813791	73.5951065	5107.6
2886	783.9	774.9	784.9	947,355,13,14	322.9	39.4814235	73.5953875	5107.6
2887	91.1	91.1	91.1	225,865,6,26	322.5	39.4813757	73.5951115	5107.7
2888	236.3	235.3	236.3	25,929,17,10	322.5	39.4813778	73.5951104	5107.5
2889	318.4	318.4	318.4	1025,1041,29,4	322.5	39.4813786	73.5951067	5107.6
2890	477.5	477.5	477.5	151,233,12,14	322.4	39.4813775	73.5951050	5107.6
2891	179.2	178.2	180.2	785,177,24,8	322.3	39.4813759	73.5951108	5107.6
2892	646.7	646.7	646.7	151,355,10,14	322.3	39.4814219	73.5953891	5107.6
2893	434.5	432.5	434.5	489,119,24,6	322.1	39.4813782	73.5951061	5107.6
2894	439.5	439.5	443.5	1121,133,14,11	322.1	39.4813783	73.5951061	5107.6
2895	602.7	602.7	602.7	233,1053,10,12	322.1	39.4814216	73.5953903	5107.6
2896	426.5	426.5	427.5	1826,993,13,16	321.9	39.4813790	73.5951058	5107.6
2897	705.8	705.8	706.8	79,57,8,20	321.9	39.4814229	73.5953888	5107.6
2898	421.5	421.5	421.5	1064,696,9,15	321.6	39.4813788	73.5951062	5107.6
2899	631.7	627.7	631.7	1007,164,12,13	321.5	39.4814216	73.5953884	5107.6
2900	591.7	591.7	591.7	1345,601,8,14	321.3	39.4814217	73.5953903	5107.6
2901	126.1	126.1	127.1	62,511,7,30	321.2	39.4813758	73.5951120	5107.6
2902	376.4	376.4	376.4	1851,144,10,13	321.2	39.4813791	73.5951061	5107.6
2903	105.1	105.1	105.1	1798,563,11,14	320.6	39.4813758	73.5951120	5107.6
2904	469.5	469.5	469.5	1165,187,16,10	320.6	39.4813780	73.5951054	5107.6
2905	74.1	74.1	78.1	1900,1014,11,19	320.3	39.4813760	73.5951121	5107.7
2906	316.4	316.4	316.4	1278,769,21,14	320.3	39.4813784	73.5951068	5107.6
2907	553.6	553.6	553.6	602,1073,13,7	320.3	39.4814213	73.5953905	5107.6
2908	278.3	272.3	278.3	485,735,12,10	320.1	39.4813779	73.5951084	5107.5
2909	406.5	406.5	410.5	1439,642,12,9	320.1	39.4813794	73.5951059	5107.6
2910	232.3	232.3	232.3	1537,81,23,12	320.0	39.4813779	73.5951103	5107.6
2911	546.6	546.6	546.6	1171,217,14,8	320.0	39.4814221	73.5953910	5107.6
2912	472.5	472.5	472.5	615,609,10,20	319.9	39.4813776	73.5951055	5107.6
2913	569.6	569.6	569.6	1857,313,16,8	319.8	39.4814218	73.5953906	5107.6
2914	642.7	642.7	642.7	1786,267,15,17	319.6	39.4814222	73.5953892	5107.6
2915	213.2	211.2	213.2	13,301,18,12	319.5	39.4813768	73.5951101	5107.6
2916	415.5	415.5	418.5	1139,96,14,9	319.5	39.4813786	73.5951060	5107.6
2917	571.6	571.6	571.6	1169,1003,14,11	319.4	39.4814215	73.5953907	5107.6
2918	301.3	299.3	302.3	1821,1021,14,22	319.3	39.4813779	73.5951074	5107.6
2919	553.6	553.6	553.6	1555,25,17,8	319.3	39.4814213	73.5953905	5107.6
2920	534.6	534.6	534.6	333,145,5,27	319.2	39.4814227	73.5953918	5107.6
2921	91.1	91.1	91.1	13,270,8,12	319.1	39.4813757	73.5951115	5107.7
2922	472.5	472.5	472.5	1519,85,18,6	319.1	39.4813776	73.5951055	5107.6
2923	720.8	720.8	720.8	1850,1031,13,13	319.1	39.4814232	73.5953891	5107.6
2924	214.2	214.2	214.2	573,93,10,24	319.0	39.4813768	73.5951101	5107.6
2925	536.6	536.6	536.6	1120,41,9,24	318.8	39.4814227	73.5953918	5107.6
2926	405.5	398.4	405.5	1137,753,22,16	318.6	39.4813795	73.5951060	5107.6
2927	120.1	117.1	120.1	33,609,6,16	318.5	39.4813760	73.5951120	5107.6
2928	79.1	73.1	79.1	1517,11,22,14	318.4	39.4813762	73.5951119	5107.6
2929	345.4	345.4	346.4	1833,845,14,12	318.4	39.4813793	73.5951063	5107.6
2930	743.8	743.8	744.8	1646,899,10,14	318.4	39.4814236	73.5953883	5107.6
2931	629.7	627.7	631.7	1000,219,9,22	318.3	39.4814212	73.5953883	5107.6
2932	783.9	776.9	797.9	1329,609,10,14	318.3	39.4814235	73.5953875	5107.6
2933	52.1	52.1	52.1	1387,59,22,6	318.2	39.4813759	73.5951133	5107.7
2934	384.4	384.4	384.4	1681,387,10,11	318.1	39.4813795	73.5951065	5107.6
2935	535.6	535.6	535.6	1332,329,11,12	318.1	39.4814226	73.5953919	5107.6
2936	328.4	327.4	329.4	1121,695,10,10	318.0	39.4813782	73.5951071	5107.5
2937	486.5	486.5	486.5	1534,277,13,8	317.9	39.4813770	73.5951046	5107.6
2938	214.2	214.2	218.2	349,777,8,28	317.8	39.4813768	73.5951101	5107.6
2939	569.6	569.6	569.6	1603,123,12,10	317.8	39.4814218	73.5953906	5107.6
2940	309.3	309.3	313.4	1905,93,12,12	317.7	39.4813779	73.5951069	5107.6
2941	570.6	570.6	570.6	759,77,10,14	317.6	39.4814216	73.5953906	5107.6
2942	644.7	644.7	645.7	481,539,15,12	317.6	39.4814222	73.5953892	5107.6
2943	604.7	604.7	604.7	231,1049,16,8	317.5	39.4814217	73.5953900	5107.6
2944	696.8	696.8	696.8	1645,971,10,27	317.5	39.4814229	73.5953888	5107.6
2945	24.0	24.0	24.0	1651,1051,20,12	317.4	39.4813760	73.5951137	5107.7
2946	591.7	591.7	591.7	905,119,8,18	317.4	39.4814217	73.5953903	5107.6
2947	710.8	709.8	710.8	139,524,18,11	317.4	39.4814228	73.5953889	5107.6
2948	127.1	127.1	131.1	63,1025,8,24	317.3	39.4813758	73.5951120	5107.6
2949	606.7	606.7	606.7	869,325,16,12	317.3	39.4814214	73.5953897	5107.6
2950	394.4	394.4	394.4	1603,1033,12,9	317.1	39.4813785	73.5951060	5107.6
2951	324.4	324.4	324.4	173,1065,12,15	317.0	39.4813783	73.5951070	5107.5
2952	460.5	448.5	460.5	673,563,18,12	316.9	39.4813786	73.5951056	5107.6
2953	753.8	753.8	757.9	1047,73,10,13	316.7	39.4814232	73.5953881	5107.6
2954	453.5	453.5	453.5	467,1003,14,6	316.6	39.4813784	73.5951057	5107.6
2955	91.1	91.1	91.1	561,865,6,29	316.5	39.4813757	73.5951115	5107.7
2956	372.4	372.4	374.4	1031,762,16,9	316.5	39.4813790	73.5951059	5107.6
2957	520.6	520.6	520.6	1841,167,16,16	316.5	39.4814225	73.5953929	5107.6
2958	469.5	469.5	469.5	1569,1019,16,9	316.4	39.4813780	73.5951054	5107.6
2959	643.7	643.7	643.7	1841,119,14,10	316.0	39.4814222	73.5953892	5107.6
2960	182.2	181.2	186.2	679,831,10,16	315.8	39.4813761	73.5951109	5107.6
2961	215.2	215.2	215.2	363,667,20,6	315.7	39.4813767	73.5951102	5107.6
2962	662.7	662.7	662.7	1123,196,11,13	315.6	39.4814223	73.5953892	5107.6
2963	115.1	111.1	115.1	89,891,16,14	315.5	39.4813763	73.5951121	5107.6
2964	430.5	430.5	435.5	833,913,22,12	315.5	39.4813785	73.5951060	5107.6
2965	21.0	21.0	21.0	1401,589,8,20	315.3	39.4813759	73.5951134	5107.7
2966	595.7	595.7	595.7	1135,645,10,8	315.3	39.4814215	73.5953902	5107.6
2967	715.8	715.8	715.8	1899,971,16,12	315.3	39.4814232	73.5953893	5107.6
2968	97.1	97.1	97.1	1841,273,8,32	315.1	39.4813764	73.5951114	5107.6
2969	646.7	646.7	646.7	139,215,12,16	314.7	39.4814219	73.5953891	5107.6
2970	122.1	122.1	122.1	13,697,8,18	314.6	39.4813759	73.5951118	5107.6
2971	239.3	239.3	239.3	1319,225,16,10	314.6	39.4813773	73.5951101	5107.5
2972	68.1	68.1	68.1	747,81,22,12	314.5	39.4813765	73.5951122	5107.7
2973	386.4	386.4	386.4	817,281,24,10	314.5	39.4813793	73.5951064	5107.6
2974	395.4	395.4	395.4	31,1031,13,10	314.5	39.4813786	73.5951059	5107.6
2975	453.5	453.5	453.5	535,5,20,6	314.5	39.4813784	73.5951057	5107.6
2976	476.5	476.5	476.5	612,433,13,8	314.5	39.4813773	73.5951051	5107.6
2977	501.6	501.6	501.6	1315,77,12,10	314.5	39.4813771	73.5951045	5107.6
2978	365.4	365.4	365.4	947,0,14,7	314.4	39.4813795	73.5951065	5107.6
2979	751.8	751.8	751.8	261,159,9,14	314.4	39.4814232	73.5953882	5107.6
2980	434.5	430.5	437.5	873,594,8,13	314.3	39.4813782	73.5951061	5107.6
2981	705.8	704.8	706.8	327,237,10,14	314.3	39.4814229	73.5953888	5107.6
2982	179.2	179.2	180.2	21,317,8,16	314.2	39.4813759	73.5951108	5107.6
2983	291.3	291.3	291.3	268,541,9,15	314.2	39.4813778	73.5951078	5107.5
2984	152.2	150.2	152.2	405,249,4,40	314.1	39.4813768	73.5951107	5107.6
2985	462.5	462.5	462.5	1371,825,14,8	313.9	39.4813787	73.5951056	5107.6
2986	472.5	472.5	472.5	269,543,11,17	313.9	39.4813776	73.5951055	5107.6
2987	212.2	210.2	213.2	49,587,12,22	313.8	39.4813768	73.5951103	5107.6
2988	549.6	549.6	549.6	1553,311,8,10	313.8	39.4814219	73.5953912	5107.6
2989	321.4	321.4	325.4	771,61,14,10	313.7	39.4813785	73.5951071	5107.5
2990	534.6	534.6	534.6	1068,1065,15,8	313.7	39.4814227	73.5953918	5107.6
2991	365.4	365.4	365.4	1488,37,15,6	313.6	39.4813795	73.5951065	5107.6
2992	610.7	608.7	610.7	283,835,7,20	313.6	39.4814214	73.5953894	5107.6
2993	320.4	320.4	333.4	1213,9,12,16	313.5	39.4813786	73.5951069	5107.6
2994	398.4	396.4	398.4	1537,641,11,10	313.2	39.4813787	73.5951059	5107.6
2995	463.5	463.5	466.5	1779,442,12,16	313.2	39.4813787	73.5951056	5107.6
2996	466.5	466.5	466.5	1037,158,11,13	313.1	39.4813782	73.5951055	5107.6
2997	479.5	479.5	480.5	1181,269,10,11	313.1	39.4813772	73.5951047	5107.6
2998	278.3	278.3	278.3	1854,1049,19,14	313.0	39.4813779	73.5951084	5107.5
2999	551.6	551.6	551.6	605,1025,12,19	313.0	39.4814216	73.5953909	5107.6
3000	572.6	572.6	572.6	1585,793,11,16	312.8	39.4814214	73.5953908	5107.6
3001	343.4	343.4	343.4	609,71,16,6	312.7	39.4813790	73.5951065	5107.5
3002	483.5	483.5	483.5	1090,913,15,10	312.7	39.4813772	73.5951047	5107.6
3003	121.1	121.1	121.1	13,649,10,16	312.6	39.4813759	73.5951120	5107.6
3004	277.3	272.3	277.3	657,961,12,10	312.6	39.4813781	73.5951084	5107.5
3005	484.5	484.5	484.5	181,765,6,14	312.6	39.4813773	73.5951048	5107.6
3006	323.4	323.4	325.4	1023,0,18,5	312.5	39.4813783	73.5951070	5107.6
3007	424.5	423.5	424.5	1123,775,10,10	312.4	39.4813788	73.5951060	5107.5
3008	225.3	225.3	225.3	599,705,10,12	312.2	39.4813771	73.5951099	5107.6
3009	228.3	228.3	233.3	126,643,9,20	312.2	39.4813772	73.5951102	5107.6
3010	117.1	117.1	120.1	97,615,14,14	312.1	39.4813763	73.5951119	5107.6
3011	278.3	278.3	278.3	11,0,15,17	312.0	39.4813779	73.5951084	5107.5
3012	79.1	79.1	79.1	1864,741,9,22	311.8	39.4813762	73.5951119	5107.6
3013	417.5	417.5	417.5	1299,579,12,8	311.7	39.4813787	73.5951060	5107.5
3014	563.6	563.6	563.6	712,315,14,9	311.7	39.4814208	73.5953903	5107.6
3015	5.0	4.0	5.0	1726,17,11,9	311.5	39.4813759	73.5951135	5107.7
3016	23.0	22.0	23.0	1718,814,15,10	311.4	39.4813762	73.5951135	5107.7
3017	451.5	451.5	451.5	955,551,22,4	311.4	39.4813782	73.5951058	5107.6
3018	256.3	255.3	256.3	393,421,6,27	311.0	39.4813770	73.5951090	5107.6
3019	547.6	547.6	547.6	1345,66,7,21	310.5	39.4814220	73.5953911	5107.6
3020	92.1	92.1	92.1	289,1060,20,20	310.2	39.4813758	73.5951116	5107.6
3021	356.4	356.4	356.4	1647,73,19,6	310.2	39.4813790	73.5951063	5107.6
3022	569.6	569.6	569.6	137,877,15,10	310.2	39.4814218	73.5953906	5107.6
3023	575.6	575.6	575.6	624,97,9,17	310.2	39.4814212	73.5953905	5107.6
3024	608.7	608.7	608.7	81,403,8,13	310.2	39.4814214	73.5953896	5107.6
3025	231.3	231.3	231.3	5,157,12,18	310.1	39.4813777	73.5951101	5107.6
3026	755.8	755.8	756.9	75,97,12,8	310.1	39.4814231	73.5953882	5107.6
3027	501.6	501.6	501.6	1365,27,14,15	310.0	39.4813771	73.5951045	5107.6
3028	617.7	617.7	621.7	513,1073,14,7	309.9	39.4814218	73.5953893	5107.6
3029	763.9	762.9	765.9	175,81,17,8	309.8	39.4814233	73.5953876	5107.6
3030	190.2	189.2	190.2	759,115,18,14	309.7	39.4813763	73.5951107	5107.6
3031	545.6	545.6	547.6	1257,393,14,8	309.6	39.4814222	73.5953910	5107.6
3032	400.5	400.5	400.5	964,1049,12,10	309.4	39.4813789	73.5951059	5107.6
3033	550.6	550.6	550.6	231,475,6,22	309.3	39.4814217	73.5953911	5107.6
3034	352.4	352.4	352.4	1743,113,18,14	308.8	39.4813792	73.5951061	5107.6
3035	702.8	702.8	702.8	1825,322,24,7	308.8	39.4814227	73.5953889	5107.6
3036	567.6	567.6	567.6	197,905,12,10	308.6	39.4814210	73.5953907	5107.6
3037	291.3	291.3	291.3	1829,889,8,24	308.5	39.4813778	73.5951078	5107.5
3038	234.3	234.3	234.3	359,889,16,8	308.4	39.4813780	73.5951105	5107.6
3039	362.4	362.4	362.4	1815,995,18,14	308.3	39.4813795	73.5951068	5107.6
3040	477.5	477.5	477.5	1555,723,14,11	308.3	39.4813775	73.5951050	5107.6
3041	32.0	31.0	35.0	1905,451,8,14	308.2	39.4813761	73.5951134	5107.7
3042	320.4	320.4	320.4	815,69,13,12	308.1	39.4813786	73.5951069	5107.6
3043	461.5	461.5	461.5	623,753,10,18	307.9	39.4813787	73.5951056	5107.6
3044	546.6	546.6	546.6	1631,491,13,8	307.9	39.4814221	73.5953910	5107.6
3045	144.2	144.2	144.2	461,849,11,22	307.7	39.4813762	73.5951113	5107.6
3046	576.6	576.6	576.6	337,867,8,14	307.7	39.4814212	73.5953907	5107.6
3047	87.1	83.1	89.1	875,93,18,18	307.6	39.4813754	73.5951115	5107.6
3048	194.2	189.2	194.2	545,721,10,12	307.5	39.4813769	73.5951105	5107.6
3049	483.5	483.5	483.5	1547,161,16,6	307.5	39.4813772	73.5951047	5107.6
3050	154.2	150.2	154.2	33,789,10,12	307.4	39.4813766	73.5951106	5107.6
3051	105.1	105.1	105.1	1809,97,16,6	307.3	39.4813758	73.5951120	5107.6
3052	501.6	500.6	509.6	308,435,12,10	307.2	39.4813771	73.5951045	5107.6
3053	98.1	98.1	98.1	135,461,10,20	307.1	39.4813765	73.5951114	5107.6
3054	320.4	320.4	327.4	1681,433,10,10	307.1	39.4813786	73.5951069	5107.6
3055	190.2	188.2	190.2	711,65,20,8	307.0	39.4813763	73.5951107	5107.6
3056	438.5	438.5	438.5	277,183,9,18	306.8	39.4813783	73.5951061	5107.6
3057	65.1	62.1	68.1	157,479,14,14	306.7	39.4813765	73.5951124	5107.7
3058	459.5	459.5	459.5	459,975,12,9	306.7	39.4813786	73.5951058	5107.6
3059	545.6	545.6	545.6	875,479,5,22	306.7	39.4814222	73.5953910	5107.6
3060	579.7	579.7	579.7	943,161,8,14	306.6	39.4814212	73.5953906	5107.6
3061	721.8	720.8	721.8	801,721,16,6	306.6	39.4814232	73.5953891	5107.6
3062	344.4	336.4	344.4	35,821,14,9	306.4	39.4813791	73.5951064	5107.6
3063	529.6	529.6	529.6	309,999,12,10	306.3	39.4814224	73.5953915	5107.6
3064	665.7	665.7	667.8	1817,804,14,16	306.3	39.4814224	73.5953890	5107.6
3065	469.5	469.5	469.5	1895,353,16,6	306.2	39.4813780	73.5951054	5107.6
3066	92.1	92.1	92.1	1877,59,12,10	306.1	39.4813758	73.5951116	5107.6
3067	344.4	332.4	345.4	173,961,10,14	306.1	39.4813791	73.5951064	5107.6
3068	474.5	474.5	477.5	1827,789,14,12	306.1	39.4813776	73.5951054	5107.6
3069	789.9	789.9	789.9	1395,71,14,10	306.0	39.4814235	73.5953874	5107.6
3070	639.7	639.7	639.7	1556,995,13,11	305.9	39.4814221	73.5953886	5107.6
3071	195.2	195.2	195.2	1617,129,14,12	305.8	39.4813769	73.5951105	5107.6
3072	704.8	702.8	709.8	1513,742,24,7	305.7	39.4814229	73.5953888	5107.6
3073	274.3	274.3	274.3	1503,725,12,18	305.3	39.4813776	73.5951085	5107.5
3074	145.2	145.2	145.2	65,693,14,22	305.2	39.4813763	73.5951112	5107.6
3075	231.3	230.3	231.3	453,0,14,9	305.2	39.4813777	73.5951101	5107.6
3076	542.6	542.6	542.6	1105,119,14,12	305.2	39.4814223	73.5953912	5107.6
3077	192.2	192.2	194.2	509,39,16,16	305.1	39.4813767	73.5951107	5107.6
3078	396.4	396.4	396.4	1737,301,12,10	305.1	39.4813786	73.5951058	5107.6
3079	470.5	470.5	470.5	513,1033,18,6	305.1	39.4813777	73.5951053	5107.6
3080	296.3	295.3	296.3	1851,1051,14,12	305.0	39.4813779	73.5951075	5107.6
3081	452.5	452.5	452.5	1045,1011,8,16	304.9	39.4813782	73.5951058	5107.6
3082	570.6	570.6	570.6	457,957,8,18	304.8	39.4814216	73.5953906	5107.6
3083	156.2	156.2	158.2	999,149,14,20	304.7	39.4813766	73.5951105	5107.6
3084	555.6	555.6	555.6	1318,785,11,11	304.7	39.4814213	73.5953902	5107.6
3085	261.3	261.3	263.3	207,407,6,25	304.6	39.4813773	73.5951091	5107.6
3086	406.5	406.5	406.5	1033,381,18,12	304.6	39.4813794	73.5951059	5107.6
3087	412.5	412.5	412.5	1407,193,20,10	304.6	39.4813790	73.5951060	5107.5
3088	92.1	92.1	92.1	335,1002,10,27	304.5	39.4813758	73.5951116	5107.6
3089	284.3	283.3	284.3	1741,851,8,22	304.4	39.4813776	73.5951081	5107.6
3090	366.4	366.4	366.4	131,37,14,10	304.4	39.4813794	73.5951064	5107.6
3091	590.7	590.7	590.7	1665,145,6,16	304.4	39.4814216	73.5953902	5107.6
3092	773.9	768.9	774.9	457,81,13,18	304.3	39.4814242	73.5953875	5107.6
3093	408.5	408.5	408.5	1911,173,9,13	304.2	39.4813793	73.5951058	5107.6
3094	601.7	601.7	601.7	25,1037,8,11	304.2	39.4814216	73.5953903	5107.6
3095	701.8	701.8	701.8	1125,967,19,14	304.2	39.4814228	73.5953889	5107.6
3096	384.4	384.4	384.4	1649,83,16,6	304.1	39.4813795	73.5951065	5107.6
3097	437.5	436.5	438.5	1033,57,14,8	304.1	39.4813782	73.5951060	5107.6
3098	540.6	540.6	540.6	275,657,20,16	304.1	39.4814222	73.5953912	5107.6
3099	380.4	375.4	380.4	1847,959,10,18	304.0	39.4813795	73.5951062	5107.6
3100	697.8	697.8	697.8	49,97,12,14	304.0	39.4814229	73.5953888	5107.6
3101	271.3	271.3	272.3	50,978,11,15	303.9	39.4813774	73.5951084	5107.6
3102	552.6	552.6	552.6	35,961,17,6	303.9	39.4814213	73.5953907	5107.6
3103	653.7	653.7	653.7	433,676,14,11	303.9	39.4814217	73.5953888	5107.6
3104	77.1	73.1	77.1	1241,143,14,14	303.8	39.4813761	73.5951120	5107.7
3105	129.1	129.1	131.1	505,307,6,34	303.5	39.4813759	73.5951117	5107.6
3106	201.2	196.2	207.2	72,505,13,20	303.5	39.4813770	73.5951106	5107.6
3107	462.5	462.5	465.5	75,119,10,10	303.5	39.4813787	73.5951056	5107.6
3108	541.6	541.6	541.6	97,931,6,20	303.4	39.4814223	73.5953912	5107.6
3109	460.5	460.5	460.5	49,305,8,16	303.3	39.4813786	73.5951056	5107.6
3110	144.2	144.2	144.2	47,313,7,16	303.2	39.4813762	73.5951113	5107.6
3111	223.3	222.2	223.3	241,817,10,13	303.1	39.4813770	73.5951099	5107.6
3112	17.0	17.0	17.0	14,804,7,20	302.9	39.4813760	73.5951134	5107.7
3113	462.5	462.5	462.5	1323,291,12,14	302.9	39.4813787	73.5951056	5107.6
3114	671.8	671.8	673.8	1839,833,14,10	302.9	39.4814227	73.5953893	5107.6
3115	211.2	211.2	216.2	346,611,7,20	302.7	39.4813770	73.5951104	5107.6
3116	381.4	381.4	381.4	291,945,14,8	302.7	39.4813797	73.5951062	5107.6
3117	245.3	245.3	245.3	791,889,10,8	302.5	39.4813763	73.5951096	5107.5
3118	156.2	156.2	157.2	53,346,12,13	302.4	39.4813766	73.5951105	5107.6
3119	319.4	319.4	319.4	1693,0,10,17	302.4	39.4813785	73.5951069	5107.6
3120	99.1	97.1	99.1	252,461,13,20	302.3	39.4813766	73.5951114	5107.6
3121	463.5	463.5	463.5	1775,725,8,12	302.3	39.4813787	73.5951056	5107.6
3122	233.3	233.3	233.3	1673,249,24,6	302.1	39.4813780	73.5951106	5107.6
3123	488.5	488.5	491.6	1248,452,15,9	302.1	39.4813770	73.5951045	5107.6
3124	181.2	181.2	186.2	125,513,14,8	302.0	39.4813760	73.5951107	5107.6
3125	430.5	430.5	430.5	1769,105,8,15	301.9	39.4813785	73.5951060	5107.6
3126	91.1	91.1	91.1	337,89,12,12	301.8	39.4813757	73.5951115	5107.7
3127	352.4	348.4	352.4	1713,1075,18,5	301.8	39.4813792	73.5951061	5107.6
3128	66.1	62.1	66.1	909,0,12,15	301.6	39.4813764	73.5951122	5107.7
3129	463.5	463.5	467.5	141,407,12,11	301.5	39.4813787	73.5951056	5107.6
3130	483.5	483.5	483.5	153,615,18,8	301.5	39.4813772	73.5951047	5107.6
3131	472.5	472.5	473.5	457,701,8,14	301.4	39.4813776	73.5951055	5107.6
3132	216.2	216.2	216.2	17,899,7,18	301.3	39.4813767	73.5951100	5107.6
3133	355.4	355.4	355.4	184,1035,9,14	301.2	39.4813789	73.5951062	5107.6
3134	27.0	25.0	27.0	1636,305,7,26	301.0	39.4813760	73.5951137	5107.7
3135	81.1	81.1	81.1	1604,83,9,15	301.0	39.4813760	73.5951120	5107.7
3136	423.5	423.5	424.5	987,721,4,22	301.0	39.4813789	73.5951061	5107.6
3137	583.7	583.7	583.7	1199,559,10,12	301.0	39.4814213	73.5953904	5107.6
3138	461.5	461.5	462.5	1647,1073,18,7	300.9	39.4813787	73.5951056	5107.6
3139	394.4	394.4	394.4	817,307,6,14	300.8	39.4813785	73.5951060	5107.6
3140	556.6	553.6	556.6	497,377,16,6	300.8	39.4814211	73.5953900	5107.6
3141	670.8	670.8	670.8	379,279,22,4	300.8	39.4814229	73.5953892	5107.6
3142	70.1	68.1	70.1	777,34,18,5	300.7	39.4813763	73.5951123	5107.7
3143	144.2	144.2	144.2	1495,175,18,8	300.7	39.4813762	73.5951113	5107.6
3144	215.2	215.2	216.2	21,817,7,16	300.7	39.4813767	73.5951102	5107.6
3145	256.3	255.3	256.3	417,113,11,20	300.5	39.4813770	73.5951090	5107.6
3146	701.8	701.8	701.8	157,20,12,10	300.5	39.4814228	73.5953889	5107.6
3147	733.8	733.8	733.8	489,963,18,6	300.5	39.4814236	73.5953890	5107.6
3148	351.4	351.4	351.4	1035,59,22,4	300.4	39.4813791	73.5951062	5107.6
3149	416.5	416.5	416.5	1539,17,14,8	300.3	39.4813786	73.5951061	5107.5
3150	602.7	602.7	602.7	992,306,17,7	300.3	39.4814216	73.5953903	5107.6
3151	87.1	87.1	87.1	1689,1067,8,13	300.2	39.4813754	73.5951115	5107.6
3152	258.3	257.3	259.3	629,117,20,14	300.2	39.4813771	73.5951092	5107.6
3153	366.4	366.4	366.4	1879,73,10,16	300.2	39.4813794	73.5951064	5107.6
3154	665.7	665.7	665.7	87,55,10,10	300.2	39.4814224	73.5953890	5107.6
3155	236.3	236.3	236.3	481,343,10,10	300.0	39.4813778	73.5951104	5107.5
3156	226.3	225.3	226.3	115,391,12,11	299.9	39.4813771	73.5951100	5107.5
3157	546.6	546.6	546.6	337,101,8,14	299.9	39.4814221	73.5953910	5107.6
3158	17.0	17.0	19.0	1674,787,5,18	299.8	39.4813760	73.5951134	5107.7
3159	90.1	90.1	90.1	730,217,15,12	299.8	39.4813756	73.5951114	5107.7
3160	205.2	205.2	213.2	5,906,8,15	299.8	39.4813770	73.5951105	5107.6
3161	258.3	258.3	258.3	901,844,11,19	299.8	39.4813771	73.5951092	5107.6
3162	346.4	346.4	346.4	687,1001,10,12	299.8	39.4813793	73.5951063	5107.6
3163	135.2	130.1	141.2	507,461,14,14	299.7	39.4813763	73.5951116	5107.6
3164	615.7	615.7	615.7	1363,51,14,14	299.6	39.4814218	73.5953893	5107.6
3165	317.4	317.4	317.4	952,17,23,4	299.4	39.4813786	73.5951067	5107.6
3166	542.6	542.6	542.6	1841,9,8,11	299.4	39.4814223	73.5953912	5107.6
3167	273.3	273.3	273.3	1313,39,24,8	299.3	39.4813774	73.5951082	5107.5
3168	501.6	501.6	515.6	353,317,16,10	299.3	39.4813771	73.5951045	5107.6
3169	103.1	100.1	103.1	489,129,24,8	299.2	39.4813762	73.5951115	5107.6
3170	455.5	454.5	455.5	1051,0,12,15	299.2	39.4813786	73.5951057	5107.6
3171	216.2	216.2	216.2	81,981,11,24	299.1	39.4813767	73.5951100	5107.6
3172	259.3	259.3	259.3	163,873,12,14	299.1	39.4813771	73.5951092	5107.6
3173	716.8	716.8	718.8	151,647,6,16	299.1	39.4814232	73.5953892	5107.6
3174	642.7	642.7	642.7	35,169,10,10	299.0	39.4814222	73.5953892	5107.6
3175	727.8	727.8	727.8	649,1033,8,16	299.0	39.4814235	73.5953889	5107.6
3176	404.5	404.5	404.5	916,671,25,7	298.9	39.4813793	73.5951061	5107.5
3177	239.3	239.3	239.3	736,892,8,15	298.8	39.4813773	73.5951101	5107.5
3178	379.4	379.4	380.4	1265,931,8,12	298.8	39.4813793	73.5951061	5107.6
3179	107.1	107.1	107.1	27,0,8,17	298.7	39.4813759	73.5951121	5107.6
3180	307.3	305.3	307.3	1725,33,20,7	298.7	39.4813779	73.5951069	5107.5
3181	553.6	552.6	553.6	1293,23,12,10	298.7	39.4814213	73.5953905	5107.6
3182	725.8	722.8	727.8	1609,361,10,11	298.6	39.4814234	73.5953890	5107.6
3183	233.3	233.3	233.3	129,289,6,14	298.5	39.4813780	73.5951106	5107.6
3184	5.0	5.0	5.0	146,13,19,8	298.3	39.4813759	73.5951135	5107.7
3185	640.7	638.7	640.7	649,374,14,16	298.1	39.4814222	73.5953888	5107.6
3186	497.6	496.6	500.6	1636,303,13,17	298.0	39.4813772	73.5951045	5107.6
3187	726.8	726.8	728.8	907,897,6,16	297.9	39.4814234	73.5953890	5107.6
3188	189.2	187.2	193.2	473,269,14,12	297.8	39.4813763	73.5951108	5107.6
3189	215.2	215.2	215.2	1675,385,6,26	297.8	39.4813767	73.5951102	5107.6
3190	534.6	534.6	534.6	201,126,16,13	297.8	39.4814227	73.5953918	5107.6
3191	286.3	286.3	286.3	1257,809,24,8	297.7	39.4813774	73.5951079	5107.5
3192	552.6	551.6	552.6	465,513,16,7	297.7	39.4814213	73.5953907	5107.6
3193	693.8	693.8	693.8	503,49,16,6	297.7	39.4814230	73.5953888	5107.6
3194	724.8	724.8	727.8	1023,513,14,10	297.7	39.4814234	73.5953891	5107.6
3195	99.1	99.1	99.1	617,91,13,10	297.6	39.4813766	73.5951114	5107.6
3196	134.2	134.2	134.2	1251,993,14,6	297.3	39.4813764	73.5951115	5107.6
3197	155.2	150.2	156.2	661,173,28,6	297.3	39.4813765	73.5951106	5107.6
3198	80.1	78.1	80.1	1443,41,12,16	297.2	39.4813761	73.5951120	5107.6
3199	81.1	81.1	83.1	1431,75,26,6	297.2	39.4813760	73.5951120	5107.7
3200	233.3	233.3	233.3	401,469,16,12	297.2	39.4813780	73.5951106	5107.6
3201	408.5	408.5	412.5	997,245,16,12	297.2	39.4813793	73.5951058	5107.6
3202	697.8	697.8	697.8	1793,417,10,10	297.2	39.4814229	73.5953888	5107.6
3203	262.3	262.3	262.3	1850,17,15,10	297.1	39.4813775	73.5951089	5107.5
3204	791.9	791.9	791.9	979,0,14,9	297.0	39.4814238	73.5953875	5107.6
3205	424.5	424.5	424.5	1026,267,15,6	296.9	39.4813788	73.5951060	5107.5
3206	435.5	435.5	435.5	955,965,15,10	296.9	39.4813782	73.5951061	5107.6
3207	789.9	789.9	789.9	1146,225,19,6	296.9	39.4814235	73.5953874	5107.6
3208	794.9	794.9	795.9	0,1074,15,6	296.9	39.4814244	73.5953877	5107.6
3209	795.9	795.9	795.9	1915,129,5,16	296.9	39.4814244	73.5953876	5107.6
3210	624.7	624.7	626.7	1687,579,12,12	296.8	39.4814215	73.5953888	5107.6
3211	436.5	436.5	436.5	343,371,13,13	296.6	39.4813781	73.5951060	5107.6
3212	487.5	487.5	487.5	1911,248,9,13	296.6	39.4813770	73.5951046	5107.6
3213	170.2	163.2	174.2	77,0,12,9	296.5	39.4813761	73.5951109	5107.6
3214	335.4	335.4	335.4	1345,58,12,7	296.0	39.4813788	73.5951069	5107.5
3215	423.5	423.5	423.5	1337,51,11,12	296.0	39.4813789	73.5951061	5107.6
3216	395.4	395.4	395.4	1249,37,8,12	295.8	39.4813786	73.5951059	5107.6
3217	553.6	552.6	553.6	977,857,16,8	295.8	39.4814213	73.5953905	5107.6
3218	471.5	471.5	471.5	683,612,8,17	295.7	39.4813778	73.5951054	5107.6
3219	701.8	701.8	701.8	1169,785,16,8	295.7	39.4814228	73.5953889	5107.6
3220	274.3	274.3	274.3	1905,449,8,16	295.6	39.4813776	73.5951085	5107.5
3221	290.3	290.3	290.3	1549,85,12,12	295.6	39.4813778	73.5951080	5107.6
3222	210.2	210.2	213.2	21,945,6,20	295.5	39.4813769	73.5951104	5107.6
3223	698.8	698.8	698.8	3,173,8,23	295.5	39.4814229	73.5953891	5107.6
3224	361.4	361.4	361.4	1664,81,13,8	295.4	39.4813797	73.5951069	5107.6
3225	606.7	604.7	609.7	129,609,15,12	295.4	39.4814214	73.5953897	5107.6
3226	621.7	621.7	622.7	629,941,12,15	295.4	39.4814215	73.5953889	5107.6
3227	382.4	382.4	382.4	887,197,10,25	295.3	39.4813795	73.5951064	5107.6
3228	332.4	332.4	332.4	561,824,18,11	295.2	39.4813788	73.5951071	5107.5
3229	358.4	358.4	358.4	251,547,6,22	295.2	39.4813791	73.5951065	5107.6
3230	214.2	214.2	214.2	1905,164,15,12	295.1	39.4813768	73.5951101	5107.6
3231	232.3	232.3	232.3	209,385,8,12	295.1	39.4813779	73.5951103	5107.6
3232	471.5	471.5	471.5	1659,55,20,4	295.1	39.4813778	73.5951054	5107.6
3233	741.8	741.8	743.8	1531,641,6,16	295.1	39.4814238	73.5953885	5107.6
3234	97.1	97.1	97.1	211,639,10,26	294.9	39.4813764	73.5951114	5107.6
3235	309.3	308.3	316.4	1911,19,9,8	294.9	39.4813779	73.5951069	5107.6
3236	369.4	369.4	372.4	1809,109,8,15	294.9	39.4813791	73.5951058	5107.6
3237	311.4	310.3	311.4	569,903,16,10	294.8	39.4813779	73.5951069	5107.6
3238	738.8	738.8	738.8	1505,67,16,13	294.8	39.4814240	73.5953887	5107.6
3239	123.1	123.1	123.1	0,1059,25,18	294.7	39.4813759	73.5951118	5107.6
3240	318.4	318.4	325.4	289,150,8,17	294.7	39.4813786	73.5951067	5107.6
3241	427.5	426.5	427.5	1825,1000,8,25	294.6	39.4813790	73.5951056	5107.6
3242	675.8	673.8	675.8	87,667,10,14	294.6	39.4814223	73.5953893	5107.6
3243	683.8	683.8	683.8	1185,567,26,8	294.6	39.4814225	73.5953887	5107.6
3244	285.3	285.3	285.3	227,972,4,28	294.5	39.4813775	73.5951080	5107.6
3245	696.8	696.8	696.8	609,915,8,10	294.5	39.4814229	73.5953888	5107.6
3246	460.5	460.5	460.5	81,833,14,16	294.4	39.4813786	73.5951056	5107.6
3247	546.6	546.6	546.6	769,664,8,13	294.4	39.4814221	73.5953910	5107.6
3248	407.5	407.5	407.5	1058,153,15,10	294.3	39.4813794	73.5951059	5107.6
3249	356.4	356.4	356.4	595,0,14,7	294.2	39.4813790	73.5951063	5107.6
3250	351.4	351.4	351.4	1843,289,14,12	294.0	39.4813791	73.5951062	5107.6
3251	550.6	550.6	550.6	521,860,16,7	294.0	39.4814217	73.5953911	5107.6
3252	797.9	796.9	797.9	953,515,17,12	294.0	39.4814243	73.5953878	5107.6
3253	120.1	119.1	120.1	957,0,14,13	293.8	39.4813760	73.5951120	5107.6
3254	127.1	127.1	127.1	51,309,6,24	293.8	39.4813758	73.5951120	5107.6
3255	383.4	383.4	384.4	1153,1009,14,6	293.5	39.4813796	73.5951063	5107.6
3256	720.8	720.8	720.8	1178,0,12,23	293.4	39.4814232	73.5953891	5107.6
3257	257.3	257.3	260.3	113,671,6,22	293.3	39.4813771	73.5951092	5107.5
3258	791.9	780.9	795.9	1621,767,8,10	293.3	39.4814238	73.5953875	5107.6
3259	123.1	123.1	123.1	1831,389,10,8	293.2	39.4813759	73.5951118	5107.6
3260	406.5	406.5	406.5	681,43,6,12	292.7	39.4813794	73.5951059	5107.6
3261	140.2	132.1	140.2	809,0,12,9	292.5	39.4813760	73.5951114	5107.6
3262	244.3	244.3	244.3	1394,73,19,4	292.4	39.4813765	73.5951098	5107.5
3263	412.5	412.5	412.5	1789,107,13,8	292.4	39.4813790	73.5951060	5107.5
3264	98.1	98.1	98.1	1460,233,7,30	292.3	39.4813765	73.5951114	5107.6
3265	236.3	236.3	236.3	171,162,10,21	292.3	39.4813778	73.5951104	5107.5
3266	298.3	294.3	306.3	795,267,14,14	292.3	39.4813778	73.5951076	5107.5
3267	406.5	404.5	406.5	1715,849,14,8	292.3	39.4813794	73.5951059	5107.6
3268	414.5	414.5	414.5	1566,25,11,8	292.3	39.4813787	73.5951060	5107.6
3269	699.8	699.8	699.8	487,1021,14,8	292.3	39.4814230	73.5953890	5107.6
3270	581.7	579.7	581.7	803,291,14,14	291.9	39.4814213	73.5953903	5107.6
3271	37.0	37.0	40.0	1433,981,17,12	291.8	39.4813764	73.5951133	5107.7
3272	75.1	75.1	77.1	1389,919,12,10	291.8	39.4813761	73.5951120	5107.7
3273	126.1	126.1	126.1	91,1025,6,20	291.7	39.4813758	73.5951120	5107.6
3274	719.8	719.8	719.8	1619,995,20,12	291.7	39.4814231	73.5953891	5107.6
3275	230.3	229.3	230.3	81,81,10,14	291.6	39.4813776	73.5951101	5107.6
3276	522.6	520.6	522.6	1853,65,12,9	291.5	39.4814223	73.5953919	5107.6
3277	191.2	189.2	193.2	773,69,14,12	291.4	39.4813766	73.5951108	5107.6
3278	461.5	461.5	461.5	559,293,10,10	291.3	39.4813787	73.5951056	5107.6
3279	547.6	547.6	547.6	386,961,15,6	291.3	39.4814220	73.5953911	5107.6
3280	600.7	600.7	600.7	21,397,12,10	291.3	39.4814217	73.5953904	5107.6
3281	100.1	100.1	100.1	587,705,6,16	291.1	39.4813766	73.5951115	5107.6
3282	520.6	501.6	520.6	1601,819,14,12	291.1	39.4814225	73.5953929	5107.6
3283	94.1	94.1	95.1	964,586,17,11	291.0	39.4813761	73.5951115	5107.6
3284	215.2	215.2	215.2	453,73,8,22	291.0	39.4813767	73.5951102	5107.6
3285	486.5	486.5	487.5	436,497,15,12	291.0	39.4813770	73.5951046	5107.6
3286	655.7	655.7	655.7	173,123,20,8	291.0	39.4814222	73.5953891	5107.6
3287	711.8	711.8	711.8	421,131,12,14	290.9	39.4814229	73.5953890	5107.6
3288	362.4	362.4	363.4	1645,29,18,16	290.8	39.4813795	73.5951068	5107.6
3289	156.2	156.2	157.2	593,219,12,24	290.7	39.4813766	73.5951105	5107.6
3290	313.4	312.4	313.4	99,115,22,4	290.7	39.4813781	73.5951068	5107.6
3291	455.5	454.5	457.5	289,971,10,20	290.7	39.4813786	73.5951057	5107.6
3292	360.4	360.4	360.4	89,124,13,17	290.3	39.4813794	73.5951067	5107.6
3293	453.5	453.5	453.5	33,864,18,8	290.1	39.4813784	73.5951057	5107.6
3294	545.6	545.6	545.6	299,863,9,9	290.1	39.4814222	73.5953910	5107.6
3295	705.8	704.8	706.8	1713,897,12,10	290.1	39.4814229	73.5953888	5107.6
3296	587.7	584.7	587.7	1185,633,13,8	289.9	39.4814219	73.5953903	5107.6
3297	615.7	615.7	617.7	531,161,22,8	289.9	39.4814218	73.5953893	5107.6
3298	127.1	127.1	127.1	27,701,4,20	289.8	39.4813758	73.5951120	5107.6
3299	399.4	399.4	399.4	1186,641,7,16	289.8	39.4813788	73.5951059	5107.6
3300	684.8	684.8	684.8	1314,1070,8,10	289.8	39.4814225	73.5953888	5107.6
3301	236.3	236.3	236.3	317,146,16,7	289.7	39.4813778	73.5951104	5107.5
3302	596.7	595.7	596.7	1561,59,16,6	289.7	39.4814216	73.5953903	5107.6
3303	314.4	309.3	316.4	919,75,18,6	289.5	39.4813783	73.5951067	5107.5
3304	356.4	356.4	356.4	1801,117,16,6	289.5	39.4813790	73.5951063	5107.6
3305	683.8	683.8	687.8	1603,1009,20,9	289.5	39.4814225	73.5953887	5107.6
3306	253.3	252.3	253.3	858,283,7,14	289.4	39.4813770	73.5951090	5107.6
3307	472.5	472.5	472.5	19,97,14,8	289.4	39.4813776	73.5951055	5107.6
3308	473.5	473.5	473.5	1021,41,12,10	289.4	39.4813777	73.5951055	5107.6
3309	614.7	614.7	614.7	361,683,14,10	289.4	39.4814218	73.5953894	5107.6
3310	165.2	163.2	166.2	627,163,18,14	289.3	39.4813763	73.5951107	5107.6
3311	412.5	409.5	412.5	1195,263,16,10	289.3	39.4813790	73.5951060	5107.5
3312	496.6	496.6	496.6	305,65,10,10	289.3	39.4813770	73.5951045	5107.6
3313	239.3	237.3	239.3	1111,616,11,15	289.2	39.4813773	73.5951101	5107.5
3314	318.4	315.4	318.4	858,658,13,9	288.8	39.4813786	73.5951067	5107.6
3315	359.4	359.4	359.4	155,49,20,6	288.8	39.4813791	73.5951065	5107.6
3316	585.7	584.7	585.7	0,985,9,8	288.7	39.4814217	73.5953902	5107.6
3317	275.3	273.3	275.3	543,864,18,7	288.5	39.4813779	73.5951084	5107.5
3318	15.0	14.0	20.0	1817,505,6,24	288.4	39.4813760	73.5951135	5107.7
3319	362.4	362.4	366.4	585,127,8,10	288.3	39.4813795	73.5951068	5107.6
3320	610.7	609.7	610.7	791,0,6,17	288.2	39.4814214	73.5953894	5107.6
3321	667.8	666.7	667.8	9,565,8,12	288.1	39.4814228	73.5953891	5107.6
3322	273.3	272.3	273.3	202,1045,7,24	288.0	39.4813774	73.5951082	5107.5
3323	385.4	385.4	385.4	857,783,14,10	287.9	39.4813794	73.5951065	5107.6
3324	286.3	286.3	286.3	690,600,13,10	287.8	39.4813774	73.5951079	5107.5
3325	702.8	702.8	702.8	1911,475,9,14	287.8	39.4814227	73.5953889	5107.6
3326	404.5	404.5	404.5	1619,106,12,7	287.6	39.4813793	73.5951061	5107.5
3327	165.2	165.2	167.2	407,753,10,12	287.5	39.4813763	73.5951107	5107.6
3328	485.5	485.5	485.5	491,611,6,14	287.4	39.4813773	73.5951047	5107.6
3329	704.8	704.8	706.8	1725,445,12,10	287.4	39.4814229	73.5953888	5107.6
3330	491.6	490.6	491.6	1665,151,8,10	287.2	39.4813770	73.5951046	5107.6
3331	164.2	161.2	165.2	477,29,10,20	287.1	39.4813763	73.5951106	5107.6
3332	398.4	397.4	398.4	393,633,14,8	287.1	39.4813787	73.5951059	5107.6
3333	48.1	48.1	48.1	1281,962,12,15	287.0	39.4813762	73.5951135	5107.7
3334	151.2	146.2	154.2	592,359,12,14	287.0	39.4813769	73.5951106	5107.6
3335	331.4	331.4	334.4	1908,108,12,11	287.0	39.4813787	73.5951072	5107.5
3336	232.3	232.3	232.3	337,977,12,16	286.8	39.4813779	73.5951103	5107.6
3337	460.5	460.5	460.5	1262,33,18,8	286.8	39.4813786	73.5951056	5107.6
3338	319.4	319.4	319.4	197,425,12,16	286.6	39.4813785	73.5951069	5107.6
3339	80.1	79.1	80.1	1313,117,10,20	286.3	39.4813761	73.5951120	5107.6
3340	314.4	314.4	314.4	157,993,14,12	286.3	39.4813783	73.5951067	5107.5
3341	469.5	469.5	469.5	39,759,11,14	286.3	39.4813780	73.5951054	5107.6
3342	547.6	547.6	547.6	558,817,13,9	286.3	39.4814220	73.5953911	5107.6
3343	374.4	374.4	374.4	1074,633,17,9	286.2	39.4813793	73.5951061	5107.6
3344	433.5	433.5	433.5	1477,162,10,11	285.9	39.4813782	73.5951060	5107.6
3345	570.6	570.6	570.6	849,385,16,6	285.9	39.4814216	73.5953906	5107.6
3346	99.1	99.1	99.1	137,0,8,14	285.8	39.4813766	73.5951114	5107.6
3347	568.6	568.6	568.6	641,577,16,7	285.8	39.4814214	73.5953908	5107.6
3348	598.7	598.7	598.7	741,609,12,8	285.8	39.4814216	73.5953903	5107.6
3349	359.4	359.4	360.4	1747,849,12,10	285.7	39.4813791	73.5951065	5107.6
3350	451.5	451.5	459.5	691,817,14,12	285.5	39.4813782	73.5951058	5107.6
3351	655.7	655.7	658.7	10,569,7,14	285.5	39.4814222	73.5953891	5107.6
3352	495.6	492.6	495.6	474,734,11,13	285.4	39.4813770	73.5951046	5107.6
3353	2.0	2.0	2.0	386,577,13,16	285.3	39.4813757	73.5951138	5107.7
3354	145.2	145.2	145.2	235,23,10,12	285.3	39.4813763	73.5951112	5107.6
3355	322.4	321.4	323.4	9,823,8,10	285.3	39.4813785	73.5951072	5107.5
3356	485.5	482.5	485.5	507,977,6,16	285.3	39.4813773	73.5951047	5107.6
3357	171.2	171.2	173.2	1295,900,11,12	285.2	39.4813761	73.5951109	5107.6
3358	770.9	763.9	772.9	449,857,8,12	285.2	39.4814239	73.5953876	5107.6
3359	681.8	681.8	681.8	811,13,10,15	285.1	39.4814225	73.5953886	5107.6
3360	96.1	96.1	96.1	1721,421,11,11	285.0	39.4813764	73.5951114	5107.6
3361	569.6	569.6	569.6	179,983,14,9	284.9	39.4814218	73.5953906	5107.6
3362	201.2	201.2	201.2	413,611,12,19	284.8	39.4813770	73.5951106	5107.6
3363	317.4	317.4	317.4	1843,996,12,11	284.8	39.4813786	73.5951067	5107.6
3364	239.3	239.3	239.3	899,489,10,12	284.7	39.4813773	73.5951101	5107.5
3365	413.5	411.5	415.5	1041,183,11,10	284.7	39.4813786	73.5951060	5107.6
3366	125.1	124.1	125.1	1796,609,7,24	284.6	39.4813757	73.5951120	5107.6
3367	571.6	571.6	571.6	1307,379,6,12	284.6	39.4814215	73.5953907	5107.6
3368	367.4	367.4	367.4	481,261,18,6	284.5	39.4813790	73.5951060	5107.6
3369	451.5	449.5	451.5	801,675,6,14	284.4	39.4813782	73.5951058	5107.6
3370	731.8	731.8	731.8	1841,23,16,6	284.4	39.4814233	73.5953889	5107.6
3371	238.3	238.3	238.3	329,906,16,8	284.2	39.4813775	73.5951103	5107.6
3372	406.5	406.5	406.5	1575,1071,10,9	284.2	39.4813794	73.5951059	5107.6
3373	307.3	304.3	307.3	113,218,6,23	284.1	39.4813779	73.5951069	5107.5
3374	380.4	380.4	380.4	465,83,18,6	284.1	39.4813795	73.5951062	5107.6
3375	91.1	91.1	91.1	91,473,13,16	283.9	39.4813757	73.5951115	5107.7
3376	316.4	316.4	316.4	1661,435,12,14	283.9	39.4813784	73.5951068	5107.6
3377	474.5	474.5	474.5	1537,859,14,12	283.9	39.4813776	73.5951054	5107.6
3378	753.8	753.8	757.9	1491,19,13,6	283.9	39.4814232	73.5953881	5107.6
3379	23.0	12.0	23.0	761,117,12,12	283.8	39.4813762	73.5951135	5107.7
3380	6.0	4.0	8.0	141,402,10,15	283.3	39.4813759	73.5951133	5107.7
3381	160.2	158.2	163.2	489,629,6,26	283.1	39.4813766	73.5951106	5107.6
3382	469.5	469.5	471.5	215,646,14,9	283.0	39.4813780	73.5951054	5107.6
3383	259.3	258.3	260.3	0,165,7,16	282.9	39.4813771	73.5951092	5107.6
3384	30.0	30.0	30.0	1624,853,10,10	282.8	39.4813765	73.5951136	5107.7
3385	452.5	452.5	452.5	1581,237,12,6	282.8	39.4813782	73.5951058	5107.6
3386	235.3	235.3	235.3	953,17,14,12	282.7	39.4813779	73.5951104	5107.5
3387	760.9	760.9	760.9	1643,413,12,18	282.5	39.4814228	73.5953879	5107.6
3388	122.1	122.1	122.1	995,418,6,17	282.4	39.4813759	73.5951118	5107.6
3389	113.1	112.1	113.1	1805,1009,8,16	282.2	39.4813759	73.5951122	5107.6
3390	80.1	80.1	81.1	1577,955,12,10	282.0	39.4813761	73.5951120	5107.6
3391	295.3	295.3	295.3	893,8,18,7	282.0	39.4813780	73.5951076	5107.6
3392	414.5	414.5	414.5	1849,743,8,18	282.0	39.4813787	73.5951060	5107.6
3393	486.5	486.5	489.6	1657,791,8,8	282.0	39.4813770	73.5951046	5107.6
3394	411.5	411.5	411.5	575,15,12,10	281.9	39.4813790	73.5951059	5107.5
3395	340.4	335.4	340.4	147,577,10,14	281.7	39.4813790	73.5951065	5107.5
3396	726.8	726.8	726.8	1313,431,8,10	281.7	39.4814234	73.5953890	5107.6
3397	389.4	389.4	389.4	943,919,11,9	281.6	39.4813787	73.5951059	5107.6
3398	287.3	287.3	287.3	235,720,18,9	281.5	39.4813776	73.5951079	5107.5
3399	321.4	320.4	321.4	835,290,14,9	281.5	39.4813785	73.5951071	5107.5
3400	210.2	207.2	210.2	753,100,14,21	281.4	39.4813769	73.5951104	5107.6
3401	85.1	85.1	85.1	1796,915,11,12	281.3	39.4813755	73.5951119	5107.7
3402	344.4	339.4	344.4	1121,897,10,12	281.2	39.4813791	73.5951064	5107.6
3403	244.3	244.3	244.3	33,613,12,12	281.1	39.4813765	73.5951098	5107.5
3404	270.3	270.3	270.3	125,119,10,10	281.1	39.4813774	73.5951085	5107.5
3405	237.3	237.3	237.3	1185,689,6,16	280.9	39.4813777	73.5951103	5107.6
3406	431.5	431.5	431.5	1089,945,8,9	280.9	39.4813784	73.5951061	5107.6
3407	385.4	385.4	385.4	1848,548,9,13	280.7	39.4813794	73.5951065	5107.6
3408	716.8	716.8	716.8	948,97,13,8	280.7	39.4814232	73.5953892	5107.6
3409	335.4	335.4	340.4	1897,0,16,7	280.6	39.4813788	73.5951069	5107.5
3410	60.1	60.1	60.1	1611,738,15,19	280.5	39.4813766	73.5951125	5107.7
3411	313.4	308.3	314.4	1817,1003,16,12	280.5	39.4813781	73.5951068	5107.6
3412	42.0	42.0	42.0	1710,19,17,10	280.4	39.4813762	73.5951136	5107.7
3413	458.5	458.5	458.5	765,302,12,10	280.4	39.4813784	73.5951056	5107.6
3414	345.4	345.4	345.4	161,281,12,8	280.2	39.4813793	73.5951063	5107.6
3415	460.5	460.5	460.5	73,899,11,10	280.1	39.4813786	73.5951056	5107.6
3416	784.9	782.9	784.9	1473,89,16,8	280.1	39.4814235	73.5953874	5107.6
3417	244.3	244.3	244.3	105,505,12,18	280.0	39.4813765	73.5951098	5107.5
3418	123.1	122.1	123.1	329,473,12,20	279.9	39.4813759	73.5951118	5107.6
3419	489.6	485.5	490.6	1761,955,12,10	279.9	39.4813771	73.5951045	5107.6
3420	297.3	296.3	297.3	0,1015,9,18	279.8	39.4813778	73.5951075	5107.5
3421	106.1	106.1	107.1	1353,243,6,12	279.7	39.4813759	73.5951120	5107.6
3422	763.9	758.9	763.9	1896,258,9,16	279.7	39.4814233	73.5953876	5107.6
3423	373.4	373.4	377.4	1881,677,8,19	279.6	39.4813791	73.5951060	5107.6
3424	452.5	452.5	452.5	1649,141,15,8	279.6	39.4813782	73.5951058	5107.6
3425	270.3	265.3	270.3	113,65,8,16	279.5	39.4813774	73.5951085	5107.5
3426	475.5	475.5	475.5	0,947,9,14	279.5	39.4813775	73.5951053	5107.6
3427	405.5	405.5	405.5	1841,667,14,7	279.4	39.4813795	73.5951060	5107.6
3428	25.0	25.0	29.0	1571,1003,20,4	279.3	39.4813760	73.5951137	5107.7
3429	96.1	96.1	96.1	151,875,6,18	279.3	39.4813764	73.5951114	5107.6
3430	611.7	611.7	611.7	557,147,10,14	279.3	39.4814215	73.5953893	5107.6
3431	611.7	611.7	611.7	972,721,11,13	279.3	39.4814215	73.5953893	5107.6
3432	154.2	150.2	155.2	661,185,10,18	279.1	39.4813766	73.5951106	5107.6
3433	202.2	199.2	204.2	129,33,16,12	279.1	39.4813771	73.5951104	5107.6
3434	413.5	413.5	413.5	1379,1049,14,8	279.0	39.4813786	73.5951060	5107.6
3435	278.3	278.3	278.3	1817,982,16,16	278.9	39.4813779	73.5951084	5107.5
3436	238.3	238.3	238.3	1689,323,6,24	278.5	39.4813775	73.5951103	5107.6
3437	285.3	285.3	285.3	7,771,8,14	278.4	39.4813775	73.5951080	5107.6
3438	412.5	412.5	412.5	33,321,12,12	278.4	39.4813790	73.5951060	5107.5
3439	747.8	747.8	750.8	753,465,16,6	278.4	39.4814233	73.5953885	5107.6
3440	611.7	611.7	614.7	0,1046,19,11	278.1	39.4814215	73.5953893	5107.6
3441	623.7	623.7	623.7	563,641,13,8	278.1	39.4814214	73.5953888	5107.6
3442	694.8	694.8	695.8	1345,611,8,14	278.1	39.4814230	73.5953888	5107.6
3443	15.0	15.0	16.0	0,985,5,18	277.9	39.4813760	73.5951135	5107.7
3444	693.8	693.8	693.8	1170,771,15,16	277.9	39.4814230	73.5953888	5107.6
3445	326.4	323.4	329.4	1835,883,10,15	277.8	39.4813782	73.5951070	5107.5
3446	570.6	570.6	570.6	745,227,7,14	277.8	39.4814216	73.5953906	5107.6
3447	6.0	6.0	6.0	1889,3,16,6	277.6	39.4813759	73.5951133	5107.7
3448	420.5	420.5	420.5	1123,569,13,8	277.5	39.4813787	73.5951061	5107.6
3449	569.6	569.6	569.6	1747,1049,16,10	277.5	39.4814218	73.5953906	5107.6
3450	135.2	133.1	138.2	609,105,12,12	277.4	39.4813763	73.5951116	5107.6
3451	610.7	610.7	610.7	1387,257,20,6	277.4	39.4814214	73.5953894	5107.6
3452	298.3	298.3	302.3	963,693,14,8	277.3	39.4813778	73.5951076	5107.5
3453	524.6	524.6	524.6	27,835,6,14	277.3	39.4814221	73.5953917	5107.6
3454	218.2	218.2	218.2	265,769,10,16	277.2	39.4813771	73.5951100	5107.6
3455	78.1	74.1	78.1	1659,573,6,16	277.0	39.4813763	73.5951119	5107.7
3456	629.7	629.7	633.7	351,959,18,8	277.0	39.4814212	73.5953883	5107.6
3457	481.5	479.5	481.5	1567,994,12,11	276.9	39.4813771	73.5951047	5107.6
3458	271.3	271.3	271.3	1473,841,10,18	276.8	39.4813774	73.5951084	5107.6
3459	350.4	348.4	351.4	1767,142,18,11	276.7	39.4813791	73.5951063	5107.6
3460	385.4	385.4	385.4	1699,0,12,7	276.7	39.4813794	73.5951065	5107.6
3461	412.5	412.5	412.5	1546,657,7,16	276.3	39.4813790	73.5951060	5107.5
3462	590.7	590.7	590.7	91,512,12,15	276.3	39.4814216	73.5953902	5107.6
3463	99.1	99.1	99.1	421,97,10,20	276.2	39.4813766	73.5951114	5107.6
3464	363.4	363.4	364.4	1521,47,20,8	276.2	39.4813795	73.5951068	5107.6
3465	96.1	96.1	96.1	585,81,8,16	276.1	39.4813764	73.5951114	5107.6
3466	256.3	256.3	256.3	641,267,6,20	276.0	39.4813770	73.5951090	5107.6
3467	729.8	728.8	734.8	1222,165,11,12	276.0	39.4814235	73.5953890	5107.6
3468	614.7	614.7	614.7	267,643,6,14	275.9	39.4814218	73.5953894	5107.6
3469	419.5	419.5	419.5	889,984,10,9	275.8	39.4813788	73.5951060	5107.6
3470	426.5	426.5	428.5	341,323,17,7	275.6	39.4813790	73.5951058	5107.6
3471	480.5	480.5	482.5	481,70,12,13	275.6	39.4813771	73.5951047	5107.6
3472	683.8	683.8	683.8	1843,199,15,14	275.6	39.4814225	73.5953887	5107.6
3473	701.8	701.8	701.8	1299,672,14,11	275.6	39.4814228	73.5953889	5107.6
3474	94.1	94.1	94.1	1826,719,13,10	275.4	39.4813761	73.5951115	5107.6
3475	21.0	21.0	23.0	1535,17,12,11	275.3	39.4813759	73.5951134	5107.7
3476	28.0	28.0	28.0	1841,115,14,8	275.3	39.4813760	73.5951137	5107.7
3477	113.1	112.1	114.1	80,769,9,11	275.3	39.4813759	73.5951122	5107.6
3478	255.3	255.3	255.3	721,9,24,4	275.3	39.4813771	73.5951089	5107.6
3479	538.6	538.6	538.6	249,1073,14,7	275.0	39.4814228	73.5953917	5107.6
3480	443.5	440.5	443.5	1841,633,16,8	274.9	39.4813785	73.5951058	5107.6
3481	546.6	546.6	546.6	123,136,15,9	274.8	39.4814221	73.5953910	5107.6
3482	762.9	762.9	762.9	41,929,8,16	274.8	39.4814231	73.5953878	5107.6
3483	524.6	524.6	524.6	121,929,13,8	274.7	39.4814221	73.5953917	5107.6
3484	668.8	668.8	668.8	1713,737,14,8	274.7	39.4814228	73.5953892	5107.6
3485	22.0	22.0	22.0	1709,516,12,25	274.6	39.4813760	73.5951135	5107.7
3486	265.3	265.3	267.3	0,783,9,16	274.6	39.4813777	73.5951088	5107.6
3487	316.4	316.4	316.4	1257,231,16,10	274.6	39.4813784	73.5951068	5107.6
3488	340.4	339.4	342.4	1909,209,11,10	274.6	39.4813790	73.5951065	5107.5
3489	422.5	422.5	422.5	1454,1033,13,8	274.5	39.4813788	73.5951062	5107.6
3490	186.2	186.2	186.2	331,845,10,14	274.4	39.4813764	73.5951110	5107.6
3491	430.5	430.5	430.5	785,25,14,8	274.4	39.4813785	73.5951060	5107.6
3492	528.6	528.6	528.6	1873,21,16,6	274.4	39.4814223	73.5953916	5107.6
3493	377.4	377.4	377.4	1777,1017,12,16	274.2	39.4813792	73.5951062	5107.6
3494	355.4	351.4	355.4	1882,251,7,14	274.1	39.4813789	73.5951062	5107.6
3495	244.3	244.3	244.3	49,913,6,16	274.0	39.4813765	73.5951098	5107.5
3496	614.7	614.7	614.7	314,258,7,14	273.9	39.4814218	73.5953894	5107.6
3497	374.4	374.4	374.4	617,863,16,8	273.7	39.4813793	73.5951061	5107.6
3498	24.0	24.0	24.0	1221,933,16,12	273.5	39.4813760	73.5951137	5107.7
3499	92.1	92.1	92.1	369,101,7,16	273.5	39.4813758	73.5951116	5107.6
3500	97.1	97.1	97.1	153,673,8,16	273.5	39.4813764	73.5951114	5107.6
3501	3.0	3.0	5.0	157,1042,11,15	273.3	39.4813756	73.5951138	5107.7
3502	20.0	18.0	21.0	1091,719,14,16	273.3	39.4813761	73.5951134	5107.7
3503	53.1	53.1	53.1	1883,67,6,14	273.3	39.4813760	73.5951133	5107.7
3504	404.5	404.5	408.5	873,159,12,7	273.3	39.4813793	73.5951061	5107.5
3505	543.6	543.6	543.6	201,930,15,15	273.2	39.4814222	73.5953912	5107.6
3506	292.3	292.3	293.3	515,867,5,26	273.1	39.4813779	73.5951077	5107.5
3507	657.7	657.7	657.7	899,74,14,11	273.0	39.4814225	73.5953892	5107.6
3508	755.8	755.8	755.8	1875,859,12,8	273.0	39.4814231	73.5953882	5107.6
3509	787.9	787.9	787.9	549,963,6,12	272.9	39.4814236	73.5953872	5107.6
3510	228.3	228.3	228.3	181,227,11,12	272.7	39.4813772	73.5951102	5107.6
3511	316.4	316.4	316.4	81,1000,10,15	272.7	39.4813784	73.5951068	5107.6
3512	361.4	361.4	361.4	1911,1065,9,12	272.7	39.4813797	73.5951069	5107.6
3513	239.3	239.3	239.3	233,229,14,8	272.2	39.4813773	73.5951101	5107.5
3514	276.3	276.3	277.3	1908,889,12,18	271.9	39.4813781	73.5951084	5107.5
3515	554.6	552.6	554.6	81,933,12,12	271.9	39.4814213	73.5953903	5107.6
3516	761.9	758.9	766.9	1284,295,22,10	271.9	39.4814229	73.5953879	5107.6
3517	317.4	317.4	317.4	162,945,15,10	271.8	39.4813786	73.5951067	5107.6
3518	543.6	543.6	543.6	249,33,5,16	271.8	39.4814222	73.5953912	5107.6
3519	630.7	628.7	630.7	1249,401,15,9	271.8	39.4814214	73.5953884	5107.6
3520	132.1	132.1	132.1	737,155,15,16	271.7	39.4813762	73.5951115	5107.6
3521	311.4	310.3	313.4	1393,65,12,10	271.7	39.4813779	73.5951069	5107.6
3522	26.0	26.0	26.0	1273,169,14,18	271.4	39.4813761	73.5951137	5107.7
3523	100.1	100.1	100.1	1785,795,8,14	271.4	39.4813766	73.5951115	5107.6
3524	223.3	223.3	223.3	676,369,17,8	271.4	39.4813770	73.5951099	5107.6
3525	440.5	439.5	443.5	953,99,14,8	271.4	39.4813782	73.5951059	5107.6
3526	725.8	725.8	725.8	593,850,6,15	271.3	39.4814234	73.5953890	5107.6
3527	345.4	345.4	345.4	767,601,19,8	271.2	39.4813793	73.5951063	5107.6
3528	317.4	317.4	317.4	35,451,8,13	271.1	39.4813786	73.5951067	5107.6
3529	455.5	455.5	455.5	105,849,16,16	271.1	39.4813786	73.5951057	5107.6
3530	693.8	693.8	693.8	181,151,18,10	270.9	39.4814230	73.5953888	5107.6
3531	416.5	416.5	416.5	801,625,8,10	270.8	39.4813786	73.5951061	5107.5
3532	617.7	617.7	617.7	769,611,8,14	270.8	39.4814218	73.5953893	5107.6
3533	233.3	233.3	233.3	105,363,14,18	270.7	39.4813780	73.5951106	5107.6
3534	533.6	533.6	533.6	537,161,9,14	270.7	39.4814227	73.5953917	5107.6
3535	775.9	775.9	775.9	691,513,12,8	270.7	39.4814240	73.5953875	5107.6
3536	410.5	409.5	410.5	883,961,13,10	270.6	39.4813794	73.5951059	5107.5
3537	483.5	483.5	483.5	619,451,8,16	270.6	39.4813772	73.5951047	5107.6
3538	651.7	651.7	655.7	1812,674,13,13	270.6	39.4814216	73.5953886	5107.6
3539	5.0	4.0	5.0	4,225,8,11	270.5	39.4813759	73.5951135	5107.7
3540	92.1	92.1	92.1	134,195,12,14	270.5	39.4813758	73.5951116	5107.6
3541	143.2	143.2	143.2	266,1010,7,15	270.5	39.4813762	73.5951113	5107.6
3542	267.3	262.3	270.3	427,537,10,14	270.4	39.4813779	73.5951086	5107.6
3543	555.6	555.6	555.6	487,1009,14,6	270.4	39.4814213	73.5953902	5107.6
3544	670.8	670.8	670.8	1866,101,23,8	270.3	39.4814229	73.5953892	5107.6
3545	611.7	611.7	611.7	257,939,24,4	270.2	39.4814215	73.5953893	5107.6
3546	233.3	233.3	233.3	481,127,8,14	270.1	39.4813780	73.5951106	5107.6
3547	737.8	737.8	737.8	851,913,14,6	270.1	39.4814240	73.5953888	5107.6
3548	318.4	318.4	318.4	923,59,13,6	270.0	39.4813786	73.5951067	5107.6
3549	476.5	476.5	476.5	793,313,21,15	269.9	39.4813773	73.5951051	5107.6
3550	610.7	609.7	610.7	1324,159,7,15	269.9	39.4814214	73.5953894	5107.6
3551	365.4	365.4	365.4	1899,79,6,12	269.8	39.4813795	73.5951065	5107.6
3552	547.6	547.6	547.6	1425,923,14,6	269.8	39.4814220	73.5953911	5107.6
3553	703.8	703.8	703.8	1555,809,18,8	269.8	39.4814228	73.5953888	5107.6
3554	449.5	449.5	449.5	473,913,16,8	269.7	39.4813782	73.5951059	5107.6
3555	174.2	174.2	174.2	97,147,8,14	269.4	39.4813763	73.5951106	5107.6
3556	422.5	421.5	422.5	1521,187,12,8	269.2	39.4813788	73.5951062	5107.6
3557	790.9	790.9	790.9	561,873,11,8	269.2	39.4814237	73.5953875	5107.6
3558	530.6	530.6	530.6	369,627,8,12	269.1	39.4814226	73.5953916	5107.6
3559	676.8	674.8	676.8	19,105,10,14	269.1	39.4814223	73.5953892	5107.6
3560	141.2	141.2	141.2	24,473,16,12	269.0	39.4813761	73.5951115	5107.6
3561	270.3	270.3	270.3	738,25,21,7	269.0	39.4813774	73.5951085	5107.5
3562	654.7	652.7	654.7	339,709,12,10	269.0	39.4814220	73.5953890	5107.6
3563	706.8	705.8	706.8	86,690,7,15	269.0	39.4814227	73.5953888	5107.6
3564	407.5	404.5	407.5	941,889,8,8	268.9	39.4813794	73.5951059	5107.6
3565	694.8	694.8	694.8	1353,757,8,12	268.9	39.4814230	73.5953888	5107.6
3566	394.4	394.4	394.4	1751,769,10,22	268.8	39.4813785	73.5951060	5107.6
3567	567.6	567.6	567.6	1889,0,16,6	268.8	39.4814210	73.5953907	5107.6
3568	577.6	577.6	577.6	267,580,8,13	268.8	39.4814212	73.5953906	5107.6
3569	195.2	195.2	205.2	134,223,15,8	268.7	39.4813769	73.5951105	5107.6
3570	232.3	232.3	232.3	1433,65,16,6	268.7	39.4813779	73.5951103	5107.6
3571	238.3	238.3	238.3	1819,19,10,14	268.7	39.4813775	73.5951103	5107.6
3572	355.4	355.4	355.4	1618,0,7,22	268.7	39.4813789	73.5951062	5107.6
3573	601.7	601.7	601.7	1139,395,20,4	268.6	39.4814216	73.5953903	5107.6
3574	538.6	538.6	538.6	273,659,6,14	268.5	39.4814228	73.5953917	5107.6
3575	776.9	776.9	780.9	803,0,17,9	268.5	39.4814239	73.5953876	5107.6
3576	26.0	26.0	27.0	1245,585,12,8	268.4	39.4813761	73.5951137	5107.7
3577	277.3	277.3	277.3	285,93,8,12	268.4	39.4813781	73.5951084	5107.5
3578	690.8	689.8	692.8	157,61,9,15	268.4	39.4814227	73.5953889	5107.6
3579	736.8	736.8	736.8	615,37,10,12	268.4	39.4814237	73.5953889	5107.6
3580	785.9	781.9	785.9	1025,545,14,6	268.4	39.4814233	73.5953872	5107.6
3581	329.4	328.4	332.4	833,55,14,6	268.3	39.4813783	73.5951071	5107.5
3582	444.5	443.5	446.5	905,187,15,5	268.3	39.4813788	73.5951059	5107.6
3583	444.5	444.5	444.5	921,1051,16,6	268.1	39.4813788	73.5951059	5107.6
3584	534.6	534.6	534.6	825,225,8,14	268.1	39.4814227	73.5953918	5107.6
3585	477.5	477.5	477.5	1846,303,17,10	268.0	39.4813775	73.5951050	5107.6
3586	544.6	544.6	544.6	0,931,6,14	268.0	39.4814222	73.5953911	5107.6
3587	572.6	572.6	573.6	321,465,13,6	267.9	39.4814214	73.5953908	5107.6
3588	260.3	260.3	260.3	9,129,12,16	267.7	39.4813772	73.5951091	5107.6
3589	466.5	466.5	466.5	1774,539,11,10	267.7	39.4813782	73.5951055	5107.6
3590	292.3	292.3	293.3	1713,1005,8,14	267.5	39.4813779	73.5951077	5107.5
3591	461.5	461.5	461.5	1073,405,14,7	267.5	39.4813787	73.5951056	5107.6
3592	607.7	605.7	607.7	401,19,9,10	267.5	39.4814214	73.5953897	5107.6
3593	79.1	79.1	79.1	1889,33,8,20	267.4	39.4813762	73.5951119	5107.6
3594	422.5	422.5	422.5	273,627,10,10	267.4	39.4813788	73.5951062	5107.6
3595	90.1	90.1	90.1	919,1025,24,10	267.2	39.4813756	73.5951114	5107.7
3596	548.6	548.6	548.6	231,151,6,16	267.0	39.4814220	73.5953912	5107.6
3597	270.3	270.3	270.3	883,627,12,11	266.9	39.4813774	73.5951085	5107.5
3598	790.9	788.9	790.9	243,545,12,8	266.9	39.4814237	73.5953875	5107.6
3599	457.5	457.5	457.5	1277,393,8,11	266.8	39.4813784	73.5951058	5107.6
3600	458.5	458.5	458.5	91,777,16,10	266.6	39.4813784	73.5951056	5107.6
3601	288.3	288.3	288.3	1611,323,6,18	266.4	39.4813776	73.5951081	5107.6
3602	376.4	376.4	376.4	1717,1043,12,18	266.3	39.4813791	73.5951061	5107.6
3603	461.5	461.5	461.5	521,527,13,8	266.3	39.4813787	73.5951056	5107.6
3604	5.0	4.0	8.0	1753,719,13,10	266.2	39.4813759	73.5951135	5107.7
3605	48.1	48.1	48.1	949,554,8,14	266.2	39.4813762	73.5951135	5107.7
3606	263.3	263.3	267.3	739,7,14,10	266.2	39.4813778	73.5951089	5107.5
3607	322.4	322.4	332.4	450,387,13,12	266.2	39.4813785	73.5951072	5107.5
3608	162.2	162.2	162.2	617,21,10,20	266.0	39.4813764	73.5951105	5107.6
3609	361.4	361.4	363.4	1727,37,15,8	266.0	39.4813797	73.5951069	5107.6
3610	144.2	144.2	144.2	1625,801,8,8	265.9	39.4813762	73.5951113	5107.6
3611	314.4	309.3	314.4	1683,841,14,8	265.8	39.4813783	73.5951067	5107.5
3612	49.1	44.0	49.1	1329,542,10,11	265.7	39.4813764	73.5951134	5107.7
3613	561.6	561.6	561.6	1889,0,10,9	265.7	39.4814206	73.5953901	5107.6
3614	753.8	748.8	756.9	1352,389,8,12	265.7	39.4814232	73.5953881	5107.6
3615	237.3	237.3	240.3	689,0,16,9	265.6	39.4813777	73.5951103	5107.6
3616	365.4	365.4	365.4	586,1011,23,6	265.6	39.4813795	73.5951065	5107.6
3617	419.5	419.5	419.5	1753,168,10,13	265.6	39.4813788	73.5951060	5107.6
3618	478.5	478.5	478.5	1465,49,8,12	265.5	39.4813774	73.5951049	5107.6
3619	785.9	785.9	785.9	1427,986,14,7	265.4	39.4814233	73.5953872	5107.6
3620	357.4	357.4	357.4	807,109,16,12	265.3	39.4813791	73.5951065	5107.6
3621	363.4	363.4	363.4	1899,275,21,4	265.3	39.4813795	73.5951068	5107.6
3622	428.5	428.5	428.5	411,933,16,8	265.3	39.4813790	73.5951057	5107.6
3623	82.1	82.1	83.1	1501,761,12,8	265.2	39.4813757	73.5951121	5107.7
3624	196.2	195.2	196.2	221,279,14,10	265.2	39.4813768	73.5951106	5107.6
3625	647.7	647.7	647.7	291,548,14,13	265.2	39.4814218	73.5953891	5107.6
3626	416.5	416.5	416.5	847,251,10,8	265.1	39.4813786	73.5951061	5107.5
3627	279.3	279.3	279.3	841,51,16,5	265.0	39.4813779	73.5951082	5107.6
3628	291.3	291.3	291.3	1560,309,7,20	264.9	39.4813778	73.5951078	5107.5
3629	177.2	176.2	177.2	569,61,22,10	264.8	39.4813759	73.5951109	5107.6
3630	257.3	257.3	257.3	553,353,8,16	264.8	39.4813771	73.5951092	5107.5
3631	475.5	475.5	475.5	373,449,7,14	264.8	39.4813775	73.5951053	5107.6
3632	539.6	539.6	539.6	531,907,15,12	264.8	39.4814226	73.5953914	5107.6
3633	530.6	530.6	530.6	429,884,14,13	264.6	39.4814226	73.5953916	5107.6
3634	342.4	338.4	342.4	1519,561,10,17	264.3	39.4813789	73.5951063	5107.5
3635	409.5	409.5	409.5	1265,284,16,7	264.3	39.4813793	73.5951058	5107.5
3636	476.5	476.5	476.5	1187,115,11,8	264.3	39.4813773	73.5951051	5107.6
3637	119.1	119.1	120.1	97,487,12,16	264.2	39.4813762	73.5951120	5107.6
3638	175.2	175.2	175.2	0,875,6,11	264.2	39.4813759	73.5951109	5107.6
3639	312.4	311.4	312.4	1576,349,7,20	264.2	39.4813778	73.5951069	5107.6
3640	177.2	177.2	177.2	495,21,18,8	264.1	39.4813759	73.5951109	5107.6
3641	455.5	455.5	455.5	1353,581,24,8	264.1	39.4813786	73.5951057	5107.6
3642	688.8	688.8	688.8	91,161,12,8	264.1	39.4814229	73.5953890	5107.6
3643	260.3	260.3	260.3	5,520,12,15	263.9	39.4813772	73.5951091	5107.6
3644	547.6	547.6	547.6	113,1034,14,8	263.9	39.4814220	73.5953911	5107.6
3645	642.7	642.7	642.7	566,129,9,16	263.9	39.4814222	73.5953892	5107.6
3646	671.8	671.8	671.8	1903,961,10,8	263.8	39.4814227	73.5953893	5107.6
3647	664.7	664.7	664.7	1169,0,14,7	263.7	39.4814224	73.5953891	5107.6
3648	223.3	223.3	223.3	194,659,7,14	263.6	39.4813770	73.5951099	5107.6
3649	236.3	236.3	236.3	1521,17,22,9	263.6	39.4813778	73.5951104	5107.5
3650	477.5	477.5	481.5	927,281,12,8	263.6	39.4813775	73.5951050	5107.6
3651	474.5	474.5	474.5	137,61,24,10	263.5	39.4813776	73.5951054	5107.6
3652	89.1	87.1	89.1	1850,908,12,13	263.4	39.4813756	73.5951114	5107.7
3653	281.3	281.3	282.3	125,882,10,25	263.4	39.4813776	73.5951082	5107.6
3654	454.5	454.5	454.5	109,643,10,14	263.4	39.4813786	73.5951057	5107.6
3655	475.5	475.5	475.5	673,457,8,8	263.4	39.4813775	73.5951053	5107.6
3656	379.4	379.4	379.4	401,1039,6,16	263.3	39.4813793	73.5951061	5107.6
3657	424.5	424.5	424.5	985,193,15,8	263.3	39.4813788	73.5951060	5107.5
3658	730.8	730.8	734.8	1428,761,12,7	263.3	39.4814236	73.5953890	5107.6
3659	285.3	285.3	285.3	1751,87,6,20	263.2	39.4813775	73.5951080	5107.6
3660	392.4	389.4	392.4	1121,215,8,10	263.2	39.4813786	73.5951061	5107.6
3661	356.4	356.4	356.4	657,43,24,4	263.1	39.4813790	73.5951063	5107.6
3662	459.5	459.5	459.5	1107,67,12,6	263.1	39.4813786	73.5951058	5107.6
3663	165.2	164.2	166.2	965,209,15,8	263.0	39.4813763	73.5951107	5107.6
3664	259.3	257.3	259.3	549,91,28,6	263.0	39.4813771	73.5951092	5107.6
3665	362.4	360.4	362.4	1669,959,8,14	263.0	39.4813795	73.5951068	5107.6
3666	296.3	295.3	297.3	1626,43,17,6	262.9	39.4813779	73.5951075	5107.6
3667	571.6	571.6	571.6	625,81,9,16	262.9	39.4814215	73.5953907	5107.6
3668	225.3	224.3	225.3	279,519,6,16	262.8	39.4813771	73.5951099	5107.6
3669	238.3	238.3	238.3	83,507,10,14	262.8	39.4813775	73.5951103	5107.6
3670	750.8	749.8	750.8	1746,1005,13,8	262.8	39.4814231	73.5953881	5107.6
3671	533.6	533.6	533.6	1612,913,13,14	262.7	39.4814227	73.5953917	5107.6
3672	453.5	453.5	457.5	465,624,14,10	262.6	39.4813784	73.5951057	5107.6
3673	96.1	96.1	96.1	537,33,12,12	262.4	39.4813764	73.5951114	5107.6
3674	781.9	779.9	781.9	593,422,13,5	262.4	39.4814235	73.5953876	5107.6
3675	144.2	144.2	144.2	1741,847,4,24	262.3	39.4813762	73.5951113	5107.6
3676	231.3	231.3	231.3	406,155,11,10	262.3	39.4813777	73.5951101	5107.6
3677	376.4	376.4	376.4	1447,961,12,10	262.3	39.4813791	73.5951061	5107.6
3678	239.3	239.3	239.3	1523,153,8,10	262.1	39.4813773	73.5951101	5107.5
3679	579.7	579.7	579.7	147,45,30,4	262.0	39.4814212	73.5953906	5107.6
3680	32.0	31.0	35.0	1667,1033,12,6	261.9	39.4813761	73.5951134	5107.7
3681	189.2	188.2	193.2	195,807,16,13	261.8	39.4813763	73.5951108	5107.6
3682	236.3	236.3	236.3	233,267,6,18	261.8	39.4813778	73.5951104	5107.5
3683	549.6	549.6	549.6	1233,345,10,12	261.8	39.4814219	73.5953912	5107.6
3684	144.2	144.2	144.2	1457,57,14,14	261.6	39.4813762	73.5951113	5107.6
3685	696.8	692.8	696.8	497,877,24,6	261.6	39.4814229	73.5953888	5107.6
3686	335.4	331.4	335.4	11,1027,6,14	261.5	39.4813788	73.5951069	5107.5
3687	265.3	265.3	265.3	665,1043,8,14	261.4	39.4813777	73.5951088	5107.6
3688	639.7	637.7	639.7	1267,41,11,8	261.4	39.4814221	73.5953886	5107.6
3689	318.4	318.4	318.4	485,1031,8,10	261.2	39.4813786	73.5951067	5107.6
3690	221.2	221.2	221.2	243,451,14,14	261.0	39.4813768	73.5951101	5107.6
3691	507.6	500.6	507.6	1707,1027,6,14	261.0	39.4813780	73.5951143	5107.6
3692	729.8	729.8	729.8	1683,1037,11,7	261.0	39.4814235	73.5953890	5107.6
3693	461.5	461.5	461.5	1060,143,11,12	260.9	39.4813787	73.5951056	5107.6
3694	485.5	485.5	488.5	1701,213,12,10	260.8	39.4813773	73.5951047	5107.6
3695	539.6	538.6	539.6	1000,321,11,16	260.8	39.4814226	73.5953914	5107.6
3696	11.0	11.0	11.0	1580,39,19,4	260.6	39.4813758	73.5951134	5107.7
3697	233.3	228.3	233.3	193,444,14,11	260.6	39.4813780	73.5951106	5107.6
3698	278.3	278.3	278.3	1829,0,16,8	260.6	39.4813779	73.5951084	5107.5
3699	283.3	283.3	284.3	166,281,7,24	260.6	39.4813776	73.5951082	5107.6
3700	554.6	551.6	554.6	181,585,10,8	260.6	39.4814213	73.5953903	5107.6
3701	326.4	326.4	326.4	0,769,7,16	260.4	39.4813782	73.5951070	5107.5
3702	494.6	494.6	495.6	1881,226,13,7	260.3	39.4813770	73.5951047	5107.6
3703	26.0	24.0	27.0	1603,85,14,8	260.2	39.4813761	73.5951137	5107.7
3704	696.8	696.8	696.8	1557,777,12,8	260.1	39.4814229	73.5953888	5107.6
3705	397.4	397.4	397.4	1537,497,14,6	260.0	39.4813787	73.5951059	5107.6
3706	471.5	468.5	471.5	1687,455,10,10	260.0	39.4813778	73.5951054	5107.6
3707	624.7	622.7	625.7	273,809,12,13	260.0	39.4814215	73.5953888	5107.6
3708	485.5	485.5	485.5	651,849,6,16	259.9	39.4813773	73.5951047	5107.6
3709	301.3	301.3	301.3	1249,37,18,11	259.8	39.4813779	73.5951074	5107.6
3710	129.1	129.1	129.1	673,217,12,16	259.7	39.4813759	73.5951117	5107.6
3711	576.6	576.6	576.6	1059,11,18,5	259.7	39.4814212	73.5953907	5107.6
3712	721.8	721.8	728.8	503,343,10,10	259.7	39.4814232	73.5953891	5107.6
3713	35.0	35.0	40.0	1340,993,11,12	259.6	39.4813761	73.5951136	5107.7
3714	279.3	279.3	280.3	376,25,17,20	259.5	39.4813779	73.5951082	5107.6
3715	315.4	315.4	317.4	1291,94,19,9	259.5	39.4813783	73.5951067	5107.5
3716	369.4	369.4	369.4	263,1011,12,8	259.5	39.4813791	73.5951058	5107.6
3717	501.6	501.6	501.6	3,483,18,12	259.4	39.4813771	73.5951045	5107.6
3718	698.8	697.8	700.8	95,0,18,7	259.4	39.4814229	73.5953891	5107.6
3719	91.1	91.1	91.1	175,61,14,20	259.3	39.4813757	73.5951115	5107.7
3720	757.9	757.9	757.9	0,945,11,8	259.3	39.4814229	73.5953879	5107.6
3721	195.2	195.2	195.2	371,947,10,14	259.1	39.4813769	73.5951105	5107.6
3722	326.4	322.4	330.4	1856,532,9,9	259.1	39.4813782	73.5951070	5107.5
3723	456.5	456.5	456.5	29,563,10,20	259.1	39.4813784	73.5951058	5107.6
3724	493.6	493.6	493.6	1270,7,11,12	259.1	39.4813769	73.5951048	5107.6
3725	703.8	703.8	703.8	1425,257,12,12	259.1	39.4814228	73.5953888	5107.6
3726	26.0	26.0	27.0	316,208,18,7	259.0	39.4813761	73.5951137	5107.7
3727	257.3	257.3	260.3	37,495,8,16	259.0	39.4813771	73.5951092	5107.5
3728	698.8	698.8	698.8	395,191,6,20	259.0	39.4814229	73.5953891	5107.6
3729	296.3	296.3	296.3	1021,0,18,7	258.9	39.4813779	73.5951075	5107.6
3730	321.4	318.4	327.4	1875,505,10,8	258.8	39.4813785	73.5951071	5107.5
3731	431.5	431.5	432.5	466,34,9,13	258.8	39.4813784	73.5951061	5107.6
3732	483.5	483.5	485.5	591,259,9,15	258.8	39.4813772	73.5951047	5107.6
3733	23.0	23.0	23.0	1089,353,14,12	258.7	39.4813762	73.5951135	5107.7
3734	538.6	538.6	538.6	65,1019,8,11	258.7	39.4814228	73.5953917	5107.6
3735	611.7	611.7	611.7	975,261,10,8	258.7	39.4814215	73.5953893	5107.6
3736	647.7	647.7	647.7	375,419,18,6	258.7	39.4814218	73.5953891	5107.6
3737	271.3	271.3	271.3	193,909,8,20	258.3	39.4813774	73.5951084	5107.6
3738	136.2	132.1	136.2	349,43,12,14	258.2	39.4813762	73.5951116	5107.6
3739	109.1	108.1	110.1	257,337,12,12	258.1	39.4813756	73.5951122	5107.6
3740	792.9	791.9	792.9	529,7,10,10	258.0	39.4814239	73.5953875	5107.6
3741	224.3	224.3	224.3	147,1025,4,18	257.8	39.4813772	73.5951098	5107.6
3742	739.8	734.8	739.8	499,209,12,10	257.8	39.4814240	73.5953887	5107.6
3743	218.2	217.2	218.2	17,674,8,14	257.7	39.4813771	73.5951100	5107.6
3744	547.6	546.6	547.6	503,251,17,9	257.7	39.4814220	73.5953911	5107.6
3745	691.8	691.8	692.8	561,33,16,8	257.7	39.4814227	73.5953890	5107.6
3746	134.2	129.1	134.2	499,321,10,16	257.6	39.4813764	73.5951115	5107.6
3747	523.6	523.6	523.6	615,993,12,10	257.6	39.4814220	73.5953919	5107.6
3748	575.6	575.6	575.6	373,173,18,11	257.5	39.4814212	73.5953905	5107.6
3749	736.8	735.8	736.8	0,242,17,5	257.3	39.4814237	73.5953889	5107.6
3750	92.1	92.1	92.1	355,881,6,16	257.2	39.4813758	73.5951116	5107.6
3751	111.1	111.1	111.1	643,43,10,12	257.2	39.4813758	73.5951122	5107.6
3752	145.2	145.2	145.2	5,25,12,8	257.2	39.4813763	73.5951112	5107.6
3753	317.4	317.4	317.4	1411,33,14,8	257.2	39.4813786	73.5951067	5107.6
3754	371.4	371.4	371.4	1127,1057,16,6	257.2	39.4813789	73.5951059	5107.6
3755	433.5	433.5	433.5	1283,19,10,8	257.1	39.4813782	73.5951060	5107.6
3756	543.6	543.6	543.6	1473,393,16,8	257.1	39.4814222	73.5953912	5107.6
3757	767.9	767.9	767.9	7,83,8,12	257.1	39.4814237	73.5953877	5107.6
3758	210.2	210.2	210.2	873,89,12,20	256.9	39.4813769	73.5951104	5107.6
3759	528.6	528.6	530.6	389,864,12,7	256.9	39.4814223	73.5953916	5107.6
3760	192.2	189.2	192.2	569,0,16,9	256.8	39.4813767	73.5951107	5107.6
3761	366.4	366.4	366.4	1913,379,7,26	256.8	39.4813794	73.5951064	5107.6
3762	380.4	380.4	380.4	1665,11,14,6	256.8	39.4813795	73.5951062	5107.6
3763	696.8	696.8	696.8	1185,137,8,12	256.8	39.4814229	73.5953888	5107.6
3764	793.9	792.9	793.9	698,7,14,8	256.8	39.4814240	73.5953877	5107.6
3765	304.3	300.3	304.3	465,1051,10,12	256.6	39.4813780	73.5951073	5107.6
3766	355.4	350.4	355.4	1039,553,10,10	256.6	39.4813789	73.5951062	5107.6
3767	572.6	572.6	572.6	41,149,16,8	256.6	39.4814214	73.5953908	5107.6
3768	641.7	641.7	641.7	245,507,12,7	256.3	39.4814222	73.5953890	5107.6
3769	93.1	93.1	98.1	423,552,4,15	256.2	39.4813759	73.5951116	5107.6
3770	226.3	222.2	226.3	145,851,6,14	256.2	39.4813771	73.5951100	5107.5
3771	238.3	238.3	238.3	1207,90,21,14	256.2	39.4813775	73.5951103	5107.6
3772	464.5	464.5	464.5	1001,498,10,13	256.1	39.4813785	73.5951056	5107.6
3773	615.7	615.7	615.7	107,471,12,8	256.1	39.4814218	73.5953893	5107.6
3774	311.4	308.3	312.4	1217,979,16,10	255.9	39.4813779	73.5951069	5107.6
3775	176.2	176.2	176.2	200,703,13,10	255.8	39.4813759	73.5951109	5107.6
3776	396.4	396.4	396.4	1794,153,7,12	255.8	39.4813786	73.5951058	5107.6
3777	573.6	573.6	573.6	771,569,14,8	255.5	39.4814214	73.5953909	5107.6
3778	721.8	721.8	721.8	481,33,16,6	255.4	39.4814232	73.5953891	5107.6
3779	573.6	573.6	573.6	665,153,8,16	255.3	39.4814214	73.5953909	5107.6
3780	238.3	238.3	238.3	1825,415,4,18	255.2	39.4813775	73.5951103	5107.6
3781	411.5	411.5	411.5	219,1043,8,12	255.2	39.4813790	73.5951059	5107.5
3782	702.8	702.8	702.8	464,39,13,8	255.2	39.4814227	73.5953889	5107.6
3783	430.5	430.5	430.5	1441,7,14,6	255.0	39.4813785	73.5951060	5107.6
3784	694.8	694.8	694.8	449,122,23,7	255.0	39.4814230	73.5953888	5107.6
3785	107.1	98.1	107.1	1873,33,8,14	254.9	39.4813759	73.5951121	5107.6
3786	457.5	457.5	457.5	1607,325,18,6	254.9	39.4813784	73.5951058	5107.6
3787	517.6	517.6	517.6	329,1065,8,8	254.8	39.4814209	73.5953810	5107.6
3788	727.8	727.8	728.8	571,845,16,10	254.8	39.4814235	73.5953889	5107.6
3789	621.7	621.7	621.7	595,0,14,10	254.7	39.4814215	73.5953889	5107.6
3790	271.3	271.3	271.3	1841,721,12,12	254.6	39.4813774	73.5951084	5107.6
3791	326.4	326.4	326.4	996,27,13,6	254.5	39.4813782	73.5951070	5107.5
3792	673.8	671.8	673.8	1642,1062,13,7	254.5	39.4814224	73.5953893	5107.6
3793	14.0	11.0	14.0	1705,0,16,7	254.4	39.4813760	73.5951134	5107.7
3794	528.6	528.6	528.6	325,1010,12,11	254.4	39.4814223	73.5953916	5107.6
3795	741.8	740.8	741.8	1377,817,8,12	254.4	39.4814238	73.5953885	5107.6
3796	22.0	22.0	23.0	1753,81,8,21	254.3	39.4813760	73.5951135	5107.7
3797	88.1	86.1	88.1	1305,103,16,10	254.3	39.4813755	73.5951115	5107.6
3798	379.4	379.4	379.4	1075,938,12,9	254.3	39.4813793	73.5951061	5107.6
3799	92.1	92.1	92.1	149,585,16,12	254.1	39.4813758	73.5951116	5107.6
3800	353.4	347.4	353.4	1041,741,8,12	254.1	39.4813792	73.5951061	5107.6
3801	352.4	352.4	352.4	997,993,12,8	253.9	39.4813792	73.5951061	5107.6
3802	662.7	661.7	662.7	241,529,14,8	253.9	39.4814223	73.5953892	5107.6
3803	407.5	407.5	407.5	611,451,14,6	253.7	39.4813794	73.5951059	5107.6
3804	681.8	676.8	682.8	1000,17,7,19	253.6	39.4814225	73.5953886	5107.6
3805	697.8	697.8	697.8	1267,877,20,14	253.6	39.4814229	73.5953888	5107.6
3806	333.4	333.4	333.4	1067,1042,20,11	253.5	39.4813788	73.5951069	5107.5
3807	334.4	334.4	334.4	695,13,14,10	253.5	39.4813788	73.5951069	5107.5
3808	484.5	484.5	484.5	433,808,29,9	253.5	39.4813773	73.5951048	5107.6
3809	127.1	127.1	127.1	17,899,6,19	253.4	39.4813758	73.5951120	5107.6
3810	398.4	398.4	398.4	1116,23,11,10	253.4	39.4813787	73.5951059	5107.6
3811	100.1	100.1	100.1	1626,1009,23,8	253.1	39.4813766	73.5951115	5107.6
3812	192.2	192.2	194.2	617,325,8,12	253.1	39.4813767	73.5951107	5107.6
3813	234.3	234.3	234.3	376,152,12,9	253.0	39.4813780	73.5951105	5107.6
3814	749.8	749.8	750.8	1533,705,6,14	253.0	39.4814233	73.5953883	5107.6
3815	269.3	269.3	269.3	963,23,14,6	252.9	39.4813774	73.5951084	5107.5
3816	295.3	293.3	304.3	433,317,12,24	252.9	39.4813780	73.5951076	5107.6
3817	386.4	386.4	386.4	1046,897,11,11	252.8	39.4813793	73.5951064	5107.6
3818	503.6	500.6	507.6	1705,1048,16,9	252.8	39.4813772	73.5951045	5107.6
3819	522.6	522.6	522.6	491,761,10,10	252.8	39.4814223	73.5953919	5107.6
3820	24.0	24.0	24.0	1703,380,10,13	252.4	39.4813760	73.5951137	5107.7
3821	79.1	79.1	79.1	1773,1049,8,16	252.4	39.4813762	73.5951119	5107.6
3822	563.6	563.6	564.6	1213,190,14,9	252.4	39.4814208	73.5953903	5107.6
3823	709.8	709.8	709.8	213,10,12,11	252.4	39.4814226	73.5953890	5107.6
3824	156.2	155.2	160.2	553,429,6,15	252.3	39.4813766	73.5951105	5107.6
3825	621.7	621.7	621.7	733,219,12,10	252.2	39.4814215	73.5953889	5107.6
3826	213.2	213.2	213.2	427,803,14,14	252.1	39.4813768	73.5951101	5107.6
3827	390.4	390.4	390.4	829,958,12,11	252.1	39.4813788	73.5951058	5107.6
3828	537.6	537.6	537.6	1574,753,9,12	252.1	39.4814228	73.5953917	5107.6
3829	530.6	530.6	530.6	585,853,8,10	252.0	39.4814226	73.5953916	5107.6
3830	111.1	111.1	111.1	725,881,9,8	251.9	39.4813758	73.5951122	5107.6
3831	208.2	208.2	213.2	393,689,8,14	251.9	39.4813769	73.5951103	5107.6
3832	529.6	529.6	529.6	419,257,14,6	251.9	39.4814224	73.5953915	5107.6
3833	688.8	688.8	688.8	1833,293,8,10	251.9	39.4814229	73.5953890	5107.6
3834	486.5	486.5	486.5	36,963,11,9	251.7	39.4813770	73.5951046	5107.6
3835	767.9	767.9	767.9	1849,225,6,14	251.7	39.4814237	73.5953877	5107.6
3836	610.7	607.7	610.7	841,899,8,10	251.5	39.4814214	73.5953894	5107.6
3837	688.8	688.8	688.8	1799,696,10,13	251.5	39.4814229	73.5953890	5107.6
3838	318.4	318.4	318.4	1525,1067,18,10	251.4	39.4813786	73.5951067	5107.6
3839	410.5	410.5	411.5	977,411,12,6	251.4	39.4813794	73.5951059	5107.5
3840	440.5	440.5	442.5	987,375,8,12	251.1	39.4813782	73.5951059	5107.6
3841	728.8	727.8	734.8	1628,217,11,8	251.1	39.4814235	73.5953890	5107.6
3842	725.8	725.8	725.8	1849,485,14,10	251.0	39.4814234	73.5953890	5107.6
3843	280.3	280.3	280.3	1489,981,12,14	250.7	39.4813777	73.5951081	5107.6
3844	456.5	456.5	456.5	785,0,16,5	250.7	39.4813784	73.5951058	5107.6
3845	484.5	484.5	484.5	87,547,10,14	250.7	39.4813773	73.5951048	5107.6
3846	776.9	774.9	778.9	407,121,10,14	250.7	39.4814239	73.5953876	5107.6
3847	21.0	21.0	21.0	986,65,15,12	250.6	39.4813759	73.5951134	5107.7
3848	238.3	238.3	239.3	49,1009,10,16	250.6	39.4813775	73.5951103	5107.6
3849	261.3	261.3	264.3	81,593,6,15	250.5	39.4813773	73.5951091	5107.6
3850	330.4	328.4	333.4	1859,163,10,17	250.5	39.4813784	73.5951071	5107.5
3851	605.7	605.7	605.7	445,449,8,10	250.5	39.4814215	73.5953898	5107.6
3852	718.8	718.8	718.8	995,475,12,6	250.5	39.4814230	73.5953891	5107.6
3853	363.4	363.4	363.4	1299,85,14,12	250.4	39.4813795	73.5951068	5107.6
3854	478.5	478.5	478.5	287,167,5,18	250.4	39.4813774	73.5951049	5107.6
3855	159.2	158.2	159.2	591,193,12,16	250.3	39.4813766	73.5951106	5107.6
3856	289.3	289.3	289.3	1681,35,10,18	250.3	39.4813777	73.5951080	5107.6
3857	146.2	146.2	147.2	41,81,6,16	250.2	39.4813763	73.5951112	5107.6
3858	628.7	628.7	628.7	1065,275,12,6	250.2	39.4814214	73.5953884	5107.6
3859	280.3	280.3	280.3	1426,907,5,19	250.1	39.4813777	73.5951081	5107.6
3860	386.4	386.4	386.4	1050,524,13,13	250.1	39.4813793	73.5951064	5107.6
3861	461.5	461.5	461.5	1032,75,9,12	250.1	39.4813787	73.5951056	5107.6
3862	465.5	465.5	465.5	1731,86,7,15	249.9	39.4813783	73.5951056	5107.6
3863	733.8	733.8	733.8	401,1041,14,12	249.9	39.4814236	73.5953890	5107.6
3864	485.5	485.5	487.5	1155,386,12,12	249.5	39.4813773	73.5951047	5107.6
3865	547.6	547.6	547.6	55,1073,12,7	249.5	39.4814220	73.5953911	5107.6
3866	490.6	488.5	491.6	1905,17,12,8	249.2	39.4813771	73.5951045	5107.6
3867	92.1	92.1	92.1	1657,247,14,16	249.0	39.4813758	73.5951116	5107.6
3868	125.1	125.1	128.1	0,465,5,16	249.0	39.4813757	73.5951120	5107.6
3869	134.2	130.1	134.2	635,223,16,12	248.9	39.4813764	73.5951115	5107.6
3870	220.2	217.2	220.2	21,889,5,16	248.9	39.4813769	73.5951101	5107.6
3871	77.1	77.1	78.1	1828,329,5,16	248.8	39.4813761	73.5951120	5107.7
3872	635.7	633.7	635.7	267,1027,6,12	248.8	39.4814225	73.5953886	5107.6
3873	452.5	452.5	452.5	865,921,8,14	248.7	39.4813782	73.5951058	5107.6
3874	316.4	316.4	316.4	1601,411,9,10	248.5	39.4813784	73.5951068	5107.6
3875	710.8	710.8	710.8	1111,680,11,9	248.4	39.4814228	73.5953889	5107.6
3876	29.0	28.0	29.0	1799,41,10,16	248.2	39.4813761	73.5951137	5107.7
3877	491.6	488.5	492.6	1911,418,9,11	248.1	39.4813770	73.5951046	5107.6
3878	37.0	36.0	41.0	1618,801,5,16	248.0	39.4813764	73.5951133	5107.7
3879	318.4	318.4	318.4	318,759,9,10	247.9	39.4813786	73.5951067	5107.6
3880	326.4	326.4	335.4	785,641,14,6	247.9	39.4813782	73.5951070	5107.5
3881	660.7	657.7	660.7	1094,265,10,8	247.9	39.4814222	73.5953892	5107.6
3882	796.9	796.9	796.9	1829,977,12,9	247.8	39.4814244	73.5953876	5107.6
3883	145.2	145.2	145.2	123,541,4,34	247.7	39.4813763	73.5951112	5107.6
3884	238.3	238.3	238.3	623,950,18,7	247.7	39.4813775	73.5951103	5107.6
3885	46.1	43.0	46.1	1089,43,18,6	247.6	39.4813761	73.5951135	5107.7
3886	738.8	738.8	738.8	1587,977,16,6	247.6	39.4814240	73.5953887	5107.6
3887	390.4	390.4	390.4	981,3,12,13	247.5	39.4813788	73.5951058	5107.6
3888	234.3	234.3	234.3	1793,75,8,12	247.4	39.4813780	73.5951105	5107.6
3889	374.4	372.4	374.4	691,899,16,13	247.3	39.4813793	73.5951061	5107.6
3890	97.1	97.1	97.1	489,865,22,6	247.0	39.4813764	73.5951114	5107.6
3891	195.2	195.2	195.2	721,563,6,14	247.0	39.4813769	73.5951105	5107.6
3892	227.3	227.3	227.3	99,756,14,11	247.0	39.4813771	73.5951102	5107.5
3893	408.5	408.5	408.5	1150,951,11,7	247.0	39.4813793	73.5951058	5107.6
3894	536.6	536.6	536.6	1009,213,9,9	247.0	39.4814227	73.5953918	5107.6
3895	785.9	782.9	788.9	879,135,18,6	247.0	39.4814233	73.5953872	5107.6
3896	123.1	122.1	123.1	85,134,8,11	246.9	39.4813759	73.5951118	5107.6
3897	244.3	244.3	244.3	1899,409,6,17	246.8	39.4813765	73.5951098	5107.5
3898	462.5	462.5	462.5	712,926,9,13	246.8	39.4813787	73.5951056	5107.6
3899	757.9	756.9	757.9	119,989,14,8	246.7	39.4814229	73.5953879	5107.6
3900	195.2	195.2	195.2	0,481,7,16	246.6	39.4813769	73.5951105	5107.6
3901	658.7	658.7	658.7	95,29,12,8	246.6	39.4814223	73.5953892	5107.6
3902	245.3	245.3	245.3	1879,161,6,16	246.5	39.4813763	73.5951096	5107.5
3903	444.5	444.5	444.5	1427,1051,20,4	246.5	39.4813788	73.5951059	5107.6
3904	316.4	316.4	316.4	337,279,8,10	246.4	39.4813784	73.5951068	5107.6
3905	86.1	86.1	86.1	993,11,14,12	246.3	39.4813754	73.5951116	5107.6
3906	436.5	436.5	438.5	1905,337,15,8	246.2	39.4813781	73.5951060	5107.6
3907	202.2	201.2	202.2	841,185,18,8	246.1	39.4813771	73.5951104	5107.6
3908	24.0	24.0	24.0	1321,41,8,8	246.0	39.4813760	73.5951137	5107.7
3909	286.3	284.3	286.3	1273,453,12,12	246.0	39.4813774	73.5951079	5107.5
3910	575.6	571.6	575.6	1831,91,11,12	246.0	39.4814212	73.5953905	5107.6
3911	701.8	697.8	701.8	1023,1055,14,8	246.0	39.4814228	73.5953889	5107.6
3912	131.1	129.1	138.2	577,233,12,8	245.9	39.4813761	73.5951116	5107.6
3913	691.8	689.8	692.8	35,473,6,23	245.9	39.4814227	73.5953890	5107.6
3914	361.4	361.4	362.4	1897,69,8,14	245.8	39.4813797	73.5951069	5107.6
3915	460.5	460.5	460.5	938,229,13,13	245.8	39.4813786	73.5951056	5107.6
3916	317.4	315.4	317.4	1056,1027,9,12	245.7	39.4813786	73.5951067	5107.6
3917	256.3	256.3	256.3	481,17,10,14	245.5	39.4813770	73.5951090	5107.6
3918	459.5	459.5	459.5	99,695,14,8	245.5	39.4813786	73.5951058	5107.6
3919	466.5	466.5	466.5	305,855,9,10	245.4	39.4813782	73.5951055	5107.6
3920	172.2	171.2	173.2	351,897,10,12	245.3	39.4813761	73.5951109	5107.6
3921	225.3	224.3	225.3	380,463,5,18	245.2	39.4813771	73.5951099	5107.6
3922	284.3	284.3	284.3	1659,761,6,20	245.2	39.4813776	73.5951081	5107.6
3923	591.7	591.7	591.7	333,890,10,13	245.2	39.4814217	73.5953903	5107.6
3924	295.3	295.3	295.3	1115,225,12,16	245.1	39.4813780	73.5951076	5107.6
3925	13.0	12.0	13.0	1548,10,11,19	245.0	39.4813759	73.5951135	5107.7
3926	765.9	761.9	767.9	1271,276,10,7	245.0	39.4814237	73.5953878	5107.6
3927	619.7	619.7	619.7	531,545,14,6	244.8	39.4814217	73.5953893	5107.6
3928	547.6	547.6	547.6	211,785,15,6	244.7	39.4814220	73.5953911	5107.6
3929	721.8	721.8	721.8	375,481,20,6	244.7	39.4814232	73.5953891	5107.6
3930	673.8	671.8	673.8	83,199,12,10	244.6	39.4814224	73.5953893	5107.6
3931	765.9	761.9	766.9	313,105,8,10	244.6	39.4814237	73.5953878	5107.6
3932	239.3	239.3	239.3	999,999,10,13	244.5	39.4813773	73.5951101	5107.5
3933	127.1	126.1	127.1	91,532,6,23	244.4	39.4813758	73.5951120	5107.6
3934	472.5	472.5	472.5	545,337,10,12	244.4	39.4813776	73.5951055	5107.6
3935	789.9	787.9	789.9	721,1045,16,12	244.4	39.4814235	73.5953874	5107.6
3936	257.3	257.3	260.3	147,265,8,8	244.3	39.4813771	73.5951092	5107.5
3937	281.3	281.3	281.3	407,0,17,11	244.3	39.4813776	73.5951082	5107.6
3938	295.3	295.3	295.3	487,241,8,16	244.3	39.4813780	73.5951076	5107.6
3939	437.5	437.5	438.5	377,45,12,8	244.2	39.4813782	73.5951060	5107.6
3940	693.8	693.8	693.8	1225,913,9,10	244.2	39.4814230	73.5953888	5107.6
3941	773.9	773.9	774.9	659,180,12,12	244.2	39.4814242	73.5953875	5107.6
3942	133.1	128.1	136.2	499,41,8,14	244.1	39.4813762	73.5951116	5107.6
3943	701.8	701.8	701.8	537,5,9,16	244.0	39.4814228	73.5953889	5107.6
3944	245.3	245.3	245.3	60,591,13,11	243.9	39.4813763	73.5951096	5107.5
3945	575.6	573.6	575.6	1383,819,9,14	243.9	39.4814212	73.5953905	5107.6
3946	145.2	145.2	145.2	81,497,10,18	243.5	39.4813763	73.5951112	5107.6
3947	238.3	238.3	238.3	1611,246,8,15	243.5	39.4813775	73.5951103	5107.6
3948	301.3	301.3	301.3	601,990,12,9	243.5	39.4813779	73.5951074	5107.6
3949	558.6	558.6	558.6	1499,219,17,6	243.3	39.4814208	73.5953899	5107.6
3950	312.4	308.3	312.4	1879,767,14,8	243.2	39.4813778	73.5951069	5107.6
3951	571.6	571.6	571.6	339,961,12,8	243.2	39.4814215	73.5953907	5107.6
3952	659.7	659.7	660.7	81,84,8,13	243.2	39.4814223	73.5953891	5107.6
3953	91.1	91.1	91.1	1787,169,10,18	243.1	39.4813757	73.5951115	5107.7
3954	145.2	145.2	145.2	1509,434,10,9	243.1	39.4813763	73.5951112	5107.6
3955	274.3	274.3	274.3	1568,1041,17,10	243.1	39.4813776	73.5951085	5107.5
3956	387.4	387.4	387.4	1490,569,7,11	243.1	39.4813792	73.5951063	5107.6
3957	285.3	285.3	285.3	1899,354,10,13	243.0	39.4813775	73.5951080	5107.6
3958	345.4	345.4	348.4	1586,13,17,4	243.0	39.4813793	73.5951063	5107.6
3959	377.4	377.4	380.4	1429,43,12,6	243.0	39.4813792	73.5951062	5107.6
3960	521.6	520.6	521.6	1850,91,16,12	242.9	39.4814225	73.5953923	5107.6
3961	642.7	642.7	642.7	1089,219,9,14	242.8	39.4814222	73.5953892	5107.6
3962	327.4	327.4	327.4	577,516,14,13	242.7	39.4813782	73.5951069	5107.5
3963	767.9	766.9	767.9	91,28,5,15	242.7	39.4814237	73.5953877	5107.6
3964	390.4	390.4	390.4	1319,671,12,6	242.6	39.4813788	73.5951058	5107.6
3965	301.3	301.3	301.3	839,97,14,6	242.4	39.4813779	73.5951074	5107.6
3966	703.8	703.8	703.8	1363,971,6,16	242.4	39.4814228	73.5953888	5107.6
3967	715.8	715.8	717.8	1187,805,22,8	242.4	39.4814232	73.5953893	5107.6
3968	188.2	188.2	188.2	819,81,18,19	242.3	39.4813763	73.5951108	5107.6
3969	240.3	240.3	240.3	1253,881,12,6	242.3	39.4813771	73.5951100	5107.5
3970	283.3	283.3	283.3	363,915,4,15	242.1	39.4813776	73.5951082	5107.6
3971	773.9	772.9	773.9	1235,35,12,8	242.1	39.4814242	73.5953875	5107.6
3972	279.3	279.3	279.3	1545,947,8,14	242.0	39.4813779	73.5951082	5107.6
3973	396.4	396.4	396.4	820,1059,7,21	241.9	39.4813786	73.5951058	5107.6
3974	642.7	638.7	642.7	49,573,8,12	241.9	39.4814222	73.5953892	5107.6
3975	281.3	281.3	282.3	1187,801,10,10	241.8	39.4813776	73.5951082	5107.6
3976	291.3	291.3	291.3	1649,591,5,18	241.8	39.4813778	73.5951078	5107.5
3977	373.4	373.4	373.4	1633,960,12,21	241.8	39.4813791	73.5951060	5107.6
3978	478.5	478.5	478.5	201,326,7,12	241.8	39.4813774	73.5951049	5107.6
3979	319.4	319.4	320.4	307,379,14,6	241.7	39.4813785	73.5951069	5107.6
3980	146.2	146.2	146.2	227,0,10,11	241.6	39.4813763	73.5951112	5107.6
3981	522.6	522.6	522.6	489,593,8,10	241.6	39.4814223	73.5953919	5107.6
3982	647.7	647.7	647.7	199,555,10,6	241.5	39.4814218	73.5953891	5107.6
3983	721.8	721.8	721.8	1009,5,9,12	241.5	39.4814232	73.5953891	5107.6
3984	20.0	20.0	20.0	1015,57,18,8	241.4	39.4813761	73.5951134	5107.7
3985	719.8	719.8	720.8	401,922,23,6	241.4	39.4814231	73.5953891	5107.6
3986	482.5	482.5	482.5	1833,1066,14,14	241.2	39.4813772	73.5951048	5107.6
3987	790.9	785.9	790.9	1745,805,8,12	241.2	39.4814237	73.5953875	5107.6
3988	267.3	267.3	269.3	225,961,8,19	241.1	39.4813779	73.5951086	5107.6
3989	458.5	458.5	458.5	561,754,6,15	241.1	39.4813784	73.5951056	5107.6
3990	640.7	640.7	640.7	97,131,13,8	241.1	39.4814222	73.5953888	5107.6
3991	253.3	252.3	253.3	497,353,16,6	241.0	39.4813770	73.5951090	5107.6
3992	461.5	461.5	461.5	1537,126,16,15	241.0	39.4813787	73.5951056	5107.6
3993	97.1	97.1	97.1	1521,289,11,22	240.9	39.4813764	73.5951114	5107.6
3994	186.2	180.2	187.2	393,339,8,19	240.9	39.4813764	73.5951110	5107.6
3995	378.4	378.4	378.4	619,1029,22,4	240.9	39.4813793	73.5951061	5107.6
3996	279.3	279.3	279.3	129,979,4,24	240.8	39.4813779	73.5951082	5107.6
3997	341.4	341.4	341.4	83,1033,10,16	240.8	39.4813790	73.5951064	5107.5
3998	415.5	415.5	415.5	1065,57,8,10	240.7	39.4813786	73.5951060	5107.6
3999	117.1	117.1	120.1	129,171,6,20	240.6	39.4813763	73.5951119	5107.6
4000	301.3	301.3	306.3	1749,639,12,20	240.6	39.4813779	73.5951074	5107.6
4001	430.5	430.5	431.5	1063,0,16,11	240.5	39.4813785	73.5951060	5107.6
4002	686.8	686.8	686.8	1181,609,12,14	240.5	39.4814226	73.5953890	5107.6
4003	605.7	605.7	605.7	223,1009,16,6	240.4	39.4814215	73.5953898	5107.6
4004	87.1	87.1	87.1	795,953,10,12	240.3	39.4813754	73.5951115	5107.6
4005	92.1	92.1	92.1	1855,0,6,11	240.3	39.4813758	73.5951116	5107.6
4006	93.1	93.1	93.1	840,797,15,8	240.1	39.4813759	73.5951116	5107.6
4007	266.3	266.3	266.3	1456,82,15,9	240.1	39.4813776	73.5951087	5107.6
4008	412.5	410.5	412.5	1553,201,16,8	239.9	39.4813790	73.5951060	5107.5
4009	128.1	128.1	128.1	1435,209,12,8	239.7	39.4813759	73.5951119	5107.6
4010	444.5	444.5	444.5	1395,81,10,8	239.7	39.4813788	73.5951059	5107.6
4011	544.6	544.6	544.6	838,621,7,26	239.6	39.4814222	73.5953911	5107.6
4012	728.8	728.8	728.8	755,801,11,8	239.6	39.4814235	73.5953890	5107.6
4013	795.9	795.9	795.9	817,489,16,10	239.6	39.4814244	73.5953876	5107.6
4014	692.8	688.8	692.8	737,1009,12,8	239.5	39.4814229	73.5953891	5107.6
4015	679.8	679.8	681.8	1779,571,10,12	239.4	39.4814224	73.5953889	5107.6
4016	670.8	670.8	670.8	277,438,12,9	239.3	39.4814229	73.5953892	5107.6
4017	302.3	302.3	303.3	1219,33,12,6	239.0	39.4813780	73.5951074	5107.6
4018	455.5	452.5	455.5	166,555,17,10	239.0	39.4813786	73.5951057	5107.6
4019	636.7	632.7	636.7	97,1071,8,9	239.0	39.4814223	73.5953886	5107.6
4020	255.3	255.3	255.3	675,1011,4,19	238.9	39.4813771	73.5951089	5107.6
4021	408.5	408.5	408.5	1129,892,10,9	238.9	39.4813793	73.5951058	5107.6
4022	794.9	794.9	794.9	467,1035,20,4	238.9	39.4814244	73.5953877	5107.6
4023	452.5	452.5	452.5	1193,326,14,7	238.8	39.4813782	73.5951058	5107.6
4024	91.1	91.1	91.1	1809,71,12,20	238.7	39.4813757	73.5951115	5107.7
4025	219.2	219.2	219.2	801,161,10,11	238.7	39.4813770	73.5951101	5107.6
4026	274.3	273.3	274.3	869,995,6,14	238.7	39.4813776	73.5951085	5107.5
4027	348.4	348.4	348.4	1569,109,8,10	238.7	39.4813791	73.5951062	5107.6
4028	730.8	730.8	730.8	1625,437,12,10	238.7	39.4814236	73.5953890	5107.6
4029	503.6	502.6	508.6	1853,1073,14,7	238.6	39.4813772	73.5951045	5107.6
4030	461.5	461.5	461.5	467,979,12,6	238.5	39.4813787	73.5951056	5107.6
4031	313.4	313.4	313.4	1845,121,12,8	238.4	39.4813781	73.5951068	5107.6
4032	412.5	412.5	412.5	233,993,8,12	238.4	39.4813790	73.5951060	5107.5
4033	535.6	535.6	535.6	1459,147,12,6	238.4	39.4814226	73.5953919	5107.6
4034	694.8	694.8	694.8	1741,701,9,10	238.4	39.4814230	73.5953888	5107.6
4035	298.3	298.3	298.3	67,0,14,5	238.3	39.4813778	73.5951076	5107.5
4036	371.4	371.4	371.4	1001,86,14,7	238.3	39.4813789	73.5951059	5107.6
4037	407.5	407.5	407.5	977,807,14,10	238.3	39.4813794	73.5951059	5107.6
4038	453.5	453.5	453.5	639,1065,10,8	238.3	39.4813784	73.5951057	5107.6
4039	549.6	549.6	549.6	1908,243,7,14	238.3	39.4814219	73.5953912	5107.6
4040	740.8	740.8	743.8	65,23,12,9	238.2	39.4814240	73.5953886	5107.6
4041	281.3	281.3	281.3	1395,962,17,5	238.1	39.4813776	73.5951082	5107.6
4042	456.5	456.5	456.5	1217,693,10,12	238.1	39.4813784	73.5951058	5107.6
4043	702.8	702.8	702.8	1894,115,13,8	238.1	39.4814227	73.5953889	5107.6
4044	753.8	753.8	753.8	1126,607,15,8	238.1	39.4814232	73.5953881	5107.6
4045	181.2	181.2	181.2	1178,161,11,16	238.0	39.4813760	73.5951107	5107.6
4046	232.3	232.3	232.3	50,551,9,10	238.0	39.4813779	73.5951103	5107.6
4047	236.3	236.3	236.3	556,19,19,4	238.0	39.4813778	73.5951104	5107.5
4048	261.3	261.3	262.3	97,210,10,17	237.9	39.4813773	73.5951091	5107.6
4049	126.1	126.1	126.1	145,249,7,18	237.8	39.4813758	73.5951120	5107.6
4050	300.3	300.3	300.3	798,349,15,10	237.8	39.4813779	73.5951074	5107.6
4051	347.4	346.4	347.4	1170,267,15,6	237.8	39.4813792	73.5951063	5107.6
4052	384.4	384.4	384.4	1412,499,19,6	237.8	39.4813795	73.5951065	5107.6
4053	29.0	29.0	29.0	1642,552,9,17	237.7	39.4813761	73.5951137	5107.7
4054	100.1	100.1	100.1	1303,361,10,8	237.4	39.4813766	73.5951115	5107.6
4055	769.9	769.9	771.9	1409,285,6,10	237.4	39.4814239	73.5953877	5107.6
4056	129.1	129.1	141.2	0,961,5,16	237.3	39.4813759	73.5951117	5107.6
4057	481.5	481.5	481.5	1841,299,11,6	237.3	39.4813771	73.5951047	5107.6
4058	432.5	432.5	438.5	1145,437,12,10	237.1	39.4813784	73.5951062	5107.6
4059	487.5	484.5	487.5	1761,1057,8,12	237.1	39.4813770	73.5951046	5107.6
4060	22.0	22.0	23.0	1889,265,8,10	237.0	39.4813760	73.5951135	5107.7
4061	279.3	279.3	282.3	92,385,5,16	237.0	39.4813779	73.5951082	5107.6
4062	401.5	401.5	401.5	513,793,16,8	236.9	39.4813789	73.5951060	5107.6
4063	781.9	781.9	791.9	281,0,8,13	236.9	39.4814235	73.5953876	5107.6
4064	88.1	86.1	88.1	1512,517,9,8	236.8	39.4813755	73.5951115	5107.6
4065	193.2	193.2	193.2	325,893,10,20	236.8	39.4813766	73.5951107	5107.6
4066	40.0	40.0	40.0	1761,145,14,6	236.7	39.4813762	73.5951132	5107.7
4067	192.2	192.2	193.2	573,201,11,14	236.7	39.4813767	73.5951107	5107.6
4068	411.5	409.5	411.5	1043,763,14,6	236.7	39.4813790	73.5951059	5107.5
4069	268.3	266.3	268.3	859,227,20,4	236.6	39.4813776	73.5951084	5107.6
4070	321.4	321.4	321.4	327,277,10,11	236.5	39.4813785	73.5951071	5107.5
4071	430.5	430.5	430.5	97,1009,17,7	236.5	39.4813785	73.5951060	5107.6
4072	714.8	714.8	714.8	257,136,14,9	236.4	39.4814233	73.5953893	5107.6
4073	283.3	283.3	284.3	143,205,8,18	236.3	39.4813776	73.5951082	5107.6
4074	318.4	318.4	318.4	169,1064,8,9	236.3	39.4813786	73.5951067	5107.6
4075	433.5	433.5	435.5	1141,458,8,13	236.3	39.4813782	73.5951060	5107.6
4076	408.5	408.5	408.5	747,277,8,12	236.2	39.4813793	73.5951058	5107.6
4077	238.3	238.3	238.3	1303,85,14,11	236.1	39.4813775	73.5951103	5107.6
4078	121.1	121.1	121.1	7,985,18,19	236.0	39.4813759	73.5951120	5107.6
4079	520.6	520.6	520.6	1833,38,8,17	235.9	39.4814225	73.5953929	5107.6
4080	456.5	456.5	456.5	981,745,10,6	235.8	39.4813784	73.5951058	5107.6
4081	721.8	721.8	724.8	795,139,24,4	235.8	39.4814232	73.5953891	5107.6
4082	773.9	773.9	775.9	707,467,13,12	235.7	39.4814242	73.5953875	5107.6
4083	467.5	467.5	467.5	1306,489,15,7	235.6	39.4813781	73.5951055	5107.6
4084	213.2	213.2	213.2	43,539,10,14	235.5	39.4813768	73.5951101	5107.6
4085	255.3	255.3	255.3	593,145,16,6	235.4	39.4813771	73.5951089	5107.6
4086	521.6	521.6	521.6	497,1023,9,8	235.4	39.4814225	73.5953923	5107.6
4087	533.6	533.6	533.6	99,355,9,12	235.4	39.4814227	73.5953917	5107.6
4088	794.9	794.9	794.9	577,643,9,14	235.4	39.4814244	73.5953877	5107.6
4089	472.5	472.5	472.5	240,431,7,10	235.3	39.4813776	73.5951055	5107.6
4090	695.8	695.8	695.8	1547,753,20,6	235.3	39.4814230	73.5953887	5107.6
4091	263.3	263.3	263.3	235,1019,5,24	235.2	39.4813778	73.5951089	5107.5
4092	241.3	237.3	241.3	1001,355,8,10	235.1	39.4813768	73.5951100	5107.6
4093	372.4	372.4	372.4	1521,293,10,12	235.1	39.4813790	73.5951059	5107.6
4094	499.6	496.6	499.6	25,146,8,11	234.9	39.4813773	73.5951045	5107.6
4095	535.6	535.6	535.6	1233,369,8,8	234.8	39.4814226	73.5953919	5107.6
4096	709.8	708.8	712.8	1267,961,14,10	234.7	39.4814226	73.5953890	5107.6
4097	163.2	163.2	163.2	661,99,8,14	234.6	39.4813763	73.5951106	5107.6
4098	726.8	726.8	726.8	1403,472,10,9	234.6	39.4814234	73.5953890	5107.6
4099	680.8	678.8	680.8	1571,195,22,9	234.4	39.4814225	73.5953888	5107.6
4100	278.3	278.3	278.3	1827,767,6,26	234.3	39.4813779	73.5951084	5107.5
4101	675.8	671.8	679.8	1683,1061,14,10	234.3	39.4814223	73.5953893	5107.6
4102	170.2	170.2	170.2	9,177,4,20	234.2	39.4813761	73.5951109	5107.6
4103	274.3	274.3	274.3	1563,817,6,16	234.2	39.4813776	73.5951085	5107.5
4104	443.5	443.5	443.5	1171,1071,14,6	234.0	39.4813785	73.5951058	5107.6
4105	720.8	720.8	720.8	1609,931,8,21	234.0	39.4814232	73.5953891	5107.6
4106	263.3	263.3	264.3	402,57,7,18	233.9	39.4813778	73.5951089	5107.5
4107	352.4	352.4	352.4	1539,7,14,6	233.9	39.4813792	73.5951061	5107.6
4108	317.4	317.4	317.4	1585,955,22,4	233.8	39.4813786	73.5951067	5107.6
4109	433.5	432.5	434.5	211,723,16,8	233.8	39.4813782	73.5951060	5107.6
4110	88.1	88.1	89.1	961,64,10,13	233.7	39.4813755	73.5951115	5107.6
4111	285.3	285.3	285.3	135,801,12,12	233.7	39.4813775	73.5951080	5107.6
4112	192.2	191.2	192.2	1047,17,12,8	233.6	39.4813767	73.5951107	5107.6
4113	547.6	547.6	547.6	675,609,14,6	233.6	39.4814220	73.5953911	5107.6
4114	211.2	211.2	211.2	55,977,5,17	233.5	39.4813770	73.5951104	5107.6
4115	238.3	238.3	238.3	1791,922,20,6	233.5	39.4813775	73.5951103	5107.6
4116	244.3	244.3	244.3	129,673,4,18	233.5	39.4813765	73.5951098	5107.5
4117	401.5	401.5	401.5	843,722,14,9	233.5	39.4813789	73.5951060	5107.6
4118	252.3	252.3	253.3	1494,65,10,8	233.4	39.4813770	73.5951092	5107.6
4119	266.3	266.3	266.3	893,25,26,4	233.4	39.4813776	73.5951087	5107.6
4120	239.3	239.3	239.3	97,257,8,18	233.3	39.4813773	73.5951101	5107.5
4121	317.4	317.4	322.4	833,161,18,8	233.3	39.4813786	73.5951067	5107.6
4122	109.1	108.1	110.1	93,339,8,14	233.1	39.4813756	73.5951122	5107.6
4123	624.7	624.7	625.7	195,921,10,8	233.1	39.4814215	73.5953888	5107.6
4124	740.8	740.8	740.8	55,532,12,12	233.1	39.4814240	73.5953886	5107.6
4125	786.9	786.9	787.9	1161,669,8,10	233.1	39.4814236	73.5953872	5107.6
4126	167.2	167.2	167.2	1009,593,8,8	233.0	39.4813762	73.5951107	5107.6
4127	122.1	122.1	122.1	851,93,18,9	232.8	39.4813759	73.5951118	5107.6
4128	463.5	463.5	463.5	230,711,11,10	232.8	39.4813787	73.5951056	5107.6
4129	379.4	379.4	379.4	379,321,11,12	232.6	39.4813793	73.5951061	5107.6
4130	709.8	707.8	709.8	1815,849,10,8	232.6	39.4814226	73.5953890	5107.6
4131	727.8	727.8	727.8	703,550,8,14	232.6	39.4814235	73.5953889	5107.6
4132	93.1	93.1	93.1	365,945,8,10	232.5	39.4813759	73.5951116	5107.6
4133	283.3	283.3	283.3	1869,793,12,18	232.5	39.4813776	73.5951082	5107.6
4134	152.2	149.2	152.2	811,135,18,10	232.4	39.4813768	73.5951107	5107.6
4135	296.3	296.3	296.3	1805,389,4,22	232.4	39.4813779	73.5951075	5107.6
4136	581.7	581.7	581.7	1111,801,10,10	232.2	39.4814213	73.5953903	5107.6
4137	24.0	24.0	24.0	1774,291,8,14	232.1	39.4813760	73.5951137	5107.7
4138	291.3	291.3	291.3	1883,866,10,11	232.1	39.4813778	73.5951078	5107.5
4139	107.1	107.1	107.1	1125,191,12,10	232.0	39.4813759	73.5951121	5107.6
4140	81.1	79.1	81.1	1467,827,8,18	231.9	39.4813760	73.5951120	5107.7
4141	504.6	504.6	504.6	1729,365,10,18	231.9	39.4813770	73.5951045	5107.6
4142	23.0	23.0	23.0	1861,199,12,6	231.8	39.4813762	73.5951135	5107.7
4143	146.2	146.2	148.2	633,281,8,24	231.8	39.4813763	73.5951112	5107.6
4144	794.9	794.9	794.9	1445,857,10,8	231.8	39.4814244	73.5953877	5107.6
4145	378.4	378.4	378.4	1539,1057,8,16	231.7	39.4813793	73.5951061	5107.6
4146	416.5	416.5	416.5	1433,635,10,12	231.7	39.4813786	73.5951061	5107.5
4147	719.8	719.8	719.8	97,803,10,16	231.7	39.4814231	73.5953891	5107.6
4148	178.2	178.2	178.2	1130,7,15,8	231.6	39.4813759	73.5951109	5107.6
4149	241.3	241.3	241.3	1067,33,16,12	231.6	39.4813768	73.5951100	5107.6
4150	476.5	476.5	476.5	1875,9,22,6	231.6	39.4813773	73.5951051	5107.6
4151	630.7	630.7	630.7	9,1055,8,10	231.6	39.4814214	73.5953884	5107.6
4152	229.3	228.3	229.3	289,0,6,12	231.5	39.4813776	73.5951100	5107.6
4153	230.3	230.3	230.3	240,89,19,10	231.5	39.4813776	73.5951101	5107.6
4154	378.4	378.4	382.4	541,881,12,6	231.5	39.4813793	73.5951061	5107.6
4155	703.8	703.8	703.8	148,901,13,9	231.5	39.4814228	73.5953888	5107.6
4156	119.1	119.1	120.1	1811,1074,12,6	231.4	39.4813762	73.5951120	5107.6
4157	164.2	164.2	166.2	739,305,10,16	231.3	39.4813763	73.5951106	5107.6
4158	624.7	622.7	632.7	633,273,8,12	231.3	39.4814215	73.5953888	5107.6
4159	319.4	319.4	319.4	531,900,4,19	231.2	39.4813785	73.5951069	5107.6
4160	750.8	745.8	754.8	841,200,16,7	231.2	39.4814231	73.5953881	5107.6
4161	49.1	49.1	52.1	1511,299,8,18	231.1	39.4813764	73.5951134	5107.7
4162	649.7	648.7	653.7	1165,65,18,8	231.1	39.4814215	73.5953887	5107.6
4163	198.2	195.2	203.2	0,157,9,12	231.0	39.4813771	73.5951105	5107.6
4164	399.4	399.4	399.4	1132,965,5,17	231.0	39.4813788	73.5951059	5107.6
4165	482.5	482.5	482.5	429,89,17,4	231.0	39.4813772	73.5951048	5107.6
4166	396.4	396.4	396.4	319,339,10,8	230.9	39.4813786	73.5951058	5107.6
4167	22.0	22.0	22.0	1489,0,8,13	230.7	39.4813760	73.5951135	5107.7
4168	434.5	434.5	435.5	803,713,6,16	230.7	39.4813782	73.5951061	5107.6
4169	294.3	294.3	294.3	1571,1034,10,21	230.6	39.4813781	73.5951077	5107.6
4170	302.3	302.3	302.3	1849,1035,18,10	230.6	39.4813780	73.5951074	5107.6
4171	644.7	644.7	644.7	541,155,9,11	230.6	39.4814222	73.5953892	5107.6
4172	735.8	735.8	739.8	835,977,13,5	230.6	39.4814236	73.5953889	5107.6
4173	172.2	171.2	174.2	68,272,5,14	230.5	39.4813761	73.5951109	5107.6
4174	331.4	331.4	331.4	1561,857,9,12	230.5	39.4813787	73.5951072	5107.5
4175	439.5	437.5	439.5	1710,1033,10,11	230.5	39.4813783	73.5951061	5107.6
4176	422.5	422.5	422.5	1480,741,9,8	230.4	39.4813788	73.5951062	5107.6
4177	683.8	683.8	683.8	1891,275,8,15	230.3	39.4814225	73.5953887	5107.6
4178	693.8	693.8	693.8	453,335,8,10	230.3	39.4814230	73.5953888	5107.6
4179	300.3	298.3	300.3	539,241,16,8	230.2	39.4813779	73.5951074	5107.6
4180	665.7	663.7	667.8	365,337,13,6	230.2	39.4814224	73.5953890	5107.6
4181	276.3	276.3	278.3	1663,497,10,8	230.1	39.4813781	73.5951084	5107.5
4182	708.8	707.8	709.8	1785,533,16,9	230.1	39.4814225	73.5953887	5107.6
4183	789.9	789.9	789.9	755,221,12,10	230.1	39.4814235	73.5953874	5107.6
4184	317.4	317.4	317.4	37,321,12,12	230.0	39.4813786	73.5951067	5107.6
4185	741.8	741.8	741.8	1099,235,16,6	230.0	39.4814238	73.5953885	5107.6
4186	307.3	306.3	307.3	1169,59,24,6	229.9	39.4813779	73.5951069	5107.5
4187	457.5	457.5	457.5	1188,377,19,8	229.9	39.4813784	73.5951058	5107.6
4188	36.0	33.0	36.0	1333,521,10,8	229.8	39.4813763	73.5951135	5107.7
4189	298.3	298.3	298.3	1353,755,8,10	229.8	39.4813778	73.5951076	5107.5
4190	375.4	375.4	376.4	385,914,7,14	229.8	39.4813793	73.5951062	5107.6
4191	695.8	695.8	695.8	1537,258,15,7	229.8	39.4814230	73.5953887	5107.6
4192	745.8	741.8	745.8	1521,901,16,4	229.6	39.4814233	73.5953882	5107.6
4193	29.0	29.0	30.0	1754,218,3,21	229.5	39.4813761	73.5951137	5107.7
4194	533.6	533.6	533.6	43,1059,6,12	229.5	39.4814227	73.5953917	5107.6
4195	313.4	313.4	313.4	1911,139,9,14	229.4	39.4813781	73.5951068	5107.6
4196	228.3	228.3	228.3	213,563,9,14	229.3	39.4813772	73.5951102	5107.6
4197	365.4	365.4	365.4	523,1057,20,6	229.3	39.4813795	73.5951065	5107.6
4198	184.2	184.2	185.2	43,0,8,11	229.2	39.4813762	73.5951110	5107.6
4199	459.5	459.5	459.5	1777,1057,10,10	229.2	39.4813786	73.5951058	5107.6
4200	776.9	776.9	779.9	1666,449,9,15	229.2	39.4814239	73.5953876	5107.6
4201	89.1	89.1	89.1	519,119,8,14	228.9	39.4813756	73.5951114	5107.7
4202	683.8	683.8	683.8	1901,523,12,6	228.9	39.4814225	73.5953887	5107.6
4203	50.1	49.1	50.1	1827,289,13,7	228.8	39.4813761	73.5951133	5107.7
4204	718.8	716.8	718.8	548,98,13,7	228.7	39.4814230	73.5953891	5107.6
4205	268.3	268.3	268.3	219,433,6,16	228.6	39.4813776	73.5951084	5107.6
4206	245.3	245.3	245.3	961,657,8,8	228.5	39.4813763	73.5951096	5107.5
4207	80.1	80.1	80.1	1737,257,8,8	228.4	39.4813761	73.5951120	5107.6
4208	236.3	236.3	236.3	971,25,22,5	228.3	39.4813778	73.5951104	5107.5
4209	319.4	318.4	320.4	1747,893,14,14	228.3	39.4813785	73.5951069	5107.6
4210	641.7	641.7	641.7	318,485,13,12	228.2	39.4814222	73.5953890	5107.6
4211	143.2	143.2	143.2	1896,1047,7,18	228.1	39.4813762	73.5951113	5107.6
4212	694.8	694.8	694.8	1471,753,14,8	228.1	39.4814230	73.5953888	5107.6
4213	725.8	725.8	725.8	379,1044,13,13	228.0	39.4814234	73.5953890	5107.6
4214	237.3	237.3	237.3	251,129,14,6	227.8	39.4813777	73.5951103	5107.6
4215	108.1	108.1	108.1	83,951,9,12	227.6	39.4813758	73.5951123	5107.6
4216	223.3	223.3	223.3	109,1037,6,14	227.6	39.4813770	73.5951099	5107.6
4217	363.4	363.4	363.4	673,833,16,6	227.6	39.4813795	73.5951068	5107.6
4218	571.6	571.6	571.6	1135,173,14,10	227.6	39.4814215	73.5953907	5107.6
4219	680.8	679.8	680.8	1657,195,16,6	227.6	39.4814225	73.5953888	5107.6
4220	13.0	8.0	13.0	36,339,13,14	227.5	39.4813759	73.5951135	5107.7
4221	92.1	92.1	92.1	1579,169,8,18	227.4	39.4813758	73.5951116	5107.6
4222	317.4	317.4	317.4	1505,663,10,8	227.4	39.4813786	73.5951067	5107.6
4223	431.5	431.5	434.5	707,41,6,16	227.3	39.4813784	73.5951061	5107.6
4224	214.2	214.2	214.2	1675,0,18,9	227.2	39.4813768	73.5951101	5107.6
4225	269.3	268.3	269.3	664,241,9,10	227.2	39.4813774	73.5951084	5107.5
4226	223.3	223.3	223.3	121,493,4,20	227.1	39.4813770	73.5951099	5107.6
4227	353.4	353.4	353.4	625,897,16,8	226.9	39.4813792	73.5951061	5107.6
4228	402.5	402.5	402.5	1891,891,14,6	226.9	39.4813790	73.5951061	5107.6
4229	554.6	554.6	554.6	1042,67,15,4	226.9	39.4814213	73.5953903	5107.6
4230	153.2	151.2	153.2	33,649,6,20	226.8	39.4813767	73.5951107	5107.6
4231	123.1	123.1	127.1	931,973,22,8	226.7	39.4813759	73.5951118	5107.6
4232	115.1	111.1	115.1	51,661,6,12	226.6	39.4813763	73.5951121	5107.6
4233	169.2	167.2	169.2	221,555,14,16	226.6	39.4813761	73.5951108	5107.6
4234	436.5	431.5	436.5	853,755,6,13	226.6	39.4813781	73.5951060	5107.6
4235	316.4	315.4	316.4	1447,49,12,8	226.5	39.4813784	73.5951068	5107.6
4236	407.5	407.5	407.5	1451,929,10,7	226.5	39.4813794	73.5951059	5107.6
4237	416.5	416.5	416.5	321,593,8,16	226.5	39.4813786	73.5951061	5107.5
4238	484.5	484.5	484.5	0,577,17,6	226.5	39.4813773	73.5951048	5107.6
4239	632.7	629.7	635.7	273,489,16,8	226.5	39.4814222	73.5953884	5107.6
4240	205.2	205.2	205.2	967,83,10,14	226.4	39.4813770	73.5951105	5107.6
4241	796.9	795.9	797.9	1114,995,12,12	226.4	39.4814244	73.5953876	5107.6
4242	652.7	648.7	655.7	842,132,13,8	226.3	39.4814217	73.5953886	5107.6
4243	758.9	758.9	758.9	721,105,17,8	226.3	39.4814230	73.5953879	5107.6
4244	265.3	265.3	265.3	875,145,10,8	226.2	39.4813777	73.5951088	5107.6
4245	280.3	279.3	281.3	793,898,8,13	226.2	39.4813777	73.5951081	5107.6
4246	422.5	421.5	422.5	1233,113,10,8	226.2	39.4813788	73.5951062	5107.6
4247	754.8	754.8	754.8	1857,947,8,8	226.2	39.4814231	73.5953882	5107.6
4248	317.4	317.4	317.4	1435,275,6,14	226.1	39.4813786	73.5951067	5107.6
4249	601.7	601.7	601.7	65,937,10,10	226.1	39.4814216	73.5953903	5107.6
4250	19.0	15.0	19.0	489,73,8,8	226.0	39.4813759	73.5951133	5107.7
4251	279.3	279.3	279.3	735,75,10,6	226.0	39.4813779	73.5951082	5107.6
4252	218.2	218.2	218.2	747,922,10,13	225.9	39.4813771	73.5951100	5107.6
4253	762.9	762.9	762.9	1785,437,8,8	225.8	39.4814231	73.5953878	5107.6
4254	293.3	293.3	293.3	441,873,8,18	225.7	39.4813781	73.5951077	5107.6
4255	192.2	192.2	192.2	955,29,12,12	225.6	39.4813767	73.5951107	5107.6
4256	244.3	244.3	244.3	17,441,8,8	225.5	39.4813765	73.5951098	5107.5
4257	568.6	568.6	568.6	1659,251,12,10	225.5	39.4814214	73.5953908	5107.6
4258	23.0	23.0	23.0	1852,497,11,8	225.4	39.4813762	73.5951135	5107.7
4259	160.2	160.2	160.2	549,213,11,12	225.4	39.4813766	73.5951106	5107.6
4260	793.9	793.9	793.9	429,787,12,7	225.4	39.4814240	73.5953877	5107.6
4261	229.3	229.3	229.3	603,51,8,14	225.3	39.4813776	73.5951100	5107.6
4262	571.6	571.6	571.6	1136,289,7,16	225.3	39.4814215	73.5953907	5107.6
4263	421.5	421.5	421.5	1764,673,7,16	225.1	39.4813788	73.5951062	5107.6
4264	169.2	167.2	169.2	161,521,8,14	225.0	39.4813761	73.5951108	5107.6
4265	423.5	423.5	423.5	961,115,8,12	225.0	39.4813789	73.5951061	5107.6
4266	432.5	432.5	432.5	1009,234,10,7	225.0	39.4813784	73.5951062	5107.6
4267	732.8	731.8	732.8	1585,25,9,8	224.9	39.4814232	73.5953890	5107.6
4268	155.2	147.2	155.2	25,209,8,10	224.6	39.4813765	73.5951106	5107.6
4269	247.3	247.3	249.3	1041,765,16,4	224.6	39.4813764	73.5951095	5107.6
4270	313.4	309.3	313.4	437,675,6,12	224.6	39.4813781	73.5951068	5107.6
4271	718.8	718.8	718.8	339,1075,12,5	224.6	39.4814230	73.5953891	5107.6
4272	92.1	92.1	92.1	501,0,12,12	224.5	39.4813758	73.5951116	5107.6
4273	439.5	439.5	439.5	1010,515,5,15	224.3	39.4813783	73.5951061	5107.6
4274	58.1	58.1	59.1	999,169,10,8	224.2	39.4813765	73.5951128	5107.7
4275	211.2	211.2	211.2	748,157,7,14	224.2	39.4813770	73.5951104	5107.6
4276	493.6	493.6	493.6	263,921,12,12	224.2	39.4813769	73.5951048	5107.6
4277	149.2	147.2	152.2	673,7,15,8	224.1	39.4813768	73.5951107	5107.6
4278	369.4	369.4	369.4	809,1020,8,13	224.1	39.4813791	73.5951058	5107.6
4279	347.4	347.4	347.4	1913,929,7,12	223.9	39.4813792	73.5951063	5107.6
4280	375.4	375.4	375.4	1281,979,14,6	223.9	39.4813793	73.5951062	5107.6
4281	703.8	703.8	703.8	1339,387,12,10	223.9	39.4814228	73.5953888	5107.6
4282	49.1	49.1	49.1	1745,385,22,7	223.7	39.4813764	73.5951134	5107.7
4283	245.3	245.3	248.3	265,54,12,11	223.7	39.4813763	73.5951096	5107.5
4284	575.6	575.6	575.6	923,947,7,14	223.7	39.4814212	73.5953905	5107.6
4285	200.2	198.2	203.2	787,0,13,16	223.5	39.4813769	73.5951105	5107.6
4286	385.4	385.4	385.4	1847,716,6,19	223.5	39.4813794	73.5951065	5107.6
4287	50.1	50.1	51.1	1737,249,6,14	223.4	39.4813761	73.5951133	5107.7
4288	126.1	126.1	126.1	1389,911,7,17	223.4	39.4813758	73.5951120	5107.6
4289	229.3	229.3	229.3	35,802,4,15	223.4	39.4813776	73.5951100	5107.6
4290	349.4	348.4	349.4	1841,75,6,12	223.4	39.4813791	73.5951063	5107.6
4291	416.5	416.5	416.5	1911,915,9,14	223.4	39.4813786	73.5951061	5107.5
4292	205.2	205.2	207.2	617,929,4,16	223.3	39.4813770	73.5951105	5107.6
4293	340.4	340.4	341.4	1789,91,20,4	223.3	39.4813790	73.5951065	5107.5
4294	343.4	342.4	343.4	185,951,8,10	223.3	39.4813790	73.5951065	5107.5
4295	385.4	385.4	385.4	792,415,9,12	223.3	39.4813794	73.5951065	5107.6
4296	775.9	762.9	780.9	757,337,8,9	223.3	39.4814240	73.5953875	5107.6
4297	468.5	468.5	468.5	1192,707,12,12	223.2	39.4813779	73.5951055	5107.6
4298	156.2	156.2	159.2	809,355,16,8	223.1	39.4813766	73.5951105	5107.6
4299	404.5	403.5	404.5	929,969,8,8	223.1	39.4813793	73.5951061	5107.5
4300	404.5	404.5	404.5	1153,561,7,10	223.1	39.4813793	73.5951061	5107.5
4301	363.4	363.4	363.4	1825,1025,8,16	222.9	39.4813795	73.5951068	5107.6
4302	645.7	645.7	645.7	459,529,6,15	222.9	39.4814222	73.5953892	5107.6
4303	255.3	255.3	256.3	33,699,6,14	222.8	39.4813771	73.5951089	5107.6
4304	483.5	483.5	483.5	1025,547,14,6	222.8	39.4813772	73.5951047	5107.6
4305	125.1	125.1	125.1	177,0,16,9	222.7	39.4813757	73.5951120	5107.6
4306	298.3	297.3	299.3	1831,1009,10,16	222.7	39.4813778	73.5951076	5107.5
4307	619.7	619.7	619.7	769,97,10,8	222.7	39.4814217	73.5953893	5107.6
4308	373.4	373.4	373.4	1889,191,13,8	222.6	39.4813791	73.5951060	5107.6
4309	673.8	673.8	673.8	259,539,12,5	222.6	39.4814224	73.5953893	5107.6
4310	619.7	619.7	620.7	529,1009,14,6	222.4	39.4814217	73.5953893	5107.6
4311	178.2	178.2	182.2	745,421,8,12	222.3	39.4813759	73.5951109	5107.6
4312	453.5	453.5	453.5	1793,321,12,6	222.3	39.4813784	73.5951057	5107.6
4313	550.6	550.6	550.6	869,877,6,14	222.3	39.4814217	73.5953911	5107.6
4314	551.6	551.6	551.6	65,849,12,15	222.3	39.4814216	73.5953909	5107.6
4315	235.3	235.3	235.3	753,13,12,12	222.2	39.4813779	73.5951104	5107.5
4316	104.1	104.1	104.1	1620,437,9,12	222.0	39.4813758	73.5951116	5107.6
4317	230.3	230.3	230.3	110,609,9,10	222.0	39.4813776	73.5951101	5107.6
4318	362.4	362.4	362.4	1865,762,8,9	221.9	39.4813795	73.5951068	5107.6
4319	197.2	197.2	197.2	449,849,6,15	221.7	39.4813768	73.5951105	5107.6
4320	482.5	482.5	482.5	295,201,17,8	221.7	39.4813772	73.5951048	5107.6
4321	240.3	240.3	243.3	1003,470,6,13	221.6	39.4813771	73.5951100	5107.5
4322	496.6	496.6	496.6	1776,205,9,12	221.6	39.4813770	73.5951045	5107.6
4323	558.6	558.6	558.6	852,17,13,6	221.5	39.4814208	73.5953899	5107.6
4324	339.4	339.4	339.4	1041,1030,10,7	221.4	39.4813791	73.5951066	5107.5
4325	236.3	236.3	236.3	1275,13,16,6	221.3	39.4813778	73.5951104	5107.5
4326	559.6	559.6	560.6	153,741,10,8	221.3	39.4814207	73.5953899	5107.6
4327	140.2	138.2	140.2	75,177,16,8	221.2	39.4813760	73.5951114	5107.6
4328	236.3	236.3	236.3	69,977,4,17	221.2	39.4813778	73.5951104	5107.5
4329	438.5	438.5	438.5	582,7,11,10	221.2	39.4813783	73.5951061	5107.6
4330	403.5	403.5	403.5	1861,961,12,6	220.7	39.4813791	73.5951061	5107.6
4331	407.5	406.5	407.5	1831,326,6,10	220.7	39.4813794	73.5951059	5107.6
4332	552.6	552.6	552.6	53,577,12,10	220.7	39.4814213	73.5953907	5107.6
4333	739.8	739.8	742.8	1050,1003,19,4	220.7	39.4814240	73.5953887	5107.6
4334	312.4	312.4	312.4	529,1011,12,14	220.4	39.4813778	73.5951069	5107.6
4335	154.2	154.2	158.2	267,513,12,10	220.3	39.4813766	73.5951106	5107.6
4336	256.3	255.3	256.3	441,411,8,16	220.3	39.4813770	73.5951090	5107.6
4337	268.3	268.3	268.3	153,497,8,8	220.3	39.4813776	73.5951084	5107.6
4338	320.4	320.4	320.4	1337,109,8,8	220.3	39.4813786	73.5951069	5107.6
4339	383.4	383.4	383.4	373,1033,10,8	220.3	39.4813796	73.5951063	5107.6
4340	435.5	435.5	435.5	745,293,14,6	220.3	39.4813782	73.5951061	5107.6
4341	691.8	691.8	691.8	105,155,16,8	220.3	39.4814227	73.5953890	5107.6
4342	271.3	271.3	271.3	1050,25,17,10	220.2	39.4813774	73.5951084	5107.6
4343	665.7	665.7	669.8	1167,71,28,7	220.2	39.4814224	73.5953890	5107.6
4344	444.5	440.5	444.5	1793,977,8,8	220.0	39.4813788	73.5951059	5107.6
4345	122.1	122.1	122.1	1515,495,7,10	219.9	39.4813759	73.5951118	5107.6
4346	139.2	139.2	139.2	1265,61,16,4	219.8	39.4813758	73.5951116	5107.6
4347	322.4	322.4	322.4	368,275,7,12	219.8	39.4813785	73.5951072	5107.5
4348	385.4	385.4	385.4	353,855,16,9	219.8	39.4813794	73.5951065	5107.6
4349	533.6	533.6	533.6	1203,615,17,8	219.8	39.4814227	73.5953917	5107.6
4350	694.8	694.8	694.8	1209,311,24,6	219.7	39.4814230	73.5953888	5107.6
4351	193.2	193.2	193.2	189,986,8,18	219.6	39.4813766	73.5951107	5107.6
4352	20.0	20.0	20.0	1735,83,10,8	219.5	39.4813761	73.5951134	5107.7
4353	277.3	277.3	277.3	1917,42,3,35	219.5	39.4813781	73.5951084	5107.5
4354	221.2	221.2	221.2	393,606,8,19	219.4	39.4813768	73.5951101	5107.6
4355	278.3	278.3	278.3	897,795,8,14	219.4	39.4813779	73.5951084	5107.5
4356	761.9	761.9	761.9	387,692,12,8	219.4	39.4814229	73.5953879	5107.6
4357	214.2	214.2	220.2	97,1047,8,14	219.3	39.4813768	73.5951101	5107.6
4358	299.3	299.3	299.3	417,259,15,6	219.3	39.4813779	73.5951076	5107.5
4359	229.3	229.3	230.3	197,133,10,12	219.2	39.4813776	73.5951100	5107.6
4360	184.2	184.2	184.2	587,53,10,16	219.0	39.4813762	73.5951110	5107.6
4361	378.4	378.4	378.4	1570,436,10,10	219.0	39.4813793	73.5951061	5107.6
4362	354.4	347.4	354.4	229,737,8,8	218.9	39.4813792	73.5951062	5107.6
4363	372.4	372.4	375.4	1767,679,8,10	218.9	39.4813790	73.5951059	5107.6
4364	483.5	483.5	483.5	0,519,13,8	218.9	39.4813772	73.5951047	5107.6
4365	735.8	735.8	735.8	1899,998,6,19	218.9	39.4814236	73.5953889	5107.6
4366	18.0	18.0	20.0	1811,17,12,10	218.8	39.4813760	73.5951134	5107.7
4367	132.1	129.1	138.2	549,273,6,16	218.8	39.4813762	73.5951115	5107.6
4368	260.3	260.3	260.3	9,605,9,16	218.8	39.4813772	73.5951091	5107.6
4369	484.5	484.5	484.5	227,1010,14,5	218.8	39.4813773	73.5951048	5107.6
4370	533.6	533.6	533.6	1865,97,12,14	218.8	39.4814227	73.5953917	5107.6
4371	683.8	683.8	683.8	1733,457,10,10	218.6	39.4814225	73.5953887	5107.6
4372	91.1	91.1	91.1	163,513,8,10	218.4	39.4813757	73.5951115	5107.7
4373	217.2	217.2	217.2	113,993,4,16	218.4	39.4813770	73.5951100	5107.6
4374	283.3	283.3	283.3	236,583,9,12	218.4	39.4813776	73.5951082	5107.6
4375	416.5	416.5	416.5	1027,819,12,12	218.4	39.4813786	73.5951061	5107.5
4376	78.1	77.1	78.1	1265,0,12,9	218.3	39.4813763	73.5951119	5107.7
4377	293.3	293.3	293.3	1073,21,12,10	218.3	39.4813781	73.5951077	5107.6
4378	85.1	85.1	85.1	1363,715,14,5	218.2	39.4813755	73.5951119	5107.7
4379	694.8	694.8	694.8	1170,741,9,8	218.2	39.4814230	73.5953888	5107.6
4380	723.8	723.8	723.8	0,1019,17,6	218.2	39.4814234	73.5953890	5107.6
4381	104.1	104.1	104.1	17,697,8,13	218.1	39.4813758	73.5951116	5107.6
4382	178.2	178.2	178.2	717,69,11,8	218.0	39.4813759	73.5951109	5107.6
4383	231.3	231.3	231.3	329,585,6,16	218.0	39.4813777	73.5951101	5107.6
4384	434.5	433.5	434.5	716,589,9,12	218.0	39.4813782	73.5951061	5107.6
4385	219.2	219.2	220.2	418,305,5,14	217.9	39.4813770	73.5951101	5107.6
4386	378.4	378.4	382.4	1323,835,6,12	217.8	39.4813793	73.5951061	5107.6
4387	223.3	223.3	223.3	0,643,7,10	217.6	39.4813770	73.5951099	5107.6
4388	225.3	225.3	226.3	0,134,9,9	217.5	39.4813771	73.5951099	5107.6
4389	59.1	59.1	59.1	1487,669,10,11	217.4	39.4813766	73.5951127	5107.7
4390	403.5	403.5	403.5	1570,789,7,8	217.4	39.4813791	73.5951061	5107.6
4391	573.6	573.6	573.6	1394,219,15,6	217.4	39.4814214	73.5953909	5107.6
4392	428.5	428.5	428.5	495,939,10,6	217.3	39.4813790	73.5951057	5107.6
4393	624.7	624.7	624.7	929,1019,16,6	217.3	39.4814215	73.5953888	5107.6
4394	444.5	444.5	444.5	1417,917,14,8	217.2	39.4813788	73.5951059	5107.6
4395	479.5	479.5	479.5	547,161,20,4	217.2	39.4813772	73.5951047	5107.6
4396	522.6	522.6	522.6	1473,241,8,8	217.2	39.4814223	73.5953919	5107.6
4397	477.5	477.5	477.5	1332,898,20,7	217.1	39.4813775	73.5951050	5107.6
4398	459.5	459.5	459.5	3,97,7,14	217.0	39.4813786	73.5951058	5107.6
4399	77.1	75.1	77.1	1753,95,6,16	216.9	39.4813761	73.5951120	5107.7
4400	223.3	223.3	224.3	629,118,12,9	216.9	39.4813770	73.5951099	5107.6
4401	703.8	703.8	703.8	1157,1049,8,8	216.9	39.4814228	73.5953888	5107.6
4402	81.1	81.1	81.1	1865,427,4,20	216.8	39.4813760	73.5951120	5107.7
4403	117.1	117.1	118.1	198,85,7,26	216.8	39.4813763	73.5951119	5107.6
4404	769.9	767.9	773.9	993,241,8,9	216.7	39.4814239	73.5953877	5107.6
4405	622.7	622.7	622.7	609,1041,6,18	216.6	39.4814215	73.5953888	5107.6
4406	97.1	97.1	97.1	169,5,10,12	216.5	39.4813764	73.5951114	5107.6
4407	274.3	272.3	274.3	1861,983,8,16	216.5	39.4813776	73.5951085	5107.5
4408	710.8	707.8	710.8	1853,561,10,6	216.5	39.4814228	73.5953889	5107.6
4409	260.3	257.3	260.3	129,416,8,17	216.4	39.4813772	73.5951091	5107.6
4410	735.8	734.8	735.8	962,535,10,8	216.4	39.4814236	73.5953889	5107.6
4411	114.1	113.1	115.1	513,674,12,13	216.3	39.4813761	73.5951121	5107.6
4412	499.6	498.6	499.6	1769,715,8,9	216.3	39.4813773	73.5951045	5107.6
4413	781.9	779.9	782.9	587,193,6,13	216.3	39.4814235	73.5953876	5107.6
4414	315.4	314.4	315.4	1893,735,6,14	216.2	39.4813783	73.5951067	5107.5
4415	63.1	62.1	63.1	1085,49,14,4	216.1	39.4813766	73.5951126	5107.7
4416	567.6	567.6	567.6	997,865,8,8	216.1	39.4814210	73.5953907	5107.6
4417	175.2	175.2	176.2	5,1018,12,11	215.9	39.4813759	73.5951109	5107.6
4418	270.3	269.3	270.3	581,49,10,8	215.9	39.4813774	73.5951085	5107.5
4419	382.4	382.4	383.4	888,47,9,8	215.9	39.4813795	73.5951064	5107.6
4420	688.8	688.8	688.8	1777,435,14,9	215.9	39.4814229	73.5953890	5107.6
4421	126.1	126.1	126.1	32,595,9,14	215.8	39.4813758	73.5951120	5107.6
4422	148.2	146.2	148.2	13,199,10,10	215.8	39.4813765	73.5951109	5107.6
4423	212.2	212.2	212.2	849,107,16,4	215.8	39.4813768	73.5951103	5107.6
4424	259.3	258.3	259.3	195,977,4,15	215.8	39.4813771	73.5951092	5107.6
4425	781.9	781.9	781.9	803,513,8,14	215.7	39.4814235	73.5953876	5107.6
4426	286.3	286.3	286.3	1258,513,7,14	215.5	39.4813774	73.5951079	5107.5
4427	744.8	744.8	748.8	0,449,7,13	215.4	39.4814232	73.5953882	5107.6
4428	795.9	788.9	795.9	1683,843,14,11	215.4	39.4814244	73.5953876	5107.6
4429	425.5	425.5	425.5	864,852,8,9	215.3	39.4813789	73.5951060	5107.5
4430	81.1	81.1	81.1	1309,259,18,6	215.2	39.4813760	73.5951120	5107.7
4431	438.5	438.5	438.5	1533,0,18,3	215.2	39.4813783	73.5951061	5107.6
4432	324.4	321.4	324.4	1105,513,16,11	215.1	39.4813783	73.5951070	5107.5
4433	436.5	436.5	436.5	589,678,12,7	215.1	39.4813781	73.5951060	5107.6
4434	793.9	790.9	793.9	293,467,6,14	215.1	39.4814240	73.5953877	5107.6
4435	106.1	105.1	106.1	89,601,6,16	214.9	39.4813759	73.5951120	5107.6
4436	429.5	429.5	429.5	1009,665,12,12	214.8	39.4813787	73.5951058	5107.6
4437	225.3	225.3	226.3	195,1059,6,12	214.7	39.4813771	73.5951099	5107.6
4438	412.5	412.5	412.5	1295,89,16,4	214.7	39.4813790	73.5951060	5107.5
4439	535.6	535.6	535.6	747,177,12,6	214.7	39.4814226	73.5953919	5107.6
4440	215.2	215.2	218.2	165,388,4,15	214.6	39.4813767	73.5951102	5107.6
4441	116.1	116.1	116.1	99,339,8,10	214.5	39.4813763	73.5951119	5107.6
4442	266.3	262.3	269.3	445,513,8,8	214.5	39.4813776	73.5951087	5107.6
4443	574.6	574.6	574.6	517,1007,4,18	214.5	39.4814212	73.5953908	5107.6
4444	769.9	769.9	777.9	1465,5,8,8	214.5	39.4814239	73.5953877	5107.6
4445	157.2	157.2	157.2	841,36,24,5	214.4	39.4813766	73.5951106	5107.6
4446	500.6	500.6	500.6	1885,441,8,11	214.4	39.4813772	73.5951044	5107.6
4447	20.0	20.0	20.0	1703,577,6,10	214.3	39.4813761	73.5951134	5107.7
4448	246.3	246.3	246.3	1883,1025,8,8	214.3	39.4813764	73.5951095	5107.6
4449	384.4	384.4	384.4	1833,745,10,11	214.3	39.4813795	73.5951065	5107.6
4450	298.3	298.3	298.3	1573,665,10,16	214.2	39.4813778	73.5951076	5107.5
4451	791.9	791.9	791.9	710,938,10,12	214.2	39.4814238	73.5953875	5107.6
4452	105.1	105.1	105.1	1625,499,6,14	214.0	39.4813758	73.5951120	5107.6
4453	420.5	420.5	420.5	1473,277,8,7	214.0	39.4813787	73.5951061	5107.6
4454	620.7	620.7	620.7	1175,805,10,8	214.0	39.4814217	73.5953891	5107.6
4455	5.0	4.0	5.0	1851,0,16,3	213.9	39.4813759	73.5951135	5107.7
4456	116.1	116.1	116.1	122,463,9,13	213.9	39.4813763	73.5951119	5107.6
4457	295.3	295.3	295.3	1241,37,10,10	213.9	39.4813780	73.5951076	5107.6
4458	227.3	227.3	227.3	145,241,12,7	213.8	39.4813771	73.5951102	5107.5
4459	319.4	319.4	331.4	401,49,10,16	213.8	39.4813785	73.5951069	5107.6
4460	716.8	716.8	716.8	1747,27,14,6	213.8	39.4814232	73.5953892	5107.6
4461	271.3	271.3	271.3	1609,697,8,16	213.7	39.4813774	73.5951084	5107.6
4462	300.3	299.3	303.3	1837,81,12,8	213.7	39.4813779	73.5951074	5107.6
4463	385.4	385.4	385.4	816,605,15,7	213.7	39.4813794	73.5951065	5107.6
4464	633.7	633.7	633.7	1747,313,13,14	213.7	39.4814225	73.5953887	5107.6
4465	401.5	401.5	401.5	499,145,14,6	213.6	39.4813789	73.5951060	5107.6
4466	384.4	384.4	384.4	907,127,8,8	213.5	39.4813795	73.5951065	5107.6
4467	633.7	633.7	633.7	17,1027,6,11	213.5	39.4814225	73.5953887	5107.6
4468	329.4	329.4	331.4	1633,928,11,12	213.4	39.4813783	73.5951071	5107.5
4469	659.7	659.7	659.7	609,1041,9,7	213.3	39.4814223	73.5953891	5107.6
4470	202.2	202.2	202.2	985,971,14,6	213.2	39.4813771	73.5951104	5107.6
4471	235.3	235.3	235.3	378,307,13,8	213.1	39.4813779	73.5951104	5107.5
4472	573.6	573.6	573.6	1697,409,8,8	213.1	39.4814214	73.5953909	5107.6
4473	723.8	723.8	723.8	1178,5,7,11	213.0	39.4814234	73.5953890	5107.6
4474	350.4	346.4	350.4	691,403,12,7	212.8	39.4813791	73.5951063	5107.6
4475	459.5	459.5	459.5	476,454,7,11	212.8	39.4813786	73.5951058	5107.6
4476	262.3	261.3	263.3	563,195,14,10	212.7	39.4813775	73.5951089	5107.5
4477	793.9	793.9	793.9	17,953,10,8	212.7	39.4814240	73.5953877	5107.6
4478	260.3	257.3	260.3	881,71,14,18	212.6	39.4813772	73.5951091	5107.6
4479	438.5	438.5	438.5	552,68,8,12	212.6	39.4813783	73.5951061	5107.6
4480	476.5	476.5	476.5	873,296,8,9	212.6	39.4813773	73.5951051	5107.6
4481	155.2	155.2	155.2	36,1002,10,7	212.5	39.4813765	73.5951106	5107.6
4482	568.6	568.6	568.6	808,5,8,11	212.5	39.4814214	73.5953908	5107.6
4483	163.2	160.2	163.2	633,20,8,19	212.3	39.4813763	73.5951106	5107.6
4484	217.2	217.2	217.2	0,366,9,9	212.3	39.4813770	73.5951100	5107.6
4485	549.6	549.6	549.6	1897,97,8,8	212.3	39.4814219	73.5953912	5107.6
4486	426.5	426.5	426.5	29,169,19,8	212.1	39.4813790	73.5951058	5107.6
4487	67.1	67.1	67.1	1571,121,12,6	212.0	39.4813767	73.5951122	5107.7
4488	276.3	274.3	276.3	139,309,18,8	212.0	39.4813781	73.5951084	5107.5
4489	293.3	292.3	293.3	1767,801,6,16	212.0	39.4813781	73.5951077	5107.6
4490	208.2	207.2	208.2	441,691,6,12	211.9	39.4813769	73.5951103	5107.6
4491	456.5	456.5	456.5	577,561,16,4	211.9	39.4813784	73.5951058	5107.6
4492	187.2	186.2	187.2	505,37,12,12	211.7	39.4813764	73.5951109	5107.6
4493	230.3	228.3	230.3	339,673,8,16	211.7	39.4813776	73.5951101	5107.6
4494	522.6	522.6	522.6	503,903,12,14	211.7	39.4814223	73.5953919	5107.6
4495	785.9	784.9	791.9	487,481,8,8	211.7	39.4814233	73.5953872	5107.6
4496	128.1	128.1	128.1	389,177,6,16	211.6	39.4813759	73.5951119	5107.6
4497	522.6	522.6	522.6	540,657,17,6	211.5	39.4814223	73.5953919	5107.6
4498	442.5	442.5	442.5	1121,291,16,6	211.4	39.4813785	73.5951059	5107.6
4499	755.8	755.8	755.8	1380,962,13,6	211.4	39.4814231	73.5953882	5107.6
4500	349.4	349.4	349.4	1915,66,5,13	211.3	39.4813791	73.5951063	5107.6
4501	701.8	701.8	701.8	1329,461,10,12	211.3	39.4814228	73.5953889	5107.6
4502	133.1	133.1	133.1	703,195,16,6	211.2	39.4813762	73.5951116	5107.6
4503	331.4	330.4	332.4	1841,17,12,6	211.2	39.4813787	73.5951072	5107.5
4504	349.4	348.4	349.4	1811,671,4,18	211.2	39.4813791	73.5951063	5107.6
4505	781.9	777.9	781.9	442,227,10,14	211.2	39.4814235	73.5953876	5107.6
4506	272.3	272.3	272.3	699,121,14,10	211.1	39.4813774	73.5951083	5107.6
4507	382.4	382.4	382.4	1233,1061,14,4	211.1	39.4813795	73.5951064	5107.6
4508	709.8	709.8	710.8	1811,410,12,7	211.1	39.4814226	73.5953890	5107.6
4509	319.4	319.4	319.4	1059,17,12,8	210.8	39.4813785	73.5951069	5107.6
4510	537.6	537.6	537.6	990,491,6,13	210.8	39.4814228	73.5953917	5107.6
4511	110.1	110.1	110.1	49,337,12,8	210.7	39.4813758	73.5951122	5107.6
4512	779.9	777.9	779.9	659,0,13,5	210.7	39.4814234	73.5953875	5107.6
4513	91.1	90.1	91.1	557,909,3,26	210.5	39.4813757	73.5951115	5107.7
4514	377.4	377.4	377.4	657,1035,16,6	210.5	39.4813792	73.5951062	5107.6
4515	6.0	3.0	11.0	1788,539,5,17	210.4	39.4813759	73.5951133	5107.7
4516	215.2	215.2	215.2	309,668,4,20	210.4	39.4813767	73.5951102	5107.6
4517	285.3	285.3	285.3	83,931,6,15	210.4	39.4813775	73.5951080	5107.6
4518	433.5	433.5	433.5	912,19,15,9	210.4	39.4813782	73.5951060	5107.6
4519	143.2	143.2	143.2	1145,743,8,6	210.3	39.4813762	73.5951113	5107.6
4520	299.3	299.3	300.3	53,833,4,16	210.2	39.4813779	73.5951076	5107.5
4521	488.5	488.5	489.6	1863,361,10,10	210.2	39.4813770	73.5951045	5107.6
4522	754.8	754.8	754.8	1849,881,8,10	210.2	39.4814231	73.5953882	5107.6
4523	259.3	257.3	259.3	503,429,6,12	210.1	39.4813771	73.5951092	5107.6
4524	6.0	6.0	6.0	1725,528,6,21	210.0	39.4813759	73.5951133	5107.7
4525	279.3	279.3	279.3	297,27,16,4	210.0	39.4813779	73.5951082	5107.6
4526	22.0	22.0	22.0	1837,541,7,14	209.9	39.4813760	73.5951135	5107.7
4527	70.1	69.1	71.1	50,1053,7,14	209.9	39.4813763	73.5951123	5107.7
4528	136.2	132.1	136.2	631,513,10,6	209.9	39.4813762	73.5951116	5107.6
4529	262.3	261.3	263.3	17,341,6,15	209.9	39.4813775	73.5951089	5107.5
4530	481.5	481.5	481.5	1496,1063,13,8	209.9	39.4813771	73.5951047	5107.6
4531	673.8	673.8	673.8	1314,39,7,12	209.9	39.4814224	73.5953893	5107.6
4532	38.0	37.0	40.0	1579,635,10,12	209.8	39.4813763	73.5951133	5107.7
4533	95.1	93.1	95.1	1477,891,10,14	209.8	39.4813762	73.5951115	5107.6
4534	128.1	128.1	128.1	1549,329,10,8	209.8	39.4813759	73.5951119	5107.6
4535	250.3	247.3	250.3	818,797,5,18	209.8	39.4813769	73.5951093	5107.5
4536	78.1	78.1	80.1	1833,289,8,16	209.7	39.4813763	73.5951119	5107.7
4537	178.2	178.2	178.2	71,329,8,12	209.7	39.4813759	73.5951109	5107.6
4538	48.1	48.1	48.1	1249,1053,8,14	209.6	39.4813762	73.5951135	5107.7
4539	164.2	164.2	166.2	457,639,12,6	209.5	39.4813763	73.5951106	5107.6
4540	234.3	234.3	234.3	450,595,5,12	209.5	39.4813780	73.5951105	5107.6
4541	373.4	373.4	373.4	1169,1060,8,13	209.5	39.4813791	73.5951060	5107.6
4542	790.9	790.9	790.9	113,721,6,14	209.5	39.4814237	73.5953875	5107.6
4543	492.6	492.6	492.6	193,645,8,12	209.4	39.4813770	73.5951048	5107.6
4544	549.6	549.6	549.6	630,937,8,8	209.4	39.4814219	73.5953912	5107.6
4545	285.3	285.3	285.3	1853,520,9,11	209.3	39.4813775	73.5951080	5107.6
4546	781.9	777.9	781.9	875,361,12,6	209.3	39.4814235	73.5953876	5107.6
4547	681.8	680.8	682.8	1793,166,12,7	209.2	39.4814225	73.5953886	5107.6
4548	750.8	743.8	750.8	1777,955,8,8	209.2	39.4814231	73.5953881	5107.6
4549	655.7	655.7	655.7	1139,51,10,10	209.0	39.4814222	73.5953891	5107.6
4550	729.8	729.8	729.8	777,53,8,16	209.0	39.4814235	73.5953890	5107.6
4551	192.2	192.2	192.2	689,347,6,10	208.9	39.4813767	73.5951107	5107.6
4552	252.3	252.3	252.3	431,561,8,8	208.9	39.4813770	73.5951092	5107.6
4553	254.3	254.3	254.3	777,105,10,6	208.9	39.4813770	73.5951089	5107.6
4554	201.2	201.2	205.2	792,289,9,16	208.8	39.4813770	73.5951106	5107.6
4555	222.2	222.2	222.2	977,151,16,8	208.8	39.4813768	73.5951101	5107.6
4556	311.4	311.4	311.4	1147,331,6,16	208.8	39.4813779	73.5951069	5107.6
4557	385.4	385.4	385.4	546,355,6,12	208.8	39.4813794	73.5951065	5107.6
4558	766.9	766.9	766.9	945,0,6,11	208.8	39.4814237	73.5953877	5107.6
4559	325.4	325.4	325.4	863,11,10,6	208.7	39.4813783	73.5951071	5107.5
4560	439.5	439.5	442.5	1433,915,6,11	208.7	39.4813783	73.5951061	5107.6
4561	70.1	67.1	70.1	289,153,18,10	208.6	39.4813763	73.5951123	5107.7
4562	90.1	90.1	90.1	899,19,18,10	208.6	39.4813756	73.5951114	5107.7
4563	107.1	105.1	107.1	75,707,6,14	208.6	39.4813759	73.5951121	5107.6
4564	155.2	147.2	155.2	465,5,8,12	208.6	39.4813765	73.5951106	5107.6
4565	231.3	231.3	231.3	433,59,18,6	208.6	39.4813777	73.5951101	5107.6
4566	79.1	79.1	79.1	1713,761,8,12	208.5	39.4813762	73.5951119	5107.6
4567	163.2	163.2	163.2	1009,257,10,12	208.4	39.4813763	73.5951106	5107.6
4568	307.3	306.3	308.3	873,1071,8,9	208.4	39.4813779	73.5951069	5107.5
4569	725.8	725.8	725.8	171,1059,6,12	208.4	39.4814234	73.5953890	5107.6
4570	164.2	164.2	164.2	435,145,8,16	208.3	39.4813763	73.5951106	5107.6
4571	506.6	505.6	509.6	1270,929,5,14	208.3	39.4813768	73.5951058	5107.6
4572	82.1	82.1	82.1	1825,1037,12,6	208.2	39.4813757	73.5951121	5107.7
4573	91.1	91.1	91.1	965,1035,12,6	208.2	39.4813757	73.5951115	5107.7
4574	204.2	204.2	204.2	213,449,8,16	208.2	39.4813770	73.5951104	5107.6
4575	449.5	447.5	449.5	0,1011,15,4	208.2	39.4813782	73.5951059	5107.6
4576	504.6	500.6	505.6	275,885,10,12	208.2	39.4813770	73.5951045	5107.6
4577	703.8	703.8	703.8	1485,0,4,14	208.0	39.4814228	73.5953888	5107.6
4578	217.2	217.2	217.2	315,935,6,10	207.9	39.4813770	73.5951100	5107.6
4579	729.8	729.8	729.8	1739,1077,20,3	207.9	39.4814235	73.5953890	5107.6
4580	170.2	170.2	170.2	33,951,8,10	207.8	39.4813761	73.5951109	5107.6
4581	286.3	286.3	286.3	217,633,5,16	207.8	39.4813774	73.5951079	5107.5
4582	711.8	711.8	711.8	1912,583,8,10	207.8	39.4814229	73.5953890	5107.6
4583	444.5	444.5	444.5	821,43,20,4	207.7	39.4813788	73.5951059	5107.6
4584	533.6	533.6	533.6	339,833,4,14	207.7	39.4814227	73.5953917	5107.6
4585	626.7	626.7	626.7	1863,1011,10,14	207.7	39.4814216	73.5953887	5107.6
4586	73.1	71.1	73.1	1224,691,15,4	207.6	39.4813760	73.5951123	5107.7
4587	52.1	52.1	53.1	1455,945,11,8	207.5	39.4813759	73.5951133	5107.7
4588	375.4	375.4	375.4	1499,928,6,13	207.5	39.4813793	73.5951062	5107.6
4589	444.5	444.5	444.5	913,721,8,12	207.5	39.4813788	73.5951059	5107.6
4590	233.3	233.3	233.3	377,1001,4,18	207.4	39.4813780	73.5951106	5107.6
4591	691.8	690.8	691.8	213,165,19,7	207.4	39.4814227	73.5953890	5107.6
4592	216.2	216.2	216.2	1675,624,12,17	207.3	39.4813767	73.5951100	5107.6
4593	314.4	314.4	314.4	1789,997,4,18	207.3	39.4813783	73.5951067	5107.5
4594	209.2	209.2	209.2	913,0,12,9	207.0	39.4813769	73.5951104	5107.6
4595	244.3	244.3	244.3	1317,9,10,12	207.0	39.4813765	73.5951098	5107.5
4596	77.1	77.1	77.1	1809,235,8,8	206.9	39.4813761	73.5951120	5107.7
4597	484.5	484.5	484.5	177,833,8,8	206.9	39.4813773	73.5951048	5107.6
4598	78.1	78.1	78.1	1749,37,12,8	206.8	39.4813763	73.5951119	5107.7
4599	551.6	551.6	551.6	40,57,9,8	206.7	39.4814216	73.5953909	5107.6
4600	619.7	619.7	619.7	321,689,16,7	206.7	39.4814217	73.5953893	5107.6
4601	297.3	297.3	297.3	1311,59,16,6	206.6	39.4813778	73.5951075	5107.5
4602	315.4	315.4	315.4	1898,528,5,19	206.6	39.4813783	73.5951067	5107.5
4603	195.2	195.2	195.2	1113,0,16,7	206.5	39.4813769	73.5951105	5107.6
4604	174.2	170.2	174.2	273,65,5,14	206.4	39.4813763	73.5951106	5107.6
4605	336.4	334.4	339.4	1863,227,10,10	206.4	39.4813789	73.5951068	5107.5
4606	430.5	430.5	430.5	739,355,12,12	206.4	39.4813785	73.5951060	5107.6
4607	271.3	271.3	271.3	385,1065,14,6	206.3	39.4813774	73.5951084	5107.6
4608	707.8	707.8	709.8	1537,921,8,8	206.3	39.4814224	73.5953887	5107.6
4609	550.6	550.6	550.6	505,681,4,16	206.2	39.4814217	73.5953911	5107.6
4610	169.2	169.2	169.2	103,413,10,12	206.1	39.4813761	73.5951108	5107.6
4611	339.4	339.4	339.4	697,233,12,8	206.0	39.4813791	73.5951066	5107.5
4612	483.5	483.5	483.5	1429,374,10,8	206.0	39.4813772	73.5951047	5107.6
4613	218.2	218.2	218.2	52,433,13,16	205.8	39.4813771	73.5951100	5107.6
4614	534.6	534.6	534.6	1289,131,8,14	205.8	39.4814227	73.5953918	5107.6
4615	520.6	519.6	520.6	1875,805,14,8	205.7	39.4814225	73.5953929	5107.6
4616	91.1	91.1	91.1	201,633,4,16	205.6	39.4813757	73.5951115	5107.7
4617	76.1	75.1	76.1	1721,0,16,5	205.5	39.4813761	73.5951119	5107.7
4618	228.3	228.3	228.3	1183,123,10,6	205.5	39.4813772	73.5951102	5107.6
4619	521.6	521.6	521.6	1299,133,7,12	205.5	39.4814225	73.5953923	5107.6
4620	617.7	617.7	617.7	1793,153,8,8	205.5	39.4814218	73.5953893	5107.6
4621	90.1	90.1	90.1	1849,257,9,10	205.4	39.4813756	73.5951114	5107.7
4622	161.2	161.2	161.2	247,1049,8,8	205.4	39.4813765	73.5951106	5107.6
4623	229.3	229.3	229.3	131,691,4,14	205.4	39.4813776	73.5951100	5107.6
4624	326.4	322.4	326.4	1781,359,8,10	205.4	39.4813782	73.5951070	5107.5
4625	616.7	616.7	616.7	817,349,8,10	205.4	39.4814218	73.5953894	5107.6
4626	7.0	3.0	7.0	35,460,8,15	205.3	39.4813758	73.5951133	5107.7
4627	79.1	79.1	84.1	1833,1073,8,7	205.3	39.4813762	73.5951119	5107.6
4628	282.3	282.3	282.3	1545,753,8,13	205.2	39.4813777	73.5951082	5107.6
4629	431.5	431.5	431.5	457,227,16,4	205.2	39.4813784	73.5951061	5107.6
4630	314.4	314.4	314.4	75,401,20,4	205.1	39.4813783	73.5951067	5107.5
4631	258.3	258.3	258.3	713,297,16,8	205.0	39.4813771	73.5951092	5107.6
4632	312.4	312.4	312.4	533,104,10,9	205.0	39.4813778	73.5951069	5107.6
4633	426.5	426.5	426.5	29,677,9,9	205.0	39.4813790	73.5951058	5107.6
4634	484.5	484.5	484.5	0,692,15,11	205.0	39.4813773	73.5951048	5107.6
4635	654.7	648.7	654.7	195,571,12,4	204.9	39.4814220	73.5953890	5107.6
4636	694.8	694.8	694.8	691,849,10,6	204.9	39.4814230	73.5953888	5107.6
4637	94.1	94.1	94.1	0,54,7,11	204.8	39.4813761	73.5951115	5107.6
4638	118.1	118.1	118.1	1083,69,15,4	204.8	39.4813762	73.5951120	5107.6
4639	231.3	231.3	231.3	99,497,4,16	204.8	39.4813777	73.5951101	5107.6
4640	401.5	401.5	401.5	1491,273,12,6	204.8	39.4813789	73.5951060	5107.6
4641	87.1	87.1	87.1	953,785,14,8	204.7	39.4813754	73.5951115	5107.6
4642	236.3	236.3	236.3	71,645,10,12	204.7	39.4813778	73.5951104	5107.5
4643	112.1	112.1	114.1	1905,881,8,9	204.6	39.4813758	73.5951122	5107.6
4644	451.5	451.5	451.5	209,0,8,10	204.6	39.4813782	73.5951058	5107.6
4645	189.2	189.2	189.2	541,55,12,10	204.5	39.4813763	73.5951108	5107.6
4646	738.8	738.8	738.8	1783,98,10,15	204.5	39.4814240	73.5953887	5107.6
4647	776.9	776.9	776.9	497,949,8,8	204.4	39.4814239	73.5953876	5107.6
4648	168.2	168.2	168.2	579,537,6,16	204.1	39.4813762	73.5951107	5107.6
4649	498.6	496.6	498.6	1910,279,10,10	203.9	39.4813773	73.5951046	5107.6
4650	621.7	621.7	621.7	691,577,6,16	203.9	39.4814215	73.5953889	5107.6
4651	49.1	49.1	51.1	1665,87,7,10	203.8	39.4813764	73.5951134	5107.7
4652	219.2	219.2	222.2	465,1040,6,15	203.8	39.4813770	73.5951101	5107.6
4653	271.3	271.3	271.3	1891,323,8,14	203.7	39.4813774	73.5951084	5107.6
4654	406.5	406.5	406.5	1121,361,14,6	203.7	39.4813794	73.5951059	5107.6
4655	408.5	408.5	408.5	1755,0,12,5	203.7	39.4813793	73.5951058	5107.6
4656	616.7	616.7	616.7	705,23,14,4	203.7	39.4814218	73.5953894	5107.6
4657	732.8	731.8	732.8	473,725,9,9	203.7	39.4814232	73.5953890	5107.6
4658	114.1	114.1	115.1	1869,951,8,10	203.6	39.4813761	73.5951121	5107.6
4659	192.2	188.2	192.2	41,437,14,8	203.6	39.4813767	73.5951107	5107.6
4660	742.8	741.8	744.8	531,267,20,6	203.6	39.4814238	73.5953885	5107.6
4661	193.2	192.2	194.2	411,185,12,15	203.4	39.4813766	73.5951107	5107.6
4662	201.2	201.2	201.2	377,945,6,14	203.4	39.4813770	73.5951106	5107.6
4663	223.3	223.3	223.3	297,659,8,12	203.4	39.4813770	73.5951099	5107.6
4664	349.4	349.4	349.4	1685,7,6,10	203.4	39.4813791	73.5951063	5107.6
4665	533.6	533.6	535.6	1453,0,8,8	203.4	39.4814227	73.5953917	5107.6
4666	568.6	568.6	568.6	1559,67,14,12	203.4	39.4814214	73.5953908	5107.6
4667	645.7	645.7	645.7	31,869,18,4	203.4	39.4814222	73.5953892	5107.6
4668	143.2	143.2	143.2	13,401,8,12	203.3	39.4813762	73.5951113	5107.6
4669	640.7	640.7	640.7	1700,945,13,6	203.3	39.4814222	73.5953888	5107.6
4670	794.9	793.9	794.9	1819,481,6,13	203.3	39.4814244	73.5953877	5107.6
4671	728.8	727.8	728.8	1803,168,6,9	203.2	39.4814235	73.5953890	5107.6
4672	24.0	24.0	25.0	1817,145,4,16	203.0	39.4813760	73.5951137	5107.7
4673	475.5	475.5	475.5	1399,358,10,9	203.0	39.4813775	73.5951053	5107.6
4674	516.6	516.6	520.6	1899,86,6,13	203.0	39.4814182	73.5953615	5107.6
4675	647.7	647.7	647.7	640,305,14,5	202.9	39.4814218	73.5953891	5107.6
4676	122.1	122.1	122.1	117,102,8,16	202.8	39.4813759	73.5951118	5107.6
4677	232.3	232.3	232.3	107,387,14,12	202.8	39.4813779	73.5951103	5107.6
4678	332.4	332.4	332.4	103,873,10,12	202.8	39.4813788	73.5951071	5107.5
4679	392.4	392.4	392.4	945,241,8,8	202.8	39.4813786	73.5951061	5107.6
4680	215.2	215.2	215.2	361,129,6,12	202.7	39.4813767	73.5951102	5107.6
4681	271.3	271.3	271.3	1484,785,11,10	202.7	39.4813774	73.5951084	5107.6
4682	302.3	302.3	302.3	1675,465,12,14	202.5	39.4813780	73.5951074	5107.6
4683	329.4	325.4	329.4	569,265,8,14	202.5	39.4813783	73.5951071	5107.5
4684	640.7	640.7	640.7	1909,1057,11,16	202.5	39.4814222	73.5953888	5107.6
4685	695.8	695.8	695.8	1794,371,17,8	202.5	39.4814230	73.5953887	5107.6
4686	255.3	255.3	255.3	0,413,5,16	202.4	39.4813771	73.5951089	5107.6
4687	632.7	632.7	632.7	569,1071,8,9	202.4	39.4814222	73.5953884	5107.6
4688	103.1	103.1	103.1	549,173,12,10	202.3	39.4813762	73.5951115	5107.6
4689	240.3	240.3	240.3	1321,1027,9,8	202.3	39.4813771	73.5951100	5107.5
4690	279.3	279.3	279.3	211,779,6,16	202.3	39.4813779	73.5951082	5107.6
4691	487.5	487.5	487.5	789,756,10,11	202.3	39.4813770	73.5951046	5107.6
4692	25.0	25.0	25.0	1703,33,8,16	202.2	39.4813760	73.5951137	5107.7
4693	289.3	289.3	289.3	573,844,11,5	202.2	39.4813777	73.5951080	5107.6
4694	163.2	161.2	163.2	49,90,4,16	202.1	39.4813763	73.5951106	5107.6
4695	422.5	422.5	422.5	1039,929,10,8	202.1	39.4813788	73.5951062	5107.6
4696	34.0	34.0	34.0	1893,145,12,16	202.0	39.4813761	73.5951136	5107.7
4697	122.1	122.1	122.1	1751,505,4,16	202.0	39.4813759	73.5951118	5107.6
4698	156.2	156.2	158.2	353,890,8,15	202.0	39.4813766	73.5951105	5107.6
4699	439.5	439.5	439.5	967,419,8,14	202.0	39.4813783	73.5951061	5107.6
4700	125.1	125.1	127.1	105,57,8,8	201.9	39.4813757	73.5951120	5107.6
4701	160.2	160.2	160.2	401,231,14,6	201.9	39.4813766	73.5951106	5107.6
4702	193.2	193.2	193.2	423,881,6,14	201.9	39.4813766	73.5951107	5107.6
4703	156.2	156.2	157.2	631,91,10,8	201.8	39.4813766	73.5951105	5107.6
4704	197.2	196.2	208.2	89,689,12,12	201.7	39.4813768	73.5951105	5107.6
4705	615.7	615.7	615.7	515,435,16,4	201.7	39.4814218	73.5953893	5107.6
4706	675.8	675.8	675.8	118,107,11,6	201.7	39.4814223	73.5953893	5107.6
4707	24.0	24.0	24.0	1841,835,6,21	201.6	39.4813760	73.5951137	5107.7
4708	243.3	240.3	243.3	665,412,9,11	201.6	39.4813766	73.5951099	5107.5
4709	452.5	451.5	452.5	1475,199,5,18	201.6	39.4813782	73.5951058	5107.6
4710	543.6	543.6	543.6	1656,72,9,9	201.6	39.4814222	73.5953912	5107.6
4711	725.8	725.8	725.8	1067,978,12,6	201.6	39.4814234	73.5953890	5107.6
4712	283.3	283.3	283.3	145,433,4,16	201.4	39.4813776	73.5951082	5107.6
4713	384.4	384.4	384.4	1457,46,14,7	201.4	39.4813795	73.5951065	5107.6
4714	144.2	144.2	144.2	1645,0,10,5	201.3	39.4813762	73.5951113	5107.6
4715	475.5	475.5	475.5	769,357,14,10	201.3	39.4813775	73.5951053	5107.6
4716	734.8	734.8	734.8	1673,814,9,7	201.3	39.4814239	73.5953890	5107.6
4717	649.7	645.7	649.7	1379,1029,12,16	201.2	39.4814215	73.5953887	5107.6
4718	779.9	777.9	780.9	1539,11,12,6	201.2	39.4814234	73.5953875	5107.6
4719	624.7	624.7	624.7	331,1065,6,15	201.1	39.4814215	73.5953888	5107.6
4720	640.7	640.7	640.7	426,163,7,12	201.1	39.4814222	73.5953888	5107.6
4721	21.0	21.0	21.0	801,361,8,8	201.0	39.4813759	73.5951134	5107.7
4722	143.2	143.2	143.2	1775,89,8,10	201.0	39.4813762	73.5951113	5107.6
4723	166.2	166.2	166.2	473,559,6,18	201.0	39.4813763	73.5951107	5107.6
4724	445.5	445.5	448.5	251,443,13,6	201.0	39.4813788	73.5951059	5107.6
4725	402.5	402.5	402.5	822,1059,5,21	200.9	39.4813790	73.5951061	5107.6
4726	315.4	315.4	315.4	953,73,19,6	200.8	39.4813783	73.5951067	5107.5
4727	56.1	53.1	59.1	1097,721,7,16	200.6	39.4813764	73.5951129	5107.7
4728	423.5	423.5	423.5	143,1073,12,7	200.6	39.4813789	73.5951061	5107.6
4729	721.8	721.8	721.8	1713,1063,8,10	200.6	39.4814232	73.5953891	5107.6
4730	125.1	125.1	125.1	65,1025,10,8	200.5	39.4813757	73.5951120	5107.6
4731	232.3	232.3	232.3	1501,65,12,6	200.5	39.4813779	73.5951103	5107.6
4732	245.3	245.3	245.3	570,374,12,8	200.5	39.4813763	73.5951096	5107.5
4733	264.3	264.3	264.3	433,329,8,14	200.5	39.4813778	73.5951088	5107.6
4734	325.4	325.4	325.4	1581,495,10,10	200.5	39.4813783	73.5951071	5107.5
4735	24.0	24.0	25.0	1801,17,8,7	200.4	39.4813760	73.5951137	5107.7
4736	662.7	650.7	662.7	1539,143,14,6	200.3	39.4814223	73.5953892	5107.6
4737	648.7	648.7	648.7	48,561,15,6	200.2	39.4814214	73.5953888	5107.6
4738	82.1	82.1	82.1	1123,584,14,9	200.1	39.4813757	73.5951121	5107.7
4739	681.8	681.8	681.8	1201,1061,15,6	200.1	39.4814225	73.5953886	5107.6
4740	727.8	727.8	728.8	1041,873,8,10	200.0	39.4814235	73.5953889	5107.6
4741	550.6	550.6	550.6	243,549,13,10	199.9	39.4814217	73.5953911	5107.6
4742	774.9	773.9	774.9	80,1053,7,27	199.9	39.4814241	73.5953875	5107.6
4743	88.1	88.1	89.1	785,593,10,8	199.8	39.4813755	73.5951115	5107.6
4744	136.2	136.2	140.2	197,577,8,10	199.8	39.4813762	73.5951116	5107.6
4745	145.2	145.2	145.2	353,19,11,12	199.8	39.4813763	73.5951112	5107.6
4746	147.2	146.2	147.2	537,17,12,10	199.8	39.4813762	73.5951110	5107.6
4747	235.3	235.3	235.3	35,81,14,8	199.8	39.4813779	73.5951104	5107.5
4748	421.5	421.5	421.5	1601,384,10,9	199.8	39.4813788	73.5951062	5107.6
4749	269.3	269.3	269.3	771,141,12,16	199.7	39.4813774	73.5951084	5107.5
4750	255.3	255.3	256.3	129,761,8,8	199.6	39.4813771	73.5951089	5107.6
4751	291.3	291.3	291.3	275,883,6,15	199.6	39.4813778	73.5951078	5107.5
4752	688.8	688.8	688.8	1642,111,7,10	199.6	39.4814229	73.5953890	5107.6
4753	694.8	694.8	694.8	1773,348,10,9	199.6	39.4814230	73.5953888	5107.6
4754	473.5	473.5	473.5	931,354,6,15	199.5	39.4813777	73.5951055	5107.6
4755	482.5	482.5	482.5	1619,548,7,12	199.5	39.4813772	73.5951048	5107.6
4756	499.6	499.6	499.6	1839,513,10,6	199.5	39.4813773	73.5951045	5107.6
4757	286.3	282.3	286.3	1723,811,14,8	199.4	39.4813774	73.5951079	5107.5
4758	647.7	647.7	647.7	185,280,8,9	199.4	39.4814218	73.5953891	5107.6
4759	128.1	128.1	133.1	456,961,3,22	199.3	39.4813759	73.5951119	5107.6
4760	230.3	230.3	234.3	1355,179,16,4	199.3	39.4813776	73.5951101	5107.6
4761	247.3	247.3	247.3	1874,49,11,13	199.3	39.4813764	73.5951095	5107.6
4762	313.4	313.4	313.4	1315,379,20,4	199.3	39.4813781	73.5951068	5107.6
4763	618.7	618.7	618.7	577,837,14,4	199.3	39.4814217	73.5953893	5107.6
4764	791.9	786.9	791.9	1025,83,6,14	199.3	39.4814238	73.5953875	5107.6
4765	119.1	116.1	120.1	360,549,7,12	199.2	39.4813762	73.5951120	5107.6
4766	135.2	135.2	141.2	73,721,8,15	199.1	39.4813763	73.5951116	5107.6
4767	206.2	206.2	206.2	425,371,6,14	199.1	39.4813770	73.5951104	5107.6
4768	425.5	425.5	425.5	87,283,10,11	199.1	39.4813789	73.5951060	5107.5
4769	792.9	792.9	793.9	565,49,16,6	199.1	39.4814239	73.5953875	5107.6
4770	273.3	273.3	273.3	133,884,8,17	199.0	39.4813774	73.5951082	5107.5
4771	278.3	278.3	278.3	641,191,8,10	199.0	39.4813779	73.5951084	5107.5
4772	439.5	439.5	439.5	1083,139,4,17	199.0	39.4813783	73.5951061	5107.6
4773	273.3	272.3	273.3	889,971,10,8	198.9	39.4813774	73.5951082	5107.5
4774	425.5	425.5	425.5	1386,778,7,11	198.9	39.4813789	73.5951060	5107.5
4775	694.8	694.8	694.8	1770,871,7,10	198.9	39.4814230	73.5953888	5107.6
4776	791.9	787.9	791.9	1258,153,13,6	198.9	39.4814238	73.5953875	5107.6
4777	733.8	733.8	733.8	1833,25,18,8	198.8	39.4814236	73.5953890	5107.6
4778	311.4	308.3	311.4	193,957,8,16	198.7	39.4813779	73.5951069	5107.6
4779	756.9	754.8	756.9	1521,777,14,6	198.7	39.4814230	73.5953881	5107.6
4780	179.2	175.2	179.2	500,387,5,12	198.5	39.4813759	73.5951108	5107.6
4781	302.3	302.3	302.3	1471,875,8,11	198.5	39.4813780	73.5951074	5107.6
4782	224.3	224.3	224.3	1891,0,16,5	198.4	39.4813772	73.5951098	5107.6
4783	261.3	261.3	261.3	617,295,11,8	198.4	39.4813773	73.5951091	5107.6
4784	187.2	180.2	188.2	669,161,12,16	198.2	39.4813764	73.5951109	5107.6
4785	322.4	322.4	322.4	1747,225,6,12	198.2	39.4813785	73.5951072	5107.5
4786	665.7	662.7	665.7	167,473,10,8	198.2	39.4814224	73.5953890	5107.6
4787	667.8	667.8	667.8	115,657,14,6	198.2	39.4814228	73.5953891	5107.6
4788	309.3	309.3	310.3	317,225,8,8	198.0	39.4813779	73.5951069	5107.6
4789	397.4	397.4	397.4	777,821,10,8	198.0	39.4813787	73.5951059	5107.6
4790	735.8	734.8	735.8	1121,790,10,7	198.0	39.4814236	73.5953889	5107.6
4791	334.4	334.4	334.4	1451,297,13,7	197.9	39.4813788	73.5951069	5107.5
4792	272.3	271.3	273.3	815,75,12,14	197.8	39.4813774	73.5951083	5107.6
4793	296.3	296.3	296.3	1699,0,10,10	197.8	39.4813779	73.5951075	5107.6
4794	699.8	699.8	699.8	865,719,16,13	197.8	39.4814230	73.5953890	5107.6
4795	104.1	104.1	105.1	1057,475,14,4	197.7	39.4813758	73.5951116	5107.6
4796	735.8	735.8	735.8	0,505,11,8	197.7	39.4814236	73.5953889	5107.6
4797	24.0	24.0	24.0	1573,549,6,16	197.6	39.4813760	73.5951137	5107.7
4798	118.1	117.1	120.1	97,407,8,16	197.6	39.4813762	73.5951120	5107.6
4799	144.2	144.2	144.2	1863,645,10,6	197.5	39.4813762	73.5951113	5107.6
4800	76.1	76.1	76.1	1595,673,4,16	197.4	39.4813761	73.5951119	5107.7
4801	224.3	224.3	224.3	215,923,8,14	197.4	39.4813772	73.5951098	5107.6
4802	12.0	12.0	12.0	139,370,6,15	197.3	39.4813760	73.5951134	5107.7
4803	321.4	321.4	323.4	1747,840,8,9	197.3	39.4813785	73.5951071	5107.5
4804	701.8	701.8	701.8	1318,377,7,12	197.1	39.4814228	73.5953889	5107.6
4805	213.2	213.2	213.2	137,929,6,14	197.0	39.4813768	73.5951101	5107.6
4806	572.6	572.6	572.6	887,131,10,22	197.0	39.4814214	73.5953908	5107.6
4807	143.2	143.2	143.2	1071,106,8,15	196.9	39.4813762	73.5951113	5107.6
4808	768.9	765.9	774.9	289,697,6,8	196.9	39.4814240	73.5953878	5107.6
4809	258.3	258.3	258.3	545,263,10,6	196.8	39.4813771	73.5951092	5107.6
4810	319.4	319.4	319.4	121,185,8,16	196.8	39.4813785	73.5951069	5107.6
4811	521.6	521.6	521.6	1625,965,14,8	196.8	39.4814225	73.5953923	5107.6
4812	545.6	545.6	545.6	20,239,9,10	196.8	39.4814222	73.5953910	5107.6
4813	441.5	441.5	441.5	1083,57,6,8	196.7	39.4813785	73.5951059	5107.6
4814	177.2	177.2	177.2	57,745,8,8	196.6	39.4813759	73.5951109	5107.6
4815	27.0	27.0	28.0	1457,541,12,18	196.5	39.4813760	73.5951137	5107.7
4816	235.3	235.3	235.3	165,99,8,12	196.5	39.4813779	73.5951104	5107.5
4817	473.5	473.5	473.5	37,790,6,11	196.5	39.4813777	73.5951055	5107.6
4818	748.8	748.8	748.8	697,282,16,7	196.3	39.4814233	73.5953884	5107.6
4819	783.9	780.9	783.9	233,1043,7,12	196.3	39.4814235	73.5953875	5107.6
4820	49.1	49.1	52.1	1545,401,8,8	196.2	39.4813764	73.5951134	5107.7
4821	311.4	310.3	311.4	59,355,6,14	196.2	39.4813779	73.5951069	5107.6
4822	644.7	644.7	644.7	1121,448,16,5	196.2	39.4814222	73.5953892	5107.6
4823	397.4	397.4	397.4	1641,179,22,3	196.1	39.4813787	73.5951059	5107.6
4824	192.2	190.2	194.2	809,241,16,5	195.9	39.4813767	73.5951107	5107.6
4825	266.3	266.3	266.3	1033,597,14,5	195.9	39.4813776	73.5951087	5107.6
4826	35.0	34.0	35.0	1754,83,5,12	195.6	39.4813761	73.5951136	5107.7
4827	215.2	215.2	216.2	1895,356,4,19	195.6	39.4813767	73.5951102	5107.6
4828	279.3	279.3	279.3	227,1063,4,17	195.6	39.4813779	73.5951082	5107.6
4829	299.3	298.3	300.3	1769,83,6,14	195.6	39.4813779	73.5951076	5107.5
4830	522.6	522.6	522.6	639,1001,10,12	195.6	39.4814223	73.5953919	5107.6
4831	551.6	551.6	551.6	523,867,13,8	195.6	39.4814216	73.5953909	5107.6
4832	785.9	785.9	788.9	825,697,8,8	195.6	39.4814233	73.5953872	5107.6
4833	264.3	264.3	264.3	5,677,12,10	195.5	39.4813778	73.5951088	5107.6
4834	148.2	147.2	148.2	377,5,10,14	195.4	39.4813765	73.5951109	5107.6
4835	216.2	216.2	216.2	1777,627,7,12	195.4	39.4813767	73.5951100	5107.6
4836	224.3	224.3	224.3	145,909,10,14	195.4	39.4813772	73.5951098	5107.6
4837	37.0	37.0	37.0	1865,104,10,7	195.3	39.4813764	73.5951133	5107.7
4838	310.3	310.3	310.3	137,545,4,14	195.3	39.4813778	73.5951069	5107.6
4839	334.4	334.4	334.4	391,123,8,12	195.3	39.4813788	73.5951069	5107.5
4840	335.4	335.4	335.4	937,109,14,4	195.2	39.4813788	73.5951069	5107.5
4841	235.3	235.3	235.3	75,417,6,12	195.1	39.4813779	73.5951104	5107.5
4842	546.6	546.6	546.6	1545,530,7,13	195.1	39.4814221	73.5953910	5107.6
4843	627.7	627.7	627.7	231,1071,6,9	195.1	39.4814214	73.5953887	5107.6
4844	647.7	643.7	647.7	1781,1075,12,5	195.1	39.4814218	73.5953891	5107.6
4845	647.7	647.7	647.7	22,176,11,7	195.1	39.4814218	73.5953891	5107.6
4846	792.9	792.9	792.9	25,255,8,11	195.1	39.4814239	73.5953875	5107.6
4847	632.7	632.7	632.7	1527,793,9,11	195.0	39.4814222	73.5953884	5107.6
4848	641.7	641.7	641.7	1027,1043,6,12	195.0	39.4814222	73.5953890	5107.6
4849	141.2	136.2	141.2	331,617,4,15	194.9	39.4813761	73.5951115	5107.6
4850	728.8	722.8	728.8	1069,413,11,11	194.9	39.4814235	73.5953890	5107.6
4851	144.2	144.2	144.2	427,933,6,12	194.8	39.4813762	73.5951113	5107.6
4852	717.8	715.8	717.8	1379,59,14,4	194.8	39.4814231	73.5953890	5107.6
4853	113.1	112.1	113.1	1872,119,5,22	194.7	39.4813759	73.5951122	5107.6
4854	187.2	187.2	187.2	695,1009,8,12	194.7	39.4813764	73.5951109	5107.6
4855	303.3	299.3	303.3	1909,337,11,8	194.7	39.4813781	73.5951073	5107.6
4856	48.1	47.1	51.1	1165,567,17,10	194.6	39.4813762	73.5951135	5107.7
4857	617.7	617.7	617.7	1681,43,10,10	194.6	39.4814218	73.5953893	5107.6
4858	271.3	271.3	271.3	1869,877,8,16	194.5	39.4813774	73.5951084	5107.6
4859	443.5	443.5	443.5	195,83,12,7	194.5	39.4813785	73.5951058	5107.6
4860	573.6	573.6	573.6	139,216,12,16	194.5	39.4814214	73.5953909	5107.6
4861	256.3	256.3	256.3	368,65,15,8	194.4	39.4813770	73.5951090	5107.6
4862	272.3	272.3	272.3	1792,997,7,12	194.4	39.4813774	73.5951083	5107.6
4863	768.9	768.9	768.9	449,759,8,6	194.4	39.4814240	73.5953878	5107.6
4864	21.0	21.0	21.0	557,627,10,10	194.3	39.4813759	73.5951134	5107.7
4865	428.5	428.5	428.5	248,952,7,9	194.3	39.4813790	73.5951057	5107.6
4866	704.8	704.8	704.8	601,946,12,7	194.3	39.4814229	73.5953888	5107.6
4867	636.7	636.7	637.7	219,987,6,12	194.2	39.4814223	73.5953886	5107.6
4868	268.3	267.3	268.3	247,66,10,17	194.0	39.4813776	73.5951084	5107.6
4869	104.1	104.1	105.1	51,1003,6,16	193.9	39.4813758	73.5951116	5107.6
4870	519.6	516.6	519.6	1860,748,11,7	193.9	39.4814225	73.5953932	5107.6
4871	571.6	571.6	571.6	1545,133,8,12	193.9	39.4814215	73.5953907	5107.6
4872	575.6	575.6	575.6	1105,925,14,4	193.9	39.4814212	73.5953905	5107.6
4873	709.8	709.8	709.8	1875,735,8,10	193.9	39.4814226	73.5953890	5107.6
4874	689.8	689.8	692.8	305,321,4,16	193.8	39.4814226	73.5953889	5107.6
4875	752.8	752.8	752.8	1480,227,10,8	193.8	39.4814232	73.5953882	5107.6
4876	325.4	325.4	325.4	1771,147,13,8	193.7	39.4813783	73.5951071	5107.5
4877	331.4	331.4	332.4	1608,913,9,8	193.7	39.4813787	73.5951072	5107.5
4878	435.5	435.5	435.5	1275,103,10,8	193.7	39.4813782	73.5951061	5107.6
4879	645.7	645.7	645.7	1011,993,12,8	193.7	39.4814222	73.5953892	5107.6
4880	669.8	666.7	669.8	481,202,10,7	193.7	39.4814229	73.5953892	5107.6
4881	753.8	753.8	756.9	432,369,13,6	193.6	39.4814232	73.5953881	5107.6
4882	536.6	536.6	536.6	1910,687,10,10	193.5	39.4814227	73.5953918	5107.6
4883	764.9	764.9	768.9	977,146,6,15	193.3	39.4814237	73.5953878	5107.6
4884	327.4	326.4	327.4	75,1049,12,6	193.2	39.4813782	73.5951069	5107.5
4885	467.5	467.5	467.5	978,989,10,6	193.2	39.4813781	73.5951055	5107.6
4886	68.1	67.1	70.1	8,419,5,12	193.1	39.4813765	73.5951122	5107.7
4887	229.3	229.3	229.3	221,277,12,7	193.1	39.4813776	73.5951100	5107.6
4888	404.5	404.5	404.5	817,310,6,11	193.1	39.4813793	73.5951061	5107.5
4889	418.5	418.5	418.5	1749,285,10,10	193.0	39.4813788	73.5951060	5107.6
4890	731.8	731.8	732.8	497,843,11,6	193.0	39.4814233	73.5953889	5107.6
4891	488.5	488.5	492.6	1909,277,11,10	192.8	39.4813770	73.5951045	5107.6
4892	90.1	90.1	90.1	743,833,12,8	192.7	39.4813756	73.5951114	5107.7
4893	83.1	83.1	83.1	1713,929,7,8	192.6	39.4813758	73.5951121	5107.7
4894	22.0	22.0	22.0	1765,307,12,11	192.5	39.4813760	73.5951135	5107.7
4895	641.7	639.7	641.7	821,977,10,6	192.5	39.4814222	73.5953890	5107.6
4896	267.3	267.3	267.3	983,567,10,6	192.4	39.4813779	73.5951086	5107.6
4897	412.5	412.5	412.5	1765,1024,6,17	192.4	39.4813790	73.5951060	5107.5
4898	439.5	439.5	440.5	777,1027,8,10	192.2	39.4813783	73.5951061	5107.6
4899	157.2	157.2	159.2	137,317,8,8	192.1	39.4813766	73.5951106	5107.6
4900	121.1	121.1	121.1	1893,169,8,8	192.0	39.4813759	73.5951120	5107.6
4901	315.4	315.4	315.4	204,637,11,10	192.0	39.4813783	73.5951067	5107.5
4902	347.4	347.4	350.4	321,291,8,10	192.0	39.4813792	73.5951063	5107.6
4903	786.9	785.9	789.9	739,65,14,4	192.0	39.4814236	73.5953872	5107.6
4904	282.3	282.3	282.3	209,1028,4,21	191.9	39.4813777	73.5951082	5107.6
4905	794.9	790.9	794.9	1843,906,12,6	191.9	39.4814244	73.5953877	5107.6
4906	243.3	242.3	243.3	1145,1054,8,11	191.8	39.4813766	73.5951099	5107.5
4907	471.5	471.5	471.5	83,67,14,4	191.8	39.4813778	73.5951054	5107.6
4908	500.6	500.6	500.6	1850,171,11,6	191.8	39.4813772	73.5951044	5107.6
4909	518.6	518.6	518.6	1440,359,11,8	191.7	39.4814222	73.5953913	5107.6
4910	385.4	385.4	385.4	1160,805,7,17	191.6	39.4813794	73.5951065	5107.6
4911	485.5	485.5	485.5	1249,1043,8,10	191.6	39.4813773	73.5951047	5107.6
4912	408.5	408.5	408.5	83,762,12,5	191.5	39.4813793	73.5951058	5107.6
4913	206.2	206.2	206.2	39,887,6,14	191.3	39.4813770	73.5951104	5107.6
4914	218.2	218.2	218.2	520,418,5,11	191.3	39.4813771	73.5951100	5107.6
4915	715.8	715.8	716.8	139,323,18,5	191.3	39.4814232	73.5953893	5107.6
4916	308.3	308.3	308.3	1543,661,10,8	191.2	39.4813779	73.5951070	5107.6
4917	454.5	454.5	454.5	572,989,21,8	190.9	39.4813786	73.5951057	5107.6
4918	266.3	266.3	266.3	953,113,8,7	190.8	39.4813776	73.5951087	5107.6
4919	341.4	341.4	342.4	947,945,15,6	190.8	39.4813790	73.5951064	5107.5
4920	439.5	439.5	439.5	915,935,12,8	190.8	39.4813783	73.5951061	5107.6
4921	720.8	720.8	727.8	915,35,6,12	190.8	39.4814232	73.5953891	5107.6
4922	441.5	441.5	441.5	699,833,6,8	190.7	39.4813785	73.5951059	5107.6
4923	536.6	536.6	536.6	699,549,11,16	190.7	39.4814227	73.5953918	5107.6
4924	229.3	229.3	229.3	371,750,4,19	190.6	39.4813776	73.5951100	5107.6
4925	441.5	441.5	441.5	1491,979,14,4	190.5	39.4813785	73.5951059	5107.6
4926	473.5	473.5	473.5	127,1073,8,7	190.5	39.4813777	73.5951055	5107.6
4927	331.4	331.4	331.4	169,929,8,8	190.2	39.4813787	73.5951072	5107.5
4928	738.8	738.8	738.8	1781,1067,15,6	190.2	39.4814240	73.5953887	5107.6
4929	184.2	184.2	184.2	317,643,12,8	190.1	39.4813762	73.5951110	5107.6
4930	382.4	382.4	382.4	1635,683,12,6	190.1	39.4813795	73.5951064	5107.6
4931	620.7	620.7	620.7	467,1057,14,6	190.0	39.4814217	73.5953891	5107.6
4932	741.8	741.8	741.8	1539,515,7,12	189.9	39.4814238	73.5953885	5107.6
4933	319.4	319.4	320.4	1135,33,14,7	189.8	39.4813785	73.5951069	5107.6
4934	338.4	338.4	338.4	1158,89,13,4	189.8	39.4813790	73.5951066	5107.5
4935	272.3	272.3	272.3	33,379,10,8	189.7	39.4813774	73.5951083	5107.6
4936	640.7	637.7	640.7	183,363,10,8	189.7	39.4814222	73.5953888	5107.6
4937	163.2	163.2	163.2	805,114,10,11	189.6	39.4813763	73.5951106	5107.6
4938	242.3	242.3	242.3	1313,273,6,12	189.4	39.4813767	73.5951099	5107.5
4939	737.8	737.8	737.8	1145,811,6,13	189.4	39.4814240	73.5953888	5107.6
4940	204.2	204.2	204.2	739,0,14,9	189.2	39.4813770	73.5951104	5107.6
4941	214.2	214.2	216.2	539,159,16,12	189.2	39.4813768	73.5951101	5107.6
4942	686.8	686.8	686.8	823,213,10,18	189.2	39.4814226	73.5953890	5107.6
4943	325.4	324.4	325.4	1409,131,14,6	189.1	39.4813783	73.5951071	5107.5
4944	168.2	168.2	168.2	1025,23,10,10	188.9	39.4813762	73.5951107	5107.6
4945	769.9	769.9	775.9	559,49,8,8	188.8	39.4814239	73.5953877	5107.6
4946	181.2	181.2	181.2	389,369,8,11	188.7	39.4813760	73.5951107	5107.6
4947	481.5	480.5	481.5	1907,205,13,5	188.6	39.4813771	73.5951047	5107.6
4948	674.8	670.8	674.8	19,801,8,13	188.6	39.4814222	73.5953893	5107.6
4949	175.2	170.2	175.2	868,5,13,12	188.5	39.4813759	73.5951109	5107.6
4950	269.3	269.3	269.3	1009,1045,6,10	188.5	39.4813774	73.5951084	5107.5
4951	271.3	270.3	271.3	1873,501,4,12	188.5	39.4813774	73.5951084	5107.6
4952	465.5	465.5	465.5	372,373,20,6	188.4	39.4813783	73.5951056	5107.6
4953	272.3	272.3	272.3	833,1045,8,10	188.3	39.4813774	73.5951083	5107.6
4954	340.4	340.4	340.4	1841,11,6,10	188.2	39.4813790	73.5951065	5107.5
4955	502.6	502.6	506.6	500,219,11,6	188.2	39.4813772	73.5951045	5107.6
4956	546.6	546.6	546.6	1274,771,6,12	188.2	39.4814221	73.5953910	5107.6
4957	132.1	131.1	136.2	1017,913,8,6	188.1	39.4813762	73.5951115	5107.6
4958	714.8	714.8	714.8	1749,1011,10,7	188.0	39.4814233	73.5953893	5107.6
4959	725.8	722.8	725.8	723,850,4,13	188.0	39.4814234	73.5953890	5107.6
4960	429.5	429.5	429.5	925,285,12,8	187.9	39.4813787	73.5951058	5107.6
4961	283.3	283.3	283.3	377,845,4,20	187.8	39.4813776	73.5951082	5107.6
4962	293.3	293.3	293.3	393,553,7,16	187.8	39.4813781	73.5951077	5107.6
4963	319.4	318.4	319.4	163,1027,12,6	187.8	39.4813785	73.5951069	5107.6
4964	403.5	403.5	403.5	681,587,8,10	187.7	39.4813791	73.5951061	5107.6
4965	643.7	643.7	643.7	715,423,8,10	187.7	39.4814222	73.5953892	5107.6
4966	660.7	660.7	660.7	1635,867,14,4	187.7	39.4814222	73.5953892	5107.6
4967	313.4	313.4	313.4	849,229,16,4	187.6	39.4813781	73.5951068	5107.6
4968	444.5	444.5	444.5	1475,213,14,4	187.6	39.4813788	73.5951059	5107.6
4969	766.9	766.9	766.9	121,993,8,8	187.6	39.4814237	73.5953877	5107.6
4970	171.2	171.2	173.2	487,738,13,7	187.5	39.4813761	73.5951109	5107.6
4971	113.1	112.1	113.1	1875,40,10,11	187.3	39.4813759	73.5951122	5107.6
4972	265.3	265.3	265.3	793,73,13,8	187.3	39.4813777	73.5951088	5107.6
4973	310.3	310.3	310.3	1915,315,5,12	187.3	39.4813778	73.5951069	5107.6
4974	471.5	471.5	471.5	1675,515,6,12	187.3	39.4813778	73.5951054	5107.6
4975	293.3	293.3	293.3	1201,27,16,6	187.2	39.4813781	73.5951077	5107.6
4976	350.4	350.4	350.4	1883,1055,6,10	187.2	39.4813791	73.5951063	5107.6
4977	668.8	668.8	670.8	1876,837,13,15	187.2	39.4814228	73.5953892	5107.6
4978	75.1	75.1	75.1	1445,0,9,9	187.0	39.4813761	73.5951120	5107.7
4979	284.3	284.3	284.3	1513,516,4,17	187.0	39.4813776	73.5951081	5107.6
4980	636.7	634.7	637.7	159,991,8,10	186.9	39.4814223	73.5953886	5107.6
4981	697.8	697.8	697.8	203,105,9,9	186.9	39.4814229	73.5953888	5107.6
4982	30.0	30.0	36.0	1476,431,13,12	186.7	39.4813765	73.5951136	5107.7
4983	624.7	624.7	624.7	387,283,12,5	186.7	39.4814215	73.5953888	5107.6
4984	186.2	186.2	186.2	161,921,8,8	186.6	39.4813764	73.5951110	5107.6
4985	476.5	476.5	476.5	1507,176,7,9	186.6	39.4813773	73.5951051	5107.6
4986	426.5	426.5	427.5	1721,593,7,8	186.5	39.4813790	73.5951058	5107.6
4987	291.3	291.3	291.3	1093,67,10,10	186.4	39.4813778	73.5951078	5107.5
4988	759.9	759.9	760.9	201,475,8,14	186.4	39.4814228	73.5953878	5107.6
4989	90.1	90.1	90.1	611,257,10,8	186.2	39.4813756	73.5951114	5107.7
4990	219.2	219.2	219.2	257,617,8,14	186.2	39.4813770	73.5951101	5107.6
4991	431.5	431.5	431.5	769,676,10,7	186.1	39.4813784	73.5951061	5107.6
4992	688.8	687.8	688.8	32,373,23,5	186.1	39.4814229	73.5953890	5107.6
4993	324.4	324.4	324.4	323,802,4,13	186.0	39.4813783	73.5951070	5107.5
4994	277.3	277.3	277.3	244,478,5,17	185.9	39.4813781	73.5951084	5107.5
4995	444.5	444.5	445.5	629,515,8,15	185.9	39.4813788	73.5951059	5107.6
4996	149.2	149.2	149.2	345,51,8,14	185.8	39.4813768	73.5951107	5107.6
4997	315.4	315.4	315.4	1843,854,6,17	185.8	39.4813783	73.5951067	5107.5
4998	548.6	548.6	548.6	1533,1021,6,12	185.8	39.4814220	73.5953912	5107.6
4999	452.5	452.5	452.5	1892,180,8,8	185.7	39.4813782	73.5951058	5107.6
5000	18.0	18.0	18.0	1827,931,12,4	185.5	39.4813760	73.5951134	5107.7
5001	765.9	763.9	765.9	99,89,10,8	185.5	39.4814237	73.5953878	5107.6
5002	30.0	29.0	30.0	1803,0,12,5	185.4	39.4813765	73.5951136	5107.7
5003	781.9	779.9	781.9	633,113,8,8	185.4	39.4814235	73.5953876	5107.6
5004	258.3	258.3	260.3	611,473,4,15	185.3	39.4813771	73.5951092	5107.6
5005	292.3	292.3	292.3	1419,183,13,10	185.3	39.4813779	73.5951077	5107.5
5006	384.4	384.4	384.4	947,903,13,10	185.3	39.4813795	73.5951065	5107.6
5007	22.0	22.0	22.0	289,761,4,17	185.2	39.4813760	73.5951135	5107.7
5008	235.3	235.3	235.3	321,385,12,8	185.2	39.4813779	73.5951104	5107.5
5009	303.3	301.3	306.3	1587,795,12,18	185.2	39.4813781	73.5951073	5107.6
5010	6.0	6.0	6.0	49,777,4,14	185.0	39.4813759	73.5951133	5107.7
5011	259.3	259.3	259.3	749,753,9,13	185.0	39.4813771	73.5951092	5107.6
5012	59.1	59.1	60.1	1249,81,15,8	184.9	39.4813766	73.5951127	5107.7
5013	113.1	112.1	115.1	103,879,6,10	184.9	39.4813759	73.5951122	5107.6
5014	467.5	467.5	467.5	1324,628,8,11	184.9	39.4813781	73.5951055	5107.6
5015	112.1	112.1	113.1	731,480,6,12	184.8	39.4813758	73.5951122	5107.6
5016	249.3	249.3	249.3	623,617,8,8	184.8	39.4813765	73.5951094	5107.5
5017	501.6	501.6	501.6	682,365,9,8	184.8	39.4813771	73.5951045	5107.6
5018	562.6	561.6	562.6	1039,705,8,8	184.8	39.4814208	73.5953902	5107.6
5019	326.4	324.4	326.4	82,675,13,4	184.7	39.4813782	73.5951070	5107.5
5020	444.5	444.5	444.5	1267,99,14,4	184.7	39.4813788	73.5951059	5107.6
5021	729.8	729.8	729.8	1065,161,8,15	184.5	39.4814235	73.5953890	5107.6
5022	550.6	550.6	550.6	529,1073,6,7	184.4	39.4814217	73.5953911	5107.6
5023	701.8	701.8	701.8	1474,597,20,4	184.4	39.4814228	73.5953889	5107.6
5024	729.8	729.8	729.8	30,270,7,10	184.4	39.4814235	73.5953890	5107.6
5025	318.4	318.4	318.4	0,868,6,11	184.3	39.4813786	73.5951067	5107.6
5026	471.5	471.5	471.5	531,738,14,9	184.3	39.4813778	73.5951054	5107.6
5027	491.6	491.6	493.6	1681,982,8,9	184.3	39.4813770	73.5951046	5107.6
5028	421.5	421.5	421.5	289,35,12,8	184.2	39.4813788	73.5951062	5107.6
5029	450.5	450.5	451.5	1381,459,14,6	184.2	39.4813782	73.5951059	5107.6
5030	724.8	724.8	724.8	479,873,18,3	184.1	39.4814234	73.5953891	5107.6
5031	728.8	728.8	728.8	267,883,13,14	184.1	39.4814235	73.5953890	5107.6
5032	144.2	144.2	144.2	265,434,8,15	183.9	39.4813762	73.5951113	5107.6
5033	302.3	302.3	302.3	1299,1069,16,4	183.9	39.4813780	73.5951074	5107.6
5034	344.4	340.4	344.4	1457,489,8,8	183.9	39.4813791	73.5951064	5107.6
5035	118.1	117.1	120.1	95,285,6,20	183.8	39.4813762	73.5951120	5107.6
5036	484.5	484.5	484.5	1906,19,14,4	183.8	39.4813773	73.5951048	5107.6
5037	684.8	684.8	684.8	1553,945,7,10	183.7	39.4814225	73.5953888	5107.6
5038	270.3	268.3	270.3	175,213,4,20	183.6	39.4813774	73.5951085	5107.5
5039	545.6	545.6	545.6	97,298,8,7	183.5	39.4814222	73.5953910	5107.6
5040	793.9	791.9	793.9	592,31,8,11	183.5	39.4814240	73.5953877	5107.6
5041	174.2	174.2	174.2	363,407,14,12	183.3	39.4813763	73.5951106	5107.6
5042	329.4	329.4	329.4	1847,35,8,6	183.3	39.4813783	73.5951071	5107.5
5043	796.9	796.9	797.9	1869,435,4,14	183.3	39.4814244	73.5953876	5107.6
5044	534.6	534.6	534.6	1299,851,19,8	183.2	39.4814227	73.5953918	5107.6
5045	213.2	213.2	213.2	482,933,9,13	183.1	39.4813768	73.5951101	5107.6
5046	618.7	615.7	618.7	369,849,8,7	183.1	39.4814217	73.5953893	5107.6
5047	721.8	721.8	721.8	1863,65,10,8	183.1	39.4814232	73.5953891	5107.6
5048	748.8	748.8	748.8	137,359,8,8	183.1	39.4814233	73.5953884	5107.6
5049	88.1	88.1	88.1	8,801,7,10	183.0	39.4813755	73.5951115	5107.6
5050	535.6	535.6	535.6	1175,807,9,10	183.0	39.4814226	73.5953919	5107.6
5051	132.1	132.1	132.1	833,797,6,8	182.9	39.4813762	73.5951115	5107.6
5052	237.3	237.3	237.3	1011,35,14,4	182.9	39.4813777	73.5951103	5107.6
5053	499.6	499.6	499.6	1869,109,9,10	182.8	39.4813773	73.5951045	5107.6
5054	568.6	568.6	568.6	1901,609,12,6	182.8	39.4814214	73.5953908	5107.6
5055	90.1	90.1	90.1	529,929,8,16	182.7	39.4813756	73.5951114	5107.7
5056	259.3	259.3	259.3	0,339,9,6	182.7	39.4813771	73.5951092	5107.6
5057	260.3	260.3	260.3	685,179,12,16	182.7	39.4813772	73.5951091	5107.6
5058	242.3	242.3	242.3	1165,337,10,7	182.6	39.4813767	73.5951099	5107.5
5059	522.6	522.6	522.6	231,268,4,21	182.6	39.4814223	73.5953919	5107.6
5060	536.6	536.6	536.6	1138,896,13,5	182.6	39.4814227	73.5953918	5107.6
5061	189.2	187.2	189.2	395,49,10,6	182.5	39.4813763	73.5951108	5107.6
5062	233.3	233.3	234.3	535,523,10,10	182.5	39.4813780	73.5951106	5107.6
5063	440.5	440.5	440.5	1249,31,8,8	182.5	39.4813782	73.5951059	5107.6
5064	769.9	763.9	773.9	680,91,11,6	182.5	39.4814239	73.5953877	5107.6
5065	658.7	658.7	658.7	1418,33,7,8	182.4	39.4814223	73.5953892	5107.6
5066	663.7	663.7	663.7	1101,409,12,6	182.4	39.4814224	73.5953892	5107.6
5067	699.8	699.8	699.8	982,909,11,5	182.4	39.4814230	73.5953890	5107.6
5068	319.4	319.4	319.4	1755,1045,10,14	182.3	39.4813785	73.5951069	5107.6
5069	120.1	120.1	120.1	119,793,6,8	182.2	39.4813760	73.5951120	5107.6
5070	318.4	318.4	318.4	755,21,12,8	182.2	39.4813786	73.5951067	5107.6
5071	501.6	501.6	501.6	1155,44,4,19	182.2	39.4813771	73.5951045	5107.6
5072	442.5	442.5	442.5	883,339,12,6	182.1	39.4813785	73.5951059	5107.6
5073	573.6	573.6	573.6	1777,593,8,8	182.1	39.4814214	73.5953909	5107.6
5074	192.2	188.2	194.2	545,517,12,10	182.0	39.4813767	73.5951107	5107.6
5075	667.8	664.7	669.8	309,609,9,11	182.0	39.4814228	73.5953891	5107.6
5076	135.2	133.1	135.2	371,578,4,13	181.9	39.4813763	73.5951116	5107.6
5077	629.7	629.7	629.7	65,897,8,8	181.9	39.4814212	73.5953883	5107.6
5078	667.8	667.8	667.8	33,5,10,8	181.9	39.4814228	73.5953891	5107.6
5079	670.8	670.8	670.8	1555,0,12,7	181.9	39.4814229	73.5953892	5107.6
5080	35.0	35.0	35.0	1159,171,15,6	181.8	39.4813761	73.5951136	5107.7
5081	449.5	449.5	451.5	1197,545,6,13	181.7	39.4813782	73.5951059	5107.6
5082	737.8	736.8	738.8	271,579,14,4	181.7	39.4814240	73.5953888	5107.6
5083	140.2	137.2	140.2	241,359,13,8	181.6	39.4813760	73.5951114	5107.6
5084	285.3	285.3	285.3	171,913,5,16	181.6	39.4813775	73.5951080	5107.6
5085	188.2	187.2	188.2	841,147,14,14	181.5	39.4813763	73.5951108	5107.6
5086	107.1	107.1	107.1	289,931,4,16	181.4	39.4813759	73.5951121	5107.6
5087	626.7	626.7	626.7	57,307,6,13	181.2	39.4814216	73.5953887	5107.6
5088	244.3	244.3	244.3	1877,1043,8,6	181.1	39.4813765	73.5951098	5107.5
5089	738.8	738.8	738.8	1217,843,8,10	181.1	39.4814240	73.5953887	5107.6
5090	107.1	107.1	107.1	1315,307,4,12	181.0	39.4813759	73.5951121	5107.6
5091	117.1	117.1	117.1	371,97,12,8	181.0	39.4813763	73.5951119	5107.6
5092	45.1	45.1	46.1	1823,97,10,9	180.8	39.4813761	73.5951136	5107.7
5093	170.2	170.2	170.2	175,833,6,10	180.8	39.4813761	73.5951109	5107.6
5094	412.5	412.5	412.5	1011,791,10,10	180.8	39.4813790	73.5951060	5107.5
5095	545.6	545.6	545.6	622,603,13,6	180.8	39.4814222	73.5953910	5107.6
5096	687.8	687.8	687.8	1247,1030,5,11	180.7	39.4814228	73.5953891	5107.6
5097	693.8	693.8	693.8	1346,503,15,8	180.7	39.4814230	73.5953888	5107.6
5098	729.8	729.8	729.8	263,845,12,10	180.7	39.4814235	73.5953890	5107.6
5099	741.8	737.8	741.8	1361,1045,8,10	180.7	39.4814238	73.5953885	5107.6
5100	780.9	780.9	780.9	427,433,12,6	180.6	39.4814237	73.5953876	5107.6
5101	298.3	298.3	301.3	1313,481,6,8	180.5	39.4813778	73.5951076	5107.5
5102	303.3	303.3	303.3	369,50,8,13	180.5	39.4813781	73.5951073	5107.6
5103	653.7	653.7	653.7	1211,142,7,11	180.5	39.4814217	73.5953888	5107.6
5104	90.1	90.1	90.1	535,0,10,5	180.4	39.4813756	73.5951114	5107.7
5105	205.2	204.2	206.2	0,787,3,14	180.4	39.4813770	73.5951105	5107.6
5106	215.2	215.2	215.2	1817,881,6,16	180.4	39.4813767	73.5951102	5107.6
5107	43.0	43.0	43.0	1817,45,14,5	180.3	39.4813762	73.5951136	5107.7
5108	348.4	348.4	348.4	0,489,9,8	180.3	39.4813791	73.5951062	5107.6
5109	449.5	449.5	449.5	834,1075,9,5	180.3	39.4813782	73.5951059	5107.6
5110	623.7	623.7	623.7	553,772,8,9	180.3	39.4814214	73.5953888	5107.6
5111	37.0	35.0	37.0	1299,467,12,4	180.2	39.4813764	73.5951133	5107.7
5112	347.4	347.4	347.4	125,417,8,8	180.1	39.4813792	73.5951063	5107.6
5113	768.9	768.9	768.9	313,295,8,9	180.1	39.4814240	73.5953878	5107.6
5114	261.3	261.3	264.3	0,415,5,11	180.0	39.4813773	73.5951091	5107.6
5115	725.8	725.8	725.8	887,469,10,6	180.0	39.4814234	73.5953890	5107.6
5116	158.2	158.2	161.2	652,563,17,10	179.9	39.4813766	73.5951107	5107.6
5117	256.3	255.3	256.3	425,343,14,8	179.9	39.4813770	73.5951090	5107.6
5118	422.5	422.5	422.5	1716,968,13,9	179.8	39.4813788	73.5951062	5107.6
5119	198.2	198.2	198.2	379,1035,12,6	179.7	39.4813771	73.5951105	5107.6
5120	671.8	671.8	673.8	384,293,15,5	179.7	39.4814227	73.5953893	5107.6
5121	23.0	23.0	23.0	1167,129,6,10	179.6	39.4813762	73.5951135	5107.7
5122	169.2	169.2	169.2	207,313,11,8	179.6	39.4813761	73.5951108	5107.6
5123	383.4	383.4	383.4	1263,47,9,6	179.6	39.4813796	73.5951063	5107.6
5124	501.6	501.6	505.6	1251,498,4,16	179.4	39.4813771	73.5951045	5107.6
5125	337.4	337.4	337.4	851,548,12,11	179.3	39.4813789	73.5951066	5107.5
5126	450.5	450.5	450.5	1861,1066,12,11	179.3	39.4813782	73.5951059	5107.6
5127	682.8	674.8	682.8	1051,1059,20,2	179.3	39.4814224	73.5953887	5107.6
5128	772.9	772.9	772.9	1876,43,12,9	179.3	39.4814241	73.5953875	5107.6
5129	95.1	95.1	95.1	977,719,5,18	179.2	39.4813762	73.5951115	5107.6
5130	494.6	488.5	497.6	33,835,8,6	179.2	39.4813770	73.5951047	5107.6
5131	751.8	751.8	751.8	1859,311,14,14	179.2	39.4814232	73.5953882	5107.6
5132	233.3	233.3	233.3	1417,17,10,6	178.9	39.4813780	73.5951106	5107.6
5133	336.4	336.4	336.4	1761,969,8,8	178.8	39.4813789	73.5951068	5107.5
5134	701.8	701.8	701.8	1417,585,16,4	178.7	39.4814228	73.5953889	5107.6
5135	295.3	295.3	295.3	1018,251,15,6	178.6	39.4813780	73.5951076	5107.6
5136	632.7	632.7	632.7	49,987,16,6	178.6	39.4814222	73.5953884	5107.6
5137	261.3	261.3	261.3	674,365,7,10	178.5	39.4813773	73.5951091	5107.6
5138	749.8	749.8	750.8	1665,170,7,9	178.5	39.4814233	73.5953883	5107.6
5139	788.9	788.9	788.9	803,171,12,4	178.5	39.4814235	73.5953873	5107.6
5140	766.9	762.9	766.9	259,577,12,7	178.4	39.4814237	73.5953877	5107.6
5141	211.2	211.2	211.2	552,347,5,12	178.1	39.4813770	73.5951104	5107.6
5142	384.4	384.4	384.4	892,19,11,8	178.1	39.4813795	73.5951065	5107.6
5143	793.9	793.9	793.9	1803,469,6,11	178.1	39.4814240	73.5953877	5107.6
5144	241.3	241.3	241.3	273,627,8,8	178.0	39.4813768	73.5951100	5107.6
5145	381.4	381.4	381.4	842,0,13,5	178.0	39.4813797	73.5951062	5107.6
5146	794.9	794.9	794.9	97,1041,12,14	178.0	39.4814244	73.5953877	5107.6
5147	215.2	215.2	215.2	179,1071,6,9	177.9	39.4813767	73.5951102	5107.6
5148	713.8	713.8	716.8	289,209,8,6	177.9	39.4814233	73.5953894	5107.6
5149	270.3	270.3	270.3	465,817,10,6	177.8	39.4813774	73.5951085	5107.5
5150	341.4	340.4	341.4	907,995,12,4	177.8	39.4813790	73.5951064	5107.5
5151	769.9	769.9	771.9	1025,147,7,11	177.8	39.4814239	73.5953877	5107.6
5152	778.9	778.9	778.9	1905,0,10,8	177.7	39.4814236	73.5953875	5107.6
5153	5.0	5.0	5.0	19,939,4,14	177.6	39.4813759	73.5951135	5107.7
5154	208.2	208.2	208.2	505,987,4,16	177.6	39.4813769	73.5951103	5107.6
5155	328.4	328.4	331.4	1913,771,7,8	177.6	39.4813782	73.5951071	5107.5
5156	170.2	170.2	170.2	0,851,5,14	177.5	39.4813761	73.5951109	5107.6
5157	471.5	471.5	471.5	265,689,8,10	177.5	39.4813778	73.5951054	5107.6
5158	89.1	88.1	89.1	1003,120,10,9	177.4	39.4813756	73.5951114	5107.7
5159	93.1	93.1	94.1	931,599,14,4	177.4	39.4813759	73.5951116	5107.6
5160	321.4	321.4	321.4	187,153,12,8	177.4	39.4813785	73.5951071	5107.5
5161	484.5	484.5	485.5	665,429,4,12	177.4	39.4813773	73.5951048	5107.6
5162	616.7	616.7	616.7	379,587,12,6	177.4	39.4814218	73.5953894	5107.6
5163	309.3	309.3	309.3	483,273,14,6	177.3	39.4813779	73.5951069	5107.6
5164	35.0	34.0	35.0	1661,256,8,13	177.2	39.4813761	73.5951136	5107.7
5165	118.1	118.1	118.1	99,0,6,9	177.2	39.4813762	73.5951120	5107.6
5166	192.2	192.2	193.2	235,353,14,6	177.1	39.4813767	73.5951107	5107.6
5167	408.5	408.5	408.5	1697,0,8,5	177.0	39.4813793	73.5951058	5107.6
5168	736.8	736.8	736.8	1833,921,8,8	177.0	39.4814237	73.5953889	5107.6
5169	298.3	298.3	298.3	1420,1041,13,6	176.9	39.4813778	73.5951076	5107.5
5170	310.3	310.3	310.3	151,61,6,10	176.9	39.4813778	73.5951069	5107.6
5171	120.1	120.1	120.1	208,156,5,14	176.8	39.4813760	73.5951120	5107.6
5172	285.3	285.3	285.3	1637,33,8,8	176.8	39.4813775	73.5951080	5107.6
5173	326.4	323.4	326.4	7,977,8,9	176.8	39.4813782	73.5951070	5107.5
5174	727.8	725.8	727.8	1284,665,9,6	176.8	39.4814235	73.5953889	5107.6
5175	214.2	214.2	214.2	1689,105,18,8	176.7	39.4813768	73.5951101	5107.6
5176	26.0	26.0	26.0	665,286,12,9	176.6	39.4813761	73.5951137	5107.7
5177	259.3	257.3	260.3	525,7,12,6	176.6	39.4813771	73.5951092	5107.6
5178	269.3	269.3	270.3	375,305,10,16	176.6	39.4813774	73.5951084	5107.5
5179	268.3	266.3	268.3	1143,177,9,8	176.5	39.4813776	73.5951084	5107.6
5180	346.4	346.4	346.4	1769,73,12,8	176.5	39.4813793	73.5951063	5107.6
5181	477.5	477.5	477.5	1887,200,6,15	176.5	39.4813775	73.5951050	5107.6
5182	319.4	319.4	319.4	311,308,10,9	176.4	39.4813785	73.5951069	5107.6
5183	686.8	686.8	686.8	259,1049,7,17	176.4	39.4814226	73.5953890	5107.6
5184	712.8	712.8	712.8	1859,597,12,8	176.4	39.4814230	73.5953892	5107.6
5185	244.3	244.3	244.3	1589,231,9,16	176.3	39.4813765	73.5951098	5107.5
5186	4.0	4.0	4.0	145,501,6,12	176.2	39.4813756	73.5951136	5107.7
5187	255.3	255.3	256.3	163,849,6,10	176.2	39.4813771	73.5951089	5107.6
5188	206.2	206.2	206.2	1433,921,6,8	176.1	39.4813770	73.5951104	5107.6
5189	219.2	219.2	219.2	713,41,8,10	176.1	39.4813770	73.5951101	5107.6
5190	280.3	280.3	280.3	1569,1049,8,18	176.1	39.4813777	73.5951081	5107.6
5191	780.9	780.9	784.9	803,19,12,4	176.1	39.4814237	73.5953876	5107.6
5192	180.2	180.2	180.2	1139,153,18,7	176.0	39.4813760	73.5951109	5107.6
5193	144.2	144.2	144.2	37,225,9,10	175.9	39.4813762	73.5951113	5107.6
5194	334.4	334.4	334.4	1203,0,16,5	175.9	39.4813788	73.5951069	5107.5
5195	691.8	690.8	691.8	0,213,7,14	175.9	39.4814227	73.5953890	5107.6
5196	2.0	2.0	2.0	1435,619,6,12	175.7	39.4813757	73.5951138	5107.7
5197	265.3	265.3	265.3	285,61,14,12	175.7	39.4813777	73.5951088	5107.6
5198	325.4	325.4	325.4	1049,27,14,4	175.7	39.4813783	73.5951071	5107.5
5199	384.4	384.4	384.4	875,279,10,8	175.7	39.4813795	73.5951065	5107.6
5200	477.5	477.5	477.5	1831,759,7,12	175.7	39.4813775	73.5951050	5107.6
5201	617.7	617.7	617.7	1735,25,18,4	175.7	39.4814218	73.5953893	5107.6
5202	471.5	471.5	471.5	1803,507,12,4	175.6	39.4813778	73.5951054	5107.6
5203	292.3	292.3	292.3	1299,1051,12,7	175.5	39.4813779	73.5951077	5107.5
5204	421.5	421.5	422.5	913,17,8,7	175.5	39.4813788	73.5951062	5107.6
5205	551.6	551.6	551.6	341,535,6,10	175.5	39.4814216	73.5953909	5107.6
5206	254.3	254.3	254.3	466,432,5,20	175.4	39.4813770	73.5951089	5107.6
5207	218.2	218.2	218.2	731,371,4,14	175.3	39.4813771	73.5951100	5107.6
5208	255.3	255.3	255.3	659,123,12,4	175.3	39.4813771	73.5951089	5107.6
5209	412.5	412.5	412.5	0,691,12,4	175.3	39.4813790	73.5951060	5107.5
5210	435.5	435.5	435.5	865,85,16,6	175.3	39.4813782	73.5951061	5107.6
5211	748.8	748.8	752.8	22,507,8,12	175.3	39.4814233	73.5953884	5107.6
5212	76.1	76.1	76.1	1425,57,12,8	175.2	39.4813761	73.5951119	5107.7
5213	139.2	139.2	139.2	673,109,15,4	175.2	39.4813758	73.5951116	5107.6
5214	228.3	228.3	228.3	0,993,7,15	175.2	39.4813772	73.5951102	5107.6
5215	775.9	775.9	775.9	681,794,4,14	175.1	39.4814240	73.5953875	5107.6
5216	135.2	132.1	135.2	393,649,6,18	175.0	39.4813763	73.5951116	5107.6
5217	145.2	145.2	145.2	159,489,10,16	175.0	39.4813763	73.5951112	5107.6
5218	311.4	308.3	311.4	1462,41,11,7	175.0	39.4813779	73.5951069	5107.6
5219	81.1	74.1	81.1	1897,261,8,8	174.9	39.4813760	73.5951120	5107.7
5220	304.3	301.3	305.3	1695,969,18,8	174.8	39.4813780	73.5951073	5107.6
5221	243.3	243.3	243.3	432,1041,8,10	174.7	39.4813766	73.5951099	5107.5
5222	702.8	699.8	702.8	1550,961,10,10	174.7	39.4814227	73.5953889	5107.6
5223	9.0	9.0	9.0	1597,25,10,4	174.6	39.4813757	73.5951136	5107.7
5224	305.3	304.3	305.3	369,1019,6,12	174.6	39.4813779	73.5951072	5107.5
5225	347.4	347.4	347.4	479,139,18,4	174.6	39.4813792	73.5951063	5107.6
5226	166.2	166.2	168.2	427,100,4,17	174.5	39.4813763	73.5951107	5107.6
5227	259.3	259.3	259.3	400,713,9,8	174.5	39.4813771	73.5951092	5107.6
5228	314.4	314.4	314.4	1845,859,8,6	174.5	39.4813783	73.5951067	5107.5
5229	551.6	551.6	551.6	393,413,11,8	174.5	39.4814216	73.5953909	5107.6
5230	731.8	731.8	731.8	766,785,19,8	174.5	39.4814233	73.5953889	5107.6
5231	795.9	795.9	795.9	49,255,9,12	174.5	39.4814244	73.5953876	5107.6
5232	687.8	687.8	687.8	867,1029,8,10	174.4	39.4814228	73.5953891	5107.6
5233	712.8	712.8	712.8	31,591,6,15	174.4	39.4814230	73.5953892	5107.6
5234	75.1	75.1	75.1	1333,102,8,7	174.2	39.4813761	73.5951120	5107.7
5235	107.1	107.1	107.1	35,107,12,12	174.2	39.4813759	73.5951121	5107.6
5236	81.1	81.1	81.1	1809,25,8,7	174.1	39.4813760	73.5951120	5107.7
5237	431.5	431.5	431.5	591,1073,10,7	174.1	39.4813784	73.5951061	5107.6
5238	223.3	223.3	226.3	633,227,22,10	174.0	39.4813770	73.5951099	5107.6
5239	276.3	276.3	276.3	23,838,8,11	174.0	39.4813781	73.5951084	5107.5
5240	315.4	315.4	315.4	1521,893,6,10	174.0	39.4813783	73.5951067	5107.5
5241	704.8	704.8	704.8	1605,529,8,8	174.0	39.4814229	73.5953888	5107.6
5242	295.3	295.3	295.3	538,489,7,12	173.9	39.4813780	73.5951076	5107.6
5243	350.4	350.4	350.4	305,333,14,4	173.9	39.4813791	73.5951063	5107.6
5244	173.2	170.2	174.2	49,145,12,12	173.7	39.4813764	73.5951106	5107.6
5245	76.1	76.1	76.1	1885,227,13,6	173.6	39.4813761	73.5951119	5107.7
5246	169.2	169.2	169.2	35,153,6,12	173.6	39.4813761	73.5951108	5107.6
5247	186.2	185.2	186.2	36,101,7,8	173.6	39.4813764	73.5951110	5107.6
5248	216.2	216.2	216.2	235,97,7,16	173.6	39.4813767	73.5951100	5107.6
5249	787.9	787.9	797.9	605,969,14,8	173.5	39.4814236	73.5953872	5107.6
5250	443.5	443.5	443.5	1061,705,8,8	173.4	39.4813785	73.5951058	5107.6
5251	505.6	503.6	507.6	1833,529,12,6	173.2	39.4813767	73.5951044	5107.6
5252	739.8	739.8	739.8	434,583,11,8	173.2	39.4814240	73.5953887	5107.6
5253	760.9	759.9	760.9	1562,339,8,7	173.2	39.4814228	73.5953879	5107.6
5254	134.2	134.2	134.2	545,171,16,10	173.1	39.4813764	73.5951115	5107.6
5255	268.3	268.3	268.3	700,225,11,6	173.1	39.4813776	73.5951084	5107.6
5256	89.1	84.1	89.1	550,33,11,6	173.0	39.4813756	73.5951114	5107.7
5257	442.5	442.5	447.5	699,429,6,10	173.0	39.4813785	73.5951059	5107.6
5258	230.3	227.3	230.3	1035,63,15,6	172.9	39.4813776	73.5951101	5107.6
5259	300.3	300.3	300.3	1675,1037,10,12	172.9	39.4813779	73.5951074	5107.6
5260	626.7	626.7	626.7	1697,643,15,8	172.9	39.4814216	73.5953887	5107.6
5261	709.8	709.8	709.8	1889,901,6,8	172.9	39.4814226	73.5953890	5107.6
5262	727.8	727.8	727.8	1425,887,10,10	172.9	39.4814235	73.5953889	5107.6
5263	760.9	760.9	760.9	1893,689,4,14	172.9	39.4814228	73.5953879	5107.6
5264	216.2	216.2	216.2	1913,625,7,12	172.8	39.4813767	73.5951100	5107.6
5265	273.3	273.3	273.3	45,273,8,16	172.7	39.4813774	73.5951082	5107.5
5266	277.3	277.3	277.3	187,77,10,12	172.6	39.4813781	73.5951084	5107.5
5267	286.3	286.3	286.3	1897,1052,14,8	172.6	39.4813774	73.5951079	5107.5
5268	480.5	480.5	480.5	787,81,8,14	172.6	39.4813771	73.5951047	5107.6
5269	494.6	494.6	494.6	241,793,16,7	172.6	39.4813770	73.5951047	5107.6
5270	715.8	715.8	715.8	211,279,14,4	172.5	39.4814232	73.5953893	5107.6
5271	132.1	132.1	135.2	338,413,11,12	172.4	39.4813762	73.5951115	5107.6
5272	208.2	208.2	208.2	648,951,5,22	172.4	39.4813769	73.5951103	5107.6
5273	280.3	280.3	280.3	282,65,15,11	172.4	39.4813777	73.5951081	5107.6
5274	199.2	199.2	199.2	674,697,7,8	172.2	39.4813770	73.5951105	5107.6
5275	202.2	202.2	202.2	326,745,11,6	172.2	39.4813771	73.5951104	5107.6
5276	381.4	381.4	381.4	1859,275,4,12	172.2	39.4813797	73.5951062	5107.6
5277	421.5	421.5	421.5	1532,845,13,6	172.0	39.4813788	73.5951062	5107.6
5278	564.6	562.6	567.6	449,811,14,6	171.8	39.4814209	73.5953903	5107.6
5279	22.0	22.0	22.0	1749,221,4,16	171.7	39.4813760	73.5951135	5107.7
5280	83.1	83.1	83.1	17,65,4,16	171.7	39.4813758	73.5951121	5107.7
5281	236.3	236.3	236.3	116,116,5,19	171.7	39.4813778	73.5951104	5107.5
5282	203.2	203.2	203.2	0,864,4,17	171.6	39.4813770	73.5951104	5107.6
5283	189.2	188.2	189.2	457,5,13,8	171.5	39.4813763	73.5951108	5107.6
5284	236.3	236.3	236.3	107,411,4,13	171.5	39.4813778	73.5951104	5107.5
5285	73.1	68.1	73.1	1783,393,6,8	171.4	39.4813760	73.5951123	5107.7
5286	85.1	85.1	85.1	1873,994,15,9	171.4	39.4813755	73.5951119	5107.7
5287	90.1	90.1	90.1	1907,625,13,6	171.3	39.4813756	73.5951114	5107.7
5288	209.2	208.2	209.2	843,0,10,9	171.3	39.4813769	73.5951104	5107.6
5289	235.3	235.3	235.3	161,401,6,16	171.3	39.4813779	73.5951104	5107.5
5290	268.3	268.3	269.3	1619,59,14,4	171.3	39.4813776	73.5951084	5107.6
5291	668.8	668.8	668.8	1329,65,14,6	171.2	39.4814228	73.5953892	5107.6
5292	234.3	234.3	234.3	595,97,6,10	171.0	39.4813780	73.5951105	5107.6
5293	537.6	537.6	537.6	283,531,6,14	171.0	39.4814228	73.5953917	5107.6
5294	169.2	169.2	169.2	91,189,11,12	170.9	39.4813761	73.5951108	5107.6
5295	545.6	545.6	545.6	870,914,11,7	170.9	39.4814222	73.5953910	5107.6
5296	110.1	110.1	111.1	393,598,8,22	170.8	39.4813758	73.5951122	5107.6
5297	168.2	165.2	168.2	429,615,8,10	170.8	39.4813762	73.5951107	5107.6
5298	216.2	216.2	216.2	449,183,3,20	170.8	39.4813767	73.5951100	5107.6
5299	272.3	272.3	272.3	37,859,8,10	170.8	39.4813774	73.5951083	5107.6
5300	77.1	77.1	77.1	1889,93,8,8	170.7	39.4813761	73.5951120	5107.7
5301	441.5	441.5	441.5	629,785,10,7	170.5	39.4813785	73.5951059	5107.6
5302	492.6	492.6	492.6	153,479,9,10	170.5	39.4813770	73.5951048	5107.6
5303	771.9	771.9	772.9	307,995,12,4	170.5	39.4814239	73.5953875	5107.6
5304	93.1	93.1	93.1	363,765,6,12	170.4	39.4813759	73.5951116	5107.6
5305	344.4	344.4	344.4	595,945,6,8	170.3	39.4813791	73.5951064	5107.6
5306	345.4	345.4	345.4	1065,239,8,10	170.3	39.4813793	73.5951063	5107.6
5307	618.7	615.7	618.7	1083,274,17,5	170.3	39.4814217	73.5953893	5107.6
5308	256.3	256.3	256.3	595,625,10,9	170.2	39.4813770	73.5951090	5107.6
5309	452.5	452.5	452.5	1729,193,8,8	170.2	39.4813782	73.5951058	5107.6
5310	697.8	697.8	697.8	1357,575,9,10	170.2	39.4814229	73.5953888	5107.6
5311	256.3	256.3	256.3	1299,0,15,3	170.1	39.4813770	73.5951090	5107.6
5312	571.6	571.6	571.6	881,0,8,11	170.1	39.4814215	73.5953907	5107.6
5313	237.3	237.3	237.3	1883,59,10,4	170.0	39.4813777	73.5951103	5107.6
5314	258.3	258.3	258.3	1497,33,20,6	170.0	39.4813771	73.5951092	5107.6
5315	90.1	90.1	90.1	729,97,6,16	169.9	39.4813756	73.5951114	5107.7
5316	643.7	643.7	643.7	1081,253,14,10	169.9	39.4814222	73.5953892	5107.6
5317	660.7	660.7	660.7	1833,979,6,12	169.9	39.4814222	73.5953892	5107.6
5318	224.3	224.3	224.3	407,601,6,14	169.8	39.4813772	73.5951098	5107.6
5319	410.5	410.5	410.5	1451,81,6,8	169.7	39.4813794	73.5951059	5107.5
5320	647.7	647.7	647.7	1460,0,11,6	169.7	39.4814218	73.5953891	5107.6
5321	111.1	111.1	111.1	493,788,9,9	169.6	39.4813758	73.5951122	5107.6
5322	291.3	291.3	291.3	1717,641,10,12	169.6	39.4813778	73.5951078	5107.5
5323	412.5	412.5	412.5	1478,891,13,7	169.5	39.4813790	73.5951060	5107.5
5324	412.5	412.5	412.5	1305,907,4,12	169.5	39.4813790	73.5951060	5107.5
5325	487.5	487.5	487.5	1889,1025,8,8	169.5	39.4813770	73.5951046	5107.6
5326	712.8	712.8	712.8	1012,31,13,10	169.3	39.4814230	73.5953892	5107.6
5327	67.1	61.1	67.1	937,177,8,6	169.2	39.4813767	73.5951122	5107.7
5328	145.2	145.2	149.2	159,118,10,13	169.1	39.4813763	73.5951112	5107.6
5329	654.7	654.7	654.7	0,497,9,5	169.1	39.4814220	73.5953890	5107.6
5330	672.8	672.8	672.8	1506,643,11,8	169.0	39.4814225	73.5953893	5107.6
5331	762.9	758.9	762.9	738,291,14,4	169.0	39.4814231	73.5953878	5107.6
5332	522.6	522.6	522.6	1385,113,8,8	168.9	39.4814223	73.5953919	5107.6
5333	575.6	575.6	575.6	1249,817,6,10	168.9	39.4814212	73.5953905	5107.6
5334	692.8	692.8	692.8	513,321,16,8	168.8	39.4814229	73.5953891	5107.6
5335	84.1	84.1	85.1	67,877,6,8	168.7	39.4813757	73.5951120	5107.7
5336	135.2	135.2	135.2	65,31,8,6	168.7	39.4813763	73.5951116	5107.6
5337	291.3	291.3	291.3	1813,1067,8,13	168.7	39.4813778	73.5951078	5107.5
5338	301.3	301.3	301.3	0,888,7,9	168.7	39.4813779	73.5951074	5107.6
5339	425.5	425.5	425.5	1771,523,7,7	168.7	39.4813789	73.5951060	5107.5
5340	700.8	700.8	700.8	49,657,9,8	168.7	39.4814230	73.5953890	5107.6
5341	724.8	724.8	724.8	1905,17,9,6	168.7	39.4814234	73.5953891	5107.6
5342	251.3	251.3	252.3	1801,152,8,9	168.6	39.4813770	73.5951093	5107.5
5343	482.5	482.5	482.5	98,225,12,8	168.6	39.4813772	73.5951048	5107.6
5344	701.8	701.8	701.8	610,904,15,5	168.6	39.4814228	73.5953889	5107.6
5345	780.9	780.9	780.9	547,819,12,4	168.6	39.4814237	73.5953876	5107.6
5346	333.4	333.4	333.4	1645,1067,12,6	168.5	39.4813788	73.5951069	5107.5
5347	408.5	408.5	408.5	897,263,8,6	168.5	39.4813793	73.5951058	5107.6
5348	661.7	661.7	661.7	1315,411,12,4	168.5	39.4814222	73.5953892	5107.6
5349	684.8	684.8	684.8	225,691,6,14	168.5	39.4814225	73.5953888	5107.6
5350	222.2	222.2	222.2	515,434,12,15	168.4	39.4813768	73.5951101	5107.6
5351	282.3	282.3	282.3	609,181,8,12	168.4	39.4813777	73.5951082	5107.6
5352	661.7	661.7	661.7	1255,353,8,8	168.4	39.4814222	73.5953892	5107.6
5353	71.1	70.1	71.1	40,709,5,10	168.3	39.4813762	73.5951124	5107.7
5354	132.1	132.1	134.2	817,161,12,10	168.3	39.4813762	73.5951115	5107.6
5355	616.7	616.7	616.7	673,353,8,12	168.3	39.4814218	73.5953894	5107.6
5356	632.7	632.7	632.7	1371,203,8,6	168.2	39.4814222	73.5953884	5107.6
5357	173.2	171.2	173.2	1321,529,6,17	168.1	39.4813764	73.5951106	5107.6
5358	485.5	485.5	485.5	906,444,17,5	168.1	39.4813773	73.5951047	5107.6
5359	672.8	672.8	674.8	1846,327,7,11	168.1	39.4814225	73.5953893	5107.6
5360	13.0	11.0	13.0	45,140,12,6	167.9	39.4813759	73.5951135	5107.7
5361	502.6	502.6	508.6	67,267,13,5	167.9	39.4813772	73.5951045	5107.6
5362	55.1	53.1	57.1	1017,309,4,18	167.8	39.4813762	73.5951130	5107.7
5363	222.2	222.2	222.2	0,399,9,10	167.8	39.4813768	73.5951101	5107.6
5364	256.3	256.3	256.3	401,979,4,12	167.8	39.4813770	73.5951090	5107.6
5365	381.4	381.4	381.4	795,1073,6,7	167.8	39.4813797	73.5951062	5107.6
5366	429.5	429.5	429.5	1161,773,12,8	167.8	39.4813787	73.5951058	5107.6
5367	334.4	334.4	337.4	243,347,11,6	167.7	39.4813788	73.5951069	5107.5
5368	277.3	277.3	277.3	117,1030,6,13	167.6	39.4813781	73.5951084	5107.5
5369	440.5	440.5	440.5	698,851,11,6	167.6	39.4813782	73.5951059	5107.6
5370	100.1	100.1	100.1	1555,391,14,6	167.4	39.4813766	73.5951115	5107.6
5371	509.6	509.6	509.6	1395,1063,9,8	167.4	39.4813851	73.5951621	5107.6
5372	548.6	548.6	548.6	182,401,11,6	167.4	39.4814220	73.5953912	5107.6
5373	249.3	246.3	249.3	1138,691,5,12	167.3	39.4813765	73.5951094	5107.5
5374	719.8	719.8	719.8	497,905,12,5	167.3	39.4814231	73.5953891	5107.6
5375	121.1	121.1	121.1	873,1001,14,6	167.2	39.4813759	73.5951120	5107.6
5376	272.3	272.3	272.3	37,39,10,8	167.2	39.4813774	73.5951083	5107.6
5377	626.7	626.7	626.7	1795,1057,12,10	167.2	39.4814216	73.5953887	5107.6
5378	774.9	774.9	774.9	1729,135,10,8	167.2	39.4814241	73.5953875	5107.6
5379	236.3	236.3	236.3	1799,17,12,8	167.1	39.4813778	73.5951104	5107.5
5380	260.3	260.3	260.3	1060,37,11,6	167.1	39.4813772	73.5951091	5107.6
5381	650.7	650.7	653.7	511,481,17,6	167.1	39.4814215	73.5953887	5107.6
5382	719.8	719.8	719.8	18,728,7,7	167.1	39.4814231	73.5953891	5107.6
5383	128.1	128.1	128.1	1443,643,12,4	167.0	39.4813759	73.5951119	5107.6
5384	495.6	495.6	495.6	1753,153,6,10	167.0	39.4813770	73.5951046	5107.6
5385	254.3	254.3	254.3	11,555,4,12	166.9	39.4813770	73.5951089	5107.6
5386	259.3	257.3	259.3	618,235,7,10	166.9	39.4813771	73.5951092	5107.6
5387	298.3	298.3	298.3	1185,169,14,4	166.9	39.4813778	73.5951076	5107.5
5388	708.8	708.8	712.8	1128,1031,10,9	166.9	39.4814225	73.5953887	5107.6
5389	728.8	728.8	728.8	1553,157,8,10	166.9	39.4814235	73.5953890	5107.6
5390	726.8	726.8	726.8	447,1069,7,11	166.8	39.4814234	73.5953890	5107.6
5391	729.8	729.8	729.8	1903,848,9,7	166.8	39.4814235	73.5953890	5107.6
5392	507.6	507.6	509.6	1601,1057,6,12	166.7	39.4813780	73.5951143	5107.6
5393	536.6	536.6	536.6	1787,991,6,8	166.7	39.4814227	73.5953918	5107.6
5394	721.8	721.8	721.8	1821,1050,8,7	166.7	39.4814232	73.5953891	5107.6
5395	264.3	264.3	264.3	653,241,10,6	166.6	39.4813778	73.5951088	5107.6
5396	548.6	548.6	548.6	105,591,8,6	166.6	39.4814220	73.5953912	5107.6
5397	761.9	760.9	761.9	1424,34,9,11	166.6	39.4814229	73.5953879	5107.6
5398	137.2	137.2	139.2	533,201,8,14	166.5	39.4813762	73.5951114	5107.6
5399	188.2	186.2	188.2	125,487,8,9	166.5	39.4813763	73.5951108	5107.6
5400	211.2	211.2	211.2	794,848,7,9	166.5	39.4813770	73.5951104	5107.6
5401	264.3	264.3	264.3	1403,101,12,4	166.5	39.4813778	73.5951088	5107.6
5402	425.5	425.5	425.5	769,209,8,8	166.5	39.4813789	73.5951060	5107.5
5403	712.8	712.8	714.8	1291,1043,20,4	166.5	39.4814230	73.5953892	5107.6
5404	163.2	162.2	163.2	727,41,8,8	166.4	39.4813763	73.5951106	5107.6
5405	324.4	324.4	328.4	0,813,8,5	166.4	39.4813783	73.5951070	5107.5
5406	104.1	100.1	107.1	867,119,12,8	166.2	39.4813758	73.5951116	5107.6
5407	101.1	101.1	101.1	258,305,7,8	166.0	39.4813765	73.5951116	5107.6
5408	68.1	65.1	70.1	1296,227,11,4	165.9	39.4813765	73.5951122	5107.7
5409	121.1	121.1	121.1	1893,1055,14,10	165.9	39.4813759	73.5951120	5107.6
5410	431.5	431.5	431.5	761,985,6,8	165.9	39.4813784	73.5951061	5107.6
5411	575.6	575.6	575.6	122,1071,7,9	165.9	39.4814212	73.5953905	5107.6
5412	717.8	717.8	717.8	435,979,12,4	165.8	39.4814231	73.5953890	5107.6
5413	234.3	234.3	234.3	1792,271,11,14	165.7	39.4813780	73.5951105	5107.6
5414	308.3	308.3	308.3	303,1062,14,11	165.7	39.4813779	73.5951070	5107.6
5415	345.4	345.4	345.4	1653,199,10,6	165.7	39.4813793	73.5951063	5107.6
5416	226.3	226.3	226.3	43,35,8,12	165.6	39.4813771	73.5951100	5107.5
5417	350.4	350.4	350.4	231,553,13,8	165.6	39.4813791	73.5951063	5107.6
5418	782.9	782.9	784.9	1443,99,4,12	165.6	39.4814235	73.5953875	5107.6
5419	273.3	273.3	273.3	95,817,8,14	165.5	39.4813774	73.5951082	5107.5
5420	561.6	561.6	561.6	515,513,8,10	165.5	39.4814206	73.5953901	5107.6
5421	423.5	423.5	423.5	467,883,12,4	165.4	39.4813789	73.5951061	5107.6
5422	726.8	726.8	726.8	625,573,5,10	165.4	39.4814234	73.5953890	5107.6
5423	121.1	121.1	121.1	9,743,8,6	165.3	39.4813759	73.5951120	5107.6
5424	226.3	222.2	226.3	524,585,11,9	165.3	39.4813771	73.5951100	5107.5
5425	429.5	426.5	429.5	845,97,8,10	165.3	39.4813787	73.5951058	5107.6
5426	681.8	677.8	681.8	1523,441,8,16	165.3	39.4814225	73.5953886	5107.6
5427	452.5	452.5	452.5	817,533,10,6	165.2	39.4813782	73.5951058	5107.6
5428	477.5	477.5	477.5	619,192,6,9	165.2	39.4813775	73.5951050	5107.6
5429	320.4	320.4	321.4	1849,938,8,7	165.1	39.4813786	73.5951069	5107.6
5430	144.2	144.2	144.2	1295,31,10,6	165.0	39.4813762	73.5951113	5107.6
5431	431.5	431.5	431.5	868,689,7,8	165.0	39.4813784	73.5951061	5107.6
5432	626.7	626.7	626.7	883,1077,14,3	165.0	39.4814216	73.5953887	5107.6
5433	713.8	713.8	714.8	1388,1061,6,11	165.0	39.4814233	73.5953894	5107.6
5434	265.3	265.3	265.3	1193,0,22,3	164.9	39.4813777	73.5951088	5107.6
5435	276.3	276.3	276.3	1797,929,10,8	164.9	39.4813781	73.5951084	5107.5
5436	521.6	521.6	521.6	1882,1039,10,8	164.9	39.4814225	73.5953923	5107.6
5437	764.9	764.9	764.9	355,227,14,4	164.8	39.4814237	73.5953878	5107.6
5438	678.8	678.8	678.8	169,121,10,8	164.7	39.4814224	73.5953890	5107.6
5439	235.3	235.3	235.3	27,475,4,12	164.6	39.4813779	73.5951104	5107.5
5440	244.3	244.3	244.3	979,807,10,10	164.6	39.4813765	73.5951098	5107.5
5441	248.3	246.3	253.3	1397,650,12,7	164.5	39.4813764	73.5951094	5107.5
5442	783.9	783.9	783.9	243,483,4,12	164.5	39.4814235	73.5953875	5107.6
5443	736.8	736.8	736.8	936,1067,9,8	164.4	39.4814237	73.5953889	5107.6
5444	135.2	135.2	138.2	49,842,6,9	164.3	39.4813763	73.5951116	5107.6
5445	90.1	90.1	90.1	1303,957,6,16	164.2	39.4813756	73.5951114	5107.7
5446	672.8	670.8	672.8	1547,1057,9,5	164.2	39.4814225	73.5953893	5107.6
5447	718.8	718.8	718.8	177,945,8,8	164.2	39.4814230	73.5953891	5107.6
5448	738.8	738.8	738.8	67,1043,12,4	164.2	39.4814240	73.5953887	5107.6
5449	750.8	748.8	750.8	1771,811,6,11	164.2	39.4814231	73.5953881	5107.6
5450	663.7	663.7	663.7	1347,1075,13,5	164.1	39.4814224	73.5953892	5107.6
5451	171.2	171.2	173.2	1153,823,14,8	163.9	39.4813761	73.5951109	5107.6
5452	192.2	191.2	194.2	753,799,8,15	163.9	39.4813767	73.5951107	5107.6
5453	245.3	245.3	245.3	1377,87,8,6	163.8	39.4813763	73.5951096	5107.5
5454	688.8	688.8	688.8	932,17,12,6	163.7	39.4814229	73.5953890	5107.6
5455	76.1	74.1	77.1	1626,21,7,8	163.6	39.4813761	73.5951119	5107.7
5456	127.1	127.1	127.1	17,465,6,9	163.6	39.4813758	73.5951120	5107.6
5457	424.5	424.5	424.5	81,67,14,4	163.6	39.4813788	73.5951060	5107.5
5458	668.8	668.8	668.8	1843,1041,11,10	163.6	39.4814228	73.5953892	5107.6
5459	432.5	432.5	432.5	1057,639,12,6	163.5	39.4813784	73.5951062	5107.6
5460	77.1	77.1	77.1	1433,991,8,8	163.4	39.4813761	73.5951120	5107.7
5461	331.4	331.4	331.4	1175,35,10,8	163.4	39.4813787	73.5951072	5107.5
5462	291.3	291.3	291.3	1665,1075,8,5	163.3	39.4813778	73.5951078	5107.5
5463	236.3	236.3	236.3	1041,9,10,6	163.2	39.4813778	73.5951104	5107.5
5464	776.9	776.9	776.9	163,227,12,4	163.2	39.4814239	73.5953876	5107.6
5465	323.4	323.4	323.4	1163,691,4,12	163.1	39.4813783	73.5951070	5107.6
5466	382.4	382.4	382.4	1689,409,14,4	163.1	39.4813795	73.5951064	5107.6
5467	103.1	103.1	103.1	1671,155,16,4	163.0	39.4813762	73.5951115	5107.6
5468	143.2	143.2	143.2	1385,777,12,4	163.0	39.4813762	73.5951113	5107.6
5469	301.3	300.3	303.3	1731,934,12,11	163.0	39.4813779	73.5951074	5107.6
5470	495.6	495.6	495.6	703,738,9,9	163.0	39.4813770	73.5951046	5107.6
5471	522.6	522.6	522.6	611,717,6,8	163.0	39.4814223	73.5953919	5107.6
5472	319.4	319.4	319.4	369,1001,6,8	162.9	39.4813785	73.5951069	5107.6
5473	574.6	574.6	574.6	885,564,12,13	162.9	39.4814212	73.5953908	5107.6
5474	688.8	688.8	688.8	1617,33,8,7	162.9	39.4814229	73.5953890	5107.6
5475	193.2	193.2	194.2	169,209,10,8	162.8	39.4813766	73.5951107	5107.6
5476	308.3	308.3	308.3	1569,90,12,7	162.8	39.4813779	73.5951070	5107.6
5477	310.3	310.3	310.3	603,127,6,10	162.8	39.4813778	73.5951069	5107.6
5478	796.9	796.9	796.9	1101,1056,10,9	162.8	39.4814244	73.5953876	5107.6
5479	158.2	158.2	158.2	257,917,8,8	162.7	39.4813766	73.5951107	5107.6
5480	252.3	246.3	252.3	1057,923,8,6	162.7	39.4813770	73.5951092	5107.6
5481	752.8	752.8	756.9	1539,60,14,4	162.7	39.4814232	73.5953882	5107.6
5482	795.9	795.9	795.9	321,676,6,11	162.7	39.4814244	73.5953876	5107.6
5483	106.1	106.1	106.1	1853,809,8,12	162.6	39.4813759	73.5951120	5107.6
5484	270.3	270.3	270.3	0,605,4,16	162.6	39.4813774	73.5951085	5107.5
5485	791.9	791.9	792.9	561,169,8,8	162.6	39.4814238	73.5953875	5107.6
5486	0.0	0.0	0.0	523,949,6,11	162.5	39.4813758	73.5951138	5107.7
5487	692.8	691.8	692.8	91,263,10,16	162.5	39.4814229	73.5953891	5107.6
5488	796.9	793.9	796.9	1313,158,8,7	162.5	39.4814244	73.5953876	5107.6
5489	713.8	713.8	717.8	88,472,9,9	162.4	39.4814233	73.5953894	5107.6
5490	729.8	729.8	732.8	985,63,16,5	162.4	39.4814235	73.5953890	5107.6
5491	782.9	782.9	782.9	1635,795,12,4	162.4	39.4814235	73.5953875	5107.6
5492	309.3	309.3	309.3	1641,1025,8,6	162.3	39.4813779	73.5951069	5107.6
5493	332.4	332.4	335.4	789,193,6,10	162.3	39.4813788	73.5951071	5107.5
5494	783.9	783.9	783.9	1443,857,14,8	162.3	39.4814235	73.5953875	5107.6
5495	129.1	129.1	129.1	581,139,8,10	162.2	39.4813759	73.5951117	5107.6
5496	302.3	302.3	306.3	1287,51,10,6	162.2	39.4813780	73.5951074	5107.6
5497	428.5	428.5	428.5	657,267,16,4	162.2	39.4813790	73.5951057	5107.6
5498	21.0	21.0	21.0	1865,449,6,8	162.1	39.4813759	73.5951134	5107.7
5499	222.2	222.2	222.2	427,911,6,10	162.1	39.4813768	73.5951101	5107.6
5500	303.3	303.3	303.3	657,0,10,9	162.1	39.4813781	73.5951073	5107.6
5501	743.8	743.8	743.8	1084,105,9,8	162.1	39.4814236	73.5953883	5107.6
5502	762.9	762.9	762.9	207,1018,10,6	162.1	39.4814231	73.5953878	5107.6
5503	235.3	235.3	235.3	601,88,8,7	161.9	39.4813779	73.5951104	5107.5
5504	260.3	258.3	260.3	244,465,13,16	161.9	39.4813772	73.5951091	5107.6
5505	170.2	170.2	170.2	75,855,6,21	161.8	39.4813761	73.5951109	5107.6
5506	236.3	236.3	236.3	347,555,12,4	161.8	39.4813778	73.5951104	5107.5
5507	154.2	154.2	154.2	325,1017,6,8	161.7	39.4813766	73.5951106	5107.6
5508	522.6	522.6	522.6	433,625,6,8	161.6	39.4814223	73.5953919	5107.6
5509	655.7	655.7	655.7	217,1049,18,6	161.6	39.4814222	73.5953891	5107.6
5510	717.8	717.8	717.8	1027,955,12,4	161.6	39.4814231	73.5953890	5107.6
5511	254.3	254.3	254.3	581,215,8,16	161.5	39.4813770	73.5951089	5107.6
5512	269.3	269.3	269.3	729,5,8,6	161.5	39.4813774	73.5951084	5107.5
5513	43.0	42.0	48.1	1739,636,8,11	161.4	39.4813762	73.5951136	5107.7
5514	90.1	90.1	90.1	449,431,6,18	161.4	39.4813756	73.5951114	5107.7
5515	443.5	443.5	443.5	688,0,11,5	161.4	39.4813785	73.5951058	5107.6
5516	131.1	130.1	131.1	1265,145,8,6	161.2	39.4813761	73.5951116	5107.6
5517	450.5	450.5	450.5	1457,384,6,11	161.2	39.4813782	73.5951059	5107.6
5518	617.7	617.7	617.7	681,1019,14,6	161.2	39.4814218	73.5953893	5107.6
5519	795.9	795.9	795.9	682,303,9,11	161.1	39.4814244	73.5953876	5107.6
5520	76.1	73.1	76.1	1229,153,8,16	161.0	39.4813761	73.5951119	5107.7
5521	261.3	261.3	261.3	1451,91,16,6	161.0	39.4813773	73.5951091	5107.6
5522	263.3	263.3	263.3	39,762,10,7	161.0	39.4813778	73.5951089	5107.5
5523	164.2	164.2	164.2	1273,121,16,10	160.8	39.4813763	73.5951106	5107.6
5524	207.2	207.2	210.2	274,784,11,9	160.8	39.4813769	73.5951105	5107.6
5525	297.3	297.3	297.3	620,129,17,10	160.8	39.4813778	73.5951075	5107.5
5526	425.5	425.5	425.5	517,969,7,7	160.8	39.4813789	73.5951060	5107.5
5527	128.1	128.1	128.1	243,9,6,12	160.7	39.4813759	73.5951119	5107.6
5528	257.3	257.3	257.3	235,1005,4,18	160.7	39.4813771	73.5951092	5107.5
5529	268.3	268.3	268.3	523,35,16,5	160.7	39.4813776	73.5951084	5107.6
5530	480.5	480.5	480.5	1899,705,12,6	160.7	39.4813771	73.5951047	5107.6
5531	641.7	641.7	641.7	1171,721,6,8	160.7	39.4814222	73.5953890	5107.6
5532	341.4	338.4	341.4	1889,657,6,8	160.6	39.4813790	73.5951064	5107.5
5533	350.4	350.4	350.4	515,116,14,5	160.6	39.4813791	73.5951063	5107.6
5534	663.7	663.7	663.7	1690,212,12,11	160.5	39.4814224	73.5953892	5107.6
5535	237.3	237.3	237.3	147,91,4,12	160.3	39.4813777	73.5951103	5107.6
5536	340.4	340.4	340.4	1917,1039,3,12	160.3	39.4813790	73.5951065	5107.5
5537	255.3	255.3	255.3	449,199,8,10	160.2	39.4813771	73.5951089	5107.6
5538	560.6	560.6	560.6	594,0,15,4	160.2	39.4814205	73.5953900	5107.6
5539	25.0	25.0	25.0	305,73,8,8	160.1	39.4813760	73.5951137	5107.7
5540	760.9	760.9	760.9	451,570,4,15	160.1	39.4814228	73.5953879	5107.6
5541	230.3	230.3	230.3	377,1045,6,12	160.0	39.4813776	73.5951101	5107.6
5542	241.3	237.3	241.3	983,1001,6,8	159.9	39.4813768	73.5951100	5107.6
5543	490.6	488.5	490.6	1873,971,12,8	159.9	39.4813771	73.5951045	5107.6
5544	776.9	776.9	776.9	945,425,8,8	159.9	39.4814239	73.5953876	5107.6
5545	708.8	708.8	708.8	1777,973,6,8	159.8	39.4814225	73.5953887	5107.6
5546	794.9	794.9	794.9	427,867,4,12	159.8	39.4814244	73.5953877	5107.6
5547	333.4	328.4	333.4	1603,883,12,4	159.7	39.4813788	73.5951069	5107.5
5548	776.9	776.9	779.9	1507,689,14,4	159.7	39.4814239	73.5953876	5107.6
5549	237.3	237.3	237.3	113,977,6,14	159.5	39.4813777	73.5951103	5107.6
5550	760.9	760.9	760.9	365,371,14,5	159.5	39.4814228	73.5953879	5107.6
5551	262.3	262.3	262.3	1707,0,12,4	159.4	39.4813775	73.5951089	5107.5
5552	485.5	485.5	485.5	723,467,4,12	159.4	39.4813773	73.5951047	5107.6
5553	564.6	564.6	564.6	1569,339,15,4	159.3	39.4814209	73.5953903	5107.6
5554	93.1	93.1	93.1	331,299,10,10	159.2	39.4813759	73.5951116	5107.6
5555	139.2	139.2	139.2	45,863,6,9	159.2	39.4813758	73.5951116	5107.6
5556	711.8	711.8	711.8	1775,691,8,8	159.1	39.4814229	73.5953890	5107.6
5557	716.8	716.8	719.8	135,471,8,6	159.1	39.4814232	73.5953892	5107.6
5558	785.9	785.9	785.9	71,65,8,8	159.1	39.4814233	73.5953872	5107.6
5559	270.3	270.3	270.3	305,241,8,6	159.0	39.4813774	73.5951085	5107.5
5560	7.0	4.0	8.0	89,199,4,12	158.9	39.4813758	73.5951133	5107.7
5561	81.1	81.1	81.1	1913,3,7,6	158.9	39.4813760	73.5951120	5107.7
5562	128.1	128.1	128.1	1843,763,12,4	158.9	39.4813759	73.5951119	5107.6
5563	402.5	402.5	402.5	1756,757,5,12	158.9	39.4813790	73.5951061	5107.6
5564	662.7	662.7	662.7	1618,128,11,6	158.9	39.4814223	73.5953892	5107.6
5565	767.9	767.9	767.9	1401,432,8,11	158.9	39.4814237	73.5953877	5107.6
5566	120.1	120.1	120.1	145,674,10,9	158.8	39.4813760	73.5951120	5107.6
5567	270.3	270.3	270.3	1079,49,10,6	158.8	39.4813774	73.5951085	5107.5
5568	384.4	384.4	384.4	1393,689,8,8	158.8	39.4813795	73.5951065	5107.6
5569	718.8	718.8	718.8	235,1043,4,12	158.8	39.4814230	73.5953891	5107.6
5570	105.1	105.1	106.1	1075,171,14,4	158.7	39.4813758	73.5951120	5107.6
5571	115.1	114.1	115.1	111,967,9,10	158.6	39.4813763	73.5951121	5107.6
5572	321.4	321.4	321.4	1355,775,6,10	158.6	39.4813785	73.5951071	5107.5
5573	346.4	346.4	346.4	661,577,8,6	158.6	39.4813793	73.5951063	5107.6
5574	256.3	256.3	256.3	246,0,13,5	158.5	39.4813770	73.5951090	5107.6
5575	314.4	314.4	314.4	243,0,12,7	158.5	39.4813783	73.5951067	5107.5
5576	428.5	428.5	428.5	704,950,7,8	158.5	39.4813790	73.5951057	5107.6
5577	341.4	341.4	341.4	1083,0,9,11	158.4	39.4813790	73.5951064	5107.5
5578	572.6	572.6	572.6	149,537,10,5	158.4	39.4814214	73.5953908	5107.6
5579	627.7	627.7	630.7	19,770,4,11	158.4	39.4814214	73.5953887	5107.6
5580	222.2	222.2	222.2	195,963,12,4	158.2	39.4813768	73.5951101	5107.6
5581	314.4	314.4	314.4	229,737,10,8	158.2	39.4813783	73.5951067	5107.5
5582	691.8	691.8	691.8	882,0,14,3	158.1	39.4814227	73.5953890	5107.6
5583	543.6	543.6	543.6	899,403,6,14	158.0	39.4814222	73.5953912	5107.6
5584	724.8	724.8	724.8	1565,257,8,8	158.0	39.4814234	73.5953891	5107.6
5585	754.8	753.8	754.8	1165,211,10,5	158.0	39.4814231	73.5953882	5107.6
5586	761.9	761.9	761.9	67,641,4,12	158.0	39.4814229	73.5953879	5107.6
5587	264.3	264.3	264.3	617,169,8,10	157.9	39.4813778	73.5951088	5107.6
5588	291.3	291.3	291.3	1737,613,8,12	157.9	39.4813778	73.5951078	5107.5
5589	669.8	668.8	669.8	0,545,10,6	157.8	39.4814229	73.5953892	5107.6
5590	670.8	669.8	670.8	1327,1050,8,12	157.8	39.4814229	73.5953892	5107.6
5591	38.0	38.0	38.0	1893,935,6,10	157.7	39.4813763	73.5951133	5107.7
5592	429.5	429.5	429.5	1275,145,14,10	157.7	39.4813787	73.5951058	5107.6
5593	480.5	480.5	480.5	217,585,16,6	157.7	39.4813771	73.5951047	5107.6
5594	722.8	722.8	722.8	1684,984,8,9	157.7	39.4814233	73.5953891	5107.6
5595	145.2	145.2	145.2	98,721,7,12	157.6	39.4813763	73.5951112	5107.6
5596	259.3	259.3	259.3	375,0,6,13	157.6	39.4813771	73.5951092	5107.6
5597	282.3	282.3	282.3	1855,315,10,6	157.6	39.4813777	73.5951082	5107.6
5598	292.3	292.3	292.3	1463,141,12,4	157.6	39.4813779	73.5951077	5107.5
5599	493.6	493.6	495.6	501,769,6,11	157.6	39.4813769	73.5951048	5107.6
5600	261.3	261.3	263.3	133,655,6,10	157.5	39.4813773	73.5951091	5107.6
5601	522.6	522.6	522.6	1105,213,12,6	157.5	39.4814223	73.5953919	5107.6
5602	787.9	787.9	791.9	1735,481,8,6	157.5	39.4814236	73.5953872	5107.6
5603	411.5	411.5	411.5	1349,1055,12,9	157.4	39.4813790	73.5951059	5107.5
5604	234.3	234.3	234.3	991,0,10,9	157.3	39.4813780	73.5951105	5107.6
5605	758.9	758.9	758.9	209,814,12,7	157.3	39.4814230	73.5953879	5107.6
5606	222.2	222.2	222.2	1905,201,15,4	157.2	39.4813768	73.5951101	5107.6
5607	269.3	269.3	269.3	585,183,8,6	157.2	39.4813774	73.5951084	5107.5
5608	686.8	686.8	686.8	903,231,10,5	157.2	39.4814226	73.5953890	5107.6
5609	71.1	68.1	71.1	39,535,6,8	157.1	39.4813762	73.5951124	5107.7
5610	647.7	647.7	647.7	481,112,12,7	157.1	39.4814218	73.5953891	5107.6
5611	690.8	688.8	690.8	1681,83,8,8	157.1	39.4814227	73.5953889	5107.6
5612	658.7	653.7	658.7	413,137,8,12	157.0	39.4814223	73.5953892	5107.6
5613	440.5	440.5	440.5	1059,369,4,16	156.9	39.4813782	73.5951059	5107.6
5614	60.1	59.1	60.1	1472,130,16,3	156.8	39.4813766	73.5951125	5107.7
5615	445.5	445.5	445.5	609,691,7,10	156.8	39.4813788	73.5951059	5107.6
5616	633.7	633.7	633.7	615,587,9,6	156.6	39.4814225	73.5953887	5107.6
5617	129.1	129.1	133.1	717,915,6,20	156.5	39.4813759	73.5951117	5107.6
5618	628.7	628.7	628.7	177,471,8,9	156.5	39.4814214	73.5953884	5107.6
5619	659.7	659.7	659.7	153,33,8,6	156.5	39.4814223	73.5953891	5107.6
5620	169.2	169.2	169.2	0,757,9,7	156.4	39.4813761	73.5951108	5107.6
5621	237.3	237.3	237.3	1136,135,15,4	156.4	39.4813777	73.5951103	5107.6
5622	197.2	197.2	197.2	767,153,8,8	156.3	39.4813768	73.5951105	5107.6
5623	566.6	566.6	566.6	1242,356,14,9	156.3	39.4814209	73.5953906	5107.6
5624	702.8	702.8	702.8	745,641,8,8	156.3	39.4814227	73.5953889	5107.6
5625	27.0	26.0	27.0	1681,177,10,18	156.2	39.4813760	73.5951137	5107.7
5626	101.1	101.1	101.1	1705,782,8,11	156.2	39.4813765	73.5951116	5107.6
5627	771.9	768.9	771.9	297,521,8,8	156.2	39.4814239	73.5953875	5107.6
5628	210.2	210.2	210.2	537,690,4,15	156.1	39.4813769	73.5951104	5107.6
5629	337.4	337.4	337.4	161,955,8,6	156.1	39.4813789	73.5951066	5107.5
5630	149.2	149.2	149.2	503,389,10,8	156.0	39.4813768	73.5951107	5107.6
5631	202.2	199.2	203.2	817,85,8,8	156.0	39.4813771	73.5951104	5107.6
5632	291.3	291.3	291.3	221,518,5,11	156.0	39.4813778	73.5951078	5107.5
5633	335.4	335.4	335.4	1449,965,6,10	156.0	39.4813788	73.5951069	5107.5
5634	448.5	448.5	448.5	673,1064,13,5	156.0	39.4813785	73.5951059	5107.6
5635	224.3	224.3	224.3	1161,821,8,8	155.9	39.4813772	73.5951098	5107.6
5636	273.3	273.3	273.3	553,410,12,5	155.8	39.4813774	73.5951082	5107.5
5637	522.6	522.6	522.6	195,876,6,9	155.8	39.4814223	73.5953919	5107.6
5638	574.6	574.6	574.6	953,363,10,14	155.7	39.4814212	73.5953908	5107.6
5639	766.9	766.9	766.9	299,1073,6,7	155.7	39.4814237	73.5953877	5107.6
5640	51.1	50.1	51.1	1627,895,12,6	155.6	39.4813759	73.5951133	5107.7
5641	738.8	738.8	738.8	1305,469,7,10	155.6	39.4814240	73.5953887	5107.6
5642	190.2	190.2	190.2	689,89,16,4	155.3	39.4813763	73.5951107	5107.6
5643	284.3	284.3	284.3	1810,913,11,12	155.3	39.4813776	73.5951081	5107.6
5644	98.1	98.1	98.1	465,173,6,12	155.2	39.4813765	73.5951114	5107.6
5645	779.9	779.9	779.9	1885,103,4,12	155.1	39.4814234	73.5953875	5107.6
5646	234.3	234.3	234.3	739,165,11,6	155.0	39.4813780	73.5951105	5107.6
5647	421.5	421.5	421.5	1055,803,6,12	155.0	39.4813788	73.5951062	5107.6
5648	66.1	66.1	66.1	17,480,8,11	154.9	39.4813764	73.5951122	5107.7
5649	121.1	121.1	121.1	1904,986,9,14	154.9	39.4813759	73.5951120	5107.6
5650	482.5	482.5	482.5	690,385,9,8	154.9	39.4813772	73.5951048	5107.6
5651	150.2	147.2	151.2	77,317,4,14	154.8	39.4813767	73.5951106	5107.6
5652	452.5	448.5	452.5	453,729,6,8	154.8	39.4813782	73.5951058	5107.6
5653	35.0	35.0	36.0	1695,328,4,19	154.7	39.4813761	73.5951136	5107.7
5654	341.4	341.4	341.4	1775,1016,10,9	154.6	39.4813790	73.5951064	5107.5
5655	631.7	631.7	631.7	457,979,12,10	154.6	39.4814216	73.5953884	5107.6
5656	90.1	90.1	90.1	553,988,8,13	154.5	39.4813756	73.5951114	5107.7
5657	341.4	341.4	341.4	841,969,8,8	154.5	39.4813790	73.5951064	5107.5
5658	616.7	616.7	616.7	673,1069,6,11	154.5	39.4814218	73.5953894	5107.6
5659	760.9	760.9	760.9	1908,0,12,5	154.5	39.4814228	73.5953879	5107.6
5660	197.2	197.2	197.2	227,587,12,4	154.4	39.4813768	73.5951105	5107.6
5661	424.5	424.5	424.5	959,747,14,12	154.4	39.4813788	73.5951060	5107.5
5662	500.6	500.6	500.6	887,841,8,8	154.4	39.4813772	73.5951044	5107.6
5663	104.1	104.1	104.1	215,945,4,14	154.3	39.4813758	73.5951116	5107.6
5664	256.3	256.3	256.3	123,445,6,10	154.3	39.4813770	73.5951090	5107.6
5665	687.8	687.8	687.8	1289,0,12,3	154.3	39.4814228	73.5953891	5107.6
5666	738.8	738.8	738.8	1585,0,6,7	154.3	39.4814240	73.5953887	5107.6
5667	237.3	237.3	237.3	1281,0,10,5	154.0	39.4813777	73.5951103	5107.6
5668	137.2	137.2	137.2	241,371,8,8	153.9	39.4813762	73.5951114	5107.6
5669	716.8	716.8	716.8	1731,653,6,10	153.9	39.4814232	73.5953892	5107.6
5670	226.3	226.3	226.3	427,766,4,15	153.8	39.4813771	73.5951100	5107.5
5671	15.0	13.0	16.0	1437,221,4,12	153.7	39.4813760	73.5951135	5107.7
5672	66.1	65.1	68.1	8,1057,3,20	153.7	39.4813764	73.5951122	5107.7
5673	226.3	226.3	226.3	85,1009,10,6	153.7	39.4813771	73.5951100	5107.5
5674	492.6	492.6	492.6	1705,7,14,8	153.7	39.4813770	73.5951048	5107.6
5675	209.2	207.2	209.2	807,201,8,12	153.6	39.4813769	73.5951104	5107.6
5676	515.6	515.6	515.6	210,307,10,7	153.6	39.4814150	73.5953396	5107.6
5677	631.7	627.7	631.7	89,283,8,6	153.6	39.4814216	73.5953884	5107.6
5678	81.1	81.1	81.1	317,509,8,8	153.5	39.4813760	73.5951120	5107.7
5679	257.3	257.3	257.3	15,575,6,10	153.5	39.4813771	73.5951092	5107.5
5680	269.3	269.3	269.3	1785,145,6,8	153.5	39.4813774	73.5951084	5107.5
5681	762.9	762.9	762.9	11,987,6,8	153.4	39.4814231	73.5953878	5107.6
5682	784.9	784.9	784.9	1231,475,8,6	153.4	39.4814235	73.5953874	5107.6
5683	227.3	227.3	227.3	291,227,4,14	153.3	39.4813771	73.5951102	5107.5
5684	548.6	548.6	548.6	611,403,6,12	153.3	39.4814220	73.5953912	5107.6
5685	110.1	108.1	110.1	317,193,6,11	153.2	39.4813758	73.5951122	5107.6
5686	521.6	521.6	521.6	729,513,8,6	152.9	39.4814225	73.5953923	5107.6
5687	381.4	381.4	381.4	989,1075,12,5	152.7	39.4813797	73.5951062	5107.6
5688	626.7	626.7	626.7	65,758,10,7	152.7	39.4814216	73.5953887	5107.6
5689	139.2	139.2	139.2	1197,163,9,9	152.6	39.4813758	73.5951116	5107.6
5690	299.3	299.3	299.3	951,1058,18,5	152.6	39.4813779	73.5951076	5107.5
5691	730.8	730.8	730.8	323,381,6,12	152.6	39.4814236	73.5953890	5107.6
5692	265.3	265.3	265.3	49,457,6,8	152.4	39.4813777	73.5951088	5107.6
5693	620.7	620.7	620.7	1283,611,14,6	152.4	39.4814217	73.5953891	5107.6
5694	790.9	790.9	790.9	1759,627,7,14	152.3	39.4814237	73.5953875	5107.6
5695	52.1	52.1	52.1	1567,513,5,16	152.2	39.4813759	73.5951133	5107.7
5696	230.3	230.3	230.3	35,824,8,9	152.2	39.4813776	73.5951101	5107.6
5697	23.0	23.0	23.0	80,837,5,12	152.1	39.4813762	73.5951135	5107.7
5698	718.8	718.8	718.8	721,765,6,8	152.1	39.4814230	73.5953891	5107.6
5699	145.2	145.2	145.2	297,137,6,10	152.0	39.4813763	73.5951112	5107.6
5700	320.4	320.4	320.4	1737,983,8,10	152.0	39.4813786	73.5951069	5107.6
5701	622.7	622.7	622.7	1219,835,12,4	152.0	39.4814215	73.5953888	5107.6
5702	702.8	702.8	702.8	1827,107,16,4	152.0	39.4814227	73.5953889	5107.6
5703	745.8	742.8	747.8	1737,892,8,14	152.0	39.4814233	73.5953882	5107.6
5704	32.0	32.0	32.0	1425,563,6,6	151.9	39.4813761	73.5951134	5107.7
5705	269.3	265.3	269.3	637,327,12,8	151.9	39.4813774	73.5951084	5107.5
5706	488.5	488.5	490.6	1914,525,6,10	151.8	39.4813770	73.5951045	5107.6
5707	492.6	492.6	492.6	1221,31,8,10	151.8	39.4813770	73.5951048	5107.6
5708	560.6	560.6	560.6	1759,696,8,9	151.8	39.4814205	73.5953900	5107.6
5709	639.7	638.7	639.7	1553,119,8,8	151.8	39.4814221	73.5953886	5107.6
5710	174.2	174.2	176.2	401,469,7,12	151.7	39.4813763	73.5951106	5107.6
5711	235.3	235.3	235.3	1163,209,12,4	151.7	39.4813779	73.5951104	5107.5
5712	48.1	47.1	58.1	1149,642,8,13	151.6	39.4813762	73.5951135	5107.7
5713	487.5	487.5	487.5	443,706,6,15	151.5	39.4813770	73.5951046	5107.6
5714	718.8	718.8	720.8	1331,1043,12,4	151.5	39.4814230	73.5953891	5107.6
5715	69.1	69.1	69.1	969,29,8,6	151.4	39.4813764	73.5951122	5107.7
5716	224.3	224.3	224.3	71,441,6,12	151.3	39.4813772	73.5951098	5107.6
5717	520.6	520.6	520.6	1608,7,5,10	151.2	39.4814225	73.5953929	5107.6
5718	659.7	659.7	659.7	69,585,8,8	151.2	39.4814223	73.5953891	5107.6
5719	384.4	384.4	384.4	1640,633,7,8	151.1	39.4813795	73.5951065	5107.6
5720	107.1	107.1	107.1	1073,496,8,8	151.0	39.4813759	73.5951121	5107.6
5721	256.3	256.3	256.3	65,786,6,12	151.0	39.4813770	73.5951090	5107.6
5722	23.0	23.0	23.0	1833,21,8,8	150.9	39.4813762	73.5951135	5107.7
5723	757.9	757.9	757.9	209,409,4,16	150.9	39.4814229	73.5953879	5107.6
5724	214.2	214.2	214.2	449,217,6,14	150.8	39.4813768	73.5951101	5107.6
5725	411.5	411.5	411.5	865,0,14,9	150.8	39.4813790	73.5951059	5107.5
5726	746.8	746.8	747.8	1185,0,12,5	150.8	39.4814234	73.5953883	5107.6
5727	23.0	23.0	23.0	1611,483,10,5	150.7	39.4813762	73.5951135	5107.7
5728	139.2	139.2	141.2	532,795,7,12	150.7	39.4813758	73.5951116	5107.6
5729	741.8	741.8	744.8	1466,571,7,6	150.7	39.4814238	73.5953885	5107.6
5730	147.2	147.2	147.2	757,113,6,12	150.5	39.4813762	73.5951110	5107.6
5731	426.5	426.5	427.5	1201,711,4,14	150.5	39.4813790	73.5951058	5107.6
5732	622.7	622.7	622.7	1752,507,15,4	150.5	39.4814215	73.5953888	5107.6
5733	216.2	216.2	216.2	1755,41,6,16	150.4	39.4813767	73.5951100	5107.6
5734	697.8	697.8	697.8	217,29,4,10	150.4	39.4814229	73.5953888	5107.6
5735	152.2	146.2	152.2	607,297,6,12	150.3	39.4813768	73.5951107	5107.6
5736	220.2	220.2	220.2	297,329,8,8	150.3	39.4813769	73.5951101	5107.6
5737	322.4	322.4	322.4	150,983,7,10	150.3	39.4813785	73.5951072	5107.5
5738	720.8	720.8	720.8	1001,153,20,6	150.3	39.4814232	73.5953891	5107.6
5739	139.2	137.2	139.2	904,257,9,8	150.2	39.4813758	73.5951116	5107.6
5740	168.2	168.2	168.2	547,0,14,9	150.2	39.4813762	73.5951107	5107.6
5741	382.4	382.4	382.4	1875,979,12,4	150.2	39.4813795	73.5951064	5107.6
5742	550.6	550.6	550.6	253,895,10,6	150.2	39.4814217	73.5953911	5107.6
5743	697.8	697.8	699.8	1178,709,13,6	150.2	39.4814229	73.5953888	5107.6
5744	134.2	134.2	134.2	633,731,12,10	150.1	39.4813764	73.5951115	5107.6
5745	322.4	322.4	322.4	969,98,7,7	150.1	39.4813785	73.5951072	5107.5
5746	342.4	342.4	342.4	149,1017,6,8	150.1	39.4813789	73.5951063	5107.5
5747	480.5	480.5	480.5	132,505,7,8	150.1	39.4813771	73.5951047	5107.6
5748	127.1	127.1	127.1	7,931,8,11	150.0	39.4813758	73.5951120	5107.6
5749	301.3	301.3	304.3	593,753,7,12	150.0	39.4813779	73.5951074	5107.6
5750	429.5	429.5	429.5	355,667,12,4	150.0	39.4813787	73.5951058	5107.6
5751	486.5	486.5	486.5	1249,891,8,6	150.0	39.4813770	73.5951046	5107.6
5752	103.1	103.1	103.1	579,345,4,12	149.9	39.4813762	73.5951115	5107.6
5753	237.3	237.3	237.3	237,53,12,8	149.8	39.4813777	73.5951103	5107.6
5754	262.3	262.3	262.3	7,1061,6,12	149.8	39.4813775	73.5951089	5107.5
5755	645.7	645.7	645.7	443,624,6,10	149.8	39.4814222	73.5953892	5107.6
5756	259.3	259.3	259.3	852,306,11,5	149.7	39.4813771	73.5951092	5107.6
5757	381.4	381.4	381.4	1491,971,12,4	149.7	39.4813797	73.5951062	5107.6
5758	762.9	762.9	764.9	65,185,8,6	149.7	39.4814231	73.5953878	5107.6
5759	23.0	23.0	23.0	1270,21,11,4	149.6	39.4813762	73.5951135	5107.7
5760	186.2	185.2	186.2	0,576,9,9	149.5	39.4813764	73.5951110	5107.6
5761	753.8	751.8	753.8	1889,843,4,12	149.5	39.4814232	73.5953881	5107.6
5762	752.8	752.8	752.8	76,91,11,4	149.4	39.4814232	73.5953882	5107.6
5763	233.3	233.3	233.3	193,987,8,6	149.2	39.4813780	73.5951106	5107.6
5764	273.3	273.3	273.3	1425,369,8,7	149.2	39.4813774	73.5951082	5107.5
5765	333.4	333.4	333.4	1105,21,8,6	149.2	39.4813788	73.5951069	5107.5
5766	708.8	708.8	708.8	137,617,12,7	149.2	39.4814225	73.5953887	5107.6
5767	35.0	30.0	35.0	945,17,16,5	149.1	39.4813761	73.5951136	5107.7
5768	429.5	429.5	429.5	1217,167,10,6	149.1	39.4813787	73.5951058	5107.6
5769	752.8	752.8	753.8	666,123,12,5	149.1	39.4814232	73.5953882	5107.6
5770	185.2	184.2	187.2	387,777,6,8	149.0	39.4813763	73.5951110	5107.6
5771	700.8	700.8	700.8	945,961,8,8	148.8	39.4814230	73.5953890	5107.6
5772	397.4	397.4	397.4	1719,490,8,6	148.7	39.4813787	73.5951059	5107.6
5773	233.3	233.3	233.3	459,259,6,12	148.6	39.4813780	73.5951106	5107.6
5774	443.5	443.5	443.5	565,557,4,10	148.6	39.4813785	73.5951058	5107.6
5775	520.6	520.6	520.6	673,905,8,7	148.6	39.4814225	73.5953929	5107.6
5776	262.3	262.3	262.3	161,498,6,9	148.5	39.4813775	73.5951089	5107.5
5777	309.3	309.3	309.3	135,841,6,8	148.4	39.4813779	73.5951069	5107.6
5778	337.4	337.4	337.4	235,711,6,10	148.4	39.4813789	73.5951066	5107.5
5779	720.8	720.8	720.8	630,98,6,11	148.4	39.4814232	73.5953891	5107.6
5780	82.1	82.1	82.1	839,145,6,8	148.3	39.4813757	73.5951121	5107.7
5781	105.1	105.1	105.1	717,897,10,6	148.2	39.4813758	73.5951120	5107.6
5782	105.1	105.1	105.1	276,1003,8,14	148.2	39.4813758	73.5951120	5107.6
5783	411.5	411.5	411.5	1041,1073,7,7	148.2	39.4813790	73.5951059	5107.5
5784	487.5	487.5	487.5	300,541,13,4	148.2	39.4813770	73.5951046	5107.6
5785	755.8	752.8	755.8	1829,569,5,8	148.2	39.4814231	73.5953882	5107.6
5786	782.9	782.9	782.9	103,669,8,10	148.1	39.4814235	73.5953875	5107.6
5787	329.4	329.4	329.4	1905,1077,15,3	148.0	39.4813783	73.5951071	5107.5
5788	486.5	486.5	486.5	351,521,10,5	148.0	39.4813770	73.5951046	5107.6
5789	734.8	734.8	734.8	377,20,8,5	148.0	39.4814239	73.5953890	5107.6
5790	87.1	85.1	87.1	745,58,10,6	147.9	39.4813754	73.5951115	5107.6
5791	297.3	297.3	297.3	1475,187,14,6	147.9	39.4813778	73.5951075	5107.5
5792	330.4	330.4	330.4	1200,41,9,4	147.9	39.4813784	73.5951071	5107.5
5793	573.6	572.6	573.6	801,641,8,8	147.9	39.4814214	73.5953909	5107.6
5794	81.1	81.1	81.1	1233,337,8,8	147.8	39.4813760	73.5951120	5107.7
5795	102.1	102.1	102.1	979,1033,12,6	147.8	39.4813763	73.5951116	5107.6
5796	214.2	214.2	214.2	967,651,6,12	147.8	39.4813768	73.5951101	5107.6
5797	340.4	340.4	340.4	777,81,8,6	147.8	39.4813790	73.5951065	5107.5
5798	383.4	383.4	383.4	1185,949,8,7	147.8	39.4813796	73.5951063	5107.6
5799	428.5	428.5	428.5	193,1073,12,7	147.8	39.4813790	73.5951057	5107.6
5800	46.1	43.0	47.1	1249,651,10,10	147.7	39.4813761	73.5951135	5107.7
5801	751.8	751.8	751.8	763,28,5,13	147.7	39.4814232	73.5953882	5107.6
5802	273.3	273.3	273.3	0,941,3,16	147.6	39.4813774	73.5951082	5107.5
5803	719.8	717.8	719.8	267,201,17,7	147.6	39.4814231	73.5953891	5107.6
5804	512.6	512.6	512.6	1841,1073,6,7	147.5	39.4814013	73.5952579	5107.6
5805	87.1	85.1	89.1	737,609,8,8	147.4	39.4813754	73.5951115	5107.6
5806	13.0	13.0	13.0	1611,27,10,6	147.3	39.4813759	73.5951135	5107.7
5807	440.5	440.5	440.5	811,195,5,12	147.3	39.4813782	73.5951059	5107.6
5808	521.6	521.6	521.6	1690,98,10,11	147.3	39.4814225	73.5953923	5107.6
5809	781.9	781.9	781.9	777,297,8,8	147.2	39.4814235	73.5953876	5107.6
5810	689.8	689.8	689.8	821,1073,8,4	147.1	39.4814226	73.5953889	5107.6
5811	427.5	427.5	427.5	513,801,8,6	146.9	39.4813790	73.5951056	5107.6
5812	429.5	429.5	429.5	370,1075,9,5	146.9	39.4813787	73.5951058	5107.6
5813	629.7	629.7	629.7	505,1045,8,6	146.9	39.4814212	73.5953883	5107.6
5814	672.8	672.8	672.8	409,215,8,6	146.9	39.4814225	73.5953893	5107.6
5815	127.1	127.1	127.1	1205,809,4,14	146.8	39.4813758	73.5951120	5107.6
5816	224.3	224.3	226.3	439,435,12,8	146.8	39.4813772	73.5951098	5107.6
5817	501.6	501.6	502.6	533,339,10,4	146.8	39.4813771	73.5951045	5107.6
5818	119.1	118.1	119.1	245,873,10,8	146.7	39.4813762	73.5951120	5107.6
5819	328.4	328.4	328.4	1795,241,6,8	146.7	39.4813782	73.5951071	5107.5
5820	442.5	442.5	442.5	1889,185,14,6	146.6	39.4813785	73.5951059	5107.6
5821	81.1	81.1	84.1	1415,439,10,4	146.5	39.4813760	73.5951120	5107.7
5822	262.3	261.3	262.3	479,215,8,6	146.4	39.4813775	73.5951089	5107.5
5823	486.5	486.5	486.5	179,1071,14,6	146.4	39.4813770	73.5951046	5107.6
5824	697.8	697.8	700.8	1449,537,8,6	146.3	39.4814229	73.5953888	5107.6
5825	762.9	762.9	762.9	234,863,9,12	146.3	39.4814231	73.5953878	5107.6
5826	25.0	25.0	28.0	1239,911,8,7	146.1	39.4813760	73.5951137	5107.7
5827	48.1	48.1	48.1	1823,409,8,8	146.1	39.4813762	73.5951135	5107.7
5828	233.3	233.3	233.3	417,195,13,4	146.1	39.4813780	73.5951106	5107.6
5829	304.3	304.3	304.3	1893,195,10,7	146.1	39.4813780	73.5951073	5107.6
5830	676.8	673.8	676.8	104,615,9,7	146.1	39.4814223	73.5953892	5107.6
5831	222.2	222.2	222.2	739,50,16,11	146.0	39.4813768	73.5951101	5107.6
5832	617.7	617.7	617.7	438,731,11,4	146.0	39.4814218	73.5953893	5107.6
5833	149.2	149.2	149.2	1043,41,12,8	145.9	39.4813768	73.5951107	5107.6
5834	429.5	429.5	429.5	977,177,8,8	145.8	39.4813787	73.5951058	5107.6
5835	567.6	567.6	567.6	1619,241,8,11	145.8	39.4814210	73.5953907	5107.6
5836	103.1	103.1	103.1	1349,339,12,6	145.6	39.4813762	73.5951115	5107.6
5837	700.8	700.8	700.8	365,829,8,6	145.6	39.4814230	73.5953890	5107.6
5838	87.1	86.1	87.1	0,801,3,14	145.5	39.4813754	73.5951115	5107.6
5839	790.9	790.9	790.9	673,921,14,4	145.5	39.4814237	73.5953875	5107.6
5840	60.1	56.1	60.1	1757,0,10,4	145.4	39.4813766	73.5951125	5107.7
5841	114.1	112.1	114.1	1915,67,5,14	145.4	39.4813761	73.5951121	5107.6
5842	207.2	207.2	207.2	752,233,9,16	145.4	39.4813769	73.5951105	5107.6
5843	426.5	426.5	427.5	1613,210,10,5	145.4	39.4813790	73.5951058	5107.6
5844	135.2	135.2	138.2	777,5,8,6	145.3	39.4813763	73.5951116	5107.6
5845	262.3	262.3	266.3	83,449,4,10	145.3	39.4813775	73.5951089	5107.5
5846	669.8	669.8	669.8	1911,1047,9,10	145.3	39.4814229	73.5953892	5107.6
5847	678.8	677.8	678.8	1825,34,6,7	145.3	39.4814224	73.5953890	5107.6
5848	726.8	726.8	726.8	1143,357,10,9	145.3	39.4814234	73.5953890	5107.6
5849	85.1	85.1	85.1	1433,907,8,6	145.2	39.4813755	73.5951119	5107.7
5850	209.2	209.2	209.2	903,497,6,8	145.2	39.4813769	73.5951104	5107.6
5851	428.5	428.5	428.5	0,204,9,7	145.2	39.4813790	73.5951057	5107.6
5852	522.6	522.6	522.6	525,1036,8,14	145.2	39.4814223	73.5953919	5107.6
5853	630.7	630.7	630.7	1079,37,10,6	145.1	39.4814214	73.5953884	5107.6
5854	779.9	779.9	779.9	407,709,7,6	145.1	39.4814234	73.5953875	5107.6
5855	784.9	784.9	784.9	1425,433,4,14	145.1	39.4814235	73.5953874	5107.6
5856	1.0	0.0	4.0	193,89,8,8	145.0	39.4813757	73.5951137	5107.7
5857	188.2	188.2	188.2	370,1027,10,7	145.0	39.4813763	73.5951108	5107.6
5858	550.6	550.6	550.6	795,1047,8,6	145.0	39.4814217	73.5953911	5107.6
5859	793.9	793.9	793.9	1639,837,10,4	145.0	39.4814240	73.5953877	5107.6
5860	143.2	143.2	143.2	1361,163,6,6	144.9	39.4813762	73.5951113	5107.6
5861	261.3	261.3	261.3	515,675,4,12	144.9	39.4813773	73.5951091	5107.6
5862	298.3	298.3	298.3	307,371,4,12	144.9	39.4813778	73.5951076	5107.5
5863	573.6	573.6	573.6	1721,753,8,8	144.9	39.4814214	73.5953909	5107.6
5864	214.2	214.2	214.2	937,739,7,8	144.7	39.4813768	73.5951101	5107.6
5865	560.6	560.6	560.6	1873,857,6,8	144.7	39.4814205	73.5953900	5107.6
5866	708.8	708.8	708.8	1915,877,5,10	144.7	39.4814225	73.5953887	5107.6
5867	566.6	566.6	566.6	1907,299,13,4	144.6	39.4814209	73.5953906	5107.6
5868	638.7	638.7	638.7	51,713,4,10	144.6	39.4814224	73.5953886	5107.6
5869	725.8	725.8	725.8	1545,1075,8,5	144.6	39.4814234	73.5953890	5107.6
5870	324.4	322.4	324.4	67,1073,18,7	144.5	39.4813783	73.5951070	5107.5
5871	256.3	256.3	256.3	113,627,6,10	144.3	39.4813770	73.5951090	5107.6
5872	94.1	94.1	94.1	323,505,4,8	144.2	39.4813761	73.5951115	5107.6
5873	35.0	35.0	39.0	1283,995,4,14	144.1	39.4813761	73.5951136	5107.7
5874	101.1	101.1	101.1	791,202,10,7	144.1	39.4813765	73.5951116	5107.6
5875	521.6	521.6	521.6	115,249,6,8	144.1	39.4814225	73.5953923	5107.6
5876	755.8	755.8	757.9	1603,114,6,9	144.1	39.4814231	73.5953882	5107.6
5877	233.3	233.3	233.3	49,577,6,10	144.0	39.4813780	73.5951106	5107.6
5878	309.3	309.3	309.3	1523,451,4,12	143.9	39.4813779	73.5951069	5107.6
5879	263.3	263.3	263.3	391,937,6,14	143.7	39.4813778	73.5951089	5107.5
5880	766.9	762.9	766.9	307,9,6,10	143.7	39.4814237	73.5953877	5107.6
5881	75.1	73.1	75.1	1893,369,6,8	143.6	39.4813761	73.5951120	5107.7
5882	153.2	153.2	153.2	103,585,6,17	143.6	39.4813767	73.5951107	5107.6
5883	263.3	263.3	263.3	171,841,4,16	143.5	39.4813778	73.5951089	5107.5
5884	691.8	690.8	691.8	1521,189,7,8	143.5	39.4814227	73.5953890	5107.6
5885	737.8	737.8	737.8	17,1025,8,8	143.5	39.4814240	73.5953888	5107.6
5886	41.0	39.0	42.0	1857,231,8,6	143.4	39.4813762	73.5951133	5107.7
5887	183.2	183.2	183.2	275,137,6,8	143.4	39.4813761	73.5951110	5107.6
5888	258.3	258.3	258.3	475,307,5,10	143.4	39.4813771	73.5951092	5107.6
5889	776.9	776.9	776.9	1351,122,5,11	143.4	39.4814239	73.5953876	5107.6
5890	256.3	256.3	256.3	65,513,6,12	143.3	39.4813770	73.5951090	5107.6
5891	496.6	496.6	496.6	1305,72,12,7	143.3	39.4813770	73.5951045	5107.6
5892	656.7	656.7	656.7	1865,835,11,9	143.3	39.4814223	73.5953892	5107.6
5893	697.8	697.8	697.8	327,45,6,10	143.3	39.4814229	73.5953888	5107.6
5894	26.0	26.0	27.0	1201,315,12,4	143.2	39.4813761	73.5951137	5107.7
5895	207.2	207.2	207.2	977,27,14,5	143.2	39.4813769	73.5951105	5107.6
5896	263.3	263.3	263.3	27,1025,6,16	143.2	39.4813778	73.5951089	5107.5
5897	442.5	442.5	442.5	259,109,7,8	143.2	39.4813785	73.5951059	5107.6
5898	521.6	521.6	521.6	553,856,8,7	143.2	39.4814225	73.5953923	5107.6
5899	724.8	722.8	724.8	114,921,7,8	143.2	39.4814234	73.5953891	5107.6
5900	761.9	758.9	761.9	1782,197,9,8	143.1	39.4814229	73.5953879	5107.6
5901	755.8	755.8	755.8	1113,625,6,8	143.0	39.4814231	73.5953882	5107.6
5902	797.9	797.9	797.9	159,929,7,7	143.0	39.4814243	73.5953878	5107.6
5903	101.1	101.1	101.1	561,217,6,8	142.9	39.4813765	73.5951116	5107.6
5904	673.8	673.8	673.8	1034,171,11,6	142.9	39.4814224	73.5953893	5107.6
5905	755.8	755.8	755.8	651,57,5,11	142.9	39.4814231	73.5953882	5107.6
5906	210.2	210.2	210.2	419,643,4,12	142.8	39.4813769	73.5951104	5107.6
5907	269.3	269.3	269.3	610,861,5,15	142.7	39.4813774	73.5951084	5107.5
5908	432.5	432.5	432.5	1441,513,14,4	142.7	39.4813784	73.5951062	5107.6
5909	48.1	48.1	48.1	1209,409,10,5	142.6	39.4813762	73.5951135	5107.7
5910	384.4	384.4	384.4	1257,153,8,6	142.6	39.4813795	73.5951065	5107.6
5911	140.2	140.2	140.2	9,443,11,8	142.5	39.4813760	73.5951114	5107.6
5912	261.3	261.3	261.3	867,33,12,4	142.5	39.4813773	73.5951091	5107.6
5913	545.6	545.6	545.6	199,1057,10,15	142.4	39.4814222	73.5953910	5107.6
5914	734.8	734.8	734.8	297,142,3,19	142.3	39.4814239	73.5953890	5107.6
5915	161.2	159.2	162.2	433,209,12,10	142.2	39.4813765	73.5951106	5107.6
5916	261.3	261.3	265.3	211,441,12,8	142.2	39.4813773	73.5951091	5107.6
5917	550.6	550.6	550.6	1507,577,10,6	142.1	39.4814217	73.5953911	5107.6
5918	550.6	550.6	550.6	745,905,4,10	142.1	39.4814217	73.5953911	5107.6
5919	132.1	132.1	132.1	1915,521,5,15	142.0	39.4813762	73.5951115	5107.6
5920	256.3	256.3	256.3	121,977,4,10	142.0	39.4813770	73.5951090	5107.6
5921	82.1	82.1	83.1	273,49,8,8	141.9	39.4813757	73.5951121	5107.7
5922	674.8	671.8	674.8	1153,221,15,3	141.9	39.4814222	73.5953893	5107.6
5923	284.3	284.3	284.3	321,257,8,14	141.8	39.4813776	73.5951081	5107.6
5924	655.7	655.7	656.7	39,370,6,10	141.8	39.4814222	73.5953891	5107.6
5925	749.8	749.8	749.8	573,137,7,14	141.7	39.4814233	73.5953883	5107.6
5926	764.9	764.9	764.9	11,263,4,10	141.7	39.4814237	73.5953878	5107.6
5927	301.3	299.3	301.3	1241,117,16,6	141.6	39.4813779	73.5951074	5107.6
5928	551.6	551.6	551.6	561,83,8,6	141.5	39.4814216	73.5953909	5107.6
5929	727.8	727.8	727.8	863,1069,10,4	141.5	39.4814235	73.5953889	5107.6
5930	230.3	230.3	230.3	161,483,10,7	141.4	39.4813776	73.5951101	5107.6
5931	260.3	260.3	260.3	49,247,8,8	141.4	39.4813772	73.5951091	5107.6
5932	647.7	647.7	647.7	199,997,8,8	141.4	39.4814218	73.5953891	5107.6
5933	711.8	711.8	711.8	54,834,7,9	141.4	39.4814229	73.5953890	5107.6
5934	148.2	147.2	152.2	353,129,8,10	141.3	39.4813765	73.5951109	5107.6
5935	245.3	245.3	245.3	1823,86,6,7	141.2	39.4813763	73.5951096	5107.5
5936	548.6	548.6	548.6	1081,337,8,9	141.2	39.4814220	73.5953912	5107.6
5937	783.9	783.9	783.9	864,881,7,7	141.2	39.4814235	73.5953875	5107.6
5938	193.2	193.2	193.2	0,879,3,12	141.1	39.4813766	73.5951107	5107.6
5939	383.4	383.4	383.4	781,105,14,4	141.1	39.4813796	73.5951063	5107.6
5940	491.6	491.6	498.6	1913,321,7,8	141.1	39.4813770	73.5951046	5107.6
5941	663.7	663.7	666.7	659,283,11,4	141.1	39.4814224	73.5953892	5107.6
5942	337.4	336.4	337.4	305,836,8,11	141.0	39.4813789	73.5951066	5107.5
5943	697.8	697.8	697.8	1185,441,8,6	141.0	39.4814229	73.5953888	5107.6
5944	771.9	771.9	771.9	265,821,6,8	141.0	39.4814239	73.5953875	5107.6
5945	7.0	7.0	7.0	1783,49,11,4	140.9	39.4813758	73.5951133	5107.7
5946	660.7	660.7	660.7	1147,207,8,8	140.9	39.4814222	73.5953892	5107.6
5947	766.9	763.9	771.9	189,636,4,13	140.9	39.4814237	73.5953877	5107.6
5948	227.3	227.3	227.3	395,624,4,11	140.8	39.4813771	73.5951102	5107.5
5949	428.5	428.5	428.5	457,1019,8,5	140.8	39.4813790	73.5951057	5107.6
5950	514.6	514.6	514.6	643,515,12,5	140.8	39.4814107	73.5953145	5107.6
5951	502.6	502.6	505.6	1544,883,9,6	140.7	39.4813772	73.5951045	5107.6
5952	668.8	668.8	668.8	228,31,6,7	140.7	39.4814228	73.5953892	5107.6
5953	730.8	730.8	731.8	1121,866,10,7	140.7	39.4814236	73.5953890	5107.6
5954	639.7	639.7	639.7	99,675,12,8	140.6	39.4814221	73.5953886	5107.6
5955	154.2	154.2	154.2	1243,41,6,8	140.5	39.4813766	73.5951106	5107.6
5956	173.2	172.2	173.2	295,1001,5,8	140.5	39.4813764	73.5951106	5107.6
5957	245.3	245.3	245.3	881,633,8,6	140.5	39.4813763	73.5951096	5107.5
5958	477.5	477.5	477.5	470,611,7,8	140.4	39.4813775	73.5951050	5107.6
5959	477.5	477.5	477.5	1603,791,14,5	140.3	39.4813775	73.5951050	5107.6
5960	707.8	707.8	707.8	939,851,5,12	140.3	39.4814224	73.5953887	5107.6
5961	791.9	791.9	791.9	1585,633,6,8	140.3	39.4814238	73.5953875	5107.6
5962	9.0	9.0	9.0	23,755,6,8	140.1	39.4813757	73.5951136	5107.7
5963	38.0	34.0	38.0	1865,86,4,11	139.9	39.4813763	73.5951133	5107.7
5964	230.3	230.3	230.3	1527,99,12,4	139.8	39.4813776	73.5951101	5107.6
5965	658.7	658.7	658.7	721,453,4,12	139.8	39.4814223	73.5953892	5107.6
5966	120.1	120.1	120.1	12,851,5,14	139.7	39.4813760	73.5951120	5107.6
5967	185.2	185.2	185.2	929,185,10,16	139.7	39.4813763	73.5951110	5107.6
5968	500.6	500.6	500.6	1825,35,8,4	139.7	39.4813772	73.5951044	5107.6
5969	769.9	766.9	769.9	615,121,10,6	139.7	39.4814239	73.5953877	5107.6
5970	134.2	130.1	134.2	619,371,6,8	139.6	39.4813764	73.5951115	5107.6
5971	144.2	144.2	144.2	1102,207,9,6	139.6	39.4813762	73.5951113	5107.6
5972	715.8	715.8	715.8	76,337,17,4	139.6	39.4814232	73.5953893	5107.6
5973	451.5	451.5	451.5	1026,651,5,8	139.4	39.4813782	73.5951058	5107.6
5974	746.8	746.8	746.8	1543,821,10,4	139.3	39.4814234	73.5953883	5107.6
5975	757.9	757.9	760.9	123,315,6,6	139.3	39.4814229	73.5953879	5107.6
5976	170.2	170.2	170.2	37,643,9,8	139.2	39.4813761	73.5951109	5107.6
5977	692.8	691.8	692.8	954,955,7,7	139.2	39.4814229	73.5953891	5107.6
5978	163.2	163.2	163.2	849,229,12,8	139.0	39.4813763	73.5951106	5107.6
5979	193.2	193.2	194.2	471,731,9,8	139.0	39.4813766	73.5951107	5107.6
5980	129.1	128.1	129.1	35,839,4,10	138.8	39.4813759	73.5951117	5107.6
5981	233.3	233.3	233.3	357,107,9,6	138.8	39.4813780	73.5951106	5107.6
5982	697.8	697.8	699.8	1051,423,6,8	138.7	39.4814229	73.5953888	5107.6
5983	135.2	133.1	135.2	189,577,4,9	138.5	39.4813763	73.5951116	5107.6
5984	445.5	445.5	448.5	695,361,6,8	138.5	39.4813788	73.5951059	5107.6
5985	634.7	634.7	634.7	824,617,5,10	138.5	39.4814225	73.5953887	5107.6
5986	687.8	687.8	687.8	1913,801,7,6	138.4	39.4814228	73.5953891	5107.6
5987	710.8	710.8	710.8	1765,411,9,6	138.4	39.4814228	73.5953889	5107.6
5988	758.9	758.9	758.9	1523,411,12,6	138.4	39.4814230	73.5953879	5107.6
5989	730.8	730.8	730.8	1491,743,6,7	138.3	39.4814236	73.5953890	5107.6
5990	26.0	26.0	26.0	1860,223,7,10	138.2	39.4813761	73.5951137	5107.7
5991	322.4	322.4	322.4	1894,1012,11,6	138.0	39.4813785	73.5951072	5107.5
5992	65.1	65.1	66.1	1491,87,14,4	137.9	39.4813765	73.5951124	5107.7
5993	647.7	647.7	647.7	129,1051,10,6	137.9	39.4814218	73.5953891	5107.6
5994	11.0	6.0	11.0	0,401,5,8	137.8	39.4813758	73.5951134	5107.7
5995	137.2	137.2	137.2	213,153,6,8	137.8	39.4813762	73.5951114	5107.6
5996	262.3	262.3	262.3	89,914,6,9	137.8	39.4813775	73.5951089	5107.5
5997	780.9	780.9	780.9	503,24,6,9	137.8	39.4814237	73.5953876	5107.6
5998	25.0	25.0	25.0	1857,73,8,7	137.7	39.4813760	73.5951137	5107.7
5999	44.0	44.0	45.1	1578,7,9,5	137.7	39.4813762	73.5951136	5107.7
6000	340.4	340.4	340.4	1377,1063,8,6	137.7	39.4813790	73.5951065	5107.5
6001	451.5	451.5	451.5	854,1073,5,7	137.7	39.4813782	73.5951058	5107.6
6002	213.2	213.2	213.2	632,321,5,14	137.6	39.4813768	73.5951101	5107.6
6003	764.9	764.9	764.9	137,40,6,11	137.6	39.4814237	73.5953878	5107.6
6004	21.0	21.0	21.0	1317,747,6,9	137.4	39.4813759	73.5951134	5107.7
6005	638.7	638.7	638.7	106,615,7,6	137.3	39.4814224	73.5953886	5107.6
6006	651.7	651.7	651.7	1155,0,7,7	137.3	39.4814216	73.5953886	5107.6
6007	32.0	32.0	32.0	1883,1057,7,6	137.2	39.4813761	73.5951134	5107.7
6008	163.2	163.2	163.2	401,105,6,8	137.2	39.4813763	73.5951106	5107.6
6009	164.2	162.2	164.2	253,633,4,14	137.2	39.4813763	73.5951106	5107.6
6010	425.5	425.5	425.5	911,978,8,7	137.2	39.4813789	73.5951060	5107.5
6011	657.7	656.7	657.7	1795,1067,6,13	137.2	39.4814225	73.5953892	5107.6
6012	138.2	134.2	138.2	1387,369,4,9	137.1	39.4813759	73.5951116	5107.6
6013	174.2	174.2	174.2	557,265,6,6	137.0	39.4813763	73.5951106	5107.6
6014	344.4	344.4	344.4	353,966,8,9	137.0	39.4813791	73.5951064	5107.6
6015	707.8	707.8	708.8	1739,955,6,10	136.9	39.4814224	73.5953887	5107.6
6016	147.2	146.2	147.2	777,5,8,8	136.8	39.4813762	73.5951110	5107.6
6017	256.3	256.3	256.3	521,577,12,6	136.8	39.4813770	73.5951090	5107.6
6018	695.8	695.8	695.8	1689,885,8,8	136.8	39.4814230	73.5953887	5107.6
6019	37.0	34.0	37.0	1668,79,9,5	136.7	39.4813764	73.5951133	5107.7
6020	48.1	48.1	48.1	1659,149,12,8	136.7	39.4813762	73.5951135	5107.7
6021	651.7	651.7	651.7	79,507,10,6	136.7	39.4814216	73.5953886	5107.6
6022	667.8	667.8	667.8	465,568,8,9	136.7	39.4814228	73.5953891	5107.6
6023	262.3	262.3	262.3	1011,259,10,10	136.6	39.4813775	73.5951089	5107.5
6024	299.3	299.3	299.3	766,197,11,4	136.6	39.4813779	73.5951076	5107.5
6025	235.3	235.3	235.3	952,195,17,3	136.5	39.4813779	73.5951104	5107.5
6026	478.5	478.5	480.5	1697,74,6,9	136.5	39.4813774	73.5951049	5107.6
6027	681.8	679.8	682.8	1617,437,8,6	136.4	39.4814225	73.5953886	5107.6
6028	249.3	248.3	253.3	509,223,12,8	136.3	39.4813765	73.5951094	5107.5
6029	498.6	497.6	498.6	1649,934,8,10	136.3	39.4813773	73.5951046	5107.6
6030	740.8	740.8	740.8	1091,1075,12,5	136.3	39.4814240	73.5953886	5107.6
6031	773.9	773.9	773.9	931,75,4,10	136.2	39.4814242	73.5953875	5107.6
6032	184.2	184.2	184.2	649,33,4,12	136.0	39.4813762	73.5951110	5107.6
6033	90.1	90.1	90.1	497,525,12,6	135.9	39.4813756	73.5951114	5107.7
6034	423.5	423.5	423.5	947,35,7,12	135.9	39.4813789	73.5951061	5107.6
6035	300.3	300.3	300.3	1889,945,14,8	135.8	39.4813779	73.5951074	5107.6
6036	265.3	265.3	265.3	0,275,5,8	135.7	39.4813777	73.5951088	5107.6
6037	248.3	246.3	248.3	1696,556,10,5	135.6	39.4813764	73.5951094	5107.5
6038	562.6	562.6	562.6	57,215,14,4	135.6	39.4814208	73.5953902	5107.6
6039	775.9	775.9	775.9	169,739,6,12	135.6	39.4814240	73.5953875	5107.6
6040	254.3	254.3	254.3	323,0,4,9	135.3	39.4813770	73.5951089	5107.6
6041	429.5	429.5	429.5	1305,517,6,8	135.3	39.4813787	73.5951058	5107.6
6042	121.1	118.1	121.1	737,12,10,5	135.2	39.4813759	73.5951120	5107.6
6043	251.3	247.3	251.3	931,1075,6,5	135.2	39.4813770	73.5951093	5107.5
6044	689.8	689.8	689.8	683,0,5,7	135.2	39.4814226	73.5953889	5107.6
6045	259.3	259.3	259.3	939,261,14,4	135.1	39.4813771	73.5951092	5107.6
6046	115.1	115.1	115.1	1831,97,6,8	134.9	39.4813763	73.5951121	5107.6
6047	115.1	114.1	115.1	145,1069,4,11	134.8	39.4813763	73.5951121	5107.6
6048	479.5	479.5	480.5	683,679,12,5	134.7	39.4813772	73.5951047	5107.6
6049	163.2	160.2	163.2	512,313,5,12	134.4	39.4813763	73.5951106	5107.6
6050	2.0	2.0	2.0	1393,168,8,9	134.3	39.4813757	73.5951138	5107.7
6051	204.2	204.2	204.2	9,721,8,8	134.3	39.4813770	73.5951104	5107.6
6052	728.8	728.8	728.8	1346,546,9,5	134.3	39.4814235	73.5953890	5107.6
6053	691.8	691.8	692.8	637,11,11,6	134.2	39.4814227	73.5953890	5107.6
6054	773.9	772.9	777.9	396,29,5,10	134.2	39.4814242	73.5953875	5107.6
6055	36.0	36.0	36.0	1815,1009,6,8	134.1	39.4813763	73.5951135	5107.7
6056	450.5	450.5	450.5	15,475,6,8	133.9	39.4813782	73.5951059	5107.6
6057	719.8	719.8	719.8	667,14,6,8	133.9	39.4814231	73.5953891	5107.6
6058	111.1	111.1	111.1	831,605,6,10	133.3	39.4813758	73.5951122	5107.6
6059	744.8	744.8	744.8	411,35,6,7	133.3	39.4814232	73.5953882	5107.6
6060	697.8	697.8	697.8	1355,759,14,10	133.2	39.4814229	73.5953888	5107.6
6061	478.5	478.5	478.5	1506,421,10,4	133.0	39.4813774	73.5951049	5107.6
6062	648.7	645.7	648.7	401,1017,10,8	133.0	39.4814214	73.5953888	5107.6
6063	20.0	20.0	20.0	1837,483,5,8	132.9	39.4813761	73.5951134	5107.7
6064	284.3	284.3	284.3	1409,178,4,11	132.9	39.4813776	73.5951081	5107.6
6065	326.4	326.4	326.4	171,579,4,11	132.9	39.4813782	73.5951070	5107.5
6066	244.3	244.3	244.3	5,378,6,7	132.8	39.4813765	73.5951098	5107.5
6067	797.9	797.9	797.9	1039,0,9,7	132.8	39.4814243	73.5953878	5107.6
6068	90.1	90.1	90.1	1865,89,16,6	132.6	39.4813756	73.5951114	5107.7
6069	250.3	246.3	250.3	545,551,6,6	132.6	39.4813769	73.5951093	5107.5
6070	716.8	716.8	716.8	1796,855,11,5	132.6	39.4814232	73.5953892	5107.6
6071	745.8	745.8	745.8	1489,481,6,6	132.6	39.4814233	73.5953882	5107.6
6072	732.8	732.8	732.8	1817,739,8,8	132.4	39.4814232	73.5953890	5107.6
6073	429.5	429.5	429.5	1545,359,8,6	132.3	39.4813787	73.5951058	5107.6
6074	245.3	245.3	245.3	129,705,8,8	132.2	39.4813763	73.5951096	5107.5
6075	505.6	505.6	505.6	1317,147,10,5	132.2	39.4813767	73.5951044	5107.6
6076	743.8	743.8	743.8	137,63,8,8	132.2	39.4814236	73.5953883	5107.6
6077	152.2	152.2	152.2	81,299,7,6	132.0	39.4813768	73.5951107	5107.6
6078	751.8	751.8	753.8	1619,602,6,7	131.9	39.4814232	73.5953882	5107.6
6079	237.3	237.3	237.3	226,65,7,6	131.8	39.4813777	73.5951103	5107.6
6080	426.5	426.5	426.5	801,800,8,6	131.7	39.4813790	73.5951058	5107.6
6081	770.9	770.9	770.9	1159,43,8,5	131.7	39.4814239	73.5953876	5107.6
6082	131.1	131.1	131.1	237,1012,6,11	131.5	39.4813761	73.5951116	5107.6
6083	189.2	189.2	189.2	255,746,10,5	131.5	39.4813763	73.5951108	5107.6
6084	303.3	303.3	303.3	1367,1009,10,6	131.5	39.4813781	73.5951073	5107.6
6085	131.1	131.1	131.1	839,881,10,8	131.3	39.4813761	73.5951116	5107.6
6086	628.7	628.7	628.7	1267,195,14,4	131.3	39.4814214	73.5953884	5107.6
6087	689.8	689.8	689.8	19,281,8,8	131.3	39.4814226	73.5953889	5107.6
6088	150.2	150.2	150.2	705,87,14,8	131.2	39.4813767	73.5951106	5107.6
6089	227.3	227.3	227.3	1088,27,17,4	131.2	39.4813771	73.5951102	5107.5
6090	408.5	408.5	408.5	1537,840,10,5	131.1	39.4813793	73.5951058	5107.6
6091	120.1	120.1	120.1	379,293,6,12	130.9	39.4813760	73.5951120	5107.6
6092	335.4	335.4	335.4	547,394,8,7	130.9	39.4813788	73.5951069	5107.5
6093	713.8	712.8	713.8	883,26,9,7	130.9	39.4814233	73.5953894	5107.6
6094	725.8	725.8	728.8	811,593,6,6	130.9	39.4814234	73.5953890	5107.6
6095	0.0	0.0	0.0	1913,993,7,16	130.8	39.4813758	73.5951138	5107.7
6096	750.8	750.8	750.8	225,445,8,4	130.8	39.4814231	73.5953881	5107.6
6097	17.0	17.0	17.0	1809,121,6,6	130.6	39.4813760	73.5951134	5107.7
6098	113.1	112.1	114.1	0,299,10,12	130.6	39.4813759	73.5951122	5107.6
6099	499.6	497.6	499.6	5,386,13,10	130.6	39.4813773	73.5951045	5107.6
6100	740.8	740.8	740.8	222,193,8,6	130.6	39.4814240	73.5953886	5107.6
6101	214.2	214.2	214.2	650,25,7,12	130.4	39.4813768	73.5951101	5107.6
6102	424.5	424.5	424.5	612,1027,11,4	130.4	39.4813788	73.5951060	5107.5
6103	720.8	720.8	720.8	1745,795,12,5	130.4	39.4814232	73.5953891	5107.6
6104	767.9	764.9	767.9	613,233,6,8	130.4	39.4814237	73.5953877	5107.6
6105	771.9	771.9	771.9	1279,539,11,4	130.4	39.4814239	73.5953875	5107.6
6106	797.9	797.9	797.9	1089,866,6,9	130.4	39.4814243	73.5953878	5107.6
6107	505.6	505.6	506.6	752,821,7,6	130.3	39.4813767	73.5951044	5107.6
6108	537.6	537.6	537.6	1885,490,8,7	130.3	39.4814228	73.5953917	5107.6
6109	171.2	171.2	171.2	0,806,4,11	130.1	39.4813761	73.5951109	5107.6
6110	446.5	446.5	446.5	1575,139,10,4	130.1	39.4813788	73.5951060	5107.6
6111	68.1	67.1	72.1	969,787,8,4	130.0	39.4813765	73.5951122	5107.7
6112	101.1	101.1	101.1	450,225,11,6	130.0	39.4813765	73.5951116	5107.6
6113	175.2	175.2	175.2	47,155,8,6	130.0	39.4813759	73.5951109	5107.6
6114	234.3	234.3	234.3	345,551,6,9	130.0	39.4813780	73.5951105	5107.6
6115	234.3	234.3	234.3	134,369,7,7	129.9	39.4813780	73.5951105	5107.6
6116	328.4	328.4	328.4	199,59,10,4	129.9	39.4813782	73.5951071	5107.5
6117	548.6	548.6	548.6	1891,141,6,6	129.8	39.4814220	73.5953912	5107.6
6118	101.1	101.1	101.1	393,63,12,10	129.7	39.4813765	73.5951116	5107.6
6119	202.2	202.2	202.2	497,235,6,12	129.7	39.4813771	73.5951104	5107.6
6120	429.5	429.5	429.5	893,54,12,3	129.7	39.4813787	73.5951058	5107.6
6121	509.6	509.6	514.6	1683,105,12,7	129.7	39.4813851	73.5951621	5107.6
6122	303.3	303.3	303.3	1555,708,4,13	129.5	39.4813781	73.5951073	5107.6
6123	779.9	778.9	779.9	1531,229,6,8	129.5	39.4814234	73.5953875	5107.6
6124	521.6	511.6	521.6	1249,295,8,6	129.4	39.4814225	73.5953923	5107.6
6125	391.4	391.4	391.4	769,742,16,3	129.3	39.4813786	73.5951060	5107.6
6126	16.0	14.0	16.0	1481,35,8,4	129.2	39.4813760	73.5951135	5107.7
6127	257.3	257.3	257.3	53,645,4,12	129.2	39.4813771	73.5951092	5107.5
6128	486.5	486.5	486.5	56,378,8,7	129.2	39.4813770	73.5951046	5107.6
6129	548.6	548.6	548.6	773,697,11,6	129.0	39.4814220	73.5953912	5107.6
6130	21.0	19.0	21.0	1383,311,8,10	128.9	39.4813759	73.5951134	5107.7
6131	323.4	323.4	323.4	1497,219,6,6	128.9	39.4813783	73.5951070	5107.6
6132	245.3	245.3	245.3	682,379,11,6	128.6	39.4813763	73.5951096	5107.5
6133	163.2	163.2	163.2	259,105,6,8	128.4	39.4813763	73.5951106	5107.6
6134	183.2	183.2	183.2	486,203,9,6	128.4	39.4813761	73.5951110	5107.6
6135	86.1	86.1	86.1	1179,193,10,6	128.3	39.4813754	73.5951116	5107.6
6136	746.8	746.8	750.8	1361,1059,6,9	128.3	39.4814234	73.5953883	5107.6
6137	119.1	119.1	119.1	913,641,6,6	128.2	39.4813762	73.5951120	5107.6
6138	252.3	250.3	252.3	705,503,6,6	128.2	39.4813770	73.5951092	5107.6
6139	128.1	128.1	128.1	17,391,6,8	128.1	39.4813759	73.5951119	5107.6
6140	742.8	742.8	742.8	99,171,9,7	128.0	39.4814238	73.5953885	5107.6
6141	767.9	764.9	767.9	289,330,5,13	128.0	39.4814237	73.5953877	5107.6
6142	410.5	410.5	410.5	1041,989,16,4	127.7	39.4813794	73.5951059	5107.5
6143	732.8	732.8	732.8	495,499,10,6	127.7	39.4814232	73.5953890	5107.6
6144	725.8	725.8	725.8	1473,115,8,7	127.6	39.4814234	73.5953890	5107.6
6145	656.7	656.7	656.7	313,689,6,8	127.5	39.4814223	73.5953892	5107.6
6146	786.9	786.9	789.9	759,0,6,7	127.5	39.4814236	73.5953872	5107.6
6147	489.6	489.6	489.6	53,929,6,16	127.4	39.4813771	73.5951045	5107.6
6148	712.8	712.8	712.8	1475,711,12,4	127.4	39.4814230	73.5953892	5107.6
6149	244.3	244.3	244.3	7,731,4,10	127.3	39.4813765	73.5951098	5107.5
6150	661.7	661.7	661.7	1779,116,7,7	127.3	39.4814222	73.5953892	5107.6
6151	200.2	200.2	200.2	497,323,6,14	127.2	39.4813769	73.5951105	5107.6
6152	659.7	659.7	659.7	1003,819,4,14	127.2	39.4814223	73.5953891	5107.6
6153	191.2	188.2	191.2	857,543,8,6	126.9	39.4813766	73.5951108	5107.6
6154	246.3	246.3	250.3	1597,745,4,8	126.9	39.4813764	73.5951095	5107.6
6155	330.4	330.4	330.4	1393,156,14,7	126.9	39.4813784	73.5951071	5107.5
6156	631.7	631.7	631.7	123,881,13,5	126.9	39.4814216	73.5953884	5107.6
6157	236.3	236.3	236.3	1426,315,7,10	126.8	39.4813778	73.5951104	5107.5
6158	424.5	424.5	424.5	131,1043,9,9	126.8	39.4813788	73.5951060	5107.5
6159	451.5	451.5	451.5	1872,1074,7,6	126.8	39.4813782	73.5951058	5107.6
6160	780.9	780.9	780.9	1665,187,6,6	126.8	39.4814237	73.5953876	5107.6
6161	84.1	84.1	84.1	1793,535,8,6	126.7	39.4813757	73.5951120	5107.7
6162	550.6	550.6	550.6	123,603,6,6	126.7	39.4814217	73.5953911	5107.6
6163	713.8	713.8	713.8	1699,695,10,10	126.7	39.4814233	73.5953894	5107.6
6164	226.3	226.3	226.3	883,299,10,6	126.5	39.4813771	73.5951100	5107.5
6165	257.3	257.3	257.3	332,1059,7,12	126.5	39.4813771	73.5951092	5107.5
6166	749.8	749.8	749.8	1443,619,7,6	126.5	39.4814233	73.5953883	5107.6
6167	550.6	550.6	550.6	605,749,8,8	126.3	39.4814217	73.5953911	5107.6
6168	41.0	41.0	42.0	105,1073,4,7	126.2	39.4813762	73.5951133	5107.7
6169	21.0	21.0	21.0	1719,225,6,8	126.1	39.4813759	73.5951134	5107.7
6170	63.1	60.1	63.1	1066,105,11,4	126.1	39.4813766	73.5951126	5107.7
6171	424.5	424.5	425.5	943,387,13,5	126.1	39.4813788	73.5951060	5107.5
6172	560.6	560.6	560.6	179,843,7,6	126.1	39.4814205	73.5953900	5107.6
6173	194.2	194.2	194.2	65,825,6,8	126.0	39.4813769	73.5951105	5107.6
6174	48.1	48.1	48.1	1911,1034,9,7	125.9	39.4813762	73.5951135	5107.7
6175	152.2	147.2	152.2	657,175,8,10	125.8	39.4813768	73.5951107	5107.6
6176	224.3	224.3	224.3	641,757,8,6	125.8	39.4813772	73.5951098	5107.6
6177	742.8	742.8	742.8	1483,891,11,6	125.8	39.4814238	73.5953885	5107.6
6178	264.3	264.3	264.3	374,517,8,6	125.7	39.4813778	73.5951088	5107.6
6179	692.8	692.8	692.8	521,19,14,8	125.7	39.4814229	73.5953891	5107.6
6180	719.8	719.8	719.8	1758,11,7,9	125.6	39.4814231	73.5953891	5107.6
6181	214.2	214.2	214.2	574,346,3,15	125.5	39.4813768	73.5951101	5107.6
6182	682.8	676.8	682.8	993,145,8,6	125.4	39.4814224	73.5953887	5107.6
6183	713.8	713.8	714.8	1175,313,7,7	125.3	39.4814233	73.5953894	5107.6
6184	29.0	29.0	29.0	1870,537,3,16	125.2	39.4813761	73.5951137	5107.7
6185	786.9	786.9	789.9	673,1035,6,6	125.2	39.4814236	73.5953872	5107.6
6186	250.3	250.3	252.3	676,23,11,4	125.1	39.4813769	73.5951093	5107.5
6187	21.0	21.0	21.0	1397,521,4,8	125.0	39.4813759	73.5951134	5107.7
6188	141.2	141.2	141.2	985,49,8,8	125.0	39.4813761	73.5951115	5107.6
6189	175.2	175.2	175.2	667,264,6,9	125.0	39.4813759	73.5951109	5107.6
6190	638.7	638.7	638.7	161,555,8,6	125.0	39.4814224	73.5953886	5107.6
6191	101.1	101.1	101.1	1725,134,8,8	124.9	39.4813765	73.5951116	5107.6
6192	121.1	121.1	121.1	1025,585,10,4	124.8	39.4813759	73.5951120	5107.6
6193	750.8	748.8	750.8	1731,354,14,6	124.8	39.4814231	73.5953881	5107.6
6194	191.2	191.2	191.2	1901,70,6,11	124.7	39.4813766	73.5951108	5107.6
6195	128.1	128.1	128.1	233,997,4,12	124.6	39.4813759	73.5951119	5107.6
6196	168.2	168.2	168.2	799,97,6,8	124.2	39.4813762	73.5951107	5107.6
6197	721.8	721.8	721.8	1553,697,7,8	124.2	39.4814232	73.5953891	5107.6
6198	88.1	86.1	88.1	663,361,12,6	124.1	39.4813755	73.5951115	5107.6
6199	306.3	306.3	306.3	5,0,7,7	124.1	39.4813779	73.5951071	5107.5
6200	489.6	488.5	493.6	535,678,5,12	124.1	39.4813771	73.5951045	5107.6
6201	537.6	537.6	537.6	1129,514,9,7	124.1	39.4814228	73.5953917	5107.6
6202	52.1	52.1	52.1	1882,602,7,9	124.0	39.4813759	73.5951133	5107.7
6203	491.6	491.6	491.6	1738,529,7,7	124.0	39.4813770	73.5951046	5107.6
6204	503.6	503.6	503.6	965,753,7,7	124.0	39.4813772	73.5951045	5107.6
6205	550.6	550.6	550.6	237,765,4,8	124.0	39.4814217	73.5953911	5107.6
6206	226.3	226.3	226.3	825,227,14,4	123.9	39.4813771	73.5951100	5107.5
6207	255.3	255.3	255.3	733,89,10,8	123.9	39.4813771	73.5951089	5107.6
6208	302.3	302.3	302.3	1319,893,10,4	123.8	39.4813780	73.5951074	5107.6
6209	194.2	194.2	194.2	105,730,6,7	123.7	39.4813769	73.5951105	5107.6
6210	678.8	678.8	678.8	523,139,6,6	123.6	39.4814224	73.5953890	5107.6
6211	51.1	51.1	51.1	1793,287,4,12	123.4	39.4813759	73.5951133	5107.7
6212	59.1	55.1	59.1	1177,11,8,4	123.1	39.4813766	73.5951127	5107.7
6213	235.3	235.3	235.3	0,1041,5,8	123.1	39.4813779	73.5951104	5107.5
6214	323.4	323.4	323.4	779,887,6,8	123.1	39.4813783	73.5951070	5107.6
6215	158.2	158.2	158.2	780,257,7,8	122.9	39.4813766	73.5951107	5107.6
6216	767.9	767.9	767.9	1495,419,6,6	122.9	39.4814237	73.5953877	5107.6
6217	139.2	139.2	139.2	1111,97,8,8	122.8	39.4813758	73.5951116	5107.6
6218	12.0	11.0	12.0	1649,59,8,4	122.7	39.4813760	73.5951134	5107.7
6219	668.8	668.8	668.8	942,251,13,6	122.7	39.4814228	73.5953892	5107.6
6220	749.8	749.8	749.8	3,681,6,7	122.7	39.4814233	73.5953883	5107.6
6221	725.8	725.8	725.8	948,513,10,6	122.6	39.4814234	73.5953890	5107.6
6222	751.8	751.8	751.8	1885,599,4,10	122.6	39.4814232	73.5953882	5107.6
6223	188.2	187.2	188.2	577,121,10,8	122.3	39.4813763	73.5951108	5107.6
6224	489.6	489.6	489.6	1650,119,5,8	122.3	39.4813771	73.5951045	5107.6
6225	162.2	162.2	162.2	72,610,9,7	122.2	39.4813764	73.5951105	5107.6
6226	143.2	143.2	143.2	949,744,8,7	122.0	39.4813762	73.5951113	5107.6
6227	721.8	721.8	721.8	227,483,12,4	122.0	39.4814232	73.5953891	5107.6
6228	168.2	168.2	168.2	621,353,8,14	121.9	39.4813762	73.5951107	5107.6
6229	234.3	234.3	234.3	803,166,16,5	121.9	39.4813780	73.5951105	5107.6
6230	667.8	667.8	667.8	51,183,15,4	121.9	39.4814228	73.5953891	5107.6
6231	550.6	550.6	550.6	25,373,8,4	121.8	39.4814217	73.5953911	5107.6
6232	688.8	688.8	688.8	1619,621,12,4	121.8	39.4814229	73.5953890	5107.6
6233	265.3	265.3	265.3	247,923,4,12	121.7	39.4813777	73.5951088	5107.6
6234	654.7	654.7	654.7	443,16,14,5	121.7	39.4814220	73.5953890	5107.6
6235	647.7	647.7	647.7	90,99,8,7	121.6	39.4814218	73.5953891	5107.6
6236	190.2	190.2	194.2	755,537,6,8	121.3	39.4813763	73.5951107	5107.6
6237	716.8	716.8	716.8	507,299,6,7	121.3	39.4814232	73.5953892	5107.6
6238	731.8	731.8	731.8	1865,989,8,4	121.3	39.4814233	73.5953889	5107.6
6239	214.2	214.2	214.2	1513,97,8,8	121.2	39.4813768	73.5951101	5107.6
6240	301.3	301.3	301.3	1245,1059,12,4	121.2	39.4813779	73.5951074	5107.6
6241	561.6	561.6	561.6	1739,0,6,6	121.2	39.4814206	73.5953901	5107.6
6242	792.9	792.9	792.9	155,757,5,10	121.2	39.4814239	73.5953875	5107.6
6243	793.9	793.9	793.9	731,449,4,8	121.2	39.4814240	73.5953877	5107.6
6244	237.3	237.3	237.3	1499,358,12,5	121.1	39.4813777	73.5951103	5107.6
6245	731.8	731.8	731.8	692,589,13,4	121.1	39.4814233	73.5953889	5107.6
6246	715.8	715.8	715.8	409,369,8,5	121.0	39.4814232	73.5953893	5107.6
6247	113.1	111.1	113.1	609,41,8,4	120.9	39.4813759	73.5951122	5107.6
6248	423.5	423.5	423.5	1025,849,8,5	120.8	39.4813789	73.5951061	5107.6
6249	36.0	36.0	36.0	1143,801,10,8	120.7	39.4813763	73.5951135	5107.7
6250	48.1	48.1	48.1	1497,11,8,4	120.7	39.4813762	73.5951135	5107.7
6251	511.6	508.6	511.6	771,196,4,11	120.7	39.4813963	73.5952273	5107.6
6252	638.7	638.7	638.7	134,105,9,6	120.7	39.4814224	73.5953886	5107.6
6253	755.8	755.8	755.8	1017,911,6,8	120.7	39.4814231	73.5953882	5107.6
6254	759.9	759.9	759.9	1191,372,8,7	120.7	39.4814228	73.5953878	5107.6
6255	224.3	224.3	224.3	1825,85,8,6	120.6	39.4813772	73.5951098	5107.6
6256	796.9	796.9	796.9	1034,619,6,13	120.6	39.4814244	73.5953876	5107.6
6257	715.8	715.8	715.8	1797,977,4,8	120.5	39.4814232	73.5953893	5107.6
6258	52.1	52.1	52.1	960,561,3,17	120.4	39.4813759	73.5951133	5107.7
6259	627.7	627.7	627.7	921,321,8,6	120.4	39.4814214	73.5953887	5107.6
6260	679.8	679.8	679.8	1015,819,6,6	120.4	39.4814224	73.5953889	5107.6
6261	679.8	679.8	679.8	1495,857,8,7	120.3	39.4814224	73.5953889	5107.6
6262	174.2	174.2	174.2	281,163,3,11	120.2	39.4813763	73.5951106	5107.6
6263	728.8	728.8	728.8	851,947,12,4	120.1	39.4814235	73.5953890	5107.6
6264	141.2	141.2	141.2	402,691,5,12	120.0	39.4813761	73.5951115	5107.6
6265	224.3	224.3	224.3	697,345,8,6	120.0	39.4813772	73.5951098	5107.6
6266	260.3	260.3	260.3	185,551,12,6	120.0	39.4813772	73.5951091	5107.6
6267	550.6	550.6	550.6	595,1047,4,10	120.0	39.4814217	73.5953911	5107.6
6268	708.8	708.8	708.8	217,561,4,8	119.6	39.4814225	73.5953887	5107.6
6269	308.3	308.3	308.3	998,135,9,10	119.4	39.4813779	73.5951070	5107.6
6270	715.8	715.8	717.8	1201,571,8,6	119.3	39.4814232	73.5953893	5107.6
6271	139.2	139.2	139.2	1459,927,6,10	119.2	39.4813758	73.5951116	5107.6
6272	301.3	301.3	301.3	1654,184,3,17	119.2	39.4813779	73.5951074	5107.6
6273	136.2	136.2	136.2	819,115,14,3	119.0	39.4813762	73.5951116	5107.6
6274	711.8	711.8	711.8	1867,762,6,7	119.0	39.4814229	73.5953890	5107.6
6275	723.8	723.8	724.8	1577,6,8,6	119.0	39.4814234	73.5953890	5107.6
6276	657.7	657.7	657.7	883,277,12,4	118.8	39.4814225	73.5953892	5107.6
6277	254.3	254.3	254.3	499,201,5,8	118.7	39.4813770	73.5951089	5107.6
6278	795.9	795.9	795.9	829,121,10,6	118.6	39.4814244	73.5953876	5107.6
6279	214.2	214.2	214.2	1820,716,7,8	118.5	39.4813768	73.5951101	5107.6
6280	574.6	574.6	574.6	699,305,6,6	118.4	39.4814212	73.5953908	5107.6
6281	753.8	753.8	755.8	785,58,4,12	118.4	39.4814232	73.5953881	5107.6
6282	174.2	174.2	174.2	627,785,6,8	118.3	39.4813763	73.5951106	5107.6
6283	101.1	101.1	101.1	731,257,6,6	118.2	39.4813765	73.5951116	5107.6
6284	130.1	130.1	130.1	675,305,6,10	118.2	39.4813760	73.5951116	5107.6
6285	625.7	625.7	625.7	101,1057,8,6	118.2	39.4814215	73.5953887	5107.6
6286	175.2	175.2	175.2	289,705,4,8	118.0	39.4813759	73.5951109	5107.6
6287	638.7	638.7	638.7	1631,42,10,5	118.0	39.4814224	73.5953886	5107.6
6288	786.9	786.9	786.9	1780,534,7,9	118.0	39.4814236	73.5953872	5107.6
6289	1.0	1.0	1.0	1326,599,4,10	117.9	39.4813757	73.5951137	5107.7
6290	410.5	410.5	410.5	193,979,8,4	117.9	39.4813794	73.5951059	5107.5
6291	518.6	515.6	518.6	1343,116,8,4	117.9	39.4814222	73.5953913	5107.6
6292	688.8	688.8	688.8	1729,167,8,5	117.9	39.4814229	73.5953890	5107.6
6293	625.7	625.7	625.7	297,875,8,4	117.8	39.4814215	73.5953887	5107.6
6294	771.9	771.9	771.9	597,477,5,15	117.7	39.4814239	73.5953875	5107.6
6295	121.1	121.1	121.1	153,1047,16,6	117.6	39.4813759	73.5951120	5107.6
6296	338.4	338.4	338.4	305,219,8,4	117.6	39.4813790	73.5951066	5107.5
6297	12.0	11.0	13.0	129,577,4,8	117.5	39.4813760	73.5951134	5107.7
6298	69.1	69.1	69.1	881,29,8,4	117.5	39.4813764	73.5951122	5107.7
6299	301.3	301.3	301.3	1601,31,7,6	117.5	39.4813779	73.5951074	5107.6
6300	207.2	207.2	207.2	315,722,6,5	117.4	39.4813769	73.5951105	5107.6
6301	194.2	194.2	194.2	211,857,7,11	117.2	39.4813769	73.5951105	5107.6
6302	720.8	720.8	720.8	1295,0,7,5	117.2	39.4814232	73.5953891	5107.6
6303	639.7	639.7	639.7	13,86,4,9	117.1	39.4814221	73.5953886	5107.6
6304	133.1	133.1	134.2	405,273,6,8	117.0	39.4813762	73.5951116	5107.6
6305	548.6	548.6	548.6	755,563,6,8	116.9	39.4814220	73.5953912	5107.6
6306	7.0	6.0	7.0	1855,13,8,4	116.8	39.4813758	73.5951133	5107.7
6307	243.3	243.3	243.3	337,257,7,6	116.8	39.4813766	73.5951099	5107.5
6308	479.5	479.5	479.5	1321,287,8,6	116.8	39.4813772	73.5951047	5107.6
6309	237.3	237.3	237.3	1147,4,12,4	116.7	39.4813777	73.5951103	5107.6
6310	85.1	85.1	85.1	1601,609,6,6	116.6	39.4813755	73.5951119	5107.7
6311	143.2	143.2	143.2	1626,817,11,4	116.6	39.4813762	73.5951113	5107.6
6312	89.1	89.1	89.1	767,315,8,6	116.5	39.4813756	73.5951114	5107.7
6313	625.7	625.7	625.7	1367,599,4,8	116.5	39.4814215	73.5953887	5107.6
6314	774.9	774.9	774.9	1569,85,8,4	116.5	39.4814241	73.5953875	5107.6
6315	548.6	548.6	548.6	467,653,4,8	116.4	39.4814220	73.5953912	5107.6
6316	733.8	733.8	733.8	1913,673,7,4	116.4	39.4814236	73.5953890	5107.6
6317	722.8	722.8	723.8	1750,516,5,10	116.3	39.4814233	73.5953891	5107.6
6318	765.9	765.9	765.9	9,5,10,6	116.3	39.4814237	73.5953878	5107.6
6319	499.6	499.6	499.6	1593,697,8,7	116.2	39.4813773	73.5951045	5107.6
6320	772.9	772.9	772.9	1427,395,11,4	116.2	39.4814241	73.5953875	5107.6
6321	481.5	479.5	481.5	511,643,10,5	115.9	39.4813771	73.5951047	5107.6
6322	690.8	690.8	690.8	169,273,8,6	115.9	39.4814227	73.5953889	5107.6
6323	1.0	1.0	1.0	1299,265,10,6	115.8	39.4813757	73.5951137	5107.7
6324	118.1	118.1	118.1	262,611,11,6	115.8	39.4813762	73.5951120	5107.6
6325	768.9	768.9	768.9	1304,413,7,6	115.8	39.4814240	73.5953878	5107.6
6326	113.1	113.1	113.1	1913,480,4,8	115.7	39.4813759	73.5951122	5107.6
6327	780.9	780.9	780.9	831,425,8,8	115.7	39.4814237	73.5953876	5107.6
6328	425.5	425.5	425.5	1539,817,7,8	115.6	39.4813789	73.5951060	5107.5
6329	485.5	485.5	485.5	1507,996,10,12	115.6	39.4813773	73.5951047	5107.6
6330	797.9	797.9	797.9	413,297,9,5	115.6	39.4814243	73.5953878	5107.6
6331	251.3	251.3	251.3	777,229,8,5	115.4	39.4813770	73.5951093	5107.5
6332	766.9	766.9	769.9	1289,235,8,4	115.4	39.4814237	73.5953877	5107.6
6333	255.3	255.3	255.3	666,523,7,6	115.3	39.4813771	73.5951089	5107.6
6334	721.8	721.8	721.8	1890,1061,9,8	115.2	39.4814232	73.5953891	5107.6
6335	730.8	730.8	730.8	1819,0,6,6	115.2	39.4814236	73.5953890	5107.6
6336	133.1	133.1	133.1	67,291,6,6	115.0	39.4813762	73.5951116	5107.6
6337	71.1	71.1	71.1	1905,978,6,7	114.9	39.4813762	73.5951124	5107.7
6338	85.1	85.1	85.1	44,943,5,9	114.9	39.4813755	73.5951119	5107.7
6339	691.8	691.8	692.8	779,65,11,4	114.9	39.4814227	73.5953890	5107.6
6340	21.0	21.0	21.0	323,721,6,8	114.8	39.4813759	73.5951134	5107.7
6341	56.1	53.1	56.1	953,381,8,4	114.8	39.4813764	73.5951129	5107.7
6342	163.2	163.2	163.2	1329,151,8,4	114.8	39.4813763	73.5951106	5107.6
6343	257.3	257.3	257.3	71,445,10,7	114.8	39.4813771	73.5951092	5107.5
6344	625.7	625.7	625.7	1579,571,12,4	114.8	39.4814215	73.5953887	5107.6
6345	751.8	751.8	751.8	1057,402,8,6	114.8	39.4814232	73.5953882	5107.6
6346	486.5	486.5	486.5	550,282,9,4	114.6	39.4813770	73.5951046	5107.6
6347	625.7	625.7	625.7	1830,953,6,8	114.6	39.4814215	73.5953887	5107.6
6348	754.8	754.8	754.8	1291,35,6,7	114.6	39.4814231	73.5953882	5107.6
6349	500.6	500.6	500.6	1285,428,6,5	114.5	39.4813772	73.5951044	5107.6
6350	778.9	778.9	778.9	517,649,6,8	114.5	39.4814236	73.5953875	5107.6
6351	147.2	147.2	148.2	535,75,5,10	114.4	39.4813762	73.5951110	5107.6
6352	308.3	308.3	308.3	1246,243,3,14	114.3	39.4813779	73.5951070	5107.6
6353	566.6	566.6	566.6	1763,305,10,4	114.3	39.4814209	73.5953906	5107.6
6354	131.1	131.1	131.1	629,399,8,12	114.2	39.4813761	73.5951116	5107.6
6355	751.8	747.8	751.8	1825,861,8,4	114.2	39.4814232	73.5953882	5107.6
6356	207.2	207.2	207.2	105,882,2,16	114.1	39.4813769	73.5951105	5107.6
6357	48.1	48.1	48.1	1079,905,4,8	113.9	39.4813762	73.5951135	5107.7
6358	152.2	148.2	152.2	487,313,4,11	113.9	39.4813768	73.5951107	5107.6
6359	668.8	667.8	668.8	265,721,6,8	113.9	39.4814228	73.5953892	5107.6
6360	143.2	143.2	143.2	285,807,3,10	113.7	39.4813762	73.5951113	5107.6
6361	550.6	550.6	550.6	1277,433,11,6	113.7	39.4814217	73.5953911	5107.6
6362	115.1	112.1	115.1	1879,805,4,12	113.6	39.4813763	73.5951121	5107.6
6363	778.9	778.9	778.9	1707,193,6,8	113.6	39.4814236	73.5953875	5107.6
6364	11.0	11.0	11.0	1515,0,6,5	113.5	39.4813758	73.5951134	5107.7
6365	147.2	147.2	147.2	1057,769,12,4	113.5	39.4813762	73.5951110	5107.6
6366	21.0	21.0	21.0	1009,177,4,8	113.3	39.4813759	73.5951134	5107.7
6367	688.8	688.8	688.8	1539,563,12,4	113.3	39.4814229	73.5953890	5107.6
6368	721.8	721.8	721.8	1786,153,6,6	113.3	39.4814232	73.5953891	5107.6
6369	4.0	0.0	5.0	258,200,5,9	113.2	39.4813756	73.5951136	5107.7
6370	82.1	82.1	82.1	90,319,7,6	113.1	39.4813757	73.5951121	5107.7
6371	141.2	141.2	141.2	411,597,6,12	113.1	39.4813761	73.5951115	5107.6
6372	266.3	266.3	266.3	695,459,10,4	113.1	39.4813776	73.5951087	5107.6
6373	499.6	499.6	499.6	1915,339,5,7	113.1	39.4813773	73.5951045	5107.6
6374	246.3	246.3	246.3	1731,1033,4,8	113.0	39.4813764	73.5951095	5107.6
6375	515.6	515.6	515.6	853,715,10,3	113.0	39.4814150	73.5953396	5107.6
6376	690.8	690.8	690.8	517,67,7,6	113.0	39.4814227	73.5953889	5107.6
6377	782.9	782.9	782.9	1299,729,6,6	112.9	39.4814235	73.5953875	5107.6
6378	648.7	648.7	648.7	1895,1073,8,4	112.8	39.4814214	73.5953888	5107.6
6379	783.9	780.9	784.9	611,98,6,6	112.8	39.4814235	73.5953875	5107.6
6380	84.1	84.1	84.1	1764,891,11,6	112.7	39.4813757	73.5951120	5107.7
6381	746.8	746.8	746.8	1281,115,8,4	112.7	39.4814234	73.5953883	5107.6
6382	0.0	0.0	1.0	541,563,4,13	112.6	39.4813758	73.5951138	5107.7
6383	255.3	255.3	255.3	578,27,8,5	112.6	39.4813771	73.5951089	5107.6
6384	82.1	82.1	82.1	1127,1021,10,4	112.5	39.4813757	73.5951121	5107.7
6385	148.2	148.2	148.2	241,91,6,6	112.5	39.4813765	73.5951109	5107.6
6386	513.6	512.6	513.6	1107,1066,4,7	112.4	39.4814060	73.5952870	5107.6
6387	549.6	549.6	549.6	225,267,6,6	112.4	39.4814219	73.5953912	5107.6
6388	666.7	666.7	669.8	1100,35,11,5	112.4	39.4814226	73.5953891	5107.6
6389	255.3	255.3	255.3	841,57,8,4	112.2	39.4813771	73.5951089	5107.6
6390	302.3	302.3	302.3	497,249,10,4	111.9	39.4813780	73.5951074	5107.6
6391	20.0	20.0	20.0	627,43,11,5	111.8	39.4813761	73.5951134	5107.7
6392	304.3	304.3	304.3	1289,0,12,3	111.8	39.4813780	73.5951073	5107.6
6393	550.6	550.6	550.6	179,947,4,8	111.8	39.4814217	73.5953911	5107.6
6394	668.8	668.8	668.8	0,151,11,4	111.8	39.4814228	73.5953892	5107.6
6395	255.3	255.3	255.3	859,817,5,9	111.6	39.4813771	73.5951089	5107.6
6396	727.8	727.8	727.8	1185,605,8,7	111.4	39.4814235	73.5953889	5107.6
6397	761.9	761.9	763.9	9,456,10,7	111.4	39.4814229	73.5953879	5107.6
6398	170.2	170.2	170.2	427,954,6,7	111.3	39.4813761	73.5951109	5107.6
6399	548.6	548.6	548.6	1497,257,8,4	111.3	39.4814220	73.5953912	5107.6
6400	728.8	728.8	728.8	1169,273,8,4	111.3	39.4814235	73.5953890	5107.6
6401	778.9	778.9	778.9	1117,449,6,8	111.3	39.4814236	73.5953875	5107.6
6402	43.0	43.0	44.0	1787,759,6,8	111.2	39.4813762	73.5951136	5107.7
6403	737.8	737.8	737.8	569,1041,8,7	110.9	39.4814240	73.5953888	5107.6
6404	114.1	114.1	114.1	1883,1033,3,13	110.8	39.4813761	73.5951121	5107.6
6405	643.7	643.7	643.7	343,100,10,5	110.7	39.4814222	73.5953892	5107.6
6406	499.6	499.6	499.6	1665,493,5,7	110.6	39.4813773	73.5951045	5107.6
6407	175.2	175.2	175.2	673,433,8,6	110.5	39.4813759	73.5951109	5107.6
6408	176.2	176.2	176.2	177,527,8,4	110.4	39.4813759	73.5951109	5107.6
6409	71.1	70.1	72.1	13,769,4,8	110.2	39.4813762	73.5951124	5107.7
6410	788.9	788.9	788.9	1585,1021,6,6	110.2	39.4814235	73.5953873	5107.6
6411	74.1	74.1	74.1	9,676,6,5	110.1	39.4813760	73.5951121	5107.7
6412	746.8	746.8	746.8	1689,955,8,4	110.1	39.4814234	73.5953883	5107.6
6413	308.3	308.3	308.3	1797,97,10,5	110.0	39.4813779	73.5951070	5107.6
6414	573.6	573.6	573.6	1339,282,4,10	110.0	39.4814214	73.5953909	5107.6
6415	48.1	48.1	48.1	1115,316,12,5	109.8	39.4813762	73.5951135	5107.7
6416	61.1	54.1	61.1	1195,51,6,4	109.8	39.4813767	73.5951124	5107.7
6417	787.9	787.9	787.9	1313,43,8,4	109.8	39.4814236	73.5953872	5107.6
6418	13.0	12.0	13.0	1827,89,10,4	109.7	39.4813759	73.5951135	5107.7
6419	251.3	247.3	252.3	959,561,6,7	109.7	39.4813770	73.5951093	5107.5
6420	684.8	684.8	684.8	341,481,12,8	109.7	39.4814225	73.5953888	5107.6
6421	237.3	237.3	237.3	557,985,8,6	109.6	39.4813777	73.5951103	5107.6
6422	688.8	688.8	688.8	1441,707,9,4	109.6	39.4814229	73.5953890	5107.6
6423	117.1	117.1	117.1	233,679,6,6	109.5	39.4813763	73.5951119	5107.6
6424	175.2	175.2	175.2	711,577,2,16	109.5	39.4813759	73.5951109	5107.6
6425	338.4	338.4	338.4	919,1077,10,3	109.4	39.4813790	73.5951066	5107.5
6426	714.8	714.8	715.8	1377,1019,5,6	109.4	39.4814233	73.5953893	5107.6
6427	82.1	82.1	82.1	83,611,4,12	109.2	39.4813757	73.5951121	5107.7
6428	486.5	486.5	486.5	1777,633,4,8	109.2	39.4813770	73.5951046	5107.6
6429	50.1	50.1	50.1	1505,513,8,8	109.1	39.4813761	73.5951133	5107.7
6430	234.3	234.3	234.3	390,827,9,4	108.8	39.4813780	73.5951105	5107.6
6431	329.4	329.4	329.4	395,1047,8,6	108.8	39.4813783	73.5951071	5107.5
6432	492.6	492.6	495.6	361,497,4,8	108.8	39.4813770	73.5951048	5107.6
6433	117.1	117.1	117.1	419,365,6,8	108.7	39.4813763	73.5951119	5107.6
6434	25.0	25.0	27.0	981,285,11,4	108.5	39.4813760	73.5951137	5107.7
6435	45.1	44.0	45.1	1643,169,4,8	108.5	39.4813761	73.5951136	5107.7
6436	487.5	487.5	487.5	1889,315,8,4	108.5	39.4813770	73.5951046	5107.6
6437	30.0	30.0	34.0	1599,577,5,16	108.3	39.4813765	73.5951136	5107.7
6438	83.1	83.1	83.1	871,997,9,4	108.2	39.4813758	73.5951121	5107.7
6439	13.0	12.0	13.0	1753,111,9,6	108.1	39.4813759	73.5951135	5107.7
6440	425.5	425.5	425.5	273,937,9,8	108.1	39.4813789	73.5951060	5107.5
6441	719.8	719.8	719.8	1107,151,5,8	108.1	39.4814231	73.5953891	5107.6
6442	688.8	688.8	688.8	1433,1075,6,5	108.0	39.4814229	73.5953890	5107.6
6443	789.9	789.9	789.9	435,586,8,5	107.9	39.4814235	73.5953874	5107.6
6444	772.9	772.9	772.9	1531,487,8,9	107.7	39.4814241	73.5953875	5107.6
6445	86.1	86.1	86.1	1451,151,6,6	107.4	39.4813754	73.5951116	5107.6
6446	249.3	249.3	250.3	677,203,6,6	107.4	39.4813765	73.5951094	5107.5
6447	250.3	246.3	253.3	1891,809,4,8	107.3	39.4813769	73.5951093	5107.5
6448	485.5	485.5	485.5	1515,919,7,6	107.3	39.4813773	73.5951047	5107.6
6449	574.6	574.6	574.6	1593,1066,8,6	107.3	39.4814212	73.5953908	5107.6
6450	757.9	757.9	757.9	13,256,4,9	107.3	39.4814229	73.5953879	5107.6
6451	663.7	663.7	665.7	1841,9,9,6	107.2	39.4814224	73.5953892	5107.6
6452	504.6	504.6	504.6	1059,978,6,7	107.1	39.4813770	73.5951045	5107.6
6453	506.6	505.6	513.6	817,0,4,12	107.1	39.4813768	73.5951058	5107.6
6454	797.9	797.9	797.9	1587,435,8,4	107.1	39.4814243	73.5953878	5107.6
6455	792.9	792.9	792.9	594,913,7,6	107.0	39.4814239	73.5953875	5107.6
6456	250.3	250.3	250.3	1115,363,13,4	106.9	39.4813769	73.5951093	5107.5
6457	423.5	423.5	423.5	1538,261,7,4	106.9	39.4813789	73.5951061	5107.6
6458	427.5	426.5	427.5	1755,1013,6,6	106.9	39.4813790	73.5951056	5107.6
6459	141.2	141.2	141.2	961,105,8,6	106.8	39.4813761	73.5951115	5107.6
6460	245.3	245.3	251.3	1149,41,12,4	106.8	39.4813763	73.5951096	5107.5
6461	84.1	84.1	84.1	1303,1013,8,6	106.7	39.4813757	73.5951120	5107.7
6462	549.6	549.6	549.6	41,431,8,6	106.6	39.4814219	73.5953912	5107.6
6463	51.1	51.1	53.1	1853,30,9,8	106.5	39.4813759	73.5951133	5107.7
6464	21.0	21.0	21.0	205,409,4,13	106.4	39.4813759	73.5951134	5107.7
6465	491.6	491.6	491.6	1907,53,8,5	106.3	39.4813770	73.5951046	5107.6
6466	549.6	549.6	549.6	1441,910,8,5	106.2	39.4814219	73.5953912	5107.6
6467	744.8	744.8	744.8	1845,467,10,4	105.9	39.4814232	73.5953882	5107.6
6468	521.6	521.6	521.6	753,739,8,4	105.8	39.4814225	73.5953923	5107.6
6469	768.9	768.9	768.9	1767,225,9,5	105.8	39.4814240	73.5953878	5107.6
6470	494.6	494.6	494.6	71,277,10,3	105.7	39.4813770	73.5951047	5107.6
6471	668.8	668.8	668.8	200,808,8,9	105.6	39.4814228	73.5953892	5107.6
6472	756.9	756.9	756.9	34,538,7,5	105.6	39.4814230	73.5953881	5107.6
6473	119.1	119.1	119.1	241,1045,4,8	105.5	39.4813762	73.5951120	5107.6
6474	114.1	112.1	115.1	603,551,6,8	105.4	39.4813761	73.5951121	5107.6
6475	304.3	304.3	304.3	103,243,6,6	105.4	39.4813780	73.5951073	5107.6
6476	479.5	479.5	479.5	681,64,4,9	105.4	39.4813772	73.5951047	5107.6
6477	785.9	785.9	785.9	1877,321,6,6	105.3	39.4814233	73.5953872	5107.6
6478	39.0	39.0	43.0	1449,929,4,8	105.1	39.4813762	73.5951132	5107.7
6479	158.2	158.2	158.2	173,849,6,8	105.1	39.4813766	73.5951107	5107.6
6480	652.7	652.7	652.7	186,539,10,4	105.0	39.4814217	73.5953886	5107.6
6481	684.8	684.8	684.8	553,387,6,6	105.0	39.4814225	73.5953888	5107.6
6482	427.5	427.5	427.5	1825,1055,16,2	104.9	39.4813790	73.5951056	5107.6
6483	84.1	84.1	84.1	1309,129,6,8	104.8	39.4813757	73.5951120	5107.7
6484	791.9	791.9	791.9	1029,873,4,8	104.6	39.4814238	73.5953875	5107.6
6485	74.1	74.1	74.1	1057,97,4,8	104.4	39.4813760	73.5951121	5107.7
6486	134.2	134.2	134.2	913,979,6,6	104.4	39.4813764	73.5951115	5107.6
6487	691.8	691.8	691.8	825,691,6,4	104.4	39.4814227	73.5953890	5107.6
6488	0.0	0.0	0.0	1341,449,4,8	104.3	39.4813758	73.5951138	5107.7
6489	131.1	131.1	131.1	915,553,10,4	104.3	39.4813761	73.5951116	5107.6
6490	670.8	670.8	670.8	849,961,6,6	103.9	39.4814229	73.5953892	5107.6
6491	0.0	0.0	0.0	1418,839,7,5	103.7	39.4813758	73.5951138	5107.7
6492	762.9	762.9	763.9	0,859,5,6	103.6	39.4814231	73.5953878	5107.6
6493	187.2	187.2	187.2	1131,669,4,8	103.5	39.4813764	73.5951109	5107.6
6494	677.8	677.8	677.8	305,177,7,9	103.5	39.4814223	73.5953891	5107.6
6495	134.2	134.2	134.2	713,789,6,6	103.4	39.4813764	73.5951115	5107.6
6496	520.6	515.6	520.6	1203,753,14,4	103.4	39.4814225	73.5953929	5107.6
6497	762.9	762.9	762.9	219,97,6,10	103.4	39.4814231	73.5953878	5107.6
6498	85.1	85.1	85.1	1089,307,10,4	103.3	39.4813755	73.5951119	5107.7
6499	143.2	143.2	143.2	431,703,6,7	103.3	39.4813762	73.5951113	5107.6
6500	487.5	487.5	487.5	433,636,5,12	103.3	39.4813770	73.5951046	5107.6
6501	49.1	46.1	49.1	1369,33,8,4	103.2	39.4813764	73.5951134	5107.7
6502	130.1	130.1	130.1	81,183,6,6	103.1	39.4813760	73.5951116	5107.6
6503	492.6	492.6	492.6	361,37,8,8	102.9	39.4813770	73.5951048	5107.6
6504	17.0	16.0	17.0	24,939,9,6	102.7	39.4813760	73.5951134	5107.7
6505	512.6	512.6	515.6	377,1058,8,5	102.7	39.4814013	73.5952579	5107.6
6506	158.2	158.2	158.2	983,49,8,6	102.6	39.4813766	73.5951107	5107.6
6507	487.5	487.5	487.5	1801,911,7,6	102.6	39.4813770	73.5951046	5107.6
6508	504.6	504.6	504.6	1002,315,8,6	102.5	39.4813770	73.5951045	5107.6
6509	653.7	653.7	653.7	429,609,7,6	102.5	39.4814217	73.5953888	5107.6
6510	82.1	82.1	82.1	1659,33,6,6	102.4	39.4813757	73.5951121	5107.7
6511	158.2	158.2	158.2	1365,119,6,6	102.3	39.4813766	73.5951107	5107.6
6512	498.6	498.6	498.6	1843,130,5,7	102.3	39.4813773	73.5951046	5107.6
6513	509.6	509.6	513.6	1710,0,7,7	102.3	39.4813851	73.5951621	5107.6
6514	328.4	328.4	328.4	639,971,8,6	102.2	39.4813782	73.5951071	5107.5
6515	751.8	751.8	751.8	1735,437,4,6	102.1	39.4814232	73.5953882	5107.6
6516	176.2	176.2	176.2	561,425,6,10	102.0	39.4813759	73.5951109	5107.6
6517	48.1	48.1	48.1	1889,203,8,6	101.8	39.4813762	73.5951135	5107.7
6518	409.5	409.5	409.5	1515,849,4,8	101.8	39.4813793	73.5951058	5107.5
6519	759.9	759.9	759.9	1441,433,4,8	101.6	39.4814228	73.5953878	5107.6
6520	254.3	254.3	254.3	153,695,4,8	101.5	39.4813770	73.5951089	5107.6
6521	49.1	49.1	49.1	1389,931,4,14	101.4	39.4813764	73.5951134	5107.7
6522	479.5	479.5	479.5	1423,629,9,6	101.3	39.4813772	73.5951047	5107.6
6523	38.0	38.0	39.0	1761,657,6,8	101.2	39.4813763	73.5951133	5107.7
6524	121.1	121.1	121.1	153,905,4,8	101.2	39.4813759	73.5951120	5107.6
6525	763.9	763.9	763.9	1025,75,8,4	101.2	39.4814233	73.5953876	5107.6
6526	673.8	673.8	673.8	1580,723,7,4	101.0	39.4814224	73.5953893	5107.6
6527	62.1	62.1	62.1	137,949,4,8	100.8	39.4813766	73.5951127	5107.7
6528	184.2	184.2	184.2	851,388,8,5	100.8	39.4813762	73.5951110	5107.6
6529	85.1	85.1	86.1	989,1057,4,6	100.7	39.4813755	73.5951119	5107.7
6530	504.6	504.6	504.6	1559,469,10,8	100.7	39.4813770	73.5951045	5107.6
6531	51.1	51.1	55.1	1745,787,6,4	100.4	39.4813759	73.5951133	5107.7
6532	70.1	70.1	70.1	1201,187,8,4	100.4	39.4813763	73.5951123	5107.7
6533	131.1	131.1	131.1	517,641,6,8	100.3	39.4813761	73.5951116	5107.6
6534	6.0	6.0	6.0	1894,680,5,11	100.2	39.4813759	73.5951133	5107.7
6535	52.1	52.1	52.1	1671,277,7,12	100.1	39.4813759	73.5951133	5107.7
6536	748.8	748.8	748.8	159,273,8,6	100.1	39.4814233	73.5953884	5107.6
6537	792.9	792.9	792.9	1353,525,7,4	100.1	39.4814239	73.5953875	5107.6
6538	549.6	549.6	549.6	1266,409,9,3	100.0	39.4814219	73.5953912	5107.6
6539	41.0	40.0	42.0	1571,303,6,8	99.9	39.4813762	73.5951133	5107.7
6540	115.1	115.1	115.1	985,1003,5,6	99.9	39.4813763	73.5951121	5107.6
6541	713.8	713.8	713.8	1459,467,11,4	99.9	39.4814233	73.5953894	5107.6
6542	146.2	146.2	146.2	699,187,4,12	99.7	39.4813763	73.5951112	5107.6
6543	748.8	748.8	749.8	541,203,7,5	99.7	39.4814233	73.5953884	5107.6
6544	754.8	754.8	756.9	115,491,5,6	99.6	39.4814231	73.5953882	5107.6
6545	677.8	677.8	677.8	1672,762,7,6	99.5	39.4814223	73.5953891	5107.6
6546	4.0	3.0	4.0	241,39,6,6	99.3	39.4813756	73.5951136	5107.7
6547	25.0	25.0	25.0	981,137,4,8	99.3	39.4813760	73.5951137	5107.7
6548	246.3	246.3	246.3	1897,950,4,9	99.2	39.4813764	73.5951095	5107.6
6549	784.9	784.9	784.9	0,787,4,7	99.2	39.4814235	73.5953874	5107.6
6550	492.6	492.6	492.6	1365,73,4,8	99.1	39.4813770	73.5951048	5107.6
6551	757.9	757.9	757.9	1499,249,6,7	99.1	39.4814229	73.5953879	5107.6
6552	234.3	234.3	234.3	1891,155,6,6	99.0	39.4813780	73.5951105	5107.6
6553	690.8	690.8	690.8	279,249,9,4	99.0	39.4814227	73.5953889	5107.6
6554	2.0	2.0	2.0	463,705,2,16	98.9	39.4813757	73.5951138	5107.7
6555	121.1	121.1	121.1	161,739,6,6	98.9	39.4813759	73.5951120	5107.6
6556	517.6	517.6	517.6	707,993,7,6	98.9	39.4814209	73.5953810	5107.6
6557	428.5	428.5	428.5	680,183,6,7	98.8	39.4813790	73.5951057	5107.6
6558	719.8	719.8	719.8	763,89,7,4	98.7	39.4814231	73.5953891	5107.6
6559	711.8	711.8	711.8	1845,587,8,6	98.4	39.4814229	73.5953890	5107.6
6560	57.1	54.1	57.1	917,57,6,6	98.3	39.4813763	73.5951129	5107.7
6561	141.2	141.2	141.2	489,552,4,7	98.3	39.4813761	73.5951115	5107.6
6562	688.8	688.8	688.8	1511,763,8,6	98.3	39.4814229	73.5953890	5107.6
6563	176.2	176.2	176.2	463,597,6,10	98.2	39.4813759	73.5951109	5107.6
6564	0.0	0.0	0.0	33,548,10,5	98.1	39.4813758	73.5951138	5107.7
6565	7.0	7.0	7.0	171,691,6,9	98.0	39.4813758	73.5951133	5107.7
6566	9.0	9.0	13.0	1849,549,4,6	98.0	39.4813757	73.5951136	5107.7
6567	31.0	30.0	31.0	1635,7,6,6	97.9	39.4813762	73.5951136	5107.7
6568	426.5	426.5	426.5	941,924,11,7	97.9	39.4813790	73.5951058	5107.6
6569	665.7	665.7	665.7	323,0,12,5	97.8	39.4814224	73.5953890	5107.6
6570	749.8	749.8	749.8	539,625,4,8	97.8	39.4814233	73.5953883	5107.6
6571	70.1	70.1	70.1	1431,203,10,4	97.7	39.4813763	73.5951123	5107.7
6572	516.6	516.6	516.6	641,1075,6,5	97.7	39.4814182	73.5953615	5107.6
6573	731.8	731.8	731.8	1683,445,6,6	97.2	39.4814233	73.5953889	5107.6
6574	688.8	688.8	688.8	1651,481,7,5	97.1	39.4814229	73.5953890	5107.6
6575	68.1	67.1	68.1	1475,497,4,6	97.0	39.4813765	73.5951122	5107.7
6576	548.6	548.6	548.6	869,773,4,10	97.0	39.4814220	73.5953912	5107.6
6577	409.5	409.5	409.5	1307,1075,5,5	96.9	39.4813793	73.5951058	5107.5
6578	679.8	679.8	679.8	1811,260,6,5	96.8	39.4814224	73.5953889	5107.6
6579	120.1	116.1	120.1	433,645,4,12	96.7	39.4813760	73.5951120	5107.6
6580	754.8	754.8	754.8	915,1067,8,4	96.7	39.4814231	73.5953882	5107.6
6581	687.8	687.8	687.8	1249,887,8,3	96.6	39.4814228	73.5953891	5107.6
6582	748.8	748.8	748.8	1634,690,6,5	96.6	39.4814233	73.5953884	5107.6
6583	487.5	487.5	487.5	1128,606,6,6	96.5	39.4813770	73.5951046	5107.6
6584	759.9	758.9	759.9	243,307,7,6	96.5	39.4814228	73.5953878	5107.6
6585	25.0	25.0	25.0	1242,985,5,10	96.2	39.4813760	73.5951137	5107.7
6586	634.7	634.7	634.7	1758,261,8,6	96.1	39.4814225	73.5953887	5107.6
6587	159.2	159.2	159.2	679,339,4,11	96.0	39.4813766	73.5951106	5107.6
6588	44.0	41.0	45.1	1712,107,7,5	95.7	39.4813762	73.5951136	5107.7
6589	52.1	52.1	56.1	1257,163,8,4	95.7	39.4813759	73.5951133	5107.7
6590	518.6	518.6	518.6	1449,197,6,6	95.7	39.4814222	73.5953913	5107.6
6591	777.9	777.9	777.9	497,521,6,4	95.7	39.4814236	73.5953876	5107.6
6592	168.2	168.2	168.2	545,263,8,6	95.5	39.4813762	73.5951107	5107.6
6593	690.8	690.8	690.8	819,769,8,6	95.3	39.4814227	73.5953889	5107.6
6594	57.1	55.1	57.1	858,113,7,4	95.2	39.4813763	73.5951129	5107.7
6595	84.1	84.1	84.1	1637,583,10,10	95.2	39.4813757	73.5951120	5107.7
6596	234.3	234.3	234.3	297,155,6,6	95.2	39.4813780	73.5951105	5107.6
6597	486.5	486.5	486.5	177,489,8,7	95.2	39.4813770	73.5951046	5107.6
6598	26.0	26.0	26.0	736,369,5,8	94.9	39.4813761	73.5951137	5107.7
6599	234.3	234.3	234.3	761,45,6,6	94.9	39.4813780	73.5951105	5107.6
6600	654.7	654.7	654.7	549,13,7,6	94.9	39.4814220	73.5953890	5107.6
6601	86.1	86.1	86.1	639,137,5,8	94.8	39.4813754	73.5951116	5107.6
6602	502.6	502.6	502.6	1799,1051,6,5	94.8	39.4813772	73.5951045	5107.6
6603	548.6	548.6	548.6	1438,959,8,8	94.8	39.4814220	73.5953912	5107.6
6604	499.6	499.6	499.6	281,947,8,4	94.7	39.4813773	73.5951045	5107.6
6605	7.0	7.0	8.0	1905,75,6,4	94.6	39.4813758	73.5951133	5107.7
6606	640.7	640.7	640.7	207,499,6,10	94.6	39.4814222	73.5953888	5107.6
6607	11.0	7.0	12.0	27,327,6,6	94.5	39.4813758	73.5951134	5107.7
6608	121.1	121.1	121.1	937,377,8,10	94.5	39.4813759	73.5951120	5107.6
6609	170.2	170.2	170.2	35,797,4,8	94.5	39.4813761	73.5951109	5107.6
6610	428.5	428.5	428.5	532,185,9,5	94.4	39.4813790	73.5951057	5107.6
6611	121.1	121.1	121.1	120,153,4,16	94.1	39.4813759	73.5951120	5107.6
6612	48.1	48.1	48.1	1909,81,8,8	94.0	39.4813762	73.5951135	5107.7
6613	488.5	488.5	491.6	1770,119,14,2	94.0	39.4813770	73.5951045	5107.6
6614	655.7	655.7	655.7	603,425,5,8	94.0	39.4814222	73.5953891	5107.6
6615	751.8	751.8	751.8	1553,419,4,6	94.0	39.4814232	73.5953882	5107.6
6616	1.0	1.0	1.0	603,386,4,8	93.5	39.4813757	73.5951137	5107.7
6617	234.3	234.3	234.3	502,497,5,6	93.5	39.4813780	73.5951105	5107.6
6618	19.0	19.0	19.0	1483,581,4,7	93.4	39.4813759	73.5951133	5107.7
6619	777.9	777.9	777.9	1021,76,9,5	93.4	39.4814236	73.5953876	5107.6
6620	479.5	479.5	479.5	651,345,4,6	93.3	39.4813772	73.5951047	5107.6
6621	113.1	113.1	113.1	1827,945,4,10	93.2	39.4813759	73.5951122	5107.6
6622	777.9	777.9	777.9	425,73,8,4	93.2	39.4814236	73.5953876	5107.6
6623	510.6	510.6	512.6	1083,905,4,10	93.1	39.4813907	73.5951943	5107.6
6624	5.0	5.0	5.0	61,516,4,9	93.0	39.4813759	73.5951135	5107.7
6625	110.1	110.1	110.1	1787,19,5,10	93.0	39.4813758	73.5951122	5107.6
6626	252.3	248.3	252.3	1083,470,4,9	93.0	39.4813770	73.5951092	5107.6
6627	115.1	115.1	115.1	1833,589,6,6	92.9	39.4813763	73.5951121	5107.6
6628	676.8	676.8	676.8	59,125,6,6	92.9	39.4814223	73.5953892	5107.6
6629	251.3	248.3	251.3	1889,163,4,6	92.8	39.4813770	73.5951093	5107.5
6630	652.7	652.7	652.7	1205,57,11,4	92.6	39.4814217	73.5953886	5107.6
6631	120.1	120.1	120.1	875,155,4,6	92.4	39.4813760	73.5951120	5107.6
6632	57.1	54.1	58.1	911,487,8,10	92.3	39.4813763	73.5951129	5107.7
6633	690.8	687.8	690.8	145,635,5,6	92.3	39.4814227	73.5953889	5107.6
6634	754.8	754.8	754.8	1620,746,7,5	92.2	39.4814231	73.5953882	5107.6
6635	487.5	487.5	487.5	423,67,6,4	92.1	39.4813770	73.5951046	5107.6
6636	0.0	0.0	0.0	1361,785,3,12	92.0	39.4813758	73.5951138	5107.7
6637	499.6	499.6	499.6	1812,85,7,5	92.0	39.4813773	73.5951045	5107.6
6638	176.2	176.2	176.2	917,77,4,8	91.9	39.4813759	73.5951109	5107.6
6639	669.8	669.8	669.8	1873,889,9,6	91.9	39.4814229	73.5953892	5107.6
6640	85.1	84.1	85.1	1859,776,5,7	91.8	39.4813755	73.5951119	5107.7
6641	425.5	425.5	425.5	769,857,8,6	91.8	39.4813789	73.5951060	5107.5
6642	245.3	245.3	245.3	705,457,5,5	91.6	39.4813763	73.5951096	5107.5
6643	712.8	712.8	712.8	1915,1075,5,5	91.6	39.4814230	73.5953892	5107.6
6644	486.5	486.5	486.5	10,607,5,5	91.5	39.4813770	73.5951046	5107.6
6645	510.6	510.6	510.6	1453,236,5,5	91.5	39.4813907	73.5951943	5107.6
6646	653.7	653.7	658.7	343,501,6,9	91.5	39.4814217	73.5953888	5107.6
6647	715.8	715.8	715.8	1737,1063,8,4	91.4	39.4814232	73.5953893	5107.6
6648	74.1	74.1	74.1	25,734,4,7	91.2	39.4813760	73.5951121	5107.7
6649	733.8	733.8	733.8	1075,1074,6,6	91.2	39.4814236	73.5953890	5107.6
6650	49.1	49.1	49.1	1297,9,4,8	91.1	39.4813764	73.5951134	5107.7
6651	110.1	109.1	110.1	87,491,6,4	91.1	39.4813758	73.5951122	5107.6
6652	146.2	146.2	146.2	825,28,8,5	91.1	39.4813763	73.5951112	5107.6
6653	174.2	174.2	174.2	267,97,2,12	91.1	39.4813763	73.5951106	5107.6
6654	500.6	500.6	500.6	1070,796,7,7	91.1	39.4813772	73.5951044	5107.6
6655	38.0	38.0	38.0	1242,939,7,4	91.0	39.4813763	73.5951133	5107.7
6656	510.6	506.6	510.6	1531,1005,6,5	90.6	39.4813907	73.5951943	5107.6
6657	10.0	7.0	10.0	1457,411,4,6	90.4	39.4813758	73.5951135	5107.7
6658	4.0	3.0	9.0	1801,721,8,4	90.3	39.4813756	73.5951136	5107.7
6659	2.0	2.0	2.0	1695,255,8,6	90.2	39.4813757	73.5951138	5107.7
6660	160.2	160.2	160.2	1314,100,5,9	90.2	39.4813766	73.5951106	5107.6
6661	666.7	666.7	666.7	19,619,4,6	90.2	39.4814226	73.5953891	5107.6
6662	755.8	755.8	755.8	1354,85,7,8	90.2	39.4814231	73.5953882	5107.6
6663	790.9	790.9	790.9	1481,302,14,4	90.2	39.4814237	73.5953875	5107.6
6664	146.2	146.2	146.2	535,513,6,8	90.1	39.4813763	73.5951112	5107.6
6665	253.3	253.3	253.3	1007,0,8,3	90.1	39.4813770	73.5951090	5107.6
6666	734.8	734.8	734.8	1833,71,13,2	90.1	39.4814239	73.5953890	5107.6
6667	254.3	254.3	254.3	491,139,5,6	90.0	39.4813770	73.5951089	5107.6
6668	733.8	733.8	733.8	81,1011,8,6	90.0	39.4814236	73.5953890	5107.6
6669	69.1	63.1	69.1	1225,147,6,4	89.9	39.4813764	73.5951122	5107.7
6670	518.6	515.6	519.6	1783,195,10,4	89.9	39.4814222	73.5953913	5107.6
6671	73.1	73.1	73.1	1867,0,11,5	89.7	39.4813760	73.5951123	5107.7
6672	574.6	574.6	574.6	283,319,6,10	89.6	39.4814212	73.5953908	5107.6
6673	67.1	63.1	67.1	1083,21,6,4	89.4	39.4813767	73.5951122	5107.7
6674	757.9	757.9	757.9	1891,603,5,10	89.4	39.4814229	73.5953879	5107.6
6675	249.3	249.3	249.3	1233,538,6,7	89.3	39.4813765	73.5951094	5107.5
6676	652.7	652.7	652.7	784,234,10,7	89.1	39.4814217	73.5953886	5107.6
6677	640.7	640.7	640.7	1906,897,5,8	89.0	39.4814222	73.5953888	5107.6
6678	755.8	755.8	755.8	0,979,6,6	89.0	39.4814231	73.5953882	5107.6
6679	493.6	493.6	493.6	1569,53,6,4	88.9	39.4813769	73.5951048	5107.6
6680	640.7	640.7	640.7	66,55,15,2	88.9	39.4814222	73.5953888	5107.6
6681	115.1	112.1	115.1	1833,453,4,8	88.8	39.4813763	73.5951121	5107.6
6682	751.8	751.8	751.8	1835,945,4,6	88.6	39.4814232	73.5953882	5107.6
6683	47.1	45.1	47.1	1063,882,4,11	88.4	39.4813761	73.5951135	5107.7
6684	136.2	136.2	136.2	321,497,4,6	88.4	39.4813762	73.5951116	5107.6
6685	521.6	521.6	521.6	1805,1067,4,6	88.3	39.4814225	73.5953923	5107.6
6686	485.5	481.5	485.5	596,554,9,3	88.2	39.4813773	73.5951047	5107.6
6687	722.8	722.8	724.8	203,459,11,4	88.1	39.4814233	73.5953891	5107.6
6688	761.9	761.9	761.9	1049,323,2,14	88.1	39.4814229	73.5953879	5107.6
6689	2.0	2.0	2.0	1665,375,8,6	87.9	39.4813757	73.5951138	5107.7
6690	254.3	254.3	254.3	1471,57,9,4	87.8	39.4813770	73.5951089	5107.6
6691	254.3	254.3	254.3	443,345,8,10	87.7	39.4813770	73.5951089	5107.6
6692	487.5	487.5	487.5	1311,434,4,8	87.7	39.4813770	73.5951046	5107.6
6693	18.0	18.0	18.0	1367,133,8,4	87.6	39.4813760	73.5951134	5107.7
6694	671.8	671.8	671.8	501,161,6,5	87.6	39.4814227	73.5953893	5107.6
6695	110.1	109.1	110.1	277,51,5,6	87.5	39.4813758	73.5951122	5107.6
6696	121.1	121.1	121.1	76,607,5,6	87.5	39.4813759	73.5951120	5107.6
6697	670.8	670.8	670.8	1769,5,8,4	87.5	39.4814229	73.5953892	5107.6
6698	111.1	111.1	111.1	737,311,8,4	87.4	39.4813758	73.5951122	5107.6
6699	637.7	637.7	637.7	1637,577,6,6	87.4	39.4814222	73.5953885	5107.6
6700	111.1	111.1	111.1	657,119,6,4	87.3	39.4813758	73.5951122	5107.6
6701	492.6	492.6	492.6	1561,90,6,7	87.2	39.4813770	73.5951048	5107.6
6702	114.1	114.1	114.1	685,881,4,6	87.1	39.4813761	73.5951121	5107.6
6703	252.3	251.3	252.3	534,251,11,4	87.1	39.4813770	73.5951092	5107.6
6704	423.5	423.5	423.5	811,10,12,5	87.1	39.4813789	73.5951061	5107.6
6705	491.6	491.6	491.6	723,475,10,3	87.0	39.4813770	73.5951046	5107.6
6706	69.1	69.1	70.1	1131,81,6,4	86.9	39.4813764	73.5951122	5107.7
6707	143.2	143.2	143.2	1871,994,6,11	86.9	39.4813762	73.5951113	5107.6
6708	56.1	56.1	60.1	1467,938,6,5	86.7	39.4813764	73.5951129	5107.7
6709	0.0	0.0	1.0	696,1011,7,4	86.6	39.4813758	73.5951138	5107.7
6710	251.3	251.3	251.3	851,791,5,6	86.4	39.4813770	73.5951093	5107.5
6711	146.2	146.2	146.2	913,11,6,4	86.3	39.4813763	73.5951112	5107.6
6712	574.6	574.6	574.6	693,633,8,4	86.2	39.4814212	73.5953908	5107.6
6713	765.9	765.9	765.9	651,328,10,6	86.2	39.4814237	73.5953878	5107.6
6714	520.6	520.6	520.6	1755,628,3,9	86.1	39.4814225	73.5953929	5107.6
6715	682.8	682.8	682.8	1793,397,14,4	86.1	39.4814224	73.5953887	5107.6
6716	423.5	423.5	423.5	1287,1051,6,6	86.0	39.4813789	73.5951061	5107.6
6717	664.7	664.7	664.7	1570,257,4,6	85.9	39.4814224	73.5953891	5107.6
6718	250.3	250.3	250.3	537,823,6,5	85.7	39.4813769	73.5951093	5107.5
6719	549.6	549.6	549.6	275,417,6,5	85.7	39.4814219	73.5953912	5107.6
6720	748.8	747.8	748.8	1781,1019,5,6	85.7	39.4814233	73.5953884	5107.6
6721	45.1	44.0	45.1	39,67,4,6	85.5	39.4813761	73.5951136	5107.7
6722	687.8	687.8	687.8	1281,958,6,9	85.5	39.4814228	73.5953891	5107.6
6723	699.8	699.8	699.8	1233,81,7,6	85.5	39.4814230	73.5953890	5107.6
6724	479.5	479.5	479.5	1843,716,5,5	85.3	39.4813772	73.5951047	5107.6
6725	650.7	650.7	650.7	833,189,8,4	85.3	39.4814215	73.5953887	5107.6
6726	65.1	64.1	69.1	1621,931,2,12	85.2	39.4813765	73.5951124	5107.7
6727	496.6	496.6	496.6	418,586,6,7	85.2	39.4813770	73.5951045	5107.6
6728	690.8	690.8	690.8	755,995,6,6	85.2	39.4814227	73.5953889	5107.6
6729	85.1	85.1	85.1	1681,989,12,4	85.0	39.4813755	73.5951119	5107.7
6730	11.0	10.0	11.0	1805,74,8,5	84.9	39.4813758	73.5951134	5107.7
6731	489.6	489.6	490.6	1849,767,6,6	84.8	39.4813771	73.5951045	5107.6
6732	245.3	245.3	245.3	185,905,8,3	84.6	39.4813763	73.5951096	5107.5
6733	254.3	254.3	254.3	1081,501,6,6	84.6	39.4813770	73.5951089	5107.6
6734	733.8	733.8	733.8	1361,1061,6,5	84.6	39.4814236	73.5953890	5107.6
6735	174.2	174.2	174.2	1758,264,3,11	84.5	39.4813763	73.5951106	5107.6
6736	700.8	699.8	700.8	932,825,7,5	84.4	39.4814230	73.5953890	5107.6
6737	254.3	254.3	254.3	1345,199,6,4	84.1	39.4813770	73.5951089	5107.6
6738	254.3	254.3	254.3	941,978,4,7	84.1	39.4813770	73.5951089	5107.6
6739	52.1	52.1	52.1	1581,629,4,6	84.0	39.4813759	73.5951133	5107.7
6740	500.6	500.6	500.6	1103,712,6,5	84.0	39.4813772	73.5951044	5107.6
6741	672.8	672.8	672.8	1908,1034,5,7	84.0	39.4814225	73.5953893	5107.6
6742	682.8	682.8	682.8	598,595,9,4	84.0	39.4814224	73.5953887	5107.6
6743	55.1	54.1	56.1	1095,312,10,5	83.9	39.4813762	73.5951130	5107.7
6744	174.2	174.2	175.2	651,993,6,6	83.9	39.4813763	73.5951106	5107.6
6745	670.8	670.8	670.8	1716,565,11,4	83.8	39.4814229	73.5953892	5107.6
6746	39.0	39.0	39.0	1769,113,4,8	83.7	39.4813762	73.5951132	5107.7
6747	47.1	47.1	47.1	981,181,4,6	83.2	39.4813761	73.5951135	5107.7
6748	11.0	10.0	11.0	1905,101,6,4	83.1	39.4813758	73.5951134	5107.7
6749	247.3	247.3	247.3	938,1052,5,5	83.0	39.4813764	73.5951095	5107.6
6750	487.5	487.5	487.5	489,784,5,7	83.0	39.4813770	73.5951046	5107.6
6751	61.1	57.1	61.1	1094,161,5,4	82.9	39.4813767	73.5951124	5107.7
6752	427.5	427.5	427.5	881,0,4,5	82.8	39.4813790	73.5951056	5107.6
6753	498.6	498.6	498.6	1787,973,4,6	82.5	39.4813773	73.5951046	5107.6
6754	73.1	73.1	73.1	1643,555,6,4	82.4	39.4813760	73.5951123	5107.7
6755	499.6	499.6	499.6	557,465,6,8	82.4	39.4813773	73.5951045	5107.6
6756	733.8	733.8	733.8	1581,9,4,7	82.4	39.4814236	73.5953890	5107.6
6757	68.1	68.1	68.1	1917,39,3,6	82.2	39.4813765	73.5951122	5107.7
6758	712.8	712.8	712.8	1235,98,14,3	82.2	39.4814230	73.5953892	5107.6
6759	56.1	55.1	56.1	1017,339,6,4	82.1	39.4813764	73.5951129	5107.7
6760	172.2	172.2	172.2	1097,635,8,10	82.1	39.4813761	73.5951109	5107.6
6761	722.8	722.8	722.8	931,107,4,7	82.1	39.4814233	73.5953891	5107.6
6762	146.2	146.2	146.2	41,267,6,4	82.0	39.4813763	73.5951112	5107.6
6763	174.2	174.2	174.2	221,465,4,9	82.0	39.4813763	73.5951106	5107.6
6764	245.3	245.3	245.3	433,49,7,8	81.9	39.4813763	73.5951096	5107.5
6765	748.8	748.8	748.8	907,228,4,6	81.9	39.4814233	73.5953884	5107.6
6766	84.1	84.1	84.1	1517,583,4,10	81.8	39.4813757	73.5951120	5107.7
6767	722.8	722.8	722.8	195,1059,10,4	81.7	39.4814233	73.5953891	5107.6
6768	115.1	115.1	115.1	271,483,4,9	81.6	39.4813763	73.5951121	5107.6
6769	500.6	500.6	500.6	1886,607,5,6	81.6	39.4813772	73.5951044	5107.6
6770	109.1	109.1	109.1	263,0,6,3	81.5	39.4813756	73.5951122	5107.6
6771	499.6	499.6	499.6	1829,229,6,4	81.5	39.4813773	73.5951045	5107.6
6772	689.8	689.8	689.8	1508,435,9,4	81.5	39.4814226	73.5953889	5107.6
6773	730.8	730.8	730.8	1822,184,7,5	81.5	39.4814236	73.5953890	5107.6
6774	732.8	732.8	733.8	1621,837,4,6	81.4	39.4814232	73.5953890	5107.6
6775	488.5	488.5	488.5	14,645,8,6	81.3	39.4813770	73.5951045	5107.6
6776	520.6	520.6	520.6	1239,904,6,9	80.8	39.4814225	73.5953929	5107.6
6777	52.1	52.1	52.1	1530,667,7,6	80.7	39.4813759	73.5951133	5107.7
6778	146.2	146.2	146.2	379,1068,5,5	80.7	39.4813763	73.5951112	5107.6
6779	480.5	480.5	480.5	383,565,6,5	80.7	39.4813771	73.5951047	5107.6
6780	549.6	549.6	549.6	1626,1068,6,5	80.6	39.4814219	73.5953912	5107.6
6781	19.0	19.0	19.0	872,353,9,4	80.5	39.4813759	73.5951133	5107.7
6782	509.6	509.6	509.6	1650,209,6,4	80.4	39.4813851	73.5951621	5107.6
6783	73.1	71.1	73.1	235,553,2,11	80.3	39.4813760	73.5951123	5107.7
6784	487.5	487.5	487.5	1325,831,4,6	80.3	39.4813770	73.5951046	5107.6
6785	84.1	84.1	84.1	1027,1023,14,2	80.2	39.4813757	73.5951120	5107.7
6786	112.1	112.1	112.1	149,0,6,8	80.2	39.4813758	73.5951122	5107.6
6787	756.9	756.9	756.9	205,339,4,6	80.1	39.4814230	73.5953881	5107.6
6788	51.1	51.1	51.1	1822,129,4,9	80.0	39.4813759	73.5951133	5107.7
6789	673.8	673.8	673.8	773,15,12,2	79.9	39.4814224	73.5953893	5107.6
6790	734.8	734.8	734.8	1578,865,7,4	79.9	39.4814239	73.5953890	5107.6
6791	116.1	116.1	116.1	188,481,3,9	79.7	39.4813763	73.5951119	5107.6
6792	715.8	715.8	715.8	1766,31,12,2	79.7	39.4814232	73.5953893	5107.6
6793	12.0	12.0	12.0	164,265,4,8	79.5	39.4813760	73.5951134	5107.7
6794	423.5	423.5	423.5	961,849,8,4	79.5	39.4813789	73.5951061	5107.6
6795	0.0	0.0	1.0	1263,115,8,6	79.4	39.4813758	73.5951138	5107.7
6796	34.0	34.0	34.0	1109,758,8,3	79.4	39.4813761	73.5951136	5107.7
6797	728.8	728.8	728.8	629,947,6,8	79.4	39.4814235	73.5953890	5107.6
6798	252.3	252.3	252.3	929,71,7,4	79.3	39.4813770	73.5951092	5107.6
6799	673.8	673.8	673.8	1585,1033,6,6	79.3	39.4814224	73.5953893	5107.6
6800	427.5	427.5	428.5	1321,855,4,6	79.2	39.4813790	73.5951056	5107.6
6801	713.8	713.8	713.8	777,689,6,4	79.2	39.4814233	73.5953894	5107.6
6802	245.3	245.3	245.3	1122,777,15,2	79.1	39.4813763	73.5951096	5107.5
6803	637.7	637.7	637.7	225,579,8,4	79.1	39.4814222	73.5953885	5107.6
6804	254.3	254.3	254.3	481,51,6,4	79.0	39.4813770	73.5951089	5107.6
6805	491.6	491.6	491.6	569,972,7,5	79.0	39.4813770	73.5951046	5107.6
6806	732.8	732.8	732.8	1917,651,3,6	78.9	39.4814232	73.5953890	5107.6
6807	493.6	493.6	493.6	822,542,11,3	78.8	39.4813769	73.5951048	5107.6
6808	657.7	657.7	657.7	1017,611,6,4	78.8	39.4814225	73.5953892	5107.6
6809	637.7	637.7	637.7	1691,67,4,6	78.7	39.4814222	73.5953885	5107.6
6810	730.8	730.8	730.8	718,28,5,5	78.5	39.4814236	73.5953890	5107.6
6811	712.8	712.8	712.8	1318,966,7,5	78.3	39.4814230	73.5953892	5107.6
6812	715.8	715.8	715.8	498,349,8,6	78.3	39.4814232	73.5953893	5107.6
6813	7.0	7.0	9.0	121,1041,4,6	78.2	39.4813758	73.5951133	5107.7
6814	654.7	654.7	654.7	1420,886,5,11	78.2	39.4814220	73.5953890	5107.6
6815	115.1	115.1	115.1	1303,347,6,4	78.1	39.4813763	73.5951121	5107.6
6816	508.6	508.6	508.6	571,899,7,5	78.0	39.4813809	73.5951339	5107.6
6817	517.6	517.6	517.6	1911,115,9,3	78.0	39.4814209	73.5953810	5107.6
6818	46.1	43.0	47.1	1241,44,4,5	77.9	39.4813761	73.5951135	5107.7
6819	714.8	714.8	714.8	81,163,5,5	77.9	39.4814233	73.5953893	5107.6
6820	515.6	510.6	515.6	1539,754,9,6	77.7	39.4814150	73.5953396	5107.6
6821	732.8	732.8	732.8	1805,423,4,6	77.7	39.4814232	73.5953890	5107.6
6822	253.3	249.3	253.3	515,427,7,4	77.6	39.4813770	73.5951090	5107.6
6823	39.0	39.0	39.0	1900,447,4,10	77.5	39.4813762	73.5951132	5107.7
6824	253.3	253.3	253.3	1381,885,4,6	77.5	39.4813770	73.5951090	5107.6
6825	5.0	5.0	5.0	63,203,8,6	77.3	39.4813759	73.5951135	5107.7
6826	245.3	245.3	245.3	557,132,4,5	77.2	39.4813763	73.5951096	5107.5
6827	498.6	498.6	498.6	1553,809,4,6	77.2	39.4813773	73.5951046	5107.6
6828	515.6	513.6	515.6	209,465,6,5	77.2	39.4814150	73.5953396	5107.6
6829	70.1	69.1	70.1	1160,135,7,4	77.1	39.4813763	73.5951123	5107.7
6830	759.9	759.9	759.9	705,78,6,4	77.0	39.4814228	73.5953878	5107.6
6831	52.1	52.1	52.1	1263,19,2,14	76.9	39.4813759	73.5951133	5107.7
6832	172.2	172.2	172.2	517,867,5,6	76.9	39.4813761	73.5951109	5107.6
6833	114.1	114.1	114.1	1830,995,5,7	76.8	39.4813761	73.5951121	5107.6
6834	518.6	518.6	518.6	1065,0,4,7	76.8	39.4814222	73.5953913	5107.6
6835	46.1	44.0	46.1	1292,463,5,6	76.4	39.4813761	73.5951135	5107.7
6836	46.1	46.1	47.1	1721,988,8,7	76.2	39.4813761	73.5951135	5107.7
6837	254.3	254.3	254.3	723,555,6,4	76.2	39.4813770	73.5951089	5107.6
6838	500.6	500.6	500.6	1747,657,6,4	76.2	39.4813772	73.5951044	5107.6
6839	423.5	423.5	423.5	849,931,6,4	76.0	39.4813789	73.5951061	5107.6
6840	493.6	493.6	493.6	729,853,8,4	76.0	39.4813769	73.5951048	5107.6
6841	59.1	59.1	60.1	1069,314,4,7	75.9	39.4813766	73.5951127	5107.7
6842	249.3	246.3	251.3	1171,857,4,6	75.9	39.4813765	73.5951094	5107.5
6843	14.0	13.0	14.0	1535,407,10,4	75.8	39.4813760	73.5951134	5107.7
6844	491.6	491.6	491.6	154,20,7,7	75.7	39.4813770	73.5951046	5107.6
6845	652.7	652.7	652.7	1077,852,7,5	75.6	39.4814217	73.5953886	5107.6
6846	3.0	3.0	3.0	1523,0,8,3	75.5	39.4813756	73.5951138	5107.7
6847	111.1	111.1	111.1	711,653,6,4	75.5	39.4813758	73.5951122	5107.6
6848	53.1	53.1	57.1	1489,873,5,8	75.4	39.4813760	73.5951133	5107.7
6849	508.6	508.6	509.6	1780,519,6,5	75.4	39.4813809	73.5951339	5107.6
6850	508.6	505.6	510.6	83,322,8,4	75.4	39.4813809	73.5951339	5107.6
6851	0.0	0.0	0.0	689,345,8,4	75.3	39.4813758	73.5951138	5107.7
6852	12.0	12.0	12.0	1658,0,7,3	75.3	39.4813760	73.5951134	5107.7
6853	0.0	0.0	0.0	1917,843,3,6	75.2	39.4813758	73.5951138	5107.7
6854	517.6	517.6	517.6	1623,1027,8,4	75.2	39.4814209	73.5953810	5107.6
6855	14.0	14.0	14.0	1769,0,6,3	75.1	39.4813760	73.5951134	5107.7
6856	62.1	62.1	62.1	1113,164,4,5	75.1	39.4813766	73.5951127	5107.7
6857	67.1	67.1	67.1	810,0,4,5	75.1	39.4813767	73.5951122	5107.7
6858	731.8	731.8	731.8	1758,115,6,4	75.1	39.4814233	73.5953889	5107.6
6859	493.6	493.6	493.6	1741,885,4,8	75.0	39.4813769	73.5951048	5107.6
6860	53.1	53.1	53.1	1550,869,5,7	74.9	39.4813760	73.5951133	5107.7
6861	508.6	508.6	508.6	1049,1077,8,3	74.8	39.4813809	73.5951339	5107.6
6862	65.1	65.1	65.1	1395,71,12,2	74.5	39.4813765	73.5951124	5107.7
6863	146.2	146.2	146.2	65,957,4,8	74.5	39.4813763	73.5951112	5107.6
6864	247.3	247.3	248.3	731,467,6,4	74.5	39.4813764	73.5951095	5107.6
6865	673.8	673.8	673.8	1903,435,4,6	74.5	39.4814224	73.5953893	5107.6
6866	254.3	254.3	254.3	263,811,4,6	74.4	39.4813770	73.5951089	5107.6
6867	44.0	43.0	46.1	1734,313,5,8	74.2	39.4813762	73.5951136	5107.7
6868	116.1	116.1	116.1	855,495,10,2	74.1	39.4813763	73.5951119	5107.6
6869	497.6	497.6	497.6	559,346,7,4	74.1	39.4813772	73.5951045	5107.6
6870	733.8	733.8	733.8	1217,880,6,5	74.1	39.4814236	73.5953890	5107.6
6871	112.1	112.1	112.1	1867,807,3,8	73.9	39.4813758	73.5951122	5107.6
6872	505.6	505.6	505.6	1397,746,4,7	73.9	39.4813767	73.5951044	5107.6
6873	495.6	495.6	495.6	1791,31,14,2	73.8	39.4813770	73.5951046	5107.6
6874	516.6	514.6	516.6	582,1060,8,4	73.8	39.4814182	73.5953615	5107.6
6875	732.8	732.8	732.8	505,751,7,4	73.6	39.4814232	73.5953890	5107.6
6876	11.0	9.0	11.0	1751,31,8,7	73.4	39.4813758	73.5951134	5107.7
6877	254.3	254.3	254.3	1123,199,6,4	73.4	39.4813770	73.5951089	5107.6
6878	194.2	194.2	194.2	681,671,8,5	73.3	39.4813769	73.5951105	5107.6
6879	500.6	500.6	500.6	1803,763,6,4	73.3	39.4813772	73.5951044	5107.6
6880	136.2	136.2	136.2	483,722,4,7	73.2	39.4813762	73.5951116	5107.6
6881	689.8	689.8	689.8	945,869,8,3	72.9	39.4814226	73.5953889	5107.6
6882	733.8	733.8	733.8	419,917,6,4	72.9	39.4814236	73.5953890	5107.6
6883	30.0	30.0	30.0	1889,33,6,5	72.8	39.4813765	73.5951136	5107.7
6884	146.2	146.2	146.2	1127,925,6,4	72.8	39.4813763	73.5951112	5107.6
6885	518.6	513.6	519.6	1236,412,7,4	72.7	39.4814222	73.5953913	5107.6
6886	669.8	669.8	669.8	1683,1048,6,7	72.7	39.4814229	73.5953892	5107.6
6887	495.6	495.6	495.6	496,1017,7,7	72.6	39.4813770	73.5951046	5107.6
6888	116.1	116.1	116.1	237,363,4,9	72.3	39.4813763	73.5951119	5107.6
6889	12.0	12.0	12.0	113,439,4,8	72.1	39.4813760	73.5951134	5107.7
6890	57.1	57.1	57.1	1561,439,8,5	71.9	39.4813763	73.5951129	5107.7
6891	159.2	159.2	159.2	177,147,4,6	71.9	39.4813766	73.5951106	5107.6
6892	516.6	516.6	519.6	115,570,6,5	71.9	39.4814182	73.5953615	5107.6
6893	253.3	249.3	253.3	451,387,8,3	71.8	39.4813770	73.5951090	5107.6
6894	758.9	758.9	758.9	1420,0,5,7	71.8	39.4814230	73.5953879	5107.6
6895	57.1	57.1	57.1	745,241,2,13	71.5	39.4813763	73.5951129	5107.7
6896	513.6	513.6	513.6	1604,163,6,4	71.5	39.4814060	73.5952870	5107.6
6897	13.0	13.0	14.0	1659,1025,4,9	71.4	39.4813759	73.5951135	5107.7
6898	734.8	734.8	734.8	721,851,5,4	71.4	39.4814239	73.5953890	5107.6
6899	732.8	732.8	732.8	942,459,7,6	71.1	39.4814232	73.5953890	5107.6
6900	14.0	14.0	14.0	1723,67,4,6	71.0	39.4813760	73.5951134	5107.7
6901	72.1	72.1	74.1	1241,305,4,4	70.8	39.4813759	73.5951125	5107.7
6902	425.5	425.5	425.5	345,991,8,2	70.7	39.4813789	73.5951060	5107.5
6903	713.8	713.8	713.8	903,132,8,5	70.7	39.4814233	73.5953894	5107.6
6904	714.8	714.8	714.8	1387,55,6,4	70.6	39.4814233	73.5953893	5107.6
6905	69.1	69.1	73.1	1427,850,6,4	70.5	39.4813764	73.5951122	5107.7
6906	253.3	252.3	253.3	549,689,4,6	70.5	39.4813770	73.5951090	5107.6
6907	494.6	493.6	494.6	116,769,6,4	70.1	39.4813770	73.5951047	5107.6
6908	574.6	574.6	574.6	142,125,10,8	70.0	39.4814212	73.5953908	5107.6
6909	574.6	574.6	574.6	1518,614,8,3	70.0	39.4814212	73.5953908	5107.6
6910	653.7	653.7	653.7	1011,122,5,4	70.0	39.4814217	73.5953888	5107.6
6911	249.3	249.3	253.3	481,209,6,3	69.8	39.4813765	73.5951094	5107.5
6912	57.1	57.1	61.1	1295,759,4,6	69.7	39.4813763	73.5951129	5107.7
6913	731.8	731.8	731.8	1691,877,6,4	69.7	39.4814233	73.5953889	5107.6
6914	39.0	39.0	40.0	1838,343,3,9	69.6	39.4813762	73.5951132	5107.7
6915	60.1	59.1	60.1	1249,12,6,5	69.6	39.4813766	73.5951125	5107.7
6916	86.1	86.1	86.1	1371,209,6,4	69.6	39.4813754	73.5951116	5107.6
6917	714.8	714.8	714.8	1797,1015,6,4	69.5	39.4814233	73.5953893	5107.6
6918	83.1	83.1	83.1	1139,707,4,4	69.4	39.4813758	73.5951121	5107.7
6919	515.6	515.6	515.6	656,393,5,10	69.4	39.4814150	73.5953396	5107.6
6920	41.0	40.0	42.0	1804,351,5,5	69.3	39.4813762	73.5951133	5107.7
6921	509.6	509.6	509.6	1237,657,4,4	69.3	39.4813851	73.5951621	5107.6
6922	66.1	63.1	66.1	1282,123,5,4	69.2	39.4813764	73.5951122	5107.7
6923	493.6	493.6	493.6	358,933,3,8	69.2	39.4813769	73.5951048	5107.6
6924	53.1	53.1	54.1	1609,902,7,9	69.1	39.4813760	73.5951133	5107.7
6925	245.3	245.3	245.3	0,41,5,4	69.1	39.4813763	73.5951096	5107.5
6926	689.8	689.8	689.8	563,105,11,2	69.0	39.4814226	73.5953889	5107.6
6927	574.6	574.6	574.6	1764,0,5,4	68.9	39.4814212	73.5953908	5107.6
6928	28.0	28.0	28.0	1691,941,4,9	68.8	39.4813760	73.5951137	5107.7
6929	45.1	45.1	45.1	823,62,6,7	68.8	39.4813761	73.5951136	5107.7
6930	194.2	194.2	194.2	477,157,4,8	68.8	39.4813769	73.5951105	5107.6
6931	427.5	427.5	427.5	1567,971,8,4	68.8	39.4813790	73.5951056	5107.6
6932	53.1	53.1	56.1	1079,325,4,6	68.6	39.4813760	73.5951133	5107.7
6933	57.1	55.1	57.1	1558,310,5,11	68.6	39.4813763	73.5951129	5107.7
6934	6.0	6.0	6.0	301,219,4,6	68.4	39.4813759	73.5951133	5107.7
6935	114.1	114.1	114.1	1909,465,6,3	68.4	39.4813761	73.5951121	5107.6
6936	2.0	2.0	2.0	1829,397,6,4	68.2	39.4813757	73.5951138	5107.7
6937	34.0	34.0	34.0	1347,209,2,10	68.0	39.4813761	73.5951136	5107.7
6938	175.2	175.2	175.2	766,1002,3,7	68.0	39.4813759	73.5951109	5107.6
6939	499.6	499.6	499.6	1217,507,4,4	68.0	39.4813773	73.5951045	5107.6
6940	754.8	754.8	754.8	1521,603,6,4	68.0	39.4814231	73.5953882	5107.6
6941	7.0	7.0	7.0	43,361,6,4	67.7	39.4813758	73.5951133	5107.7
6942	251.3	248.3	251.3	443,781,6,4	67.4	39.4813770	73.5951093	5107.5
6943	161.2	161.2	161.2	433,763,6,6	67.3	39.4813765	73.5951106	5107.6
6944	170.2	170.2	170.2	101,729,4,8	67.2	39.4813761	73.5951109	5107.6
6945	494.6	494.6	495.6	649,977,7,4	67.2	39.4813770	73.5951047	5107.6
6946	12.0	12.0	12.0	1577,193,4,4	67.1	39.4813760	73.5951134	5107.7
6947	426.5	426.5	426.5	69,557,4,4	67.0	39.4813790	73.5951058	5107.6
6948	0.0	0.0	0.0	505,474,4,8	66.8	39.4813758	73.5951138	5107.7
6949	734.8	734.8	734.8	809,632,5,5	66.7	39.4814239	73.5953890	5107.6
6950	58.1	53.1	58.1	1041,353,8,3	66.5	39.4813765	73.5951128	5107.7
6951	68.1	64.1	68.1	1011,75,4,4	66.4	39.4813765	73.5951122	5107.7
6952	11.0	11.0	11.0	1869,25,4,4	66.3	39.4813758	73.5951134	5107.7
6953	67.1	67.1	67.1	1813,17,4,4	66.2	39.4813767	73.5951122	5107.7
6954	114.1	114.1	114.1	426,571,5,5	66.2	39.4813761	73.5951121	5107.6
6955	500.6	500.6	500.6	1191,957,5,6	66.2	39.4813772	73.5951044	5107.6
6956	549.6	549.6	549.6	1574,1007,3,7	65.8	39.4814219	73.5953912	5107.6
6957	2.0	2.0	2.0	1875,637,6,4	65.7	39.4813757	73.5951138	5107.7
6958	505.6	505.6	505.6	715,581,6,4	65.7	39.4813767	73.5951044	5107.6
6959	47.1	46.1	47.1	1617,75,6,4	65.6	39.4813761	73.5951135	5107.7
6960	6.0	6.0	7.0	1611,351,6,4	65.3	39.4813759	73.5951133	5107.7
6961	689.8	689.8	689.8	517,57,5,7	65.1	39.4814226	73.5953889	5107.6
6962	170.2	170.2	170.2	1885,577,2,8	64.7	39.4813761	73.5951109	5107.6
6963	170.2	170.2	170.2	394,897,5,4	64.5	39.4813761	73.5951109	5107.6
6964	116.1	116.1	116.1	627,187,4,4	64.4	39.4813763	73.5951119	5107.6
6965	246.3	246.3	246.3	859,486,9,3	64.4	39.4813764	73.5951095	5107.6
6966	513.6	513.6	513.6	1795,803,8,3	64.2	39.4814060	73.5952870	5107.6
6967	57.1	56.1	57.1	1667,799,8,6	63.8	39.4813763	73.5951129	5107.7
6968	19.0	19.0	19.0	1897,179,5,4	63.7	39.4813759	73.5951133	5107.7
6969	45.1	45.1	45.1	129,333,4,4	63.7	39.4813761	73.5951136	5107.7
6970	84.1	84.1	84.1	899,893,4,4	63.7	39.4813757	73.5951120	5107.7
6971	170.2	170.2	170.2	17,433,4,5	63.5	39.4813761	73.5951109	5107.6
6972	253.3	253.3	253.3	1827,1076,4,4	63.5	39.4813770	73.5951090	5107.6
6973	46.1	46.1	46.1	1691,179,4,4	63.4	39.4813761	73.5951135	5107.7
6974	19.0	19.0	19.0	1491,763,4,4	63.1	39.4813759	73.5951133	5107.7
6975	111.1	111.1	111.1	673,1033,4,5	63.0	39.4813758	73.5951122	5107.6
6976	248.3	248.3	248.3	740,835,5,6	63.0	39.4813764	73.5951094	5107.5
6977	6.0	6.0	6.0	73,75,4,4	62.9	39.4813759	73.5951133	5107.7
6978	45.1	45.1	45.1	1286,74,4,5	62.9	39.4813761	73.5951136	5107.7
6979	46.1	44.0	47.1	1267,155,4,4	62.8	39.4813761	73.5951135	5107.7
6980	53.1	53.1	53.1	1603,973,3,8	62.3	39.4813760	73.5951133	5107.7
6981	1.0	1.0	1.0	1457,673,6,4	62.2	39.4813757	73.5951137	5107.7
6982	1.0	1.0	1.0	73,449,4,10	62.1	39.4813757	73.5951137	5107.7
6983	427.5	427.5	427.5	1497,914,7,3	62.0	39.4813790	73.5951056	5107.6
6984	62.1	62.1	62.1	1747,627,4,4	61.8	39.4813766	73.5951127	5107.7
6985	549.6	549.6	549.6	1902,849,4,4	61.8	39.4814219	73.5953912	5107.6
6986	248.3	248.3	251.3	1145,990,4,7	61.7	39.4813764	73.5951094	5107.5
6987	116.1	116.1	116.1	27,1033,4,4	61.6	39.4813763	73.5951119	5107.6
6988	0.0	0.0	0.0	449,873,4,6	61.5	39.4813758	73.5951138	5107.7
6989	730.8	730.8	734.8	1313,287,8,2	61.0	39.4814236	73.5953890	5107.6
6990	2.0	2.0	2.0	41,1059,4,4	60.9	39.4813757	73.5951138	5107.7
6991	27.0	27.0	27.0	1777,641,2,8	60.9	39.4813760	73.5951137	5107.7
6992	495.6	495.6	495.6	707,1033,6,3	60.9	39.4813770	73.5951046	5107.6
6993	512.6	512.6	513.6	1507,993,4,6	60.7	39.4814013	73.5952579	5107.6
6994	47.1	47.1	47.1	1747,67,4,4	60.6	39.4813761	73.5951135	5107.7
6995	7.0	6.0	7.0	1512,95,8,2	60.3	39.4813758	73.5951133	5107.7
6996	111.1	111.1	111.1	1399,79,6,6	60.3	39.4813758	73.5951122	5107.6
6997	72.1	72.1	72.1	1275,118,6,3	60.1	39.4813759	73.5951125	5107.7
6998	500.6	500.6	500.6	197,921,4,4	60.1	39.4813772	73.5951044	5107.6
6999	514.6	510.6	518.6	82,401,6,3	60.0	39.4814107	73.5953145	5107.6
7000	492.6	492.6	492.6	1809,253,4,5	59.9	39.4813770	73.5951048	5107.6
7001	730.8	730.8	730.8	856,536,4,5	59.9	39.4814236	73.5953890	5107.6
7002	114.1	114.1	114.1	1843,171,4,4	59.4	39.4813761	73.5951121	5107.6
7003	115.1	115.1	115.1	131,545,5,4	59.4	39.4813763	73.5951121	5107.6
7004	47.1	43.0	47.1	1098,25,7,4	59.0	39.4813761	73.5951135	5107.7
7005	500.6	500.6	500.6	1227,1011,4,4	59.0	39.4813772	73.5951044	5107.6
7006	84.1	84.1	84.1	1189,9,4,4	58.9	39.4813757	73.5951120	5107.7
7007	109.1	109.1	109.1	515,267,3,6	58.9	39.4813756	73.5951122	5107.6
7008	116.1	116.1	116.1	206,309,5,7	58.9	39.4813763	73.5951119	5107.6
7009	247.3	247.3	247.3	1335,123,4,4	58.9	39.4813764	73.5951095	5107.6
7010	58.1	55.1	60.1	1411,411,4,4	58.8	39.4813765	73.5951128	5107.7
7011	1.0	0.0	1.0	1483,419,4,4	58.7	39.4813757	73.5951137	5107.7
7012	57.1	57.1	62.1	1115,955,4,4	58.7	39.4813763	73.5951129	5107.7
7013	749.8	749.8	749.8	1395,427,4,4	58.5	39.4814233	73.5953883	5107.6
7014	652.7	652.7	652.7	17,225,4,5	58.4	39.4814217	73.5953886	5107.6
7015	510.6	510.6	511.6	615,1002,8,2	58.3	39.4813907	73.5951943	5107.6
7016	1.0	1.0	1.0	1165,253,6,4	58.1	39.4813757	73.5951137	5107.7
7017	45.1	41.0	47.1	1345,201,2,8	58.1	39.4813761	73.5951136	5107.7
7018	84.1	84.1	84.1	1129,449,8,4	57.8	39.4813757	73.5951120	5107.7
7019	47.1	47.1	47.1	1266,0,8,2	57.7	39.4813761	73.5951135	5107.7
7020	44.0	44.0	45.1	1855,107,5,4	57.6	39.4813762	73.5951136	5107.7
7021	505.6	505.6	505.6	667,99,4,8	57.5	39.4813767	73.5951044	5107.6
7022	754.8	754.8	754.8	169,273,2,8	57.4	39.4814231	73.5953882	5107.6
7023	1.0	1.0	1.0	557,789,4,4	57.3	39.4813757	73.5951137	5107.7
7024	733.8	733.8	733.8	1415,139,5,4	57.3	39.4814236	73.5953890	5107.6
7025	173.2	173.2	173.2	1163,171,6,6	57.2	39.4813764	73.5951106	5107.6
7026	46.1	46.1	46.1	25,513,2,8	56.8	39.4813761	73.5951135	5107.7
7027	17.0	17.0	17.0	77,891,3,6	56.7	39.4813760	73.5951134	5107.7
7028	492.6	492.6	492.6	764,165,7,3	56.7	39.4813770	73.5951048	5107.6
7029	65.1	65.1	65.1	1739,787,4,4	56.5	39.4813765	73.5951124	5107.7
7030	10.0	10.0	10.0	1827,0,4,4	56.4	39.4813758	73.5951135	5107.7
7031	7.0	7.0	7.0	1673,581,2,8	56.2	39.4813758	73.5951133	5107.7
7032	251.3	251.3	253.3	999,627,4,4	56.2	39.4813770	73.5951093	5107.5
7033	112.1	112.1	112.1	1665,1037,4,4	56.1	39.4813758	73.5951122	5107.6
7034	733.8	733.8	733.8	1209,663,8,2	56.1	39.4814236	73.5953890	5107.6
7035	508.6	508.6	510.6	1166,939,4,4	56.0	39.4813809	73.5951339	5107.6
7036	733.8	733.8	733.8	1773,155,4,4	56.0	39.4814236	73.5953890	5107.6
7037	43.0	43.0	43.0	1720,71,3,7	55.9	39.4813762	73.5951136	5107.7
7038	54.1	54.1	54.1	1025,79,8,2	55.8	39.4813760	73.5951132	5107.7
7039	0.0	0.0	1.0	9,226,6,7	55.7	39.4813758	73.5951138	5107.7
7040	669.8	669.8	669.8	45,819,4,4	55.7	39.4814229	73.5953892	5107.6
7041	59.1	59.1	59.1	1747,745,4,6	55.4	39.4813766	73.5951127	5107.7
7042	506.6	506.6	506.6	1213,809,4,5	55.4	39.4813768	73.5951058	5107.6
7043	73.1	71.1	73.1	1305,212,8,3	55.3	39.4813760	73.5951123	5107.7
7044	172.2	172.2	172.2	749,580,4,5	55.3	39.4813761	73.5951109	5107.6
7045	730.8	730.8	730.8	1820,886,5,4	55.2	39.4814236	73.5953890	5107.6
7046	175.2	175.2	175.2	825,65,4,4	55.1	39.4813759	73.5951109	5107.6
7047	65.1	65.1	65.1	1723,419,4,4	55.0	39.4813765	73.5951124	5107.7
7048	74.1	74.1	74.1	1434,687,7,4	55.0	39.4813760	73.5951121	5107.7
7049	427.5	427.5	427.5	1916,93,4,4	55.0	39.4813790	73.5951056	5107.6
7050	677.8	677.8	677.8	11,123,6,3	55.0	39.4814223	73.5953891	5107.6
7051	40.0	40.0	40.0	1289,327,5,3	54.9	39.4813762	73.5951132	5107.7
7052	6.0	6.0	6.0	17,513,4,4	54.7	39.4813759	73.5951133	5107.7
7053	0.0	0.0	0.0	539,211,4,4	54.6	39.4813758	73.5951138	5107.7
7054	45.1	45.1	45.1	1847,969,2,10	54.6	39.4813761	73.5951136	5107.7
7055	46.1	46.1	46.1	1917,9,3,8	54.5	39.4813761	73.5951135	5107.7
7056	66.1	66.1	67.1	1041,171,8,4	54.4	39.4813764	73.5951122	5107.7
7057	68.1	68.1	68.1	937,705,8,2	54.4	39.4813765	73.5951122	5107.7
7058	58.1	58.1	58.1	1097,181,4,4	54.2	39.4813765	73.5951128	5107.7
7059	13.0	13.0	14.0	1671,288,4,6	54.1	39.4813759	73.5951135	5107.7
7060	730.8	730.8	730.8	459,600,3,7	54.1	39.4814236	73.5953890	5107.6
7061	0.0	0.0	0.0	594,609,4,5	53.8	39.4813758	73.5951138	5107.7
7062	67.1	66.1	67.1	1153,83,4,4	53.8	39.4813767	73.5951122	5107.7
7063	111.1	111.1	111.1	612,759,4,4	53.7	39.4813758	73.5951122	5107.6
7064	677.8	677.8	677.8	1066,954,5,4	53.6	39.4814223	73.5953891	5107.6
7065	74.1	72.1	74.1	1203,225,8,7	53.5	39.4813760	73.5951121	5107.7
7066	112.1	112.1	112.1	1757,909,2,8	53.4	39.4813758	73.5951122	5107.6
7067	758.9	758.9	758.9	451,570,4,5	53.3	39.4814230	73.5953879	5107.6
7068	251.3	251.3	251.3	555,741,4,4	53.2	39.4813770	73.5951093	5107.5
7069	58.1	58.1	59.1	1593,1024,5,6	53.0	39.4813765	73.5951128	5107.7
7070	246.3	246.3	246.3	1065,449,4,4	52.9	39.4813764	73.5951095	5107.6
7071	428.5	428.5	428.5	1083,779,5,3	52.7	39.4813790	73.5951057	5107.6
7072	111.1	111.1	111.1	113,989,4,4	52.6	39.4813758	73.5951122	5107.6
7073	700.8	700.8	700.8	619,1061,5,4	52.6	39.4814230	73.5953890	5107.6
7074	493.6	493.6	493.6	591,555,5,5	52.5	39.4813769	73.5951048	5107.6
7075	730.8	730.8	730.8	332,7,5,4	52.2	39.4814236	73.5953890	5107.6
7076	70.1	68.1	70.1	1805,0,4,3	52.1	39.4813763	73.5951123	5107.7
7077	171.2	171.2	171.2	13,873,4,4	52.0	39.4813761	73.5951109	5107.6
7078	734.8	734.8	734.8	1735,11,5,4	52.0	39.4814239	73.5953890	5107.6
7079	2.0	2.0	2.0	87,441,8,2	51.9	39.4813757	73.5951138	5107.7
7080	175.2	175.2	175.2	129,813,8,3	51.8	39.4813759	73.5951109	5107.6
7081	7.0	7.0	7.0	233,179,4,4	51.7	39.4813758	73.5951133	5107.7
7082	59.1	56.1	61.1	1177,379,5,4	51.7	39.4813766	73.5951127	5107.7
7083	73.1	73.1	74.1	1497,9,4,4	51.7	39.4813760	73.5951123	5107.7
7084	46.1	46.1	46.1	1331,521,2,8	51.6	39.4813761	73.5951135	5107.7
7085	84.1	84.1	84.1	1827,91,4,4	51.3	39.4813757	73.5951120	5107.7
7086	494.6	494.6	494.6	57,127,9,2	51.2	39.4813770	73.5951047	5107.6
7087	2.0	2.0	2.0	337,741,4,4	51.0	39.4813757	73.5951138	5107.7
7088	68.1	68.1	70.1	817,190,4,5	51.0	39.4813765	73.5951122	5107.7
7089	0.0	0.0	0.0	1273,25,2,8	50.9	39.4813758	73.5951138	5107.7
7090	58.1	57.1	58.1	1121,381,8,2	50.7	39.4813765	73.5951128	5107.7
7091	248.3	248.3	248.3	679,579,4,4	50.7	39.4813764	73.5951094	5107.5
7092	45.1	45.1	45.1	1642,768,4,5	50.5	39.4813761	73.5951136	5107.7
7093	13.0	13.0	13.0	1413,117,4,4	50.4	39.4813759	73.5951135	5107.7
7094	29.0	29.0	29.0	1469,420,4,5	50.3	39.4813761	73.5951137	5107.7
7095	36.0	36.0	36.0	1108,529,3,9	50.3	39.4813763	73.5951135	5107.7
7096	13.0	13.0	13.0	269,153,4,4	49.9	39.4813759	73.5951135	5107.7
7097	116.1	116.1	116.1	157,1011,4,5	49.5	39.4813763	73.5951119	5107.6
7098	549.6	549.6	549.6	705,809,4,4	49.5	39.4814219	73.5953912	5107.6
7099	68.1	63.1	68.1	1243,123,4,4	49.4	39.4813765	73.5951122	5107.7
7100	39.0	39.0	39.0	1769,201,2,8	49.2	39.4813762	73.5951132	5107.7
7101	36.0	36.0	36.0	1185,901,4,5	48.8	39.4813763	73.5951135	5107.7
7102	47.1	47.1	47.1	1476,941,5,3	48.8	39.4813761	73.5951135	5107.7
7103	669.8	669.8	669.8	1449,1013,6,3	48.7	39.4814229	73.5953892	5107.6
7104	699.8	699.8	700.8	953,767,7,2	48.5	39.4814230	73.5953890	5107.6
7105	58.1	57.1	62.1	1417,593,8,2	48.2	39.4813765	73.5951128	5107.7
7106	116.1	116.1	116.1	585,665,4,4	48.2	39.4813763	73.5951119	5107.6
7107	250.3	250.3	250.3	697,443,2,8	48.1	39.4813769	73.5951093	5107.5
7108	60.1	59.1	62.1	1395,554,4,3	48.0	39.4813766	73.5951125	5107.7
7109	247.3	246.3	247.3	1769,1025,4,4	48.0	39.4813764	73.5951095	5107.6
7110	116.1	116.1	116.1	483,669,4,4	47.8	39.4813763	73.5951119	5107.6
7111	247.3	247.3	249.3	797,620,4,5	47.7	39.4813764	73.5951095	5107.6
7112	54.1	54.1	54.1	1143,171,4,6	47.6	39.4813760	73.5951132	5107.7
7113	496.6	496.6	496.6	1803,86,6,3	47.6	39.4813770	73.5951045	5107.6
7114	73.1	72.1	73.1	1335,891,2,6	47.5	39.4813760	73.5951123	5107.7
7115	517.6	517.6	517.6	1147,0,4,3	47.5	39.4814209	73.5953810	5107.6
7116	12.0	12.0	12.0	1542,320,3,8	47.4	39.4813760	73.5951134	5107.7
7117	58.1	58.1	58.1	1787,979,4,4	47.4	39.4813765	73.5951128	5107.7
7118	493.6	493.6	493.6	1442,497,3,7	47.1	39.4813769	73.5951048	5107.6
7119	494.6	494.6	494.6	1817,323,5,5	47.0	39.4813770	73.5951047	5107.6
7120	55.1	55.1	55.1	1049,579,7,2	46.9	39.4813762	73.5951130	5107.7
7121	171.2	171.2	172.2	710,156,4,4	46.9	39.4813761	73.5951109	5107.6
7122	512.6	512.6	513.6	1420,1060,5,3	46.8	39.4814013	73.5952579	5107.6
7123	1.0	1.0	1.0	1191,183,4,5	46.6	39.4813757	73.5951137	5107.7
7124	30.0	30.0	30.0	1627,24,4,4	46.5	39.4813765	73.5951136	5107.7
7125	43.0	43.0	43.0	1913,1010,7,3	46.4	39.4813762	73.5951136	5107.7
7126	73.1	73.1	73.1	222,261,3,6	46.4	39.4813760	73.5951123	5107.7
7127	253.3	253.3	253.3	393,81,3,6	45.6	39.4813770	73.5951090	5107.6
7128	30.0	30.0	30.0	447,1009,2,8	45.5	39.4813765	73.5951136	5107.7
7129	53.1	53.1	53.1	1019,59,6,2	45.4	39.4813760	73.5951133	5107.7
7130	511.6	511.6	511.6	1813,162,5,3	44.9	39.4813963	73.5952273	5107.6
7131	28.0	28.0	28.0	1574,27,4,4	44.8	39.4813760	73.5951137	5107.7
7132	251.3	250.3	252.3	674,257,4,4	44.8	39.4813770	73.5951093	5107.5
7133	34.0	34.0	34.0	1487,154,4,4	44.0	39.4813761	73.5951136	5107.7
7134	57.1	57.1	57.1	1486,961,5,3	44.0	39.4813763	73.5951129	5107.7
7135	1.0	1.0	1.0	1781,102,3,4	43.9	39.4813757	73.5951137	5107.7
7136	41.0	41.0	41.0	1916,71,4,3	43.7	39.4813762	73.5951133	5107.7
7137	47.1	47.1	47.1	1525,983,5,4	43.7	39.4813761	73.5951135	5107.7
7138	517.6	517.6	517.6	871,963,6,2	43.5	39.4814209	73.5953810	5107.6
7139	71.1	71.1	71.1	1701,213,4,4	43.2	39.4813762	73.5951124	5107.7
7140	74.1	74.1	74.1	1300,813,5,4	42.8	39.4813760	73.5951121	5107.7
7141	112.1	112.1	112.1	1783,841,3,4	42.8	39.4813758	73.5951122	5107.6
7142	246.3	246.3	253.3	833,67,4,4	42.6	39.4813764	73.5951095	5107.6
7143	7.0	7.0	7.0	1771,53,6,2	42.5	39.4813758	73.5951133	5107.7
7144	510.6	510.6	510.6	429,957,4,4	42.5	39.4813907	73.5951943	5107.6
7145	30.0	30.0	30.0	1649,361,4,4	42.2	39.4813765	73.5951136	5107.7
7146	39.0	39.0	39.0	1653,738,5,7	41.9	39.4813762	73.5951132	5107.7
7147	59.1	59.1	59.1	1645,69,6,4	41.9	39.4813766	73.5951127	5107.7
7148	15.0	15.0	15.0	667,205,3,4	41.7	39.4813760	73.5951135	5107.7
7149	67.1	67.1	67.1	1081,819,2,6	41.7	39.4813767	73.5951122	5107.7
7150	116.1	116.1	116.1	493,605,4,4	41.7	39.4813763	73.5951119	5107.6
7151	116.1	116.1	116.1	669,275,3,4	41.6	39.4813763	73.5951119	5107.6
7152	496.6	496.6	496.6	124,433,5,3	41.6	39.4813770	73.5951045	5107.6
7153	494.6	494.6	494.6	124,831,4,4	41.5	39.4813770	73.5951047	5107.6
7154	669.8	669.8	669.8	1817,936,3,4	41.4	39.4814229	73.5953892	5107.6
7155	1.0	1.0	1.0	515,689,2,8	41.3	39.4813757	73.5951137	5107.7
7156	14.0	14.0	14.0	57,73,3,4	41.3	39.4813760	73.5951134	5107.7
7157	64.1	64.1	64.1	1787,827,4,4	41.3	39.4813766	73.5951126	5107.7
7158	44.0	44.0	44.0	278,723,4,3	41.0	39.4813762	73.5951136	5107.7
7159	112.1	112.1	112.1	805,769,4,4	41.0	39.4813758	73.5951122	5107.6
7160	427.5	427.5	427.5	1326,61,3,4	40.6	39.4813790	73.5951056	5107.6
7161	515.6	515.6	515.6	1195,375,3,4	40.6	39.4814150	73.5953396	5107.6
7162	171.2	171.2	172.2	543,61,3,4	40.5	39.4813761	73.5951109	5107.6
7163	54.1	54.1	54.1	1737,169,3,4	40.2	39.4813760	73.5951132	5107.7
7164	57.1	57.1	60.1	1525,521,4,4	39.7	39.4813763	73.5951129	5107.7
7165	496.6	496.6	496.6	669,833,4,4	39.7	39.4813770	73.5951045	5107.6
7166	69.1	69.1	69.1	1819,60,4,3	39.3	39.4813764	73.5951122	5107.7
7167	251.3	251.3	251.3	229,0,4,3	39.2	39.4813770	73.5951093	5107.5
7168	29.0	29.0	30.0	1639,443,2,6	39.1	39.4813761	73.5951137	5107.7
7169	62.1	62.1	62.1	1041,699,2,6	38.8	39.4813766	73.5951127	5107.7
7170	496.6	496.6	496.6	1665,789,3,4	38.6	39.4813770	73.5951045	5107.6
7171	68.1	67.1	68.1	1171,10,4,3	38.3	39.4813765	73.5951122	5107.7
7172	246.3	246.3	247.3	1343,857,2,6	38.3	39.4813764	73.5951095	5107.6
7173	116.1	116.1	116.1	23,617,2,6	37.9	39.4813763	73.5951119	5107.6
7174	494.6	494.6	494.6	1269,1049,4,3	37.9	39.4813770	73.5951047	5107.6
7175	111.1	111.1	111.1	828,803,3,4	37.6	39.4813758	73.5951122	5107.6
7176	494.6	494.6	494.6	1388,945,4,3	37.5	39.4813770	73.5951047	5107.6
7177	13.0	13.0	13.0	1177,215,8,2	37.4	39.4813759	73.5951135	5107.7
7178	68.1	65.1	68.1	931,97,4,4	37.1	39.4813765	73.5951122	5107.7
7179	116.1	116.1	116.1	1844,725,3,4	37.1	39.4813763	73.5951119	5107.6
7180	53.1	53.1	53.1	1880,765,5,4	36.8	39.4813760	73.5951133	5107.7
7181	111.1	111.1	111.1	0,765,3,3	36.6	39.4813758	73.5951122	5107.6
7182	496.6	496.6	496.6	183,289,2,6	36.6	39.4813770	73.5951045	5107.6
7183	506.6	506.6	506.6	701,903,4,3	36.4	39.4813768	73.5951058	5107.6
7184	55.1	54.1	55.1	997,457,4,4	35.9	39.4813762	73.5951130	5107.7
7185	12.0	12.0	13.0	1543,443,2,6	35.6	39.4813760	73.5951134	5107.7
7186	512.6	512.6	512.6	1653,649,4,3	35.6	39.4814013	73.5952579	5107.6
7187	30.0	30.0	30.0	1885,807,3,5	35.4	39.4813765	73.5951136	5107.7
7188	53.1	53.1	53.1	1303,413,4,4	35.4	39.4813760	73.5951133	5107.7
7189	69.1	69.1	70.1	1225,83,2,6	35.4	39.4813764	73.5951122	5107.7
7190	11.0	11.0	11.0	78,717,3,4	35.3	39.4813758	73.5951134	5107.7
7191	74.1	74.1	74.1	1745,732,5,5	35.3	39.4813760	73.5951121	5107.7
7192	253.3	253.3	253.3	517,531,4,3	35.1	39.4813770	73.5951090	5107.6
7193	247.3	247.3	247.3	1721,924,6,3	34.7	39.4813764	73.5951095	5107.6
7194	514.6	514.6	514.6	441,953,3,4	34.7	39.4814107	73.5953145	5107.6
7195	1.0	1.0	1.0	1318,188,3,4	34.4	39.4813757	73.5951137	5107.7
7196	56.1	56.1	56.1	993,473,4,3	34.3	39.4813764	73.5951129	5107.7
7197	70.1	70.1	70.1	1461,0,2,5	34.3	39.4813763	73.5951123	5107.7
7198	65.1	65.1	65.1	1683,22,2,5	33.7	39.4813765	73.5951124	5107.7
7199	111.1	111.1	111.1	1620,163,3,4	33.7	39.4813758	73.5951122	5107.6
7200	516.6	516.6	516.6	995,475,3,3	33.7	39.4814182	73.5953615	5107.6
7201	58.1	58.1	58.1	1083,289,6,2	33.6	39.4813765	73.5951128	5107.7
7202	116.1	116.1	116.1	239,595,2,5	33.2	39.4813763	73.5951119	5107.6
7203	516.6	516.6	516.6	1475,843,3,5	33.2	39.4814182	73.5953615	5107.6
7204	62.1	58.1	62.1	1289,156,2,5	31.5	39.4813766	73.5951127	5107.7
7205	62.1	62.1	62.1	937,963,3,4	31.3	39.4813766	73.5951127	5107.7
7206	54.1	54.1	55.1	1776,894,3,3	30.6	39.4813760	73.5951132	5107.7
7207	74.1	74.1	74.1	1074,1021,3,4	30.6	39.4813760	73.5951121	5107.7
7208	700.8	700.8	700.8	403,241,4,2	30.5	39.4814230	73.5953890	5107.6
7209	74.1	74.1	74.1	985,355,2,6	30.1	39.4813760	73.5951121	5107.7
7210	11.0	11.0	11.0	1908,371,3,3	29.8	39.4813758	73.5951134	5107.7
7211	63.1	63.1	63.1	1579,555,2,6	29.8	39.4813766	73.5951126	5107.7
7212	111.1	111.1	111.1	342,436,3,3	29.7	39.4813758	73.5951122	5107.6
7213	9.0	9.0	9.0	41,915,2,4	29.5	39.4813757	73.5951136	5107.7
7214	71.1	71.1	71.1	1235,23,4,2	29.4	39.4813762	73.5951124	5107.7
7215	69.1	69.1	69.1	1031,5,2,4	29.2	39.4813764	73.5951122	5107.7
7216	41.0	41.0	42.0	1907,157,4,2	28.8	39.4813762	73.5951133	5107.7
7217	63.1	63.1	63.1	1041,660,3,5	28.8	39.4813766	73.5951126	5107.7
7218	246.3	246.3	246.3	1327,663,2,4	28.7	39.4813764	73.5951095	5107.6
7219	700.8	700.8	700.8	1305,361,2,4	28.7	39.4814230	73.5953890	5107.6
7220	28.0	28.0	28.0	1807,947,2,4	28.5	39.4813760	73.5951137	5107.7
7221	31.0	31.0	31.0	1875,57,4,2	28.5	39.4813762	73.5951136	5107.7
7222	65.1	63.1	65.1	1269,67,4,2	28.5	39.4813765	73.5951124	5107.7
7223	171.2	171.2	171.2	1334,657,3,3	28.4	39.4813761	73.5951109	5107.6
7224	248.3	248.3	248.3	1125,429,4,4	28.3	39.4813764	73.5951094	5107.5
7225	171.2	171.2	171.2	128,719,3,3	28.2	39.4813761	73.5951109	5107.6
7226	248.3	248.3	248.3	723,349,4,2	28.2	39.4813764	73.5951094	5107.5
7227	67.1	67.1	67.1	1869,43,2,4	28.1	39.4813767	73.5951122	5107.7
7228	64.1	63.1	64.1	1378,668,3,3	27.4	39.4813766	73.5951126	5107.7
7229	65.1	65.1	65.1	1611,141,2,4	27.2	39.4813765	73.5951124	5107.7
7230	246.3	246.3	246.3	35,743,2,4	27.2	39.4813764	73.5951095	5107.6
7231	246.3	246.3	246.3	1660,1012,3,3	27.1	39.4813764	73.5951095	5107.6
7232	60.1	60.1	60.1	908,47,4,2	26.9	39.4813766	73.5951125	5107.7
7233	29.0	29.0	30.0	1726,457,3,3	26.8	39.4813761	73.5951137	5107.7
7234	67.1	67.1	67.1	906,69,4,2	26.8	39.4813767	73.5951122	5107.7
7235	11.0	11.0	11.0	1513,207,4,2	26.6	39.4813758	73.5951134	5107.7
7236	64.1	64.1	64.1	1157,974,3,3	26.5	39.4813766	73.5951126	5107.7
7237	250.3	249.3	250.3	779,53,4,2	26.2	39.4813769	73.5951093	5107.5
7238	60.1	60.1	60.1	1553,519,4,2	26.1	39.4813766	73.5951125	5107.7
7239	71.1	71.1	71.1	1773,7,4,2	26.1	39.4813762	73.5951124	5107.7
7240	171.2	171.2	171.2	1540,1054,3,3	26.0	39.4813761	73.5951109	5107.6
7241	62.1	62.1	62.1	1223,83,2,4	25.6	39.4813766	73.5951127	5107.7
7242	62.1	62.1	62.1	1361,89,2,4	25.6	39.4813766	73.5951127	5107.7
7243	246.3	246.3	246.3	241,161,4,2	25.6	39.4813764	73.5951095	5107.6
7244	248.3	248.3	248.3	695,729,2,4	25.6	39.4813764	73.5951094	5107.5
7245	249.3	249.3	249.3	329,507,2,4	25.4	39.4813765	73.5951094	5107.5
7246	59.1	59.1	59.1	1665,1071,4,2	25.3	39.4813766	73.5951127	5107.7
7247	247.3	247.3	247.3	523,817,4,2	24.2	39.4813764	73.5951095	5107.6
7248	33.0	33.0	33.0	1773,1076,2,4	23.8	39.4813761	73.5951136	5107.7
7249	246.3	246.3	246.3	841,635,2,4	23.5	39.4813764	73.5951095	5107.6
7250	56.1	56.1	56.1	1119,408,2,4	23.3	39.4813764	73.5951129	5107.7
7251	248.3	247.3	248.3	1521,801,2,4	23.3	39.4813764	73.5951094	5107.5
7252	42.0	42.0	42.0	213,733,2,3	23.0	39.4813762	73.5951136	5107.7
7253	250.3	250.3	250.3	823,249,2,3	23.0	39.4813769	73.5951093	5107.5
7254	8.0	8.0	8.0	1485,53,3,2	22.1	39.4813757	73.5951135	5107.7
7255	64.1	64.1	64.1	1155,663,3,4	21.9	39.4813766	73.5951126	5107.7
7256	518.6	518.6	518.6	1077,722,3,2	20.9	39.4814222	73.5953913	5107.6
7257	59.1	59.1	59.1	1441,19,3,2	20.6	39.4813766	73.5951127	5107.7
7258	62.1	62.1	62.1	1683,173,3,2	20.4	39.4813766	73.5951127	5107.7
7259	61.1	61.1	61.1	1837,803,3,3	20.1	39.4813767	73.5951124	5107.7
7260	63.1	63.1	63.1	1341,332,2,3	19.4	39.4813766	73.5951126	5107.7
7261	700.8	700.8	700.8	954,753,3,2	19.3	39.4814230	73.5953890	5107.6
7262	249.3	249.3	249.3	897,525,2,3	19.2	39.4813765	73.5951094	5107.5
7263	59.1	59.1	59.1	1609,271,3,2	19.1	39.4813766	73.5951127	5107.7
7264	71.1	71.1	71.1	427,772,2,3	18.9	39.4813762	73.5951124	5107.7
7265	246.3	246.3	246.3	683,759,4,2	18.8	39.4813764	73.5951095	5107.6
7266	65.1	65.1	65.1	1220,347,3,2	18.2	39.4813765	73.5951124	5107.7
7267	9.0	9.0	9.0	1493,430,2,3	18.1	39.4813757	73.5951136	5107.7
7268	71.1	71.1	71.1	1134,19,3,2	18.1	39.4813762	73.5951124	5107.7
7269	63.1	63.1	63.1	1215,142,2,3	17.7	39.4813766	73.5951126	5107.7
7270	42.0	42.0	42.0	1655,636,2,3	17.3	39.4813762	73.5951136	5107.7
7271	32.0	32.0	32.0	1292,181,3,2	17.2	39.4813761	73.5951134	5107.7
7272	72.1	72.1	72.1	1156,227,3,2	17.1	39.4813759	73.5951125	5107.7
7273	63.1	63.1	63.1	1572,106,2,3	16.5	39.4813766	73.5951126	5107.7
7274	61.1	61.1	61.1	951,1068,2,3	16.0	39.4813767	73.5951124	5107.7
7275	63.1	63.1	63.1	1353,519,3,2	16.0	39.4813766	73.5951126	5107.7
7276	519.6	519.6	519.6	1854,608,3,2	15.2	39.4814225	73.5953932	5107.6
