track	t_best	t0	t1	bbox	score	lat	lon	alt
0	174.2	174.2	174.2	877,407,68,34	5581.2	39.4688171	73.5894164	6095.6
1	179.2	178.2	183.3	1019,465,76,43	4853.2	39.4688164	73.5894156	6095.5
2	42.1	39.1	42.1	817,661,123,29	4808.0	39.4688176	73.5894174	6095.6
3	29.0	29.0	29.0	821,0,74,28	4801.2	39.4688175	73.5894172	6095.6
4	180.3	175.2	182.3	1041,609,64,43	4679.4	39.4688176	73.5894178	6095.7
5	102.1	102.1	102.1	484,121,51,45	3964.2	39.4688179	73.5894182	6095.6
6	37.1	36.1	37.1	246,655,105,32	3701.5	39.4688170	73.5894169	6095.8
7	92.1	89.1	94.1	961,263,46,34	3188.5	39.4688180	73.5894171	6095.6
8	28.0	28.0	29.0	26,0,45,29	3161.6	39.4688172	73.5894172	6095.6
9	97.1	95.1	97.1	1681,822,56,56	2979.5	39.4688176	73.5894183	6095.6
10	103.1	103.1	111.2	1603,121,38,40	2870.8	39.4688181	73.5894171	6095.6
11	43.1	43.1	49.1	1106,631,86,19	2841.3	39.4688173	73.5894175	6095.7
12	39.1	38.1	41.1	677,627,85,23	2747.4	39.4688179	73.5894174	6095.7
13	135.2	121.2	138.2	1621,125,38,42	2670.1	39.4688176	73.5894179	6095.5
14	203.3	193.3	203.3	1417,527,56,30	2604.6	39.4688178	73.5894166	6095.6
15	93.1	89.1	94.1	537,557,30,34	2541.6	39.4688172	73.5894177	6095.6
16	184.3	182.3	185.3	305,627,61,40	2530.2	39.4688168	73.5894161	6095.6
17	198.3	194.3	203.3	1553,792,49,61	2508.8	39.4688175	73.5894168	6095.5
18	116.2	116.2	118.2	71,891,38,70	2492.2	39.4688174	73.5894185	6095.6
19	177.2	175.2	177.2	497,997,41,44	2363.5	39.4688169	73.5894158	6095.5
20	94.1	93.1	94.1	1635,276,21,45	2344.3	39.4688177	73.5894176	6095.6
21	74.1	71.1	76.1	619,519,38,40	2307.8	39.4688170	73.5894173	6095.6
22	133.2	122.2	139.2	813,473,36,42	2286.7	39.4688173	73.5894192	6095.6
23	175.2	175.2	181.3	305,903,48,34	2275.1	39.4688171	73.5894162	6095.6
24	144.2	142.2	145.2	968,409,47,26	2260.5	39.4688185	73.5894153	6095.6
25	190.3	185.3	190.3	1735,963,50,22	2236.0	39.4688162	73.5894160	6095.6
26	119.2	118.2	119.2	423,383,38,34	2094.5	39.4688179	73.5894183	6095.6
27	115.2	115.2	115.2	9,333,49,50	2092.5	39.4688173	73.5894185	6095.5
28	191.3	191.3	191.3	869,865,52,24	2007.7	39.4688171	73.5894164	6095.5
29	178.2	175.2	179.2	862,529,41,18	1935.0	39.4688175	73.5894164	6095.6
30	173.2	167.2	174.2	912,467,33,26	1856.3	39.4688172	73.5894164	6095.6
31	141.2	138.2	145.2	593,662,32,21	1829.4	39.4688178	73.5894156	6095.6
32	154.2	150.2	160.2	971,927,44,26	1827.9	39.4688165	73.5894163	6095.6
33	103.1	103.1	110.2	1163,259,24,38	1813.4	39.4688181	73.5894171	6095.6
34	169.2	166.2	172.2	465,753,44,17	1788.1	39.4688173	73.5894167	6095.5
35	100.1	100.1	100.1	381,473,49,16	1781.9	39.4688178	73.5894178	6095.6
36	137.2	137.2	140.2	1297,299,20,38	1773.7	39.4688173	73.5894162	6095.6
37	135.2	121.2	141.2	1059,401,46,16	1753.1	39.4688176	73.5894179	6095.5
38	22.0	21.0	24.0	1234,502,26,30	1745.9	39.4688179	73.5894181	6095.7
39	239.3	236.3	239.3	433,475,80,14	1745.4	39.4688178	73.5894174	6095.6
40	254.4	250.3	254.4	569,749,40,22	1743.8	39.4688180	73.5894155	6095.6
41	133.2	125.2	136.2	883,329,60,34	1674.2	39.4688173	73.5894192	6095.6
42	180.3	180.3	180.3	905,677,36,25	1668.6	39.4688176	73.5894178	6095.7
43	174.2	174.2	174.2	519,977,34,54	1639.0	39.4688171	73.5894164	6095.6
44	76.1	75.1	76.1	139,673,29,24	1638.1	39.4688174	73.5894170	6095.6
45	141.2	139.2	145.2	505,681,48,32	1622.9	39.4688178	73.5894156	6095.6
46	173.2	173.2	173.2	785,617,47,70	1608.9	39.4688172	73.5894164	6095.6
47	145.2	145.2	145.2	329,785,26,24	1585.1	39.4688182	73.5894154	6095.5
48	199.3	192.3	202.3	1707,810,36,47	1539.6	39.4688177	73.5894176	6095.6
49	176.2	175.2	177.2	1103,386,46,27	1520.9	39.4688171	73.5894166	6095.6
50	103.1	103.1	111.2	1059,395,38,28	1512.7	39.4688181	73.5894171	6095.6
51	174.2	174.2	174.2	621,825,35,47	1490.8	39.4688171	73.5894164	6095.6
52	174.2	171.2	180.3	705,493,40,22	1458.5	39.4688171	73.5894164	6095.6
53	247.3	240.3	247.3	1632,404,49,14	1451.6	39.4688175	73.5894164	6095.6
54	76.1	72.1	76.1	497,400,23,23	1450.6	39.4688174	73.5894170	6095.6
55	205.3	205.3	206.3	697,865,24,24	1442.8	39.4688177	73.5894170	6095.6
56	70.1	70.1	76.1	0,905,17,32	1434.9	39.4688171	73.5894176	6095.6
57	47.1	47.1	51.1	3,81,32,64	1432.2	39.4688175	73.5894167	6095.7
58	76.1	73.1	76.1	425,537,32,24	1410.7	39.4688174	73.5894170	6095.6
59	69.1	68.1	75.1	215,799,42,42	1375.8	39.4688176	73.5894169	6095.6
60	92.1	90.1	93.1	1251,147,28,20	1368.7	39.4688180	73.5894171	6095.6
61	94.1	89.1	94.1	760,697,23,34	1362.4	39.4688177	73.5894176	6095.6
62	177.2	175.2	180.3	541,853,32,20	1357.8	39.4688169	73.5894158	6095.5
63	108.2	108.2	111.2	1793,110,30,21	1333.9	39.4688173	73.5894179	6095.6
64	179.2	178.2	179.2	746,682,21,52	1324.2	39.4688164	73.5894156	6095.5
65	203.3	198.3	203.3	1883,829,37,30	1322.0	39.4688178	73.5894166	6095.6
66	163.2	155.2	165.2	1814,812,43,45	1320.7	39.4688179	73.5894160	6095.6
67	115.2	115.2	115.2	0,129,29,32	1311.3	39.4688173	73.5894185	6095.5
68	69.1	69.1	75.1	297,753,24,24	1283.8	39.4688176	73.5894169	6095.6
69	94.1	94.1	94.1	595,855,52,14	1279.1	39.4688177	73.5894176	6095.6
70	145.2	142.2	145.2	473,705,30,26	1265.4	39.4688182	73.5894154	6095.5
71	204.3	204.3	204.3	1495,523,50,34	1251.1	39.4688171	73.5894168	6095.6
72	136.2	123.2	141.2	1097,431,24,29	1245.0	39.4688175	73.5894172	6095.5
73	174.2	173.2	174.2	561,749,22,20	1205.5	39.4688171	73.5894164	6095.6
74	88.1	88.1	93.1	721,561,28,26	1185.0	39.4688185	73.5894166	6095.6
75	34.0	29.0	36.1	1886,48,34,49	1183.4	39.4688184	73.5894174	6095.7
76	103.1	103.1	107.1	73,825,24,24	1165.4	39.4688181	73.5894171	6095.6
77	206.3	206.3	206.3	697,869,24,20	1148.6	39.4688180	73.5894158	6095.5
78	63.1	60.1	64.1	1012,25,53,18	1140.3	39.4688176	73.5894158	6095.5
79	110.2	104.1	110.2	545,835,34,28	1133.1	39.4688174	73.5894181	6095.6
80	170.2	168.2	170.2	1591,811,28,30	1132.0	39.4688174	73.5894166	6095.6
81	102.1	102.1	102.1	65,281,20,24	1112.5	39.4688179	73.5894182	6095.6
82	115.2	115.2	115.2	29,577,16,30	1111.9	39.4688173	73.5894185	6095.5
83	190.3	190.3	190.3	833,1039,30,21	1108.5	39.4688162	73.5894160	6095.6
84	145.2	144.2	145.2	449,898,22,47	1092.1	39.4688182	73.5894154	6095.5
85	79.1	79.1	80.1	31,991,30,24	1059.9	39.4688174	73.5894171	6095.6
86	93.1	89.1	94.1	101,707,26,30	1057.1	39.4688172	73.5894177	6095.6
87	102.1	102.1	102.1	659,291,36,18	1037.4	39.4688179	73.5894182	6095.6
88	181.3	181.3	181.3	1009,697,24,16	1034.3	39.4688161	73.5894158	6095.6
89	68.1	68.1	71.1	161,801,16,16	1033.5	39.4688178	73.5894166	6095.6
90	153.2	150.2	153.2	1885,701,24,44	1002.9	39.4688171	73.5894161	6095.5
91	183.3	178.2	183.3	1119,873,22,16	995.5	39.4688175	73.5894167	6095.7
92	68.1	68.1	69.1	59,873,30,24	987.3	39.4688178	73.5894166	6095.6
93	116.2	107.1	118.2	9,977,42,22	984.5	39.4688174	73.5894185	6095.6
94	242.3	242.3	248.3	11,222,39,23	980.5	39.4688181	73.5894165	6095.6
95	116.2	116.2	117.2	913,81,32,22	973.4	39.4688174	73.5894185	6095.6
96	175.2	175.2	180.3	379,811,29,37	957.7	39.4688171	73.5894162	6095.6
97	164.2	152.2	166.2	1681,433,24,16	952.4	39.4688175	73.5894163	6095.6
98	191.3	191.3	191.3	1473,826,32,11	946.1	39.4688171	73.5894164	6095.5
99	165.2	156.2	166.2	1545,603,18,18	936.8	39.4688175	73.5894161	6095.6
100	233.3	228.3	233.3	945,537,33,20	931.8	39.4688180	73.5894165	6095.6
101	124.2	117.2	137.2	519,335,22,24	929.1	39.4688183	73.5894184	6095.5
102	168.2	167.2	170.2	1513,932,27,29	920.7	39.4688174	73.5894165	6095.6
103	166.2	159.2	169.2	1331,411,28,14	904.9	39.4688174	73.5894161	6095.6
104	117.2	117.2	120.2	359,443,22,38	900.9	39.4688179	73.5894186	6095.6
105	137.2	134.2	143.2	327,801,26,16	895.2	39.4688173	73.5894162	6095.6
106	187.3	186.3	187.3	1828,1037,21,19	883.7	39.4688174	73.5894159	6095.6
107	55.1	55.1	55.1	13,1043,24,34	841.2	39.4688177	73.5894179	6095.6
108	204.3	204.3	204.3	697,722,19,17	839.1	39.4688171	73.5894168	6095.6
109	116.2	116.2	116.2	1457,113,24,24	836.8	39.4688174	73.5894185	6095.6
110	220.3	217.3	233.3	197,586,33,15	834.7	39.4688182	73.5894171	6095.6
111	239.3	236.3	239.3	561,473,64,10	830.8	39.4688178	73.5894174	6095.6
112	116.2	116.2	117.2	421,709,16,16	829.4	39.4688174	73.5894185	6095.6
113	116.2	116.2	116.2	369,27,37,22	829.1	39.4688174	73.5894185	6095.6
114	76.1	75.1	76.1	92,1054,16,26	823.7	39.4688174	73.5894170	6095.6
115	149.2	148.2	149.2	583,713,26,16	807.7	39.4688176	73.5894156	6095.6
116	245.3	242.3	245.3	1702,329,47,8	807.1	39.4688175	73.5894161	6095.6
117	113.2	113.2	113.2	333,549,34,48	798.0	39.4688166	73.5894193	6095.6
118	140.2	140.2	140.2	1911,364,9,37	795.5	39.4688176	73.5894157	6095.6
119	113.2	113.2	113.2	323,433,26,22	793.9	39.4688166	73.5894193	6095.6
120	169.2	166.2	170.2	1689,893,24,28	792.3	39.4688173	73.5894167	6095.5
121	88.1	88.1	88.1	1358,197,19,20	792.1	39.4688185	73.5894166	6095.6
122	116.2	116.2	116.2	1393,9,26,14	789.3	39.4688174	73.5894185	6095.6
123	163.2	161.2	165.2	1457,659,16,18	786.4	39.4688179	73.5894160	6095.6
124	91.1	89.1	94.1	0,851,9,28	785.9	39.4688182	73.5894167	6095.5
125	181.3	181.3	181.3	835,960,20,27	782.1	39.4688161	73.5894158	6095.6
126	69.1	68.1	73.1	407,713,18,22	780.8	39.4688176	73.5894169	6095.6
127	118.2	117.2	118.2	391,933,20,28	772.9	39.4688183	73.5894179	6095.6
128	163.2	163.2	165.2	961,899,16,14	772.2	39.4688179	73.5894160	6095.6
129	73.1	69.1	73.1	891,497,20,22	767.7	39.4688174	73.5894173	6095.6
130	204.3	192.3	204.3	1136,421,65,11	766.2	39.4688171	73.5894168	6095.6
131	74.1	74.1	76.1	353,625,24,16	758.5	39.4688170	73.5894173	6095.6
132	228.3	228.3	231.3	1345,1063,24,17	754.5	39.4688165	73.5894167	6095.6
133	154.2	150.2	158.2	1105,893,16,16	749.5	39.4688165	73.5894163	6095.6
134	75.1	75.1	75.1	7,753,14,44	742.0	39.4688170	73.5894172	6095.6
135	120.2	120.2	120.2	99,858,22,43	741.8	39.4688180	73.5894176	6095.6
136	110.2	106.1	112.2	509,857,24,16	740.0	39.4688174	73.5894181	6095.6
137	148.2	146.2	149.2	721,861,16,36	726.1	39.4688185	73.5894149	6095.6
138	135.2	123.2	139.2	949,449,18,28	724.1	39.4688176	73.5894179	6095.5
139	121.2	121.2	123.2	1203,253,14,30	721.4	39.4688182	73.5894179	6095.6
140	171.2	166.2	172.2	725,697,16,20	720.2	39.4688173	73.5894170	6095.6
141	57.1	57.1	59.1	465,189,38,15	713.5	39.4688175	73.5894181	6095.5
142	139.2	134.2	141.2	1409,211,16,18	712.2	39.4688165	73.5894160	6095.7
143	64.1	64.1	70.1	233,769,24,16	708.3	39.4688176	73.5894165	6095.5
144	191.3	191.3	191.3	1121,449,16,16	703.1	39.4688171	73.5894164	6095.5
145	221.3	221.3	222.3	0,871,17,12	701.1	39.4688183	73.5894168	6095.6
146	57.1	57.1	57.1	1601,130,24,13	700.7	39.4688175	73.5894181	6095.5
147	178.2	178.2	178.2	1091,475,22,20	682.8	39.4688175	73.5894164	6095.6
148	66.1	64.1	70.1	353,593,22,16	679.9	39.4688176	73.5894165	6095.6
149	121.2	121.2	121.2	1507,145,14,16	679.6	39.4688182	73.5894179	6095.6
150	165.2	165.2	169.2	1073,963,24,22	676.5	39.4688175	73.5894161	6095.6
151	161.2	156.2	161.2	1886,1050,34,30	673.1	39.4688174	73.5894163	6095.6
152	191.3	191.3	202.3	1025,817,16,16	666.0	39.4688171	73.5894164	6095.5
153	116.2	116.2	116.2	852,129,19,22	657.7	39.4688174	73.5894185	6095.6
154	61.1	60.1	61.1	1873,11,28,18	656.5	39.4688174	73.5894167	6095.5
155	214.3	210.3	217.3	1353,336,32,15	652.0	39.4688178	73.5894166	6095.6
156	143.2	143.2	145.2	0,867,15,12	651.7	39.4688185	73.5894153	6095.6
157	185.3	185.3	185.3	0,0,17,17	650.8	39.4688168	73.5894166	6095.6
158	142.2	142.2	145.2	49,835,16,15	644.6	39.4688183	73.5894156	6095.6
159	101.1	101.1	101.1	547,105,22,17	643.3	39.4688179	73.5894181	6095.6
160	101.1	101.1	102.1	481,145,14,24	642.2	39.4688179	73.5894181	6095.6
161	9.0	9.0	9.0	321,65,16,16	637.4	39.4688179	73.5894174	6095.6
162	147.2	146.2	149.2	753,715,16,15	628.8	39.4688176	73.5894171	6095.5
163	251.3	249.3	254.4	121,229,18,14	627.1	39.4688174	73.5894167	6095.5
164	254.4	251.3	254.4	1825,1073,40,7	625.4	39.4688180	73.5894155	6095.6
165	116.2	116.2	116.2	857,3,16,14	622.9	39.4688174	73.5894185	6095.6
166	76.1	76.1	76.1	87,737,5,35	621.7	39.4688174	73.5894170	6095.6
167	181.3	176.2	181.3	925,736,18,9	617.7	39.4688161	73.5894158	6095.6
168	82.1	81.1	82.1	19,375,14,42	615.3	39.4688177	73.5894176	6095.6
169	115.2	115.2	115.2	69,485,24,19	613.3	39.4688173	73.5894185	6095.5
170	177.2	174.2	179.2	677,621,20,23	611.6	39.4688169	73.5894158	6095.5
171	112.2	112.2	113.2	699,481,17,24	606.4	39.4688171	73.5894187	6095.6
172	167.2	164.2	171.2	1089,181,32,11	601.8	39.4688175	73.5894158	6095.5
173	74.1	74.1	74.1	0,965,17,28	597.2	39.4688170	73.5894173	6095.6
174	164.2	164.2	165.2	1185,1059,22,18	592.6	39.4688175	73.5894163	6095.6
175	236.3	236.3	238.3	972,481,29,12	588.4	39.4688169	73.5894169	6095.6
176	147.2	146.2	149.2	601,769,20,16	587.7	39.4688176	73.5894171	6095.5
177	117.2	117.2	118.2	1905,137,15,14	582.2	39.4688179	73.5894186	6095.6
178	86.1	86.1	86.1	337,43,22,24	580.9	39.4688180	73.5894171	6095.6
179	251.3	250.3	254.4	0,249,18,13	580.3	39.4688174	73.5894167	6095.5
180	117.2	113.2	118.2	649,169,24,19	575.9	39.4688179	73.5894186	6095.6
181	137.2	126.2	140.2	1081,539,16,24	571.7	39.4688173	73.5894162	6095.6
182	176.2	175.2	177.2	1241,424,8,19	568.4	39.4688171	73.5894166	6095.6
183	164.2	161.2	167.2	1385,539,22,16	564.0	39.4688175	73.5894163	6095.6
184	172.2	170.2	172.2	1893,169,12,31	560.2	39.4688173	73.5894165	6095.6
185	100.1	100.1	100.1	515,435,22,14	560.1	39.4688178	73.5894178	6095.6
186	119.2	119.2	119.2	468,403,15,21	558.1	39.4688179	73.5894183	6095.6
187	92.1	89.1	93.1	621,387,20,14	557.4	39.4688180	73.5894171	6095.6
188	63.1	59.1	63.1	1745,65,24,8	554.4	39.4688176	73.5894158	6095.5
189	147.2	146.2	149.2	719,909,15,33	548.7	39.4688176	73.5894171	6095.5
190	78.1	77.1	78.1	43,447,21,10	546.8	39.4688168	73.5894171	6095.6
191	56.1	56.1	56.1	1009,377,22,12	545.9	39.4688176	73.5894173	6095.6
192	116.2	116.2	118.2	337,805,16,21	545.3	39.4688174	73.5894185	6095.6
193	120.2	120.2	120.2	57,1019,12,22	540.5	39.4688180	73.5894176	6095.6
194	25.0	25.0	25.0	946,497,23,19	540.1	39.4688176	73.5894178	6095.6
195	137.2	134.2	137.2	481,685,17,14	537.2	39.4688173	73.5894162	6095.6
196	92.1	90.1	93.1	977,153,22,8	537.0	39.4688180	73.5894171	6095.6
197	80.1	80.1	83.1	57,609,10,34	535.4	39.4688181	73.5894175	6095.6
198	194.3	192.3	194.3	1797,891,20,18	522.4	39.4688175	73.5894166	6095.5
199	191.3	191.3	191.3	497,1053,16,12	517.7	39.4688171	73.5894164	6095.5
200	250.3	249.3	253.4	593,794,18,14	517.6	39.4688180	73.5894151	6095.6
201	117.2	116.2	120.2	226,893,17,18	516.7	39.4688179	73.5894186	6095.6
202	80.1	80.1	82.1	65,837,6,28	514.2	39.4688181	73.5894175	6095.6
203	97.1	96.1	97.1	1816,729,25,16	508.3	39.4688176	73.5894183	6095.6
204	74.1	72.1	76.1	273,865,18,16	505.9	39.4688170	73.5894173	6095.6
205	116.2	116.2	119.2	967,273,18,16	500.9	39.4688174	73.5894185	6095.6
206	116.2	112.2	116.2	423,749,14,16	492.5	39.4688174	73.5894185	6095.6
207	113.2	113.2	115.2	339,280,17,15	492.0	39.4688166	73.5894193	6095.6
208	132.2	132.2	136.2	1441,17,16,8	486.7	39.4688177	73.5894176	6095.6
209	177.2	174.2	179.2	1083,525,16,20	483.8	39.4688169	73.5894158	6095.5
210	163.2	163.2	165.2	1203,1067,28,13	483.7	39.4688179	73.5894160	6095.6
211	40.1	40.1	40.1	908,674,25,9	481.4	39.4688177	73.5894170	6095.7
212	162.2	155.2	164.2	1789,998,38,27	481.2	39.4688179	73.5894163	6095.6
213	105.1	103.1	109.2	735,561,20,21	478.9	39.4688175	73.5894183	6095.6
214	84.1	80.1	84.1	573,505,22,18	477.9	39.4688176	73.5894170	6095.6
215	210.3	207.3	212.3	337,585,18,16	474.5	39.4688181	73.5894171	6095.6
216	221.3	221.3	221.3	1673,770,10,15	473.3	39.4688183	73.5894168	6095.6
217	218.3	218.3	227.3	813,485,20,6	462.1	39.4688184	73.5894173	6095.6
218	153.2	151.2	165.2	553,1059,16,14	458.5	39.4688171	73.5894161	6095.5
219	119.2	119.2	119.2	417,864,16,17	456.2	39.4688179	73.5894183	6095.6
220	163.2	163.2	171.2	1018,741,23,14	453.5	39.4688179	73.5894160	6095.6
221	166.2	166.2	174.2	298,667,13,22	444.9	39.4688174	73.5894161	6095.6
222	162.2	160.2	165.2	1738,947,27,22	444.2	39.4688179	73.5894163	6095.6
223	72.1	72.1	74.1	19,1031,14,26	442.3	39.4688171	73.5894176	6095.6
224	74.1	73.1	76.1	103,656,18,11	442.2	39.4688170	73.5894173	6095.6
225	173.2	173.2	173.2	801,561,12,20	436.6	39.4688172	73.5894164	6095.6
226	191.3	191.3	191.3	961,849,16,8	436.3	39.4688171	73.5894164	6095.5
227	88.1	84.1	88.1	961,395,16,14	436.1	39.4688185	73.5894166	6095.6
228	29.0	26.0	29.0	958,0,15,12	435.2	39.4688175	73.5894172	6095.6
229	61.1	58.1	62.1	1665,161,16,16	433.5	39.4688174	73.5894167	6095.5
230	73.1	73.1	76.1	0,1057,9,16	433.3	39.4688174	73.5894173	6095.6
231	238.3	238.3	239.3	1897,433,20,14	432.9	39.4688174	73.5894172	6095.6
232	117.2	117.2	118.2	513,945,26,6	431.2	39.4688179	73.5894186	6095.6
233	163.2	155.2	163.2	1554,723,23,6	428.7	39.4688179	73.5894160	6095.6
234	118.2	116.2	118.2	373,751,16,16	427.6	39.4688183	73.5894179	6095.6
235	196.3	187.3	196.3	1849,683,17,14	426.0	39.4688174	73.5894168	6095.6
236	115.2	115.2	115.2	264,1003,11,16	425.0	39.4688173	73.5894185	6095.5
237	115.2	115.2	115.2	445,853,16,32	424.9	39.4688173	73.5894185	6095.5
238	147.2	147.2	149.2	1745,417,10,16	421.6	39.4688176	73.5894171	6095.5
239	111.2	111.2	111.2	1491,136,12,13	420.4	39.4688178	73.5894177	6095.6
240	97.1	97.1	97.1	1418,953,21,6	420.2	39.4688176	73.5894183	6095.6
241	115.2	115.2	115.2	1617,161,20,16	418.7	39.4688173	73.5894185	6095.5
242	66.1	66.1	72.1	10,665,23,8	416.7	39.4688176	73.5894165	6095.6
243	121.2	121.2	137.2	929,753,16,8	412.4	39.4688182	73.5894179	6095.6
244	120.2	120.2	120.2	13,809,22,19	410.3	39.4688180	73.5894176	6095.6
245	151.2	151.2	156.2	15,1045,12,12	409.8	39.4688177	73.5894165	6095.5
246	233.3	228.3	233.3	1858,513,15,12	407.9	39.4688180	73.5894165	6095.6
247	115.2	115.2	115.2	937,237,16,17	407.8	39.4688173	73.5894185	6095.5
248	115.2	115.2	115.2	1788,657,13,26	403.7	39.4688173	73.5894185	6095.5
249	201.3	194.3	204.3	550,705,11,16	401.2	39.4688177	73.5894170	6095.6
250	113.2	113.2	113.2	165,695,6,28	399.5	39.4688166	73.5894193	6095.6
251	120.2	120.2	120.2	155,685,14,12	398.0	39.4688180	73.5894176	6095.6
252	91.1	91.1	92.1	891,215,16,10	396.4	39.4688182	73.5894167	6095.5
253	116.2	116.2	119.2	927,469,12,12	396.3	39.4688174	73.5894185	6095.6
254	120.2	120.2	120.2	89,799,10,18	396.2	39.4688180	73.5894176	6095.6
255	119.2	119.2	119.2	109,817,8,21	393.5	39.4688179	73.5894183	6095.6
256	118.2	118.2	133.2	1557,841,10,24	393.0	39.4688183	73.5894179	6095.6
257	206.3	205.3	206.3	1561,305,24,5	391.4	39.4688180	73.5894158	6095.5
258	72.1	72.1	72.1	743,297,16,16	390.4	39.4688171	73.5894176	6095.6
259	174.2	168.2	174.2	593,889,13,26	388.8	39.4688171	73.5894164	6095.6
260	173.2	168.2	173.2	1201,79,25,10	388.4	39.4688172	73.5894164	6095.6
261	82.1	81.1	83.1	17,685,14,14	387.9	39.4688177	73.5894176	6095.6
262	49.1	48.1	52.1	73,217,10,32	386.8	39.4688179	73.5894173	6095.6
263	6.0	6.0	6.0	24,1058,9,15	386.4	39.4688176	73.5894181	6095.7
264	90.1	90.1	93.1	1105,57,16,8	385.1	39.4688179	73.5894162	6095.6
265	86.1	86.1	87.1	931,489,22,16	384.4	39.4688180	73.5894171	6095.6
266	245.3	245.3	245.3	296,137,27,6	382.4	39.4688175	73.5894161	6095.6
267	177.2	177.2	177.2	1163,361,14,16	381.7	39.4688169	73.5894158	6095.5
268	246.3	242.3	248.3	1361,361,24,6	380.6	39.4688174	73.5894165	6095.6
269	81.1	80.1	83.1	333,525,12,26	379.9	39.4688180	73.5894175	6095.6
270	154.2	150.2	165.2	865,1011,8,14	378.2	39.4688165	73.5894163	6095.6
271	67.1	67.1	70.1	531,499,14,6	377.6	39.4688182	73.5894161	6095.6
272	56.1	56.1	56.1	1166,285,11,12	375.4	39.4688176	73.5894173	6095.6
273	71.1	71.1	73.1	86,971,13,14	375.3	39.4688170	73.5894178	6095.6
274	121.2	121.2	122.2	1537,49,8,14	374.3	39.4688182	73.5894179	6095.6
275	48.1	48.1	53.1	1697,419,23,7	374.2	39.4688183	73.5894168	6095.6
276	187.3	187.3	187.3	1641,425,8,16	374.1	39.4688174	73.5894159	6095.6
277	167.2	167.2	170.2	1321,731,22,7	373.2	39.4688175	73.5894158	6095.5
278	121.2	121.2	126.2	917,339,20,14	372.3	39.4688182	73.5894179	6095.6
279	140.2	135.2	143.2	753,641,16,14	371.1	39.4688176	73.5894157	6095.6
280	130.2	130.2	130.2	75,870,14,11	369.2	39.4688179	73.5894182	6095.6
281	87.1	85.1	87.1	982,470,27,11	368.7	39.4688185	73.5894177	6095.6
282	142.2	142.2	142.2	388,671,16,11	368.7	39.4688183	73.5894156	6095.6
283	115.2	115.2	115.2	87,395,18,14	368.2	39.4688173	73.5894185	6095.5
284	220.3	202.3	227.3	837,471,12,10	368.1	39.4688182	73.5894171	6095.6
285	94.1	94.1	94.1	1307,273,12,16	366.2	39.4688177	73.5894176	6095.6
286	28.0	28.0	29.0	147,6,16,15	365.0	39.4688172	73.5894172	6095.6
287	54.1	53.1	55.1	191,913,7,19	364.1	39.4688173	73.5894174	6095.6
288	163.2	161.2	163.2	1571,841,12,8	362.9	39.4688179	73.5894160	6095.6
289	136.2	121.2	141.2	1145,331,16,14	361.9	39.4688175	73.5894172	6095.5
290	133.2	122.2	137.2	1386,370,7,17	360.9	39.4688173	73.5894192	6095.6
291	112.2	112.2	112.2	1237,111,23,10	360.6	39.4688171	73.5894187	6095.6
292	71.1	71.1	71.1	147,937,14,14	360.0	39.4688170	73.5894178	6095.6
293	51.1	49.1	51.1	150,20,10,29	358.9	39.4688171	73.5894179	6095.6
294	171.2	168.2	172.2	1561,417,8,19	358.0	39.4688173	73.5894170	6095.6
295	71.1	71.1	71.1	233,1020,10,21	357.9	39.4688170	73.5894178	6095.6
296	22.0	22.0	22.0	1380,545,27,16	356.6	39.4688179	73.5894181	6095.7
297	116.2	115.2	117.2	583,269,26,12	354.4	39.4688174	73.5894185	6095.6
298	119.2	119.2	119.2	95,905,8,30	353.9	39.4688179	73.5894183	6095.6
299	114.2	113.2	114.2	529,457,12,14	350.1	39.4688170	73.5894179	6095.6
300	113.2	113.2	113.2	115,829,6,24	345.5	39.4688166	73.5894193	6095.6
301	60.1	60.1	61.1	1587,91,22,6	345.1	39.4688178	73.5894173	6095.6
302	107.1	104.1	111.2	1107,361,14,8	345.1	39.4688171	73.5894186	6095.6
303	126.2	122.2	137.2	1093,353,12,10	343.6	39.4688173	73.5894186	6095.6
304	86.1	85.1	88.1	385,832,16,18	343.4	39.4688180	73.5894171	6095.6
305	117.2	117.2	118.2	1101,50,14,11	340.2	39.4688179	73.5894186	6095.6
306	120.2	120.2	120.2	305,641,12,34	339.2	39.4688180	73.5894176	6095.6
307	68.1	68.1	69.1	273,841,16,6	339.0	39.4688178	73.5894166	6095.6
308	152.2	151.2	154.2	749,945,14,16	337.8	39.4688175	73.5894168	6095.6
309	243.3	240.3	245.3	1361,336,16,6	337.4	39.4688179	73.5894162	6095.5
310	69.1	69.1	72.1	81,835,16,6	336.2	39.4688176	73.5894169	6095.6
311	194.3	192.3	194.3	1857,839,16,12	335.1	39.4688175	73.5894166	6095.5
312	76.1	76.1	76.1	562,625,14,16	335.0	39.4688174	73.5894170	6095.6
313	132.2	124.2	138.2	467,627,16,6	332.0	39.4688177	73.5894176	6095.6
314	88.1	84.1	88.1	897,371,16,6	331.3	39.4688185	73.5894166	6095.6
315	2.0	2.0	5.0	725,93,12,20	328.9	39.4688177	73.5894186	6095.6
316	180.3	180.3	183.3	1370,0,13,10	327.3	39.4688176	73.5894178	6095.7
317	245.3	245.3	248.3	81,129,8,16	327.2	39.4688175	73.5894161	6095.6
318	67.1	67.1	67.1	97,681,16,8	327.1	39.4688182	73.5894161	6095.6
319	26.0	26.0	28.0	1677,985,14,16	326.5	39.4688179	73.5894175	6095.6
320	113.2	113.2	113.2	255,179,8,22	326.3	39.4688166	73.5894193	6095.6
321	102.1	102.1	102.1	17,437,16,12	325.2	39.4688179	73.5894182	6095.6
322	120.2	120.2	120.2	223,587,11,21	324.9	39.4688180	73.5894176	6095.6
323	115.2	115.2	115.2	96,475,23,10	324.6	39.4688173	73.5894185	6095.5
324	116.2	116.2	116.2	478,790,11,8	322.6	39.4688174	73.5894185	6095.6
325	190.3	190.3	190.3	113,865,16,8	322.2	39.4688162	73.5894160	6095.6
326	54.1	52.1	54.1	385,761,16,16	321.9	39.4688173	73.5894174	6095.6
327	79.1	78.1	83.1	617,793,12,19	321.6	39.4688174	73.5894171	6095.6
328	181.3	181.3	181.3	883,897,14,18	321.1	39.4688161	73.5894158	6095.6
329	100.1	97.1	100.1	800,305,15,12	320.0	39.4688178	73.5894178	6095.6
330	53.1	52.1	54.1	257,1005,20,12	319.2	39.4688170	73.5894172	6095.5
331	176.2	176.2	177.2	476,915,11,17	318.7	39.4688171	73.5894166	6095.6
332	218.3	218.3	219.3	41,625,26,8	317.1	39.4688184	73.5894173	6095.6
333	130.2	130.2	131.2	1489,465,16,10	316.5	39.4688179	73.5894182	6095.6
334	163.2	163.2	166.2	667,967,12,22	316.3	39.4688179	73.5894160	6095.6
335	207.3	206.3	210.3	1904,165,16,6	315.6	39.4688176	73.5894159	6095.6
336	55.1	52.1	55.1	287,797,14,11	315.1	39.4688177	73.5894179	6095.6
337	167.2	165.2	168.2	371,463,12,12	314.4	39.4688175	73.5894158	6095.5
338	171.2	170.2	171.2	1843,825,14,16	314.1	39.4688173	73.5894170	6095.6
339	118.2	118.2	118.2	1557,617,12,12	311.3	39.4688183	73.5894179	6095.6
340	115.2	115.2	115.2	137,1035,8,20	309.9	39.4688173	73.5894185	6095.5
341	240.3	240.3	241.3	1790,350,19,14	309.9	39.4688187	73.5894165	6095.6
342	28.0	28.0	28.0	1823,953,10,16	309.7	39.4688172	73.5894172	6095.6
343	103.1	103.1	107.1	199,769,18,15	309.0	39.4688181	73.5894171	6095.6
344	132.2	128.2	132.2	1282,273,9,14	306.3	39.4688177	73.5894176	6095.6
345	193.3	193.3	197.3	1457,369,14,8	306.2	39.4688177	73.5894173	6095.6
346	151.2	151.2	160.2	697,745,16,8	305.5	39.4688177	73.5894165	6095.5
347	143.2	143.2	145.2	80,923,11,22	304.9	39.4688185	73.5894153	6095.6
348	174.2	174.2	177.2	783,433,13,9	302.7	39.4688171	73.5894164	6095.6
349	164.2	164.2	164.2	641,211,25,7	301.9	39.4688175	73.5894163	6095.6
350	107.1	107.1	110.2	1727,395,18,8	301.6	39.4688171	73.5894186	6095.6
351	179.2	175.2	180.3	715,801,11,12	300.0	39.4688164	73.5894156	6095.5
352	175.2	175.2	176.2	1369,873,10,18	299.8	39.4688171	73.5894162	6095.6
353	87.1	85.1	87.1	529,737,8,16	298.0	39.4688185	73.5894177	6095.6
354	76.1	71.1	76.1	721,361,16,16	297.8	39.4688174	73.5894170	6095.6
355	15.0	15.0	15.0	833,690,16,15	296.9	39.4688171	73.5894181	6095.6
356	18.0	18.0	22.0	1215,527,24,18	296.7	39.4688176	73.5894180	6095.6
357	107.1	107.1	108.2	1631,375,10,10	296.5	39.4688171	73.5894186	6095.6
358	183.3	183.3	183.3	9,424,16,9	295.0	39.4688175	73.5894167	6095.7
359	191.3	191.3	191.3	1683,1032,10,9	295.0	39.4688171	73.5894164	6095.5
360	100.1	100.1	100.1	1507,0,12,7	293.6	39.4688178	73.5894178	6095.6
361	174.2	174.2	174.2	1097,541,10,10	293.2	39.4688171	73.5894164	6095.6
362	145.2	145.2	145.2	185,835,8,10	291.5	39.4688182	73.5894154	6095.5
363	39.1	39.1	39.1	1905,529,15,8	291.3	39.4688179	73.5894174	6095.7
364	217.3	212.3	218.3	598,543,18,7	291.3	39.4688184	73.5894170	6095.6
365	204.3	204.3	204.3	1557,777,12,11	290.7	39.4688171	73.5894168	6095.6
366	8.0	7.0	10.0	1374,1048,8,28	290.5	39.4688177	73.5894178	6095.7
367	85.1	85.1	85.1	652,673,17,9	290.3	39.4688177	73.5894167	6095.6
368	93.1	90.1	94.1	371,553,12,8	290.3	39.4688172	73.5894177	6095.6
369	77.1	77.1	82.1	806,407,11,12	287.5	39.4688170	73.5894169	6095.6
370	252.4	252.4	254.4	617,693,22,10	285.2	39.4688174	73.5894162	6095.5
371	108.2	108.2	111.2	1803,203,6,18	284.5	39.4688173	73.5894179	6095.6
372	14.0	14.0	14.0	155,543,26,12	283.5	39.4688175	73.5894182	6095.7
373	116.2	116.2	116.2	1503,561,10,10	282.2	39.4688174	73.5894185	6095.6
374	84.1	84.1	84.1	897,379,8,19	281.7	39.4688176	73.5894170	6095.6
375	62.1	57.1	62.1	1893,182,12,11	281.4	39.4688171	73.5894154	6095.5
376	92.1	90.1	92.1	1523,0,12,7	280.7	39.4688180	73.5894171	6095.6
377	233.3	227.3	234.3	1028,607,15,9	279.0	39.4688180	73.5894165	6095.6
378	150.2	150.2	154.2	403,915,12,6	276.8	39.4688177	73.5894163	6095.5
379	73.1	70.1	73.1	697,449,6,16	276.4	39.4688174	73.5894173	6095.6
380	221.3	221.3	226.3	525,565,19,9	276.0	39.4688183	73.5894168	6095.6
381	233.3	224.3	233.3	1169,589,16,8	275.9	39.4688180	73.5894165	6095.6
382	8.0	7.0	10.0	862,571,19,7	275.7	39.4688177	73.5894178	6095.7
383	78.1	77.1	78.1	689,273,8,14	274.1	39.4688168	73.5894171	6095.6
384	120.2	120.2	120.2	801,259,24,6	274.0	39.4688180	73.5894176	6095.6
385	148.2	147.2	153.2	647,787,8,12	273.5	39.4688185	73.5894149	6095.6
386	209.3	207.3	213.3	1752,311,25,4	273.1	39.4688176	73.5894179	6095.5
387	179.2	179.2	179.2	983,517,18,8	272.7	39.4688164	73.5894156	6095.5
388	120.2	120.2	120.2	109,749,14,20	272.1	39.4688180	73.5894176	6095.6
389	184.3	184.3	187.3	1393,8,9,9	272.0	39.4688168	73.5894161	6095.6
390	193.3	193.3	194.3	1385,420,8,13	272.0	39.4688177	73.5894173	6095.6
391	183.3	183.3	183.3	962,377,15,8	271.9	39.4688175	73.5894167	6095.7
392	118.2	118.2	118.2	1657,509,16,10	271.1	39.4688183	73.5894179	6095.6
393	145.2	145.2	145.2	279,819,8,14	268.9	39.4688182	73.5894154	6095.5
394	114.2	114.2	114.2	89,597,14,12	268.5	39.4688170	73.5894179	6095.6
395	153.2	151.2	154.2	753,1028,24,13	268.4	39.4688171	73.5894161	6095.5
396	113.2	113.2	113.2	247,93,10,28	268.3	39.4688166	73.5894193	6095.6
397	146.2	146.2	148.2	1425,781,17,5	267.7	39.4688183	73.5894171	6095.6
398	163.2	162.2	163.2	1713,731,16,6	266.5	39.4688179	73.5894160	6095.6
399	247.3	246.3	247.3	689,177,24,4	265.2	39.4688175	73.5894164	6095.6
400	171.2	170.2	171.2	1760,73,17,5	265.1	39.4688173	73.5894170	6095.6
401	162.2	156.2	162.2	1689,783,15,10	263.8	39.4688179	73.5894163	6095.6
402	97.1	97.1	97.1	756,1058,12,12	263.0	39.4688176	73.5894183	6095.6
403	114.2	114.2	114.2	0,609,8,12	262.8	39.4688170	73.5894179	6095.6
404	81.1	80.1	83.1	347,705,6,22	262.5	39.4688180	73.5894175	6095.6
405	63.1	63.1	63.1	945,1075,16,5	261.7	39.4688176	73.5894158	6095.5
406	240.3	240.3	246.3	227,409,19,8	261.6	39.4688187	73.5894165	6095.6
407	114.2	114.2	114.2	497,83,16,14	261.0	39.4688170	73.5894179	6095.6
408	210.3	210.3	210.3	49,791,12,10	261.0	39.4688181	73.5894171	6095.6
409	120.2	120.2	120.2	17,672,12,9	260.4	39.4688180	73.5894176	6095.6
410	154.2	151.2	157.2	761,1062,18,11	260.4	39.4688165	73.5894163	6095.6
411	74.1	74.1	74.1	425,609,6,16	259.7	39.4688170	73.5894173	6095.6
412	119.2	119.2	119.2	169,203,12,10	259.4	39.4688179	73.5894183	6095.6
413	92.1	91.1	92.1	577,709,16,6	259.2	39.4688180	73.5894171	6095.6
414	185.3	185.3	187.3	1763,449,13,12	259.1	39.4688168	73.5894166	6095.6
415	90.1	85.1	90.1	817,217,14,7	258.8	39.4688179	73.5894162	6095.6
416	103.1	103.1	106.1	1249,275,14,8	258.8	39.4688181	73.5894171	6095.6
417	80.1	80.1	80.1	33,1041,10,18	258.5	39.4688181	73.5894175	6095.6
418	178.2	178.2	179.2	1177,805,12,12	258.1	39.4688175	73.5894164	6095.6
419	153.2	151.2	153.2	697,901,8,12	257.9	39.4688171	73.5894161	6095.5
420	229.3	228.3	234.3	497,539,16,6	257.2	39.4688170	73.5894167	6095.6
421	115.2	115.2	115.2	1806,493,14,14	257.0	39.4688173	73.5894185	6095.5
422	149.2	147.2	149.2	705,841,9,19	256.3	39.4688176	73.5894156	6095.6
423	66.1	62.1	69.1	1073,174,24,9	255.9	39.4688176	73.5894165	6095.6
424	114.2	114.2	114.2	545,360,10,9	255.5	39.4688170	73.5894179	6095.6
425	197.3	197.3	202.3	673,457,24,7	255.5	39.4688175	73.5894170	6095.5
426	115.2	115.2	115.2	1647,83,18,8	255.4	39.4688173	73.5894185	6095.5
427	70.1	70.1	70.1	73,985,5,16	255.1	39.4688171	73.5894176	6095.6
428	109.2	109.2	109.2	1041,511,8,10	253.1	39.4688172	73.5894175	6095.6
429	142.2	135.2	143.2	1011,435,12,6	252.4	39.4688183	73.5894156	6095.6
430	153.2	148.2	153.2	1328,1027,7,12	251.4	39.4688171	73.5894161	6095.5
431	88.1	88.1	88.1	1295,231,10,10	251.3	39.4688185	73.5894166	6095.6
432	236.3	231.3	239.3	1358,483,19,6	251.3	39.4688169	73.5894169	6095.6
433	136.2	127.2	137.2	1789,387,10,16	249.5	39.4688175	73.5894172	6095.5
434	132.2	132.2	139.2	355,681,12,6	247.3	39.4688177	73.5894176	6095.6
435	77.1	77.1	77.1	391,329,17,8	247.0	39.4688170	73.5894169	6095.6
436	103.1	103.1	112.2	938,471,11,9	246.5	39.4688181	73.5894171	6095.6
437	164.2	150.2	167.2	1587,515,25,4	246.2	39.4688175	73.5894163	6095.6
438	91.1	89.1	92.1	25,907,8,12	245.3	39.4688182	73.5894167	6095.5
439	157.2	157.2	162.2	801,845,8,10	245.3	39.4688174	73.5894162	6095.6
440	247.3	246.3	247.3	1399,329,10,8	245.1	39.4688175	73.5894164	6095.6
441	158.2	150.2	160.2	1259,734,10,11	244.7	39.4688187	73.5894162	6095.6
442	115.2	115.2	115.2	97,297,12,10	244.4	39.4688173	73.5894185	6095.5
443	194.3	194.3	194.3	1770,889,11,8	243.7	39.4688175	73.5894166	6095.5
444	207.3	204.3	210.3	689,377,16,4	243.7	39.4688176	73.5894159	6095.6
445	88.1	87.1	90.1	601,609,8,8	243.5	39.4688185	73.5894166	6095.6
446	92.1	92.1	92.1	1027,234,13,7	243.5	39.4688180	73.5894171	6095.6
447	193.3	193.3	193.3	1665,297,16,8	243.1	39.4688177	73.5894173	6095.6
448	120.2	120.2	120.2	337,577,12,20	242.9	39.4688180	73.5894176	6095.6
449	150.2	150.2	152.2	913,934,8,13	241.8	39.4688177	73.5894163	6095.5
450	163.2	158.2	164.2	810,845,13,12	241.4	39.4688179	73.5894160	6095.6
451	249.3	249.3	249.3	1693,698,15,15	240.0	39.4688184	73.5894161	6095.5
452	173.2	173.2	173.2	1061,193,8,15	239.8	39.4688172	73.5894164	6095.6
453	120.2	120.2	120.2	585,205,8,12	239.6	39.4688180	73.5894176	6095.6
454	119.2	119.2	119.2	599,105,18,8	238.6	39.4688179	73.5894183	6095.6
455	89.1	89.1	89.1	502,435,17,10	237.9	39.4688182	73.5894157	6095.6
456	118.2	118.2	118.2	477,855,12,12	237.8	39.4688183	73.5894179	6095.6
457	97.1	97.1	97.1	818,985,18,7	237.2	39.4688176	73.5894183	6095.6
458	66.1	64.1	66.1	982,537,9,8	236.8	39.4688176	73.5894165	6095.6
459	78.1	78.1	78.1	969,377,6,22	236.8	39.4688168	73.5894171	6095.6
460	181.3	180.3	181.3	1108,753,7,12	236.8	39.4688161	73.5894158	6095.6
461	102.1	102.1	102.1	65,1049,8,8	236.1	39.4688179	73.5894182	6095.6
462	210.3	210.3	210.3	145,753,12,10	235.9	39.4688181	73.5894171	6095.6
463	97.1	97.1	100.1	1849,721,8,8	235.0	39.4688176	73.5894183	6095.6
464	73.1	73.1	74.1	115,647,14,15	234.3	39.4688174	73.5894173	6095.6
465	120.2	120.2	120.2	459,411,12,9	234.2	39.4688180	73.5894176	6095.6
466	172.2	172.2	172.2	1650,177,10,17	232.9	39.4688173	73.5894165	6095.6
467	213.3	212.3	213.3	85,423,12,6	232.7	39.4688183	73.5894166	6095.6
468	232.3	232.3	235.3	951,411,8,13	231.8	39.4688173	73.5894171	6095.5
469	71.1	71.1	71.1	441,495,8,10	230.9	39.4688170	73.5894178	6095.6
470	4.0	3.0	7.0	905,81,12,12	229.8	39.4688174	73.5894187	6095.7
471	118.2	117.2	123.2	1713,801,11,8	228.7	39.4688183	73.5894179	6095.6
472	188.3	188.3	191.3	33,609,12,6	228.7	39.4688175	73.5894163	6095.6
473	116.2	116.2	116.2	961,77,8,20	228.6	39.4688174	73.5894185	6095.6
474	111.2	109.2	111.2	993,849,9,8	228.4	39.4688178	73.5894177	6095.6
475	140.2	140.2	144.2	674,743,13,6	228.4	39.4688176	73.5894157	6095.6
476	166.2	166.2	167.2	1329,915,16,4	227.7	39.4688174	73.5894161	6095.6
477	62.1	61.1	71.1	209,651,16,6	227.3	39.4688171	73.5894154	6095.5
478	154.2	150.2	156.2	1459,353,20,10	227.0	39.4688165	73.5894163	6095.6
479	59.1	59.1	59.1	1513,209,13,8	226.0	39.4688172	73.5894176	6095.5
480	145.2	145.2	145.2	385,752,8,9	225.1	39.4688182	73.5894154	6095.5
481	172.2	169.2	172.2	1779,65,6,16	224.7	39.4688173	73.5894165	6095.6
482	79.1	79.1	80.1	0,677,5,20	224.5	39.4688174	73.5894171	6095.6
483	7.0	3.0	8.0	541,766,8,11	224.4	39.4688177	73.5894178	6095.7
484	143.2	143.2	145.2	77,801,8,8	223.6	39.4688185	73.5894153	6095.6
485	224.3	216.3	230.3	857,505,26,8	223.4	39.4688179	73.5894171	6095.6
486	125.2	123.2	128.2	354,606,7,11	223.1	39.4688177	73.5894191	6095.6
487	166.2	163.2	166.2	1729,349,6,20	223.1	39.4688174	73.5894161	6095.6
488	97.1	97.1	97.1	1914,978,6,15	223.0	39.4688176	73.5894183	6095.6
489	102.1	102.1	102.1	613,377,8,9	220.8	39.4688179	73.5894182	6095.6
490	119.2	119.2	119.2	341,951,8,12	220.4	39.4688179	73.5894183	6095.6
491	243.3	243.3	247.3	167,897,9,12	220.2	39.4688179	73.5894162	6095.5
492	194.3	192.3	194.3	1742,636,12,12	220.1	39.4688175	73.5894166	6095.5
493	170.2	169.2	170.2	1513,737,4,12	219.2	39.4688174	73.5894166	6095.6
494	171.2	168.2	172.2	841,309,10,14	218.9	39.4688173	73.5894170	6095.6
495	132.2	132.2	132.2	1337,143,8,12	218.3	39.4688177	73.5894176	6095.6
496	76.1	73.1	76.1	513,737,7,16	218.1	39.4688174	73.5894170	6095.6
497	65.1	64.1	65.1	897,25,14,8	218.0	39.4688175	73.5894163	6095.6
498	210.3	207.3	213.3	273,609,8,8	217.8	39.4688181	73.5894171	6095.6
499	58.1	58.1	58.1	389,777,12,8	217.4	39.4688172	73.5894174	6095.5
500	227.3	221.3	231.3	1001,457,10,10	217.2	39.4688168	73.5894167	6095.6
501	79.1	79.1	83.1	932,887,8,10	217.0	39.4688174	73.5894171	6095.6
502	103.1	103.1	108.2	851,531,12,6	216.7	39.4688181	73.5894171	6095.6
503	142.2	142.2	145.2	0,1003,8,12	216.6	39.4688183	73.5894156	6095.6
504	91.1	85.1	93.1	688,225,24,4	216.3	39.4688182	73.5894167	6095.5
505	93.1	91.1	93.1	649,815,12,12	215.0	39.4688172	73.5894177	6095.6
506	140.2	140.2	140.2	1839,445,6,18	214.9	39.4688176	73.5894157	6095.6
507	166.2	165.2	166.2	1895,433,10,8	214.7	39.4688174	73.5894161	6095.6
508	183.3	182.3	183.3	842,610,8,12	214.4	39.4688175	73.5894167	6095.7
509	84.1	84.1	84.1	929,277,16,10	214.1	39.4688176	73.5894170	6095.6
510	218.3	215.3	218.3	1825,250,8,7	213.8	39.4688184	73.5894173	6095.6
511	173.2	173.2	173.2	974,592,11,9	213.2	39.4688172	73.5894164	6095.6
512	170.2	170.2	170.2	1707,513,6,10	213.0	39.4688174	73.5894166	6095.6
513	84.1	84.1	84.1	1199,185,8,13	212.8	39.4688176	73.5894170	6095.6
514	238.3	238.3	239.3	595,359,30,3	212.5	39.4688174	73.5894172	6095.6
515	78.1	77.1	78.1	515,667,14,5	212.4	39.4688168	73.5894171	6095.6
516	240.3	240.3	243.3	779,391,34,2	210.8	39.4688187	73.5894165	6095.6
517	28.0	26.0	28.0	463,311,8,17	210.2	39.4688172	73.5894172	6095.6
518	102.1	102.1	102.1	736,89,7,14	210.1	39.4688179	73.5894182	6095.6
519	184.3	184.3	185.3	1545,870,8,11	210.1	39.4688168	73.5894161	6095.6
520	183.3	183.3	183.3	1041,937,8,8	210.0	39.4688175	73.5894167	6095.7
521	55.1	54.1	55.1	48,988,5,19	209.8	39.4688177	73.5894179	6095.6
522	147.2	147.2	148.2	1433,646,8,11	209.6	39.4688176	73.5894171	6095.5
523	120.2	119.2	120.2	705,463,15,12	208.9	39.4688180	73.5894176	6095.6
524	247.3	246.3	248.3	1482,355,29,4	208.7	39.4688175	73.5894164	6095.6
525	77.1	77.1	79.1	437,599,7,20	208.6	39.4688170	73.5894169	6095.6
526	37.1	37.1	37.1	1907,497,13,10	208.4	39.4688170	73.5894169	6095.8
527	120.2	120.2	120.2	1867,53,10,12	207.8	39.4688180	73.5894176	6095.6
528	140.2	140.2	140.2	1481,584,8,9	207.7	39.4688176	73.5894157	6095.6
529	4.0	0.0	4.0	1884,824,7,9	207.3	39.4688174	73.5894187	6095.7
530	152.2	150.2	154.2	769,1047,12,10	207.3	39.4688175	73.5894168	6095.6
531	79.1	79.1	83.1	17,551,8,10	206.7	39.4688174	73.5894171	6095.6
532	110.2	110.2	110.2	1233,363,12,14	205.6	39.4688174	73.5894181	6095.6
533	73.1	73.1	76.1	73,957,11,12	205.5	39.4688174	73.5894173	6095.6
534	130.2	130.2	130.2	237,675,12,12	205.0	39.4688179	73.5894182	6095.6
535	74.1	70.1	74.1	739,491,14,4	204.2	39.4688170	73.5894173	6095.6
536	179.2	179.2	182.3	1029,747,16,11	203.9	39.4688164	73.5894156	6095.5
537	83.1	79.1	84.1	793,219,14,10	203.7	39.4688174	73.5894175	6095.6
538	183.3	182.3	185.3	1320,226,6,12	203.0	39.4688175	73.5894167	6095.7
539	207.3	207.3	207.3	1023,1009,10,6	202.6	39.4688176	73.5894159	6095.6
540	247.3	247.3	247.3	11,168,22,7	202.6	39.4688175	73.5894164	6095.6
541	113.2	113.2	113.2	233,839,12,8	202.2	39.4688166	73.5894193	6095.6
542	179.2	179.2	179.2	669,795,6,15	202.1	39.4688164	73.5894156	6095.5
543	158.2	157.2	160.2	1224,1020,9,13	201.3	39.4688187	73.5894162	6095.6
544	160.2	159.2	160.2	1843,641,6,14	201.3	39.4688171	73.5894160	6095.6
545	119.2	119.2	119.2	11,247,8,9	200.5	39.4688179	73.5894183	6095.6
546	20.0	18.0	22.0	1575,359,9,9	200.3	39.4688184	73.5894174	6095.7
547	90.1	90.1	90.1	311,647,10,10	199.9	39.4688179	73.5894162	6095.6
548	113.2	113.2	113.2	177,27,16,6	199.1	39.4688166	73.5894193	6095.6
549	83.1	83.1	84.1	119,1017,10,8	198.9	39.4688174	73.5894175	6095.6
550	116.2	116.2	116.2	253,241,8,25	198.3	39.4688174	73.5894185	6095.6
551	51.1	50.1	51.1	1849,341,8,12	198.1	39.4688171	73.5894179	6095.6
552	243.3	242.3	248.3	649,326,8,10	197.8	39.4688179	73.5894162	6095.5
553	83.1	83.1	83.1	1729,187,7,16	197.1	39.4688174	73.5894175	6095.6
554	13.0	13.0	13.0	25,417,14,8	196.5	39.4688174	73.5894177	6095.7
555	142.2	142.2	142.2	1377,83,14,4	196.3	39.4688183	73.5894156	6095.6
556	220.3	220.3	224.3	919,457,10,8	196.0	39.4688182	73.5894171	6095.6
557	180.3	180.3	180.3	969,641,8,8	195.9	39.4688176	73.5894178	6095.7
558	119.2	119.2	119.2	225,759,8,12	195.7	39.4688179	73.5894183	6095.6
559	114.2	114.2	114.2	923,467,12,4	194.5	39.4688170	73.5894179	6095.6
560	89.1	89.1	94.1	707,742,12,9	194.4	39.4688182	73.5894157	6095.6
561	39.1	39.1	39.1	167,819,12,14	193.7	39.4688179	73.5894174	6095.7
562	83.1	82.1	83.1	553,75,16,4	193.2	39.4688174	73.5894175	6095.6
563	172.2	171.2	172.2	1910,105,3,22	192.8	39.4688173	73.5894165	6095.6
564	148.2	148.2	148.2	1426,185,20,10	191.9	39.4688185	73.5894149	6095.6
565	90.1	90.1	91.1	771,873,14,4	191.8	39.4688179	73.5894162	6095.6
566	4.0	3.0	6.0	961,185,10,8	191.1	39.4688174	73.5894187	6095.7
567	251.3	251.3	254.4	146,81,9,7	191.1	39.4688174	73.5894167	6095.5
568	199.3	191.3	204.3	1489,381,32,4	190.7	39.4688177	73.5894176	6095.6
569	71.1	71.1	71.1	1025,337,6,16	190.5	39.4688170	73.5894178	6095.6
570	54.1	53.1	54.1	235,843,13,10	190.3	39.4688173	73.5894174	6095.6
571	155.2	155.2	155.2	1137,1049,8,15	189.7	39.4688155	73.5894149	6095.6
572	92.1	88.1	93.1	561,453,16,8	189.3	39.4688180	73.5894171	6095.6
573	149.2	149.2	149.2	1417,359,8,10	189.2	39.4688176	73.5894156	6095.6
574	101.1	101.1	101.1	7,91,10,12	187.1	39.4688179	73.5894181	6095.6
575	197.3	197.3	197.3	1489,529,8,8	186.8	39.4688175	73.5894170	6095.5
576	77.1	77.1	77.1	328,589,9,6	186.7	39.4688170	73.5894169	6095.6
577	163.2	161.2	165.2	1358,706,14,6	186.0	39.4688179	73.5894160	6095.6
578	216.3	213.3	216.3	1697,299,16,6	185.9	39.4688181	73.5894169	6095.6
579	253.4	253.4	254.4	1749,1058,12,8	185.9	39.4688174	73.5894162	6095.6
580	11.0	11.0	11.0	1233,593,8,12	185.6	39.4688176	73.5894178	6095.6
581	58.1	58.1	58.1	1138,481,15,8	185.3	39.4688172	73.5894174	6095.5
582	100.1	100.1	100.1	395,687,9,8	184.7	39.4688178	73.5894178	6095.6
583	0.0	0.0	1.0	1321,69,24,6	183.6	39.4688169	73.5894192	6095.6
584	64.1	61.1	67.1	641,657,8,6	183.6	39.4688176	73.5894165	6095.5
585	117.2	117.2	119.2	1562,913,8,13	183.5	39.4688179	73.5894186	6095.6
586	28.0	27.0	28.0	1889,811,11,12	181.9	39.4688172	73.5894172	6095.6
587	64.1	64.1	67.1	971,413,15,8	181.8	39.4688176	73.5894165	6095.5
588	128.2	128.2	128.2	1121,439,8,10	181.6	39.4688173	73.5894192	6095.6
589	80.1	80.1	80.1	1895,177,6,16	181.3	39.4688181	73.5894175	6095.6
590	85.1	85.1	85.1	705,470,15,7	179.7	39.4688177	73.5894167	6095.6
591	114.2	114.2	114.2	141,275,4,12	179.7	39.4688170	73.5894179	6095.6
592	41.1	41.1	41.1	1803,291,18,8	179.3	39.4688173	73.5894170	6095.6
593	30.0	30.0	32.0	172,423,13,10	178.9	39.4688178	73.5894169	6095.7
594	213.3	211.3	213.3	1597,155,8,6	178.8	39.4688183	73.5894166	6095.6
595	51.1	51.1	51.1	1809,573,14,4	178.4	39.4688171	73.5894179	6095.6
596	79.1	77.1	83.1	85,569,8,8	178.0	39.4688174	73.5894171	6095.6
597	125.2	125.2	125.2	131,705,8,10	178.0	39.4688177	73.5894191	6095.6
598	114.2	114.2	114.2	439,187,8,12	177.7	39.4688170	73.5894179	6095.6
599	199.3	199.3	200.3	1329,428,12,5	177.2	39.4688177	73.5894176	6095.6
600	213.3	213.3	213.3	29,453,12,6	177.0	39.4688183	73.5894166	6095.6
601	166.2	165.2	166.2	738,57,15,8	176.8	39.4688174	73.5894161	6095.6
602	90.1	90.1	90.1	1353,131,14,4	176.6	39.4688179	73.5894162	6095.6
603	139.2	139.2	142.2	659,611,5,14	176.6	39.4688165	73.5894160	6095.7
604	15.0	14.0	15.0	1225,524,8,13	176.0	39.4688171	73.5894181	6095.6
605	3.0	2.0	6.0	794,233,11,8	175.5	39.4688176	73.5894190	6095.7
606	124.2	124.2	124.2	370,575,8,10	175.3	39.4688183	73.5894184	6095.5
607	44.1	42.1	49.1	635,370,26,8	175.0	39.4688172	73.5894168	6095.6
608	161.2	155.2	161.2	1799,991,12,8	174.9	39.4688174	73.5894163	6095.6
609	62.1	58.1	62.1	1349,177,12,8	174.6	39.4688171	73.5894154	6095.5
610	74.1	70.1	74.1	715,711,10,10	173.5	39.4688170	73.5894173	6095.6
611	77.1	77.1	81.1	891,57,16,6	173.3	39.4688170	73.5894169	6095.6
612	85.1	85.1	85.1	76,915,13,7	173.3	39.4688177	73.5894167	6095.6
613	89.1	88.1	89.1	331,499,4,12	173.2	39.4688182	73.5894157	6095.6
614	187.3	187.3	187.3	1224,412,11,7	172.9	39.4688174	73.5894159	6095.6
615	97.1	97.1	97.1	1833,1014,8,8	172.8	39.4688176	73.5894183	6095.6
616	113.2	113.2	114.2	267,21,6,12	172.7	39.4688166	73.5894193	6095.6
617	17.0	17.0	21.0	1688,538,15,4	172.5	39.4688175	73.5894180	6095.7
618	8.0	8.0	8.0	1074,673,8,8	172.1	39.4688177	73.5894178	6095.7
619	148.2	147.2	148.2	1387,558,8,13	172.1	39.4688185	73.5894149	6095.6
620	66.1	61.1	66.1	1763,29,11,7	172.0	39.4688176	73.5894165	6095.6
621	118.2	118.2	118.2	337,813,4,12	171.8	39.4688183	73.5894179	6095.6
622	121.2	121.2	121.2	1233,143,14,6	171.7	39.4688182	73.5894179	6095.6
623	94.1	94.1	94.1	891,833,6,8	171.0	39.4688177	73.5894176	6095.6
624	85.1	85.1	88.1	1082,345,12,8	170.6	39.4688177	73.5894167	6095.6
625	49.1	48.1	49.1	1909,305,11,8	169.9	39.4688179	73.5894173	6095.6
626	11.0	11.0	11.0	1621,943,16,9	169.7	39.4688176	73.5894178	6095.6
627	121.2	121.2	134.2	1111,567,10,10	168.5	39.4688182	73.5894179	6095.6
628	67.1	63.1	67.1	1057,564,6,10	168.0	39.4688182	73.5894161	6095.6
629	128.2	123.2	134.2	1411,471,12,8	168.0	39.4688173	73.5894192	6095.6
630	54.1	54.1	54.1	483,712,10,9	167.4	39.4688173	73.5894174	6095.6
631	119.2	119.2	119.2	95,379,8,10	167.3	39.4688179	73.5894183	6095.6
632	145.2	143.2	145.2	593,665,8,12	167.1	39.4688182	73.5894154	6095.5
633	102.1	102.1	102.1	442,387,7,10	167.0	39.4688179	73.5894182	6095.6
634	91.1	91.1	91.1	689,483,16,5	166.0	39.4688182	73.5894167	6095.5
635	170.2	169.2	171.2	1473,331,5,13	166.0	39.4688174	73.5894166	6095.6
636	114.2	114.2	114.2	1081,995,14,4	165.6	39.4688170	73.5894179	6095.6
637	83.1	83.1	87.1	65,985,10,8	164.9	39.4688174	73.5894175	6095.6
638	110.2	108.2	110.2	1185,393,8,8	164.4	39.4688174	73.5894181	6095.6
639	107.1	106.1	107.1	513,711,12,8	163.6	39.4688171	73.5894186	6095.6
640	86.1	85.1	86.1	599,695,9,9	163.3	39.4688180	73.5894171	6095.6
641	181.3	181.3	184.3	1209,33,8,7	162.9	39.4688161	73.5894158	6095.6
642	22.0	21.0	22.0	283,452,10,7	162.4	39.4688179	73.5894181	6095.7
643	172.2	172.2	172.2	0,0,14,5	161.8	39.4688173	73.5894165	6095.6
644	142.2	142.2	142.2	676,721,11,7	161.5	39.4688183	73.5894156	6095.6
645	175.2	175.2	175.2	249,942,12,7	161.4	39.4688171	73.5894162	6095.6
646	15.0	14.0	15.0	57,465,6,16	161.0	39.4688171	73.5894181	6095.6
647	77.1	77.1	78.1	81,1047,6,12	160.9	39.4688170	73.5894169	6095.6
648	66.1	58.1	66.1	1313,395,14,4	160.0	39.4688176	73.5894165	6095.6
649	28.0	26.0	28.0	1348,361,8,10	159.5	39.4688172	73.5894172	6095.6
650	103.1	103.1	105.1	1313,265,8,7	159.5	39.4688181	73.5894171	6095.6
651	78.1	77.1	79.1	47,967,7,13	159.3	39.4688168	73.5894171	6095.6
652	58.1	58.1	59.1	1217,382,15,7	159.0	39.4688172	73.5894174	6095.5
653	238.3	238.3	238.3	137,345,24,2	159.0	39.4688174	73.5894172	6095.6
654	183.3	183.3	183.3	493,138,12,7	158.9	39.4688175	73.5894167	6095.7
655	89.1	89.1	89.1	487,833,10,12	158.7	39.4688182	73.5894157	6095.6
656	24.0	18.0	24.0	633,391,15,10	158.1	39.4688177	73.5894180	6095.7
657	13.0	13.0	13.0	97,551,2,20	157.4	39.4688174	73.5894177	6095.7
658	114.2	114.2	114.2	823,23,10,6	156.9	39.4688170	73.5894179	6095.6
659	111.2	111.2	111.2	809,841,8,8	156.8	39.4688178	73.5894177	6095.6
660	62.1	60.1	62.1	1409,387,14,4	156.6	39.4688171	73.5894154	6095.5
661	8.0	8.0	8.0	99,764,21,5	156.5	39.4688177	73.5894178	6095.7
662	78.1	78.1	78.1	633,385,7,9	155.9	39.4688168	73.5894171	6095.6
663	228.3	226.3	228.3	1711,1005,18,5	155.9	39.4688165	73.5894167	6095.6
664	240.3	240.3	240.3	1209,393,16,6	155.9	39.4688187	73.5894165	6095.6
665	194.3	192.3	194.3	1897,705,8,12	155.7	39.4688175	73.5894166	6095.5
666	135.2	135.2	139.2	1421,305,6,12	155.5	39.4688176	73.5894179	6095.5
667	51.1	51.1	51.1	0,1025,9,8	155.2	39.4688171	73.5894179	6095.6
668	24.0	18.0	24.0	613,571,10,13	154.6	39.4688177	73.5894180	6095.7
669	77.1	77.1	77.1	537,315,8,8	154.3	39.4688170	73.5894169	6095.6
670	119.2	119.2	124.2	1433,1057,8,8	154.0	39.4688179	73.5894183	6095.6
671	114.2	114.2	114.2	264,173,5,20	153.5	39.4688170	73.5894179	6095.6
672	193.3	192.3	193.3	1907,585,13,8	153.1	39.4688177	73.5894173	6095.6
673	17.0	17.0	18.0	1366,814,20,6	152.6	39.4688175	73.5894180	6095.7
674	146.2	146.2	146.2	1283,953,14,4	151.2	39.4688183	73.5894171	6095.6
675	60.1	60.1	60.1	1702,89,11,8	151.1	39.4688178	73.5894173	6095.6
676	119.2	119.2	119.2	177,813,6,8	151.1	39.4688179	73.5894183	6095.6
677	34.0	32.0	35.0	49,325,8,8	151.0	39.4688184	73.5894174	6095.7
678	26.0	26.0	28.0	1330,1025,9,11	150.8	39.4688179	73.5894175	6095.6
679	94.1	94.1	94.1	973,852,4,13	150.1	39.4688177	73.5894176	6095.6
680	57.1	57.1	57.1	1844,107,13,4	149.4	39.4688175	73.5894181	6095.5
681	83.1	83.1	83.1	7,489,10,10	149.3	39.4688174	73.5894175	6095.6
682	140.2	140.2	142.2	1615,465,8,8	149.3	39.4688176	73.5894157	6095.6
683	67.1	63.1	67.1	660,429,13,7	148.9	39.4688182	73.5894161	6095.6
684	194.3	191.3	196.3	353,475,16,4	148.1	39.4688175	73.5894166	6095.5
685	45.1	43.1	51.1	1894,337,19,8	148.0	39.4688174	73.5894170	6095.7
686	224.3	224.3	231.3	1105,457,12,4	148.0	39.4688179	73.5894171	6095.6
687	235.3	232.3	235.3	654,343,19,3	147.6	39.4688173	73.5894167	6095.5
688	82.1	82.1	82.1	97,353,8,8	147.3	39.4688177	73.5894176	6095.6
689	119.2	119.2	119.2	243,703,11,10	147.1	39.4688179	73.5894183	6095.6
690	83.1	83.1	84.1	737,369,8,6	146.9	39.4688174	73.5894175	6095.6
691	112.2	112.2	112.2	791,313,10,4	146.7	39.4688171	73.5894187	6095.6
692	57.1	57.1	57.1	1748,265,13,8	146.5	39.4688175	73.5894181	6095.5
693	102.1	102.1	102.1	623,223,8,8	146.4	39.4688179	73.5894182	6095.6
694	10.0	8.0	11.0	1193,433,5,8	145.6	39.4688177	73.5894179	6095.7
695	245.3	241.3	245.3	1545,337,12,6	145.5	39.4688175	73.5894161	6095.6
696	215.3	197.3	216.3	1565,359,12,10	145.4	39.4688177	73.5894168	6095.6
697	80.1	80.1	80.1	305,998,5,15	145.3	39.4688181	73.5894175	6095.6
698	56.1	56.1	56.1	921,394,8,7	144.8	39.4688176	73.5894173	6095.6
699	110.2	110.2	110.2	1395,239,14,6	144.8	39.4688174	73.5894181	6095.6
700	72.1	71.1	73.1	211,505,10,8	144.6	39.4688171	73.5894176	6095.6
701	5.0	5.0	6.0	1217,0,8,9	144.5	39.4688176	73.5894184	6095.7
702	100.1	100.1	100.1	307,535,12,10	144.2	39.4688178	73.5894178	6095.6
703	102.1	102.1	102.1	727,414,6,11	143.7	39.4688179	73.5894182	6095.6
704	181.3	181.3	181.3	1095,859,10,6	143.6	39.4688161	73.5894158	6095.6
705	0.0	0.0	0.0	289,313,14,4	143.1	39.4688169	73.5894192	6095.6
706	84.1	84.1	84.1	962,224,13,10	143.1	39.4688176	73.5894170	6095.6
707	78.1	78.1	78.1	665,0,8,5	142.8	39.4688168	73.5894171	6095.6
708	191.3	191.3	191.3	65,570,14,5	142.8	39.4688171	73.5894164	6095.5
709	103.1	103.1	105.1	1770,534,9,8	142.7	39.4688181	73.5894171	6095.6
710	193.3	193.3	193.3	1521,333,12,4	142.7	39.4688177	73.5894173	6095.6
711	90.1	90.1	90.1	1387,211,4,11	142.5	39.4688179	73.5894162	6095.6
712	164.2	162.2	164.2	1742,650,7,11	142.5	39.4688175	73.5894163	6095.6
713	226.3	224.3	227.3	657,563,8,12	142.2	39.4688173	73.5894169	6095.6
714	110.2	110.2	110.2	1553,81,8,8	142.1	39.4688174	73.5894181	6095.6
715	166.2	166.2	166.2	676,75,13,6	141.9	39.4688174	73.5894161	6095.6
716	165.2	164.2	165.2	435,93,11,4	141.8	39.4688175	73.5894161	6095.6
717	180.3	180.3	180.3	1281,81,13,3	141.8	39.4688176	73.5894178	6095.7
718	176.2	176.2	176.2	1505,995,10,10	141.7	39.4688171	73.5894166	6095.6
719	124.2	122.2	124.2	612,345,11,6	140.8	39.4688183	73.5894184	6095.5
720	12.0	12.0	15.0	1129,305,16,4	140.6	39.4688170	73.5894181	6095.6
721	113.2	113.2	113.2	1352,311,9,6	139.9	39.4688166	73.5894193	6095.6
722	147.2	146.2	149.2	1009,881,6,8	139.7	39.4688176	73.5894171	6095.5
723	149.2	149.2	149.2	689,675,6,6	139.7	39.4688176	73.5894156	6095.6
724	164.2	162.2	164.2	1874,690,12,11	139.7	39.4688175	73.5894163	6095.6
725	105.1	105.1	105.1	1898,114,7,8	139.4	39.4688175	73.5894183	6095.6
726	65.1	65.1	65.1	369,491,16,6	139.3	39.4688175	73.5894163	6095.6
727	114.2	114.2	114.2	399,721,4,17	139.2	39.4688170	73.5894179	6095.6
728	145.2	141.2	145.2	1039,530,8,8	139.0	39.4688182	73.5894154	6095.5
729	134.2	134.2	139.2	715,529,4,10	138.8	39.4688175	73.5894188	6095.5
730	104.1	104.1	107.1	775,517,8,8	138.4	39.4688182	73.5894170	6095.6
731	25.0	23.0	25.0	757,433,18,4	138.3	39.4688176	73.5894178	6095.6
732	8.0	8.0	8.0	340,97,11,8	138.1	39.4688177	73.5894178	6095.7
733	82.1	77.1	83.1	693,197,10,9	137.7	39.4688177	73.5894176	6095.6
734	159.2	155.2	159.2	1761,685,10,6	137.4	39.4688177	73.5894168	6095.6
735	134.2	134.2	138.2	1519,375,12,6	137.1	39.4688175	73.5894188	6095.5
736	58.1	58.1	58.1	753,617,8,8	136.8	39.4688172	73.5894174	6095.5
737	82.1	82.1	82.1	239,323,10,14	136.8	39.4688177	73.5894176	6095.6
738	5.0	4.0	5.0	116,1034,11,7	136.3	39.4688176	73.5894184	6095.7
739	88.1	87.1	88.1	757,493,12,4	135.6	39.4688185	73.5894166	6095.6
740	25.0	22.0	25.0	887,456,8,5	135.2	39.4688176	73.5894178	6095.6
741	11.0	11.0	14.0	625,490,19,3	134.9	39.4688176	73.5894178	6095.6
742	239.3	233.3	239.3	633,471,15,6	134.5	39.4688178	73.5894174	6095.6
743	7.0	7.0	7.0	1233,601,10,6	134.2	39.4688177	73.5894178	6095.7
744	121.2	118.2	127.2	611,529,6,14	134.2	39.4688182	73.5894179	6095.6
745	152.2	152.2	156.2	601,1025,6,8	133.9	39.4688175	73.5894168	6095.6
746	247.3	243.3	247.3	1726,413,11,7	133.8	39.4688175	73.5894164	6095.6
747	241.3	241.3	245.3	705,417,8,8	133.4	39.4688184	73.5894167	6095.6
748	181.3	181.3	184.3	1125,58,12,7	133.2	39.4688161	73.5894158	6095.6
749	10.0	10.0	10.0	1353,609,8,6	132.8	39.4688177	73.5894179	6095.7
750	51.1	50.1	51.1	1711,329,18,4	132.8	39.4688171	73.5894179	6095.6
751	8.0	4.0	8.0	73,1034,8,7	132.7	39.4688177	73.5894178	6095.7
752	90.1	90.1	90.1	597,905,4,14	132.7	39.4688179	73.5894162	6095.6
753	150.2	150.2	150.2	1745,535,8,10	132.6	39.4688177	73.5894163	6095.5
754	199.3	197.3	199.3	457,529,8,8	132.5	39.4688177	73.5894176	6095.6
755	92.1	88.1	92.1	641,659,9,6	132.4	39.4688180	73.5894171	6095.6
756	117.2	117.2	117.2	1151,0,10,9	132.4	39.4688179	73.5894186	6095.6
757	117.2	117.2	117.2	1297,285,7,8	132.4	39.4688179	73.5894186	6095.6
758	114.2	114.2	114.2	689,147,6,10	132.2	39.4688170	73.5894179	6095.6
759	114.2	114.2	114.2	115,401,4,14	131.8	39.4688170	73.5894179	6095.6
760	188.3	188.3	188.3	1838,433,11,6	131.5	39.4688175	73.5894163	6095.6
761	235.3	235.3	235.3	1841,336,8,9	131.3	39.4688173	73.5894167	6095.5
762	243.3	240.3	245.3	1193,321,23,2	131.2	39.4688179	73.5894162	6095.5
763	26.0	26.0	29.0	148,150,19,9	131.1	39.4688179	73.5894175	6095.6
764	88.1	87.1	88.1	1145,265,8,8	131.0	39.4688185	73.5894166	6095.6
765	114.2	114.2	114.2	431,635,4,14	130.6	39.4688170	73.5894179	6095.6
766	210.3	204.3	210.3	571,551,14,3	130.1	39.4688181	73.5894171	6095.6
767	173.2	173.2	173.2	905,611,3,14	129.9	39.4688172	73.5894164	6095.6
768	155.2	155.2	155.2	1531,993,6,16	129.4	39.4688155	73.5894149	6095.6
769	15.0	15.0	16.0	1223,601,14,4	129.2	39.4688171	73.5894181	6095.6
770	67.1	67.1	67.1	1241,497,8,8	129.2	39.4688182	73.5894161	6095.6
771	84.1	84.1	84.1	1027,217,12,8	129.2	39.4688176	73.5894170	6095.6
772	171.2	171.2	172.2	509,175,18,14	128.9	39.4688173	73.5894170	6095.6
773	54.1	54.1	54.1	189,1013,6,12	128.7	39.4688173	73.5894174	6095.6
774	183.3	183.3	183.3	913,57,8,8	127.7	39.4688175	73.5894167	6095.7
775	32.0	32.0	32.0	1552,288,12,19	127.6	39.4688180	73.5894169	6095.7
776	247.3	245.3	251.3	461,145,16,7	127.6	39.4688175	73.5894164	6095.6
777	220.3	220.3	221.3	1225,395,6,10	127.5	39.4688182	73.5894171	6095.6
778	123.2	123.2	123.2	513,626,7,8	127.4	39.4688186	73.5894183	6095.6
779	126.2	123.2	129.2	903,277,10,12	127.3	39.4688173	73.5894186	6095.6
780	3.0	2.0	3.0	723,259,10,6	127.2	39.4688176	73.5894190	6095.7
781	145.2	145.2	145.2	617,743,8,6	127.1	39.4688182	73.5894154	6095.5
782	80.1	80.1	82.1	209,546,3,15	126.4	39.4688181	73.5894175	6095.6
783	193.3	193.3	193.3	1911,487,6,8	126.4	39.4688177	73.5894173	6095.6
784	237.3	235.3	238.3	515,351,13,8	126.4	39.4688167	73.5894175	6095.6
785	88.1	88.1	88.1	728,791,7,10	126.3	39.4688185	73.5894166	6095.6
786	91.1	91.1	91.1	893,821,17,4	126.1	39.4688182	73.5894167	6095.5
787	8.0	8.0	9.0	1137,673,6,6	125.9	39.4688177	73.5894178	6095.7
788	117.2	117.2	117.2	75,391,6,10	125.7	39.4688179	73.5894186	6095.6
789	155.2	155.2	155.2	1833,620,8,9	125.5	39.4688155	73.5894149	6095.6
790	25.0	25.0	25.0	969,607,8,13	125.4	39.4688176	73.5894178	6095.6
791	206.3	201.3	218.3	1345,321,14,3	124.9	39.4688180	73.5894158	6095.5
792	54.1	54.1	54.1	132,997,5,12	124.8	39.4688173	73.5894174	6095.6
793	102.1	102.1	102.1	217,273,8,5	124.5	39.4688179	73.5894182	6095.6
794	75.1	72.1	75.1	795,161,6,10	124.4	39.4688170	73.5894172	6095.6
795	119.2	119.2	119.2	13,411,6,6	123.7	39.4688179	73.5894183	6095.6
796	197.3	193.3	201.3	1796,313,5,8	123.7	39.4688175	73.5894170	6095.5
797	36.1	36.1	36.1	271,681,6,16	123.6	39.4688179	73.5894171	6095.7
798	10.0	9.0	11.0	499,81,14,12	123.2	39.4688177	73.5894179	6095.7
799	70.1	70.1	70.1	154,953,4,8	123.2	39.4688171	73.5894176	6095.6
800	139.2	139.2	139.2	1697,278,5,10	123.2	39.4688165	73.5894160	6095.7
801	172.2	172.2	172.2	729,0,8,5	123.1	39.4688173	73.5894165	6095.6
802	79.1	79.1	80.1	497,922,6,7	122.8	39.4688174	73.5894171	6095.6
803	89.1	89.1	92.1	411,806,11,4	122.0	39.4688182	73.5894157	6095.6
804	67.1	65.1	68.1	451,449,7,8	121.9	39.4688182	73.5894161	6095.6
805	94.1	94.1	94.1	543,897,8,6	121.9	39.4688177	73.5894176	6095.6
806	153.2	152.2	156.2	1553,675,8,4	121.9	39.4688171	73.5894161	6095.5
807	151.2	151.2	151.2	1889,289,10,4	121.6	39.4688177	73.5894165	6095.5
808	210.3	210.3	215.3	1776,349,9,4	121.6	39.4688181	73.5894171	6095.6
809	135.2	135.2	135.2	145,561,14,6	121.5	39.4688176	73.5894179	6095.5
810	1.0	1.0	1.0	11,1039,9,13	121.4	39.4688176	73.5894188	6095.6
811	56.1	56.1	56.1	1105,401,8,6	121.3	39.4688176	73.5894173	6095.6
812	78.1	78.1	78.1	241,574,5,8	121.2	39.4688168	73.5894171	6095.6
813	191.3	191.3	191.3	833,355,15,4	121.2	39.4688171	73.5894164	6095.5
814	28.0	28.0	28.0	1879,1037,6,9	120.5	39.4688172	73.5894172	6095.6
815	121.2	121.2	121.2	1089,215,10,8	120.0	39.4688182	73.5894179	6095.6
816	179.2	178.2	179.2	929,497,8,5	120.0	39.4688164	73.5894156	6095.5
817	73.1	73.1	73.1	997,282,12,7	119.8	39.4688174	73.5894173	6095.6
818	57.1	57.1	57.1	1332,193,13,6	119.6	39.4688175	73.5894181	6095.5
819	140.2	140.2	144.2	609,497,15,4	119.6	39.4688176	73.5894157	6095.6
820	61.1	61.1	63.1	929,265,8,7	119.5	39.4688174	73.5894167	6095.5
821	113.2	113.2	113.2	151,625,8,4	119.5	39.4688166	73.5894193	6095.6
822	246.3	245.3	248.3	600,185,17,2	119.5	39.4688174	73.5894165	6095.6
823	81.1	81.1	81.1	413,1005,11,4	119.3	39.4688180	73.5894175	6095.6
824	128.2	128.2	128.2	964,385,3,16	119.1	39.4688173	73.5894192	6095.6
825	142.2	137.2	142.2	1469,268,4,9	118.9	39.4688183	73.5894156	6095.6
826	74.1	74.1	76.1	27,843,6,6	118.7	39.4688170	73.5894173	6095.6
827	38.1	38.1	38.1	1673,1021,19,10	117.9	39.4688176	73.5894175	6095.7
828	164.2	164.2	164.2	1347,1036,4,8	117.9	39.4688175	73.5894163	6095.6
829	149.2	148.2	149.2	1476,443,12,6	117.8	39.4688176	73.5894156	6095.6
830	78.1	77.1	78.1	43,801,6,6	117.7	39.4688168	73.5894171	6095.6
831	14.0	12.0	14.0	553,767,4,10	117.6	39.4688175	73.5894182	6095.7
832	205.3	203.3	205.3	57,539,8,6	117.4	39.4688177	73.5894170	6095.6
833	190.3	190.3	190.3	21,746,16,6	117.3	39.4688162	73.5894160	6095.6
834	9.0	8.0	11.0	1339,433,12,6	117.2	39.4688179	73.5894174	6095.6
835	145.2	145.2	145.2	257,921,5,8	116.9	39.4688182	73.5894154	6095.5
836	9.0	9.0	9.0	209,73,16,8	116.7	39.4688179	73.5894174	6095.6
837	253.4	252.4	253.4	1402,966,7,7	116.7	39.4688174	73.5894162	6095.6
838	6.0	6.0	7.0	1003,373,6,6	116.3	39.4688176	73.5894181	6095.7
839	103.1	103.1	107.1	619,611,6,6	116.2	39.4688181	73.5894171	6095.6
840	83.1	83.1	83.1	1796,349,5,10	116.1	39.4688174	73.5894175	6095.6
841	24.0	24.0	24.0	369,553,8,7	115.9	39.4688177	73.5894180	6095.7
842	135.2	135.2	135.2	1577,699,7,6	115.9	39.4688176	73.5894179	6095.5
843	154.2	151.2	154.2	1192,447,10,8	115.9	39.4688165	73.5894163	6095.6
844	187.3	186.3	190.3	199,645,8,6	115.6	39.4688174	73.5894159	6095.6
845	162.2	162.2	162.2	1361,1033,4,8	115.4	39.4688179	73.5894163	6095.6
846	56.1	56.1	56.1	593,273,16,4	115.3	39.4688176	73.5894173	6095.6
847	25.0	25.0	25.0	793,504,6,7	115.2	39.4688176	73.5894178	6095.6
848	87.1	87.1	87.1	329,894,8,11	114.9	39.4688185	73.5894177	6095.6
849	114.2	114.2	114.2	293,103,8,8	114.9	39.4688170	73.5894179	6095.6
850	2.0	2.0	2.0	256,74,16,4	114.7	39.4688177	73.5894186	6095.6
851	79.1	79.1	79.1	827,873,4,8	114.3	39.4688174	73.5894171	6095.6
852	0.0	0.0	0.0	513,531,8,4	113.9	39.4688169	73.5894192	6095.6
853	112.2	111.2	112.2	841,803,8,4	113.7	39.4688171	73.5894187	6095.6
854	160.2	160.2	160.2	1143,1009,9,4	113.7	39.4688171	73.5894160	6095.6
855	106.1	106.1	111.2	1395,209,7,5	113.3	39.4688173	73.5894189	6095.6
856	108.2	105.1	108.2	1372,469,7,8	112.7	39.4688173	73.5894179	6095.6
857	217.3	217.3	220.3	1328,447,12,4	112.7	39.4688184	73.5894170	6095.6
858	78.1	78.1	79.1	150,964,4,13	112.5	39.4688168	73.5894171	6095.6
859	88.1	88.1	88.1	803,785,4,11	112.3	39.4688185	73.5894166	6095.6
860	27.0	26.0	28.0	73,541,6,10	112.1	39.4688176	73.5894178	6095.6
861	79.1	77.1	79.1	323,1010,8,5	111.9	39.4688174	73.5894171	6095.6
862	236.3	234.3	239.3	1473,481,16,2	111.9	39.4688169	73.5894169	6095.6
863	143.2	143.2	143.2	732,603,7,8	111.1	39.4688185	73.5894153	6095.6
864	148.2	146.2	148.2	835,627,6,5	111.0	39.4688185	73.5894149	6095.6
865	61.1	61.1	61.1	1490,323,15,4	110.8	39.4688174	73.5894167	6095.5
866	100.1	100.1	100.1	33,883,4,11	110.8	39.4688178	73.5894178	6095.6
867	243.3	241.3	243.3	1889,327,13,4	110.8	39.4688179	73.5894162	6095.5
868	67.1	63.1	69.1	1249,393,8,8	110.7	39.4688182	73.5894161	6095.6
869	205.3	204.3	205.3	89,563,7,6	110.7	39.4688177	73.5894170	6095.6
870	66.1	66.1	67.1	1009,497,6,6	110.5	39.4688176	73.5894165	6095.6
871	75.1	75.1	75.1	25,905,8,4	110.5	39.4688170	73.5894172	6095.6
872	86.1	85.1	87.1	202,951,7,4	110.2	39.4688180	73.5894171	6095.6
873	38.1	37.1	38.1	1753,993,8,4	110.1	39.4688176	73.5894175	6095.7
874	236.3	236.3	236.3	33,385,13,3	110.1	39.4688169	73.5894169	6095.6
875	166.2	166.2	166.2	547,49,6,8	110.0	39.4688174	73.5894161	6095.6
876	240.3	240.3	241.3	1551,422,7,7	110.0	39.4688187	73.5894165	6095.6
877	137.2	137.2	137.2	1897,54,8,5	109.9	39.4688173	73.5894162	6095.6
878	200.3	194.3	200.3	1857,317,16,2	109.8	39.4688178	73.5894177	6095.6
879	6.0	4.0	8.0	1051,359,6,7	109.6	39.4688176	73.5894181	6095.7
880	224.3	223.3	225.3	453,500,12,4	109.2	39.4688179	73.5894171	6095.6
881	75.1	75.1	75.1	73,587,8,4	109.1	39.4688170	73.5894172	6095.6
882	241.3	241.3	241.3	1276,369,12,5	109.1	39.4688184	73.5894167	6095.6
883	22.0	22.0	22.0	1385,635,8,4	109.0	39.4688179	73.5894181	6095.7
884	5.0	1.0	5.0	1910,713,10,6	108.9	39.4688176	73.5894184	6095.7
885	25.0	25.0	25.0	279,608,9,7	108.9	39.4688176	73.5894178	6095.6
886	38.1	38.1	40.1	35,520,14,5	108.9	39.4688176	73.5894175	6095.7
887	235.3	235.3	235.3	33,327,16,2	108.4	39.4688173	73.5894167	6095.5
888	77.1	77.1	79.1	793,65,8,4	108.3	39.4688170	73.5894169	6095.6
889	27.0	25.0	28.0	61,993,4,12	108.1	39.4688176	73.5894178	6095.6
890	92.1	92.1	92.1	1749,173,11,4	108.1	39.4688180	73.5894171	6095.6
891	27.0	26.0	27.0	217,114,8,9	107.9	39.4688176	73.5894178	6095.6
892	227.3	227.3	227.3	227,497,6,8	107.9	39.4688168	73.5894167	6095.6
893	150.2	150.2	153.2	1625,459,6,6	107.8	39.4688177	73.5894163	6095.5
894	48.1	48.1	50.1	40,273,4,13	107.2	39.4688183	73.5894168	6095.6
895	81.1	78.1	81.1	1489,169,6,12	107.0	39.4688180	73.5894175	6095.6
896	100.1	100.1	100.1	723,347,10,4	106.7	39.4688178	73.5894178	6095.6
897	174.2	174.2	174.2	545,805,7,9	106.6	39.4688171	73.5894164	6095.6
898	83.1	83.1	83.1	1057,43,8,6	106.4	39.4688174	73.5894175	6095.6
899	84.1	84.1	84.1	177,1033,2,15	106.4	39.4688176	73.5894170	6095.6
900	241.3	240.3	241.3	649,365,6,6	106.4	39.4688184	73.5894167	6095.6
901	34.0	33.0	36.1	1853,137,11,8	106.2	39.4688184	73.5894174	6095.7
902	166.2	166.2	170.2	1419,881,5,8	105.9	39.4688174	73.5894161	6095.6
903	15.0	15.0	16.0	801,593,4,8	105.6	39.4688171	73.5894181	6095.6
904	222.3	222.3	227.3	1358,485,19,4	105.1	39.4688185	73.5894171	6095.6
905	19.0	17.0	19.0	461,587,19,2	104.6	39.4688181	73.5894178	6095.6
906	8.0	7.0	10.0	849,647,16,2	104.5	39.4688177	73.5894178	6095.7
907	41.1	41.1	41.1	409,0,4,9	104.3	39.4688173	73.5894170	6095.6
908	135.2	135.2	135.2	689,546,8,5	103.8	39.4688176	73.5894179	6095.5
909	62.1	62.1	62.1	1321,273,8,8	103.7	39.4688171	73.5894154	6095.5
910	235.3	229.3	235.3	1073,453,11,3	103.7	39.4688173	73.5894167	6095.5
911	145.2	145.2	145.2	49,905,8,12	103.6	39.4688182	73.5894154	6095.5
912	80.1	80.1	82.1	137,705,6,8	103.2	39.4688181	73.5894175	6095.6
913	103.1	103.1	105.1	1458,307,7,6	103.2	39.4688181	73.5894171	6095.6
914	141.2	141.2	141.2	1531,386,5,7	102.9	39.4688178	73.5894156	6095.6
915	129.2	129.2	129.2	647,561,6,8	102.7	39.4688173	73.5894182	6095.6
916	217.3	212.3	220.3	1223,467,11,5	102.7	39.4688184	73.5894170	6095.6
917	23.0	22.0	23.0	1277,697,5,8	102.6	39.4688182	73.5894181	6095.7
918	126.2	125.2	126.2	1026,345,5,8	102.6	39.4688173	73.5894186	6095.6
919	100.1	100.1	100.1	259,601,6,6	102.5	39.4688178	73.5894178	6095.6
920	153.2	152.2	154.2	1355,627,8,5	102.5	39.4688171	73.5894161	6095.5
921	140.2	140.2	140.2	1697,475,6,6	102.4	39.4688176	73.5894157	6095.6
922	227.3	221.3	227.3	1229,434,7,10	102.1	39.4688168	73.5894167	6095.6
923	213.3	212.3	213.3	1907,109,8,5	101.9	39.4688183	73.5894166	6095.6
924	214.3	214.3	216.3	259,585,12,4	101.7	39.4688178	73.5894166	6095.6
925	51.1	51.1	52.1	86,99,11,4	101.4	39.4688171	73.5894179	6095.6
926	94.1	94.1	94.1	1033,769,2,16	101.4	39.4688177	73.5894176	6095.6
927	80.1	80.1	82.1	185,1037,8,4	101.3	39.4688181	73.5894175	6095.6
928	89.1	89.1	89.1	871,617,6,6	101.2	39.4688182	73.5894157	6095.6
929	102.1	102.1	102.1	861,385,4,8	101.2	39.4688179	73.5894182	6095.6
930	72.1	72.1	72.1	186,897,7,8	101.1	39.4688171	73.5894176	6095.6
931	142.2	142.2	142.2	323,710,3,9	101.1	39.4688183	73.5894156	6095.6
932	235.3	235.3	235.3	553,325,8,4	100.9	39.4688173	73.5894167	6095.5
933	112.2	112.2	112.2	903,697,6,10	100.6	39.4688171	73.5894187	6095.6
934	210.3	210.3	211.3	4,660,9,4	100.6	39.4688181	73.5894171	6095.6
935	221.3	221.3	226.3	801,494,16,3	100.3	39.4688183	73.5894168	6095.6
936	18.0	18.0	18.0	401,449,14,3	99.9	39.4688176	73.5894180	6095.6
937	50.1	50.1	50.1	1907,468,8,11	99.9	39.4688173	73.5894174	6095.6
938	182.3	182.3	182.3	1153,987,12,4	99.9	39.4688174	73.5894166	6095.6
939	55.1	55.1	55.1	1573,244,6,9	99.6	39.4688177	73.5894179	6095.6
940	34.0	30.0	34.0	623,105,10,4	99.4	39.4688184	73.5894174	6095.7
941	39.1	39.1	39.1	61,557,10,5	99.1	39.4688179	73.5894174	6095.7
942	161.2	159.2	161.2	1713,714,4,7	98.7	39.4688174	73.5894163	6095.6
943	243.3	241.3	243.3	1657,321,11,5	97.9	39.4688179	73.5894162	6095.5
944	44.1	43.1	44.1	1034,512,13,7	97.8	39.4688172	73.5894168	6095.6
945	240.3	240.3	240.3	401,393,10,3	97.8	39.4688187	73.5894165	6095.6
946	63.1	63.1	63.1	872,4,7,5	97.6	39.4688176	73.5894158	6095.5
947	100.1	100.1	100.1	155,563,4,7	97.3	39.4688178	73.5894178	6095.6
948	125.2	122.2	125.2	1170,349,7,4	97.3	39.4688177	73.5894191	6095.6
949	198.3	198.3	201.3	1601,308,10,5	97.1	39.4688175	73.5894168	6095.5
950	25.0	25.0	25.0	45,931,3,14	96.9	39.4688176	73.5894178	6095.6
951	80.1	80.1	80.1	289,941,8,4	96.9	39.4688181	73.5894175	6095.6
952	129.2	129.2	129.2	554,337,7,7	96.9	39.4688173	73.5894182	6095.6
953	17.0	17.0	17.0	1834,705,7,5	96.8	39.4688175	73.5894180	6095.7
954	59.1	59.1	59.1	1489,279,13,2	96.8	39.4688172	73.5894176	6095.5
955	122.2	122.2	122.2	449,609,8,6	96.7	39.4688184	73.5894177	6095.7
956	142.2	142.2	144.2	627,776,6,11	96.7	39.4688183	73.5894156	6095.6
957	235.3	235.3	235.3	775,353,9,3	96.6	39.4688173	73.5894167	6095.5
958	83.1	83.1	83.1	11,357,4,11	96.5	39.4688174	73.5894175	6095.6
959	104.1	104.1	104.1	1611,701,10,4	96.3	39.4688182	73.5894170	6095.6
960	77.1	77.1	77.1	441,264,4,7	96.1	39.4688170	73.5894169	6095.6
961	14.0	13.0	14.0	0,657,5,6	95.8	39.4688175	73.5894182	6095.7
962	78.1	77.1	78.1	577,283,8,6	95.8	39.4688168	73.5894171	6095.6
963	16.0	16.0	16.0	830,417,19,2	95.4	39.4688171	73.5894179	6095.7
964	191.3	189.3	191.3	1106,293,11,4	95.4	39.4688171	73.5894164	6095.5
965	81.1	81.1	81.1	637,814,8,7	95.2	39.4688180	73.5894175	6095.6
966	93.1	93.1	93.1	1268,221,7,8	95.2	39.4688172	73.5894177	6095.6
967	104.1	104.1	109.2	689,637,7,6	95.1	39.4688182	73.5894170	6095.6
968	150.2	150.2	151.2	241,941,10,4	95.0	39.4688177	73.5894163	6095.5
969	18.0	17.0	21.0	705,996,3,11	94.8	39.4688176	73.5894180	6095.6
970	0.0	0.0	0.0	229,331,12,4	94.4	39.4688169	73.5894192	6095.6
971	38.1	38.1	38.1	1809,935,8,4	94.4	39.4688176	73.5894175	6095.7
972	9.0	9.0	9.0	1145,65,8,4	94.2	39.4688179	73.5894174	6095.6
973	100.1	100.1	100.1	978,215,9,6	94.1	39.4688178	73.5894178	6095.6
974	137.2	137.2	138.2	1709,369,3,8	93.8	39.4688173	73.5894162	6095.6
975	152.2	150.2	153.2	1675,594,6,7	93.7	39.4688175	73.5894168	6095.6
976	43.1	43.1	43.1	219,651,9,10	93.6	39.4688173	73.5894175	6095.7
977	78.1	78.1	78.1	691,491,6,6	93.4	39.4688168	73.5894171	6095.6
978	190.3	190.3	190.3	914,1015,10,3	93.3	39.4688162	73.5894160	6095.6
979	180.3	180.3	180.3	805,881,8,8	93.2	39.4688176	73.5894178	6095.7
980	12.0	10.0	14.0	785,643,5,6	92.9	39.4688170	73.5894181	6095.6
981	30.0	29.0	30.0	145,6,13,3	92.9	39.4688178	73.5894169	6095.7
982	127.2	127.2	127.2	1538,225,7,5	92.9	39.4688172	73.5894187	6095.6
983	86.1	85.1	86.1	605,721,8,4	92.6	39.4688180	73.5894171	6095.6
984	144.2	144.2	144.2	593,381,14,4	92.3	39.4688185	73.5894153	6095.6
985	189.3	185.3	190.3	417,1040,6,4	92.0	39.4688172	73.5894170	6095.5
986	102.1	102.1	102.1	547,0,7,5	91.9	39.4688179	73.5894182	6095.6
987	246.3	240.3	246.3	1769,395,8,6	91.6	39.4688174	73.5894165	6095.6
988	36.1	33.0	37.1	29,466,17,3	91.3	39.4688179	73.5894171	6095.7
989	68.1	67.1	69.1	995,323,4,6	91.3	39.4688178	73.5894166	6095.6
990	153.2	153.2	153.2	1879,513,10,5	90.8	39.4688171	73.5894161	6095.5
991	94.1	94.1	96.1	343,1016,7,6	90.6	39.4688177	73.5894176	6095.6
992	5.0	4.0	6.0	961,133,9,8	90.5	39.4688176	73.5894184	6095.7
993	102.1	102.1	102.1	873,207,3,12	90.5	39.4688179	73.5894182	6095.6
994	103.1	103.1	106.1	1367,433,8,8	90.5	39.4688181	73.5894171	6095.6
995	109.2	109.2	109.2	1417,547,8,4	90.5	39.4688172	73.5894175	6095.6
996	141.2	141.2	141.2	535,744,6,7	90.5	39.4688178	73.5894156	6095.6
997	148.2	147.2	148.2	467,779,4,6	90.5	39.4688185	73.5894149	6095.6
998	165.2	165.2	165.2	617,202,8,7	90.5	39.4688175	73.5894161	6095.6
999	213.3	213.3	226.3	143,517,6,9	90.5	39.4688183	73.5894166	6095.6
1000	217.3	217.3	228.3	869,547,7,5	90.2	39.4688184	73.5894170	6095.6
1001	139.2	139.2	139.2	1887,212,4,10	90.1	39.4688165	73.5894160	6095.7
1002	85.1	85.1	85.1	1312,241,7,5	89.8	39.4688177	73.5894167	6095.6
1003	82.1	82.1	82.1	85,705,6,4	89.5	39.4688177	73.5894176	6095.6
1004	12.0	12.0	15.0	1325,377,4,8	89.0	39.4688170	73.5894181	6095.6
1005	85.1	85.1	85.1	953,357,7,4	89.0	39.4688177	73.5894167	6095.6
1006	112.2	112.2	112.2	632,563,9,6	89.0	39.4688171	73.5894187	6095.6
1007	23.0	23.0	24.0	1791,826,8,7	88.9	39.4688182	73.5894181	6095.7
1008	143.2	143.2	143.2	739,235,10,4	88.7	39.4688185	73.5894153	6095.6
1009	236.3	236.3	236.3	612,385,13,2	88.7	39.4688169	73.5894169	6095.6
1010	17.0	17.0	17.0	340,968,8,4	88.6	39.4688175	73.5894180	6095.7
1011	142.2	142.2	142.2	231,1030,6,9	88.3	39.4688183	73.5894156	6095.6
1012	41.1	41.1	42.1	1122,653,15,4	88.0	39.4688173	73.5894170	6095.6
1013	148.2	148.2	148.2	1585,577,9,3	87.5	39.4688185	73.5894149	6095.6
1014	103.1	103.1	103.1	1660,511,8,7	87.4	39.4688181	73.5894171	6095.6
1015	6.0	5.0	8.0	905,427,8,7	87.3	39.4688176	73.5894181	6095.7
1016	235.3	234.3	235.3	321,349,10,3	87.3	39.4688173	73.5894167	6095.5
1017	19.0	19.0	19.0	465,233,6,5	86.9	39.4688181	73.5894178	6095.6
1018	17.0	16.0	17.0	1049,793,8,4	86.8	39.4688175	73.5894180	6095.7
1019	228.3	228.3	228.3	823,577,10,5	86.1	39.4688165	73.5894167	6095.6
1020	131.2	130.2	131.2	1225,489,6,4	86.0	39.4688179	73.5894179	6095.6
1021	16.0	16.0	16.0	903,641,2,16	85.6	39.4688171	73.5894179	6095.7
1022	18.0	16.0	18.0	265,784,5,9	85.6	39.4688176	73.5894180	6095.6
1023	79.1	77.1	79.1	233,501,8,4	85.5	39.4688174	73.5894171	6095.6
1024	44.1	44.1	48.1	1122,259,16,2	85.3	39.4688172	73.5894168	6095.6
1025	82.1	82.1	82.1	513,641,8,4	85.2	39.4688177	73.5894176	6095.6
1026	181.3	181.3	181.3	1033,917,8,4	85.2	39.4688161	73.5894158	6095.6
1027	11.0	10.0	14.0	563,497,11,4	85.1	39.4688176	73.5894178	6095.6
1028	101.1	101.1	101.1	93,9,4,7	85.1	39.4688179	73.5894181	6095.6
1029	61.1	61.1	61.1	1865,268,8,5	85.0	39.4688174	73.5894167	6095.5
1030	56.1	56.1	56.1	57,724,8,5	84.7	39.4688176	73.5894173	6095.6
1031	150.2	150.2	150.2	681,425,6,5	84.7	39.4688177	73.5894163	6095.5
1032	156.2	155.2	156.2	1525,805,4,8	84.7	39.4688166	73.5894156	6095.5
1033	78.1	78.1	78.1	1521,25,8,4	84.6	39.4688168	73.5894171	6095.6
1034	236.3	236.3	239.3	1694,481,11,8	84.5	39.4688169	73.5894169	6095.6
1035	70.1	70.1	70.1	957,327,4,10	84.4	39.4688171	73.5894176	6095.6
1036	210.3	206.3	214.3	1265,403,11,2	84.4	39.4688181	73.5894171	6095.6
1037	102.1	102.1	102.1	1003,252,6,5	84.2	39.4688179	73.5894182	6095.6
1038	133.2	129.2	133.2	1087,496,5,7	84.1	39.4688173	73.5894192	6095.6
1039	72.1	72.1	72.1	578,441,5,6	83.8	39.4688171	73.5894176	6095.6
1040	22.0	20.0	22.0	1073,501,10,6	83.7	39.4688179	73.5894181	6095.7
1041	204.3	204.3	204.3	1489,567,16,2	83.7	39.4688171	73.5894168	6095.6
1042	81.1	77.1	81.1	1704,15,3,9	83.3	39.4688180	73.5894175	6095.6
1043	103.1	103.1	106.1	1876,498,6,5	83.3	39.4688181	73.5894171	6095.6
1044	40.1	40.1	40.1	1681,709,5,6	83.1	39.4688177	73.5894170	6095.7
1045	169.2	169.2	169.2	1874,675,13,4	83.1	39.4688173	73.5894167	6095.5
1046	13.0	12.0	14.0	1837,739,4,11	83.0	39.4688174	73.5894177	6095.7
1047	93.1	93.1	93.1	533,601,5,6	82.9	39.4688172	73.5894177	6095.6
1048	158.2	158.2	158.2	225,428,8,5	82.9	39.4688187	73.5894162	6095.6
1049	147.2	146.2	147.2	833,903,16,2	82.8	39.4688176	73.5894171	6095.5
1050	124.2	124.2	124.2	227,419,9,4	82.7	39.4688183	73.5894184	6095.5
1051	5.0	3.0	6.0	1243,220,10,7	82.6	39.4688176	73.5894184	6095.7
1052	78.1	78.1	78.1	1347,77,7,4	82.5	39.4688168	73.5894171	6095.6
1053	38.1	38.1	38.1	1905,951,8,4	82.3	39.4688176	73.5894175	6095.7
1054	7.0	6.0	9.0	1014,593,13,2	82.1	39.4688177	73.5894178	6095.7
1055	39.1	38.1	39.1	228,793,8,8	81.9	39.4688179	73.5894174	6095.7
1056	189.3	189.3	189.3	1195,512,4,9	81.9	39.4688172	73.5894170	6095.5
1057	26.0	24.0	28.0	1569,896,8,5	81.6	39.4688179	73.5894175	6095.6
1058	124.2	122.2	124.2	833,9,6,6	81.6	39.4688183	73.5894184	6095.5
1059	122.2	122.2	122.2	654,856,8,4	81.5	39.4688184	73.5894177	6095.7
1060	251.3	251.3	252.4	212,6,9,4	81.5	39.4688174	73.5894167	6095.5
1061	181.3	181.3	181.3	1031,250,8,7	81.4	39.4688161	73.5894158	6095.6
1062	106.1	106.1	106.1	1271,481,6,5	81.3	39.4688173	73.5894189	6095.6
1063	143.2	143.2	143.2	753,467,4,8	81.2	39.4688185	73.5894153	6095.6
1064	77.1	77.1	77.1	457,357,8,4	81.1	39.4688170	73.5894169	6095.6
1065	82.1	82.1	82.1	1057,391,8,4	81.0	39.4688177	73.5894176	6095.6
1066	23.0	23.0	23.0	1715,933,6,6	80.9	39.4688182	73.5894181	6095.7
1067	122.2	122.2	122.2	1288,73,9,4	80.7	39.4688184	73.5894177	6095.7
1068	151.2	150.2	151.2	169,1041,4,6	80.6	39.4688177	73.5894165	6095.5
1069	146.2	146.2	146.2	616,655,16,2	80.5	39.4688183	73.5894171	6095.6
1070	3.0	3.0	3.0	299,79,12,3	80.4	39.4688176	73.5894190	6095.7
1071	18.0	17.0	18.0	703,764,11,3	79.6	39.4688176	73.5894180	6095.6
1072	22.0	22.0	22.0	1788,735,7,9	79.6	39.4688179	73.5894181	6095.7
1073	5.0	5.0	5.0	845,406,4,7	79.4	39.4688176	73.5894184	6095.7
1074	181.3	181.3	181.3	1408,287,4,7	79.2	39.4688161	73.5894158	6095.6
1075	25.0	25.0	25.0	872,535,5,10	79.0	39.4688176	73.5894178	6095.6
1076	155.2	155.2	155.2	897,1009,6,8	79.0	39.4688155	73.5894149	6095.6
1077	62.1	60.1	62.1	1717,77,9,3	78.9	39.4688171	73.5894154	6095.5
1078	169.2	169.2	169.2	1853,483,5,6	78.8	39.4688173	73.5894167	6095.5
1079	6.0	6.0	6.0	1217,122,12,3	78.6	39.4688176	73.5894181	6095.7
1080	102.1	102.1	102.1	801,321,5,6	78.6	39.4688179	73.5894182	6095.6
1081	83.1	83.1	83.1	409,417,4,8	78.5	39.4688174	73.5894175	6095.6
1082	210.3	210.3	210.3	905,1061,4,7	78.5	39.4688181	73.5894171	6095.6
1083	110.2	110.2	110.2	1167,447,9,5	78.1	39.4688174	73.5894181	6095.6
1084	93.1	93.1	93.1	445,737,8,4	77.9	39.4688172	73.5894177	6095.6
1085	143.2	141.2	143.2	1234,337,5,6	77.9	39.4688185	73.5894153	6095.6
1086	112.2	112.2	112.2	289,861,8,4	77.7	39.4688171	73.5894187	6095.6
1087	171.2	171.2	171.2	1057,95,12,5	77.7	39.4688173	73.5894170	6095.6
1088	100.1	97.1	100.1	891,233,4,6	77.6	39.4688178	73.5894178	6095.6
1089	44.1	44.1	48.1	1779,507,9,4	77.5	39.4688172	73.5894168	6095.6
1090	199.3	199.3	199.3	897,1027,8,4	77.2	39.4688177	73.5894176	6095.6
1091	112.2	112.2	112.2	593,907,6,6	76.9	39.4688171	73.5894187	6095.6
1092	4.0	4.0	5.0	173,0,5,5	76.5	39.4688174	73.5894187	6095.7
1093	19.0	18.0	24.0	1865,435,4,10	76.3	39.4688181	73.5894178	6095.6
1094	100.1	100.1	100.1	169,643,2,12	76.3	39.4688178	73.5894178	6095.6
1095	150.2	150.2	150.2	485,461,8,3	76.3	39.4688177	73.5894163	6095.5
1096	111.2	111.2	111.2	1555,0,5,4	76.1	39.4688178	73.5894177	6095.6
1097	3.0	3.0	3.0	244,198,9,3	75.6	39.4688176	73.5894190	6095.7
1098	141.2	141.2	141.2	149,1068,11,5	75.6	39.4688178	73.5894156	6095.6
1099	1.0	0.0	2.0	933,373,12,6	75.5	39.4688176	73.5894188	6095.6
1100	211.3	211.3	211.3	489,477,6,4	75.4	39.4688179	73.5894161	6095.5
1101	0.0	0.0	1.0	1155,259,6,6	75.3	39.4688169	73.5894192	6095.6
1102	160.2	160.2	160.2	1292,429,5,6	75.2	39.4688171	73.5894160	6095.6
1103	21.0	21.0	21.0	306,1006,6,4	75.1	39.4688177	73.5894173	6095.7
1104	203.3	203.3	203.3	1777,465,8,8	75.0	39.4688178	73.5894166	6095.6
1105	234.3	234.3	234.3	286,441,9,4	75.0	39.4688177	73.5894165	6095.6
1106	9.0	9.0	9.0	353,10,8,6	74.3	39.4688179	73.5894174	6095.6
1107	186.3	186.3	186.3	1503,161,9,4	74.3	39.4688172	73.5894161	6095.6
1108	21.0	21.0	21.0	640,907,7,4	74.2	39.4688177	73.5894173	6095.7
1109	56.1	56.1	56.1	1830,277,5,4	74.2	39.4688176	73.5894173	6095.6
1110	28.0	28.0	32.0	185,370,9,7	74.1	39.4688172	73.5894172	6095.6
1111	100.1	100.1	100.1	329,663,4,8	73.8	39.4688178	73.5894178	6095.6
1112	4.0	4.0	4.0	1761,1042,6,5	73.7	39.4688174	73.5894187	6095.7
1113	49.1	45.1	49.1	1818,295,6,5	73.1	39.4688179	73.5894173	6095.6
1114	81.1	81.1	81.1	1193,0,8,3	73.0	39.4688180	73.5894175	6095.6
1115	106.1	105.1	106.1	1305,353,3,8	73.0	39.4688173	73.5894189	6095.6
1116	112.2	112.2	112.2	609,443,10,4	72.9	39.4688171	73.5894187	6095.6
1117	24.0	24.0	24.0	529,513,6,4	72.6	39.4688177	73.5894180	6095.7
1118	181.3	181.3	181.3	1545,43,8,6	72.6	39.4688161	73.5894158	6095.6
1119	232.3	232.3	232.3	563,365,13,2	72.6	39.4688173	73.5894171	6095.5
1120	102.1	102.1	102.1	385,412,4,8	72.4	39.4688179	73.5894182	6095.6
1121	22.0	20.0	22.0	301,568,3,7	72.3	39.4688179	73.5894181	6095.7
1122	157.2	157.2	157.2	1383,1012,10,3	72.3	39.4688174	73.5894162	6095.6
1123	84.1	84.1	84.1	121,659,8,6	72.2	39.4688176	73.5894170	6095.6
1124	10.0	10.0	11.0	347,548,6,8	71.7	39.4688177	73.5894179	6095.7
1125	121.2	121.2	121.2	923,215,4,10	71.7	39.4688182	73.5894179	6095.6
1126	146.2	146.2	146.2	1250,640,6,4	71.7	39.4688183	73.5894171	6095.6
1127	79.1	79.1	79.1	37,512,6,7	71.5	39.4688174	73.5894171	6095.6
1128	150.2	150.2	150.2	1857,667,6,6	71.4	39.4688177	73.5894163	6095.5
1129	193.3	193.3	193.3	1145,441,8,6	71.4	39.4688177	73.5894173	6095.6
1130	22.0	22.0	22.0	11,785,7,6	71.3	39.4688179	73.5894181	6095.7
1131	57.1	57.1	59.1	355,157,15,2	71.3	39.4688175	73.5894181	6095.5
1132	78.1	78.1	78.1	177,627,7,6	71.3	39.4688168	73.5894171	6095.6
1133	9.0	7.0	9.0	47,756,7,5	71.2	39.4688179	73.5894174	6095.6
1134	12.0	12.0	15.0	1631,705,7,3	71.2	39.4688170	73.5894181	6095.6
1135	158.2	158.2	158.2	1143,237,10,4	71.2	39.4688187	73.5894162	6095.6
1136	97.1	97.1	97.1	1668,849,7,3	71.1	39.4688176	73.5894183	6095.6
1137	29.0	29.0	30.0	121,122,11,3	70.8	39.4688175	73.5894172	6095.6
1138	123.2	123.2	123.2	563,323,6,4	70.8	39.4688186	73.5894183	6095.6
1139	20.0	20.0	23.0	1794,330,14,3	70.6	39.4688184	73.5894174	6095.7
1140	27.0	26.0	27.0	15,593,10,8	70.6	39.4688176	73.5894178	6095.6
1141	191.3	191.3	191.3	0,897,3,8	70.4	39.4688171	73.5894164	6095.5
1142	196.3	196.3	196.3	1804,634,6,4	70.4	39.4688174	73.5894168	6095.6
1143	17.0	17.0	17.0	1635,1066,6,6	70.3	39.4688175	73.5894180	6095.7
1144	84.1	84.1	84.1	145,847,4,6	70.1	39.4688176	73.5894170	6095.6
1145	228.3	228.3	228.3	1671,1057,2,16	70.1	39.4688165	73.5894167	6095.6
1146	26.0	26.0	27.0	1735,1066,8,4	69.8	39.4688179	73.5894175	6095.6
1147	78.1	78.1	78.1	337,401,4,6	69.7	39.4688168	73.5894171	6095.6
1148	67.1	67.1	67.1	793,945,8,7	69.2	39.4688182	73.5894161	6095.6
1149	136.2	136.2	136.2	1544,0,9,3	69.1	39.4688175	73.5894172	6095.5
1150	216.3	216.3	216.3	1793,281,6,3	68.9	39.4688181	73.5894169	6095.6
1151	229.3	229.3	229.3	860,461,5,4	68.8	39.4688170	73.5894167	6095.6
1152	6.0	3.0	6.0	891,557,6,4	68.7	39.4688176	73.5894181	6095.7
1153	81.1	81.1	81.1	1699,251,3,6	68.7	39.4688180	73.5894175	6095.6
1154	110.2	110.2	110.2	1385,887,12,2	68.7	39.4688174	73.5894181	6095.6
1155	159.2	159.2	159.2	1558,913,5,8	68.7	39.4688177	73.5894168	6095.6
1156	62.1	59.1	62.1	1099,241,6,7	68.4	39.4688171	73.5894154	6095.5
1157	181.3	181.3	181.3	897,890,5,6	68.1	39.4688161	73.5894158	6095.6
1158	22.0	22.0	22.0	67,481,6,6	67.6	39.4688179	73.5894181	6095.7
1159	35.0	34.0	35.0	1801,471,8,6	67.2	39.4688181	73.5894173	6095.7
1160	148.2	148.2	148.2	117,1003,3,6	67.1	39.4688185	73.5894149	6095.6
1161	58.1	58.1	58.1	253,712,4,9	67.0	39.4688172	73.5894174	6095.5
1162	185.3	185.3	185.3	1715,89,14,2	66.9	39.4688168	73.5894166	6095.6
1163	23.0	23.0	25.0	897,996,8,5	66.8	39.4688182	73.5894181	6095.7
1164	97.1	97.1	97.1	1353,1057,5,4	66.7	39.4688176	73.5894183	6095.6
1165	174.2	174.2	174.2	843,881,5,8	66.7	39.4688171	73.5894164	6095.6
1166	78.1	78.1	78.1	261,385,4,4	66.6	39.4688168	73.5894171	6095.6
1167	167.2	167.2	167.2	1833,129,7,3	65.9	39.4688175	73.5894158	6095.5
1168	20.0	20.0	20.0	41,963,4,6	65.8	39.4688184	73.5894174	6095.7
1169	52.1	52.1	56.1	477,795,4,6	65.6	39.4688164	73.5894171	6095.6
1170	57.1	57.1	57.1	949,311,10,2	65.5	39.4688175	73.5894181	6095.5
1171	30.0	30.0	30.0	1897,333,5,4	65.3	39.4688178	73.5894169	6095.7
1172	144.2	144.2	144.2	1682,273,5,5	65.1	39.4688185	73.5894153	6095.6
1173	79.1	79.1	79.1	389,677,6,4	65.0	39.4688174	73.5894171	6095.6
1174	22.0	18.0	22.0	419,623,4,10	64.9	39.4688179	73.5894181	6095.7
1175	60.1	60.1	60.1	1370,259,7,5	64.9	39.4688178	73.5894173	6095.6
1176	111.2	111.2	111.2	201,1039,7,5	64.9	39.4688178	73.5894177	6095.6
1177	85.1	85.1	88.1	612,567,5,5	64.8	39.4688177	73.5894167	6095.6
1178	131.2	131.2	131.2	211,649,3,6	64.5	39.4688179	73.5894179	6095.6
1179	18.0	17.0	18.0	833,799,5,4	64.3	39.4688176	73.5894180	6095.6
1180	237.3	237.3	237.3	1569,673,7,5	64.3	39.4688167	73.5894175	6095.6
1181	55.1	55.1	55.1	311,858,4,7	64.2	39.4688177	73.5894179	6095.6
1182	155.2	155.2	155.2	1305,977,6,4	64.2	39.4688155	73.5894149	6095.6
1183	70.1	70.1	70.1	372,609,5,6	64.0	39.4688171	73.5894176	6095.6
1184	121.2	121.2	121.2	1511,241,4,6	64.0	39.4688182	73.5894179	6095.6
1185	122.2	122.2	122.2	1449,52,4,5	63.6	39.4688184	73.5894177	6095.7
1186	155.2	155.2	155.2	821,887,4,6	63.6	39.4688155	73.5894149	6095.6
1187	32.0	32.0	32.0	1697,217,4,7	63.5	39.4688180	73.5894169	6095.7
1188	12.0	12.0	14.0	513,337,6,6	63.1	39.4688170	73.5894181	6095.6
1189	60.1	60.1	64.1	915,77,9,2	63.0	39.4688178	73.5894173	6095.6
1190	141.2	141.2	142.2	763,597,4,4	63.0	39.4688178	73.5894156	6095.6
1191	178.2	174.2	178.2	1670,133,6,4	62.8	39.4688175	73.5894164	6095.6
1192	58.1	58.1	58.1	1071,513,10,8	62.7	39.4688172	73.5894174	6095.5
1193	156.2	156.2	156.2	499,957,4,4	62.5	39.4688166	73.5894156	6095.5
1194	4.0	4.0	4.0	8,481,8,8	62.3	39.4688174	73.5894187	6095.7
1195	183.3	183.3	183.3	177,601,3,8	62.3	39.4688175	73.5894167	6095.7
1196	216.3	215.3	216.3	1153,865,2,8	62.3	39.4688181	73.5894169	6095.6
1197	4.0	4.0	4.0	0,980,4,10	62.2	39.4688174	73.5894187	6095.7
1198	112.2	112.2	112.2	1086,65,7,3	61.8	39.4688171	73.5894187	6095.6
1199	67.1	67.1	67.1	1163,97,6,6	61.7	39.4688182	73.5894161	6095.6
1200	100.1	100.1	100.1	379,465,5,4	61.7	39.4688178	73.5894178	6095.6
1201	110.2	110.2	110.2	953,562,6,5	61.5	39.4688174	73.5894181	6095.6
1202	213.3	211.3	213.3	1655,147,10,3	61.5	39.4688183	73.5894166	6095.6
1203	239.3	236.3	239.3	285,401,8,5	61.5	39.4688178	73.5894174	6095.6
1204	19.0	19.0	21.0	594,229,6,4	61.4	39.4688181	73.5894178	6095.6
1205	27.0	27.0	27.0	41,529,8,2	61.0	39.4688176	73.5894178	6095.6
1206	15.0	15.0	15.0	573,483,4,6	60.9	39.4688171	73.5894181	6095.6
1207	141.2	141.2	141.2	1821,49,4,4	60.7	39.4688178	73.5894156	6095.6
1208	31.0	31.0	31.0	1713,145,8,2	60.4	39.4688177	73.5894170	6095.7
1209	37.1	36.1	37.1	1911,674,9,6	60.3	39.4688170	73.5894169	6095.8
1210	24.0	22.0	25.0	886,553,5,4	60.2	39.4688177	73.5894180	6095.7
1211	112.2	112.2	112.2	641,265,8,4	60.2	39.4688171	73.5894187	6095.6
1212	0.0	0.0	0.0	1113,471,8,2	60.1	39.4688169	73.5894192	6095.6
1213	112.2	112.2	112.2	642,1057,4,5	60.1	39.4688171	73.5894187	6095.6
1214	146.2	146.2	146.2	452,675,12,4	60.1	39.4688183	73.5894171	6095.6
1215	66.1	65.1	66.1	1308,481,4,4	60.0	39.4688176	73.5894165	6095.6
1216	110.2	110.2	111.2	1384,666,7,3	60.0	39.4688174	73.5894181	6095.6
1217	135.2	135.2	135.2	97,987,8,4	59.9	39.4688176	73.5894179	6095.5
1218	200.3	197.3	203.3	1281,751,8,2	59.8	39.4688178	73.5894177	6095.6
1219	213.3	213.3	213.3	0,535,5,4	59.8	39.4688183	73.5894166	6095.6
1220	121.2	121.2	121.2	845,920,7,3	59.7	39.4688182	73.5894179	6095.6
1221	100.1	100.1	100.1	1064,156,5,5	59.6	39.4688178	73.5894178	6095.6
1222	48.1	48.1	48.1	0,197,7,4	59.5	39.4688183	73.5894168	6095.6
1223	54.1	54.1	54.1	231,971,6,5	59.5	39.4688173	73.5894174	6095.6
1224	31.0	30.0	31.0	1086,277,4,9	59.0	39.4688177	73.5894170	6095.7
1225	147.2	147.2	147.2	1740,333,5,5	59.0	39.4688176	73.5894171	6095.5
1226	4.0	4.0	4.0	1074,97,5,6	58.9	39.4688174	73.5894187	6095.7
1227	41.1	41.1	41.1	346,951,5,4	58.7	39.4688173	73.5894170	6095.6
1228	236.3	236.3	236.3	766,764,4,5	58.7	39.4688169	73.5894169	6095.6
1229	224.3	223.3	225.3	329,873,8,2	58.6	39.4688179	73.5894171	6095.6
1230	5.0	3.0	5.0	627,529,6,6	58.5	39.4688176	73.5894184	6095.7
1231	112.2	112.2	112.2	321,555,4,4	58.4	39.4688171	73.5894187	6095.6
1232	197.3	197.3	197.3	17,583,8,6	58.1	39.4688175	73.5894170	6095.5
1233	5.0	3.0	5.0	1069,377,4,8	58.0	39.4688176	73.5894184	6095.7
1234	149.2	149.2	149.2	669,820,4,5	57.8	39.4688176	73.5894156	6095.6
1235	59.1	59.1	59.1	545,271,8,2	57.6	39.4688172	73.5894176	6095.5
1236	24.0	20.0	24.0	129,483,2,11	57.5	39.4688177	73.5894180	6095.7
1237	65.1	65.1	65.1	1161,59,8,2	57.5	39.4688175	73.5894163	6095.6
1238	198.3	198.3	198.3	566,473,11,2	57.5	39.4688175	73.5894168	6095.5
1239	179.2	179.2	179.2	1113,677,8,4	57.4	39.4688164	73.5894156	6095.5
1240	40.1	40.1	40.1	85,921,7,4	57.3	39.4688177	73.5894170	6095.7
1241	200.3	200.3	200.3	44,561,5,4	57.2	39.4688178	73.5894177	6095.6
1242	33.0	32.0	33.0	1146,276,7,5	57.0	39.4688189	73.5894168	6095.7
1243	124.2	124.2	124.2	1175,166,2,9	56.8	39.4688183	73.5894184	6095.5
1244	69.1	69.1	69.1	1713,153,7,3	56.7	39.4688176	73.5894169	6095.6
1245	112.2	112.2	112.2	1873,0,7,3	56.7	39.4688171	73.5894187	6095.6
1246	6.0	6.0	6.0	1057,134,11,3	56.3	39.4688176	73.5894181	6095.7
1247	25.0	25.0	25.0	1197,552,4,5	56.3	39.4688176	73.5894178	6095.6
1248	159.2	159.2	159.2	961,423,8,2	56.0	39.4688177	73.5894168	6095.6
1249	23.0	23.0	23.0	81,577,5,4	55.8	39.4688182	73.5894181	6095.7
1250	52.1	49.1	52.1	68,286,5,9	55.6	39.4688164	73.5894171	6095.6
1251	21.0	21.0	21.0	435,840,4,5	55.4	39.4688177	73.5894173	6095.7
1252	183.3	182.3	183.3	925,1037,4,4	55.4	39.4688175	73.5894167	6095.7
1253	21.0	21.0	24.0	1602,399,5,5	55.3	39.4688177	73.5894173	6095.7
1254	67.1	67.1	67.1	1377,515,10,4	55.3	39.4688182	73.5894161	6095.6
1255	16.0	16.0	16.0	1429,919,10,2	54.9	39.4688171	73.5894179	6095.7
1256	20.0	18.0	21.0	1205,439,4,4	54.7	39.4688184	73.5894174	6095.7
1257	14.0	14.0	14.0	121,598,6,4	54.6	39.4688175	73.5894182	6095.7
1258	20.0	20.0	20.0	725,265,7,3	54.6	39.4688184	73.5894174	6095.7
1259	208.3	207.3	208.3	0,586,10,3	54.5	39.4688167	73.5894182	6095.6
1260	112.2	112.2	112.2	1000,743,9,2	54.4	39.4688171	73.5894187	6095.6
1261	183.3	183.3	183.3	565,289,8,2	54.2	39.4688175	73.5894167	6095.7
1262	111.2	111.2	111.2	536,725,4,5	54.1	39.4688178	73.5894177	6095.6
1263	14.0	14.0	14.0	1739,890,4,7	53.9	39.4688175	73.5894182	6095.7
1264	25.0	23.0	25.0	528,523,4,6	53.6	39.4688176	73.5894178	6095.6
1265	24.0	24.0	28.0	990,734,3,11	53.6	39.4688177	73.5894180	6095.7
1266	37.1	37.1	45.1	677,451,8,4	53.5	39.4688170	73.5894169	6095.8
1267	3.0	3.0	4.0	833,105,4,4	53.4	39.4688176	73.5894190	6095.7
1268	149.2	146.2	149.2	1091,683,4,4	53.4	39.4688176	73.5894156	6095.6
1269	186.3	186.3	187.3	1290,161,7,4	53.3	39.4688172	73.5894161	6095.6
1270	47.1	45.1	48.1	438,338,5,5	52.7	39.4688175	73.5894167	6095.7
1271	104.1	104.1	104.1	1377,313,5,7	52.7	39.4688182	73.5894170	6095.6
1272	112.2	112.2	112.2	270,609,5,6	52.7	39.4688171	73.5894187	6095.6
1273	241.3	240.3	241.3	0,560,6,3	52.6	39.4688184	73.5894167	6095.6
1274	125.2	125.2	125.2	24,723,6,3	52.3	39.4688177	73.5894191	6095.6
1275	125.2	125.2	125.2	678,509,3,6	52.0	39.4688177	73.5894191	6095.6
1276	185.3	185.3	185.3	65,51,5,4	52.0	39.4688168	73.5894166	6095.6
1277	24.0	24.0	24.0	1734,411,5,4	51.9	39.4688177	73.5894180	6095.7
1278	158.2	158.2	158.2	1889,703,4,6	51.9	39.4688187	73.5894162	6095.6
1279	22.0	22.0	22.0	995,710,6,5	51.7	39.4688179	73.5894181	6095.7
1280	63.1	63.1	63.1	1009,129,4,4	51.6	39.4688176	73.5894158	6095.5
1281	253.4	251.3	253.4	545,816,6,3	51.6	39.4688174	73.5894162	6095.6
1282	226.3	221.3	226.3	837,601,4,4	51.4	39.4688173	73.5894169	6095.6
1283	43.1	43.1	43.1	1897,649,10,4	51.3	39.4688173	73.5894175	6095.7
1284	213.3	212.3	213.3	1729,142,6,3	50.9	39.4688183	73.5894166	6095.6
1285	40.1	40.1	40.1	1053,905,8,6	50.8	39.4688177	73.5894170	6095.7
1286	67.1	67.1	67.1	561,633,8,4	50.7	39.4688182	73.5894161	6095.6
1287	137.2	137.2	137.2	595,510,8,3	50.6	39.4688173	73.5894162	6095.6
1288	235.3	235.3	235.3	492,307,5,4	50.3	39.4688173	73.5894167	6095.5
1289	12.0	9.0	13.0	1497,766,5,3	49.9	39.4688170	73.5894181	6095.6
1290	25.0	25.0	25.0	1404,879,11,4	49.8	39.4688176	73.5894178	6095.6
1291	11.0	10.0	11.0	1897,822,5,3	49.7	39.4688176	73.5894178	6095.6
1292	210.3	204.3	210.3	1201,413,5,3	49.7	39.4688181	73.5894171	6095.6
1293	243.3	243.3	247.3	81,161,2,8	49.7	39.4688179	73.5894162	6095.5
1294	242.3	242.3	242.3	268,301,5,4	49.6	39.4688181	73.5894165	6095.6
1295	230.3	230.3	230.3	995,465,4,6	49.5	39.4688175	73.5894169	6095.6
1296	11.0	6.0	11.0	605,617,9,6	49.4	39.4688176	73.5894178	6095.6
1297	21.0	21.0	21.0	193,669,4,4	49.1	39.4688177	73.5894173	6095.7
1298	253.4	253.4	253.4	1659,27,6,4	49.1	39.4688174	73.5894162	6095.6
1299	32.0	30.0	32.0	311,351,15,6	49.0	39.4688180	73.5894169	6095.7
1300	51.1	51.1	51.1	201,857,3,8	49.0	39.4688171	73.5894179	6095.6
1301	200.3	200.3	203.3	1601,349,8,2	48.9	39.4688178	73.5894177	6095.6
1302	11.0	10.0	11.0	1798,1044,3,5	48.8	39.4688176	73.5894178	6095.6
1303	58.1	57.1	58.1	1514,271,7,2	48.8	39.4688172	73.5894174	6095.5
1304	7.0	7.0	7.0	1019,681,6,4	48.5	39.4688177	73.5894178	6095.7
1305	185.3	185.3	186.3	421,653,4,5	48.5	39.4688168	73.5894166	6095.6
1306	15.0	13.0	15.0	669,491,3,6	48.3	39.4688171	73.5894181	6095.6
1307	191.3	191.3	191.3	1320,286,9,3	48.2	39.4688171	73.5894164	6095.5
1308	1.0	1.0	1.0	308,1057,5,3	48.0	39.4688176	73.5894188	6095.6
1309	8.0	8.0	8.0	11,1002,6,6	47.8	39.4688177	73.5894178	6095.7
1310	239.3	239.3	239.3	1817,417,7,2	47.8	39.4688178	73.5894174	6095.6
1311	249.3	249.3	249.3	673,462,7,3	47.7	39.4688184	73.5894161	6095.5
1312	13.0	13.0	13.0	1586,347,4,4	47.3	39.4688174	73.5894177	6095.7
1313	43.1	42.1	43.1	539,518,6,3	47.3	39.4688173	73.5894175	6095.7
1314	11.0	11.0	11.0	650,53,7,5	47.2	39.4688176	73.5894178	6095.6
1315	182.3	182.3	182.3	401,275,8,6	47.2	39.4688174	73.5894166	6095.6
1316	18.0	18.0	21.0	778,768,7,3	47.1	39.4688176	73.5894180	6095.6
1317	40.1	38.1	40.1	561,437,5,3	47.1	39.4688177	73.5894170	6095.7
1318	53.1	53.1	53.1	425,945,4,4	47.1	39.4688170	73.5894172	6095.5
1319	178.2	178.2	178.2	1261,649,8,2	47.1	39.4688175	73.5894164	6095.6
1320	111.2	111.2	111.2	695,795,4,4	46.6	39.4688178	73.5894177	6095.6
1321	53.1	53.1	53.1	48,221,3,6	46.4	39.4688170	73.5894172	6095.5
1322	9.0	8.0	9.0	1457,982,3,8	46.2	39.4688179	73.5894174	6095.6
1323	24.0	20.0	24.0	449,327,8,2	46.2	39.4688177	73.5894180	6095.7
1324	66.1	66.1	66.1	778,577,6,2	46.2	39.4688176	73.5894165	6095.6
1325	31.0	31.0	31.0	945,207,8,2	46.1	39.4688177	73.5894170	6095.7
1326	179.2	176.2	179.2	1057,457,8,2	46.0	39.4688164	73.5894156	6095.5
1327	252.4	251.3	252.4	113,151,6,2	46.0	39.4688174	73.5894162	6095.5
1328	16.0	16.0	16.0	1604,653,5,4	45.9	39.4688171	73.5894179	6095.7
1329	17.0	17.0	17.0	1729,777,8,2	45.9	39.4688175	73.5894180	6095.7
1330	0.0	0.0	0.0	1329,191,8,2	45.8	39.4688169	73.5894192	6095.6
1331	185.3	185.3	185.3	1666,116,5,3	45.8	39.4688168	73.5894166	6095.6
1332	178.2	178.2	178.2	1257,727,8,2	45.6	39.4688175	73.5894164	6095.6
1333	176.2	176.2	176.2	1025,1049,2,8	45.4	39.4688171	73.5894166	6095.6
1334	11.0	11.0	11.0	1881,577,4,5	44.9	39.4688176	73.5894178	6095.6
1335	23.0	23.0	23.0	0,1061,3,4	44.9	39.4688182	73.5894181	6095.7
1336	96.1	96.1	96.1	1896,675,5,4	44.8	39.4688180	73.5894184	6095.6
1337	203.3	203.3	208.3	465,551,8,2	44.7	39.4688178	73.5894166	6095.6
1338	19.0	16.0	20.0	538,617,7,2	44.4	39.4688181	73.5894178	6095.6
1339	66.1	66.1	66.1	685,117,4,8	44.4	39.4688176	73.5894165	6095.6
1340	154.2	154.2	154.2	693,941,5,3	44.3	39.4688165	73.5894163	6095.6
1341	244.3	244.3	244.3	865,545,6,2	44.3	39.4688178	73.5894159	6095.5
1342	101.1	101.1	101.1	53,30,4,3	44.2	39.4688179	73.5894181	6095.6
1343	206.3	206.3	206.3	1185,489,8,8	43.8	39.4688180	73.5894158	6095.5
1344	14.0	14.0	14.0	182,573,6,4	43.7	39.4688175	73.5894182	6095.7
1345	50.1	50.1	50.1	869,445,4,4	43.7	39.4688173	73.5894174	6095.6
1346	223.3	222.3	223.3	460,509,5,4	43.7	39.4688183	73.5894168	6095.6
1347	14.0	14.0	14.0	161,415,8,2	43.6	39.4688175	73.5894182	6095.7
1348	1.0	0.0	1.0	1714,121,7,2	43.4	39.4688176	73.5894188	6095.6
1349	27.0	27.0	27.0	241,972,2,9	43.4	39.4688176	73.5894178	6095.6
1350	60.1	60.1	60.1	792,471,5,4	43.4	39.4688178	73.5894173	6095.6
1351	189.3	188.3	190.3	721,353,5,5	43.4	39.4688172	73.5894170	6095.5
1352	228.3	228.3	228.3	1569,897,4,4	43.2	39.4688165	73.5894167	6095.6
1353	176.2	176.2	176.2	393,997,8,2	43.1	39.4688171	73.5894166	6095.6
1354	30.0	30.0	30.0	137,649,8,2	42.9	39.4688178	73.5894169	6095.7
1355	188.3	188.3	188.3	1765,393,4,5	42.8	39.4688175	73.5894163	6095.6
1356	191.3	191.3	191.3	379,705,6,5	42.8	39.4688171	73.5894164	6095.5
1357	10.0	9.0	12.0	361,41,2,8	42.4	39.4688177	73.5894179	6095.7
1358	50.1	50.1	52.1	113,150,4,5	42.3	39.4688173	73.5894174	6095.6
1359	59.1	59.1	59.1	1329,339,6,4	42.3	39.4688172	73.5894176	6095.5
1360	1.0	1.0	1.0	786,146,6,3	41.9	39.4688176	73.5894188	6095.6
1361	11.0	7.0	11.0	182,742,5,3	41.9	39.4688176	73.5894178	6095.6
1362	20.0	20.0	20.0	79,1005,4,4	41.9	39.4688184	73.5894174	6095.7
1363	24.0	18.0	24.0	133,425,4,4	41.9	39.4688177	73.5894180	6095.7
1364	53.1	53.1	53.1	593,816,6,3	41.9	39.4688170	73.5894172	6095.5
1365	122.2	122.2	122.2	1906,90,4,4	41.9	39.4688184	73.5894177	6095.7
1366	189.3	189.3	189.3	993,321,8,2	41.8	39.4688172	73.5894170	6095.5
1367	43.1	43.1	43.1	1647,577,2,8	41.7	39.4688173	73.5894175	6095.7
1368	43.1	43.1	43.1	1777,615,8,2	41.7	39.4688173	73.5894175	6095.7
1369	241.3	241.3	242.3	1357,382,6,3	41.7	39.4688184	73.5894167	6095.6
1370	4.0	4.0	4.0	1801,453,8,4	41.6	39.4688174	73.5894187	6095.7
1371	101.1	101.1	101.1	626,66,4,3	41.6	39.4688179	73.5894181	6095.6
1372	252.4	251.3	253.4	41,420,3,5	41.6	39.4688174	73.5894162	6095.5
1373	9.0	9.0	9.0	75,830,5,3	41.5	39.4688179	73.5894174	6095.6
1374	182.3	182.3	182.3	0,331,2,6	41.5	39.4688174	73.5894166	6095.6
1375	185.3	185.3	185.3	1831,77,8,4	41.4	39.4688168	73.5894166	6095.6
1376	17.0	17.0	20.0	1347,762,6,4	41.1	39.4688175	73.5894180	6095.7
1377	41.1	41.1	41.1	865,359,7,2	41.1	39.4688173	73.5894170	6095.6
1378	246.3	245.3	246.3	1907,394,6,3	41.1	39.4688174	73.5894165	6095.6
1379	224.3	224.3	224.3	219,607,6,4	40.9	39.4688179	73.5894171	6095.6
1380	8.0	8.0	8.0	249,105,6,3	40.8	39.4688177	73.5894178	6095.7
1381	44.1	44.1	47.1	967,268,8,3	40.7	39.4688172	73.5894168	6095.6
1382	87.1	87.1	87.1	1224,382,4,3	40.7	39.4688185	73.5894177	6095.6
1383	43.1	43.1	43.1	1138,707,7,2	40.6	39.4688173	73.5894175	6095.7
1384	179.2	179.2	179.2	1407,185,2,8	40.6	39.4688164	73.5894156	6095.5
1385	24.0	24.0	24.0	715,465,6,3	40.5	39.4688177	73.5894180	6095.7
1386	250.3	250.3	250.3	116,993,4,4	40.5	39.4688180	73.5894151	6095.6
1387	40.1	40.1	42.1	1249,825,8,2	40.4	39.4688177	73.5894170	6095.7
1388	63.1	63.1	63.1	486,170,6,5	40.4	39.4688176	73.5894158	6095.5
1389	13.0	13.0	13.0	1740,705,4,5	40.3	39.4688174	73.5894177	6095.7
1390	157.2	157.2	157.2	1649,769,2,5	40.3	39.4688174	73.5894162	6095.6
1391	227.3	227.3	227.3	1653,489,12,2	40.2	39.4688168	73.5894167	6095.6
1392	31.0	31.0	31.0	1209,5,8,2	40.1	39.4688177	73.5894170	6095.7
1393	31.0	31.0	34.0	737,235,8,2	40.1	39.4688177	73.5894170	6095.7
1394	248.3	245.3	248.3	1829,729,2,8	40.1	39.4688182	73.5894161	6095.5
1395	204.3	204.3	204.3	945,433,4,3	40.0	39.4688171	73.5894168	6095.6
1396	15.0	15.0	15.0	185,407,7,2	39.9	39.4688171	73.5894181	6095.6
1397	178.2	178.2	178.2	1577,289,2,8	39.9	39.4688175	73.5894164	6095.6
1398	64.1	64.1	64.1	1339,393,6,2	39.8	39.4688176	73.5894165	6095.5
1399	125.2	125.2	125.2	1215,0,5,3	39.8	39.4688177	73.5894191	6095.6
1400	58.1	58.1	58.1	807,476,3,8	39.7	39.4688172	73.5894174	6095.5
1401	29.0	29.0	29.0	1901,401,4,4	39.6	39.4688175	73.5894172	6095.6
1402	38.1	38.1	40.1	139,503,6,2	39.5	39.4688176	73.5894175	6095.7
1403	52.1	51.1	52.1	35,41,2,6	39.5	39.4688164	73.5894171	6095.6
1404	182.3	182.3	182.3	513,153,4,3	39.4	39.4688174	73.5894166	6095.6
1405	57.1	57.1	57.1	1411,286,5,5	39.3	39.4688175	73.5894181	6095.5
1406	31.0	31.0	31.0	122,359,7,2	38.8	39.4688177	73.5894170	6095.7
1407	17.0	17.0	17.0	549,177,2,8	38.6	39.4688175	73.5894180	6095.7
1408	18.0	18.0	19.0	1809,874,3,5	38.5	39.4688176	73.5894180	6095.6
1409	38.1	38.1	39.1	1633,1045,4,4	38.4	39.4688176	73.5894175	6095.7
1410	38.1	38.1	45.1	479,705,2,8	38.4	39.4688176	73.5894175	6095.7
1411	228.3	228.3	228.3	1578,1054,7,3	38.4	39.4688165	73.5894167	6095.6
1412	29.0	29.0	31.0	1278,713,3,8	38.3	39.4688175	73.5894172	6095.6
1413	203.3	203.3	203.3	1659,469,4,4	38.3	39.4688178	73.5894166	6095.6
1414	226.3	222.3	226.3	740,623,3,4	38.3	39.4688173	73.5894169	6095.6
1415	17.0	17.0	17.0	486,984,3,4	38.1	39.4688175	73.5894180	6095.7
1416	5.0	5.0	5.0	451,884,6,5	38.0	39.4688176	73.5894184	6095.7
1417	22.0	22.0	22.0	1129,1063,8,2	37.8	39.4688179	73.5894181	6095.7
1418	206.3	205.3	206.3	865,397,5,4	37.7	39.4688180	73.5894158	6095.5
1419	178.2	178.2	178.2	1513,293,8,2	37.5	39.4688175	73.5894164	6095.6
1420	26.0	26.0	27.0	325,496,4,3	37.4	39.4688179	73.5894175	6095.6
1421	37.1	37.1	37.1	1793,647,10,4	37.3	39.4688170	73.5894169	6095.8
1422	26.0	26.0	26.0	433,537,6,4	37.2	39.4688179	73.5894175	6095.6
1423	97.1	97.1	97.1	283,649,6,4	37.2	39.4688176	73.5894183	6095.6
1424	9.0	9.0	9.0	1850,942,4,3	37.1	39.4688179	73.5894174	6095.6
1425	206.3	206.3	206.3	843,871,6,2	37.1	39.4688180	73.5894158	6095.5
1426	0.0	0.0	0.0	1255,40,6,2	37.0	39.4688169	73.5894192	6095.6
1427	44.1	44.1	47.1	1379,271,6,2	36.9	39.4688172	73.5894168	6095.6
1428	56.1	56.1	58.1	1207,159,6,2	36.9	39.4688176	73.5894173	6095.6
1429	1.0	0.0	1.0	1772,62,4,3	36.8	39.4688176	73.5894188	6095.6
1430	2.0	2.0	2.0	507,16,4,3	36.8	39.4688177	73.5894186	6095.6
1431	1.0	1.0	1.0	229,993,4,5	36.7	39.4688176	73.5894188	6095.6
1432	178.2	178.2	178.2	459,711,4,3	36.6	39.4688175	73.5894164	6095.6
1433	12.0	12.0	12.0	660,977,4,3	36.5	39.4688170	73.5894181	6095.6
1434	27.0	27.0	27.0	1881,661,4,4	36.5	39.4688176	73.5894178	6095.6
1435	37.1	37.1	37.1	578,495,7,2	36.4	39.4688170	73.5894169	6095.8
1436	17.0	17.0	17.0	1198,1057,6,2	36.3	39.4688175	73.5894180	6095.7
1437	202.3	202.3	202.3	1189,729,2,8	36.3	39.4688178	73.5894168	6095.5
1438	243.3	243.3	243.3	929,503,8,2	36.2	39.4688179	73.5894162	6095.5
1439	38.1	37.1	38.1	85,625,7,2	36.1	39.4688176	73.5894175	6095.7
1440	10.0	10.0	10.0	549,65,2,7	35.8	39.4688177	73.5894179	6095.7
1441	17.0	17.0	17.0	1555,505,6,2	35.7	39.4688175	73.5894180	6095.7
1442	97.1	97.1	97.1	73,1079,8,1	35.7	39.4688176	73.5894183	6095.6
1443	8.0	8.0	8.0	109,957,4,4	35.6	39.4688177	73.5894178	6095.7
1444	13.0	13.0	14.0	1835,754,2,5	35.6	39.4688174	73.5894177	6095.7
1445	3.0	3.0	3.0	1639,729,2,5	35.3	39.4688176	73.5894190	6095.7
1446	177.2	177.2	177.2	1467,575,4,4	35.3	39.4688169	73.5894158	6095.5
1447	111.2	111.2	111.2	541,482,2,5	35.2	39.4688178	73.5894177	6095.6
1448	39.1	39.1	39.1	11,580,6,2	34.9	39.4688179	73.5894174	6095.7
1449	63.1	63.1	63.1	1173,364,5,3	34.9	39.4688176	73.5894158	6095.5
1450	3.0	3.0	3.0	786,58,5,3	34.8	39.4688176	73.5894190	6095.7
1451	20.0	20.0	20.0	625,441,3,4	34.8	39.4688184	73.5894174	6095.7
1452	178.2	178.2	178.2	1441,325,7,2	34.8	39.4688175	73.5894164	6095.6
1453	242.3	242.3	242.3	403,308,6,3	34.8	39.4688181	73.5894165	6095.6
1454	246.3	246.3	246.3	1060,206,5,3	34.8	39.4688174	73.5894165	6095.6
1455	222.3	222.3	222.3	0,746,3,5	34.7	39.4688185	73.5894171	6095.6
1456	8.0	8.0	8.0	1425,561,3,4	34.6	39.4688177	73.5894178	6095.7
1457	9.0	9.0	9.0	1554,510,3,3	34.6	39.4688179	73.5894174	6095.6
1458	252.4	252.4	252.4	1437,49,4,4	34.6	39.4688174	73.5894162	6095.5
1459	2.0	2.0	2.0	1883,408,3,5	34.1	39.4688177	73.5894186	6095.6
1460	227.3	227.3	227.3	1845,491,6,6	34.1	39.4688168	73.5894167	6095.6
1461	64.1	59.1	64.1	1443,294,4,3	34.0	39.4688176	73.5894165	6095.5
1462	212.3	212.3	212.3	729,245,8,3	34.0	39.4688181	73.5894161	6095.5
1463	69.1	69.1	69.1	33,1040,2,4	33.9	39.4688176	73.5894169	6095.6
1464	41.1	41.1	41.1	1227,264,7,3	33.7	39.4688173	73.5894170	6095.6
1465	17.0	17.0	17.0	175,539,2,6	33.6	39.4688175	73.5894180	6095.7
1466	8.0	8.0	8.0	17,803,5,2	33.5	39.4688177	73.5894178	6095.7
1467	236.3	236.3	236.3	317,361,4,4	33.5	39.4688169	73.5894169	6095.6
1468	0.0	0.0	1.0	953,130,4,3	33.4	39.4688169	73.5894192	6095.6
1469	249.3	249.3	249.3	1735,633,4,5	33.4	39.4688184	73.5894161	6095.5
1470	53.1	53.1	53.1	5,273,4,3	33.3	39.4688170	73.5894172	6095.5
1471	28.0	28.0	31.0	64,385,6,2	33.2	39.4688172	73.5894172	6095.6
1472	18.0	18.0	18.0	585,997,4,3	33.1	39.4688176	73.5894180	6095.6
1473	58.1	58.1	58.1	875,417,3,5	32.9	39.4688172	73.5894174	6095.5
1474	8.0	8.0	8.0	96,701,6,4	32.6	39.4688177	73.5894178	6095.7
1475	43.1	43.1	43.1	342,20,3,5	32.5	39.4688173	73.5894175	6095.7
1476	249.3	249.3	249.3	145,750,4,3	32.4	39.4688184	73.5894161	6095.5
1477	17.0	17.0	17.0	757,461,4,3	32.2	39.4688175	73.5894180	6095.7
1478	4.0	4.0	6.0	429,509,4,4	31.8	39.4688174	73.5894187	6095.7
1479	12.0	12.0	12.0	301,667,6,4	31.5	39.4688170	73.5894181	6095.6
1480	34.0	34.0	36.1	169,297,2,8	31.5	39.4688184	73.5894174	6095.7
1481	10.0	10.0	10.0	883,446,4,3	31.4	39.4688177	73.5894179	6095.7
1482	14.0	14.0	14.0	687,843,2,5	31.4	39.4688175	73.5894182	6095.7
1483	101.1	101.1	101.1	697,0,4,2	31.3	39.4688179	73.5894181	6095.6
1484	191.3	191.3	191.3	963,709,4,4	31.0	39.4688171	73.5894164	6095.5
1485	223.3	223.3	223.3	146,469,6,2	31.0	39.4688183	73.5894168	6095.6
1486	13.0	13.0	13.0	513,566,4,4	30.9	39.4688174	73.5894177	6095.7
1487	98.1	98.1	98.1	904,55,6,2	30.9	39.4688175	73.5894182	6095.6
1488	31.0	31.0	33.0	59,361,6,2	30.7	39.4688177	73.5894170	6095.7
1489	49.1	46.1	49.1	1038,471,8,3	30.7	39.4688179	73.5894173	6095.6
1490	53.1	53.1	53.1	1338,583,5,2	30.7	39.4688170	73.5894172	6095.5
1491	42.1	42.1	42.1	1508,412,4,2	30.6	39.4688176	73.5894174	6095.6
1492	144.2	144.2	144.2	282,129,7,2	30.6	39.4688185	73.5894153	6095.6
1493	52.1	52.1	52.1	994,633,4,3	30.5	39.4688164	73.5894171	6095.6
1494	3.0	3.0	3.0	681,94,4,3	30.4	39.4688176	73.5894190	6095.7
1495	18.0	18.0	18.0	1889,966,5,3	30.4	39.4688176	73.5894180	6095.6
1496	0.0	0.0	0.0	665,361,3,3	30.3	39.4688169	73.5894192	6095.6
1497	41.1	41.1	41.1	861,761,3,5	30.2	39.4688173	73.5894170	6095.6
1498	59.1	59.1	59.1	1137,285,3,3	30.2	39.4688172	73.5894176	6095.5
1499	231.3	227.3	231.3	828,503,5,2	30.2	39.4688170	73.5894173	6095.6
1500	18.0	18.0	18.0	733,953,4,4	30.1	39.4688176	73.5894180	6095.6
1501	182.3	182.3	182.3	688,70,4,2	30.1	39.4688174	73.5894166	6095.6
1502	10.0	10.0	10.0	1541,439,2,4	30.0	39.4688177	73.5894179	6095.7
1503	198.3	198.3	198.3	234,593,6,2	30.0	39.4688175	73.5894168	6095.5
1504	240.3	240.3	242.3	1029,799,5,2	30.0	39.4688187	73.5894165	6095.6
1505	56.1	56.1	56.1	1515,367,3,3	29.9	39.4688176	73.5894173	6095.6
1506	206.3	206.3	206.3	759,421,2,4	29.9	39.4688180	73.5894158	6095.5
1507	252.4	252.4	252.4	1909,0,4,2	29.9	39.4688174	73.5894162	6095.5
1508	186.3	186.3	186.3	1828,102,3,3	29.8	39.4688172	73.5894161	6095.6
1509	191.3	191.3	191.3	1588,460,5,2	29.8	39.4688171	73.5894164	6095.5
1510	23.0	23.0	23.0	1642,661,5,2	29.6	39.4688182	73.5894181	6095.7
1511	7.0	7.0	11.0	1692,373,3,4	29.5	39.4688177	73.5894178	6095.7
1512	70.1	70.1	70.1	1276,314,5,3	29.5	39.4688171	73.5894176	6095.6
1513	3.0	3.0	3.0	1902,861,3,4	29.4	39.4688176	73.5894190	6095.7
1514	20.0	20.0	20.0	1173,369,4,3	29.4	39.4688184	73.5894174	6095.7
1515	16.0	16.0	16.0	339,912,3,3	29.3	39.4688171	73.5894179	6095.7
1516	253.4	253.4	253.4	783,459,3,4	29.3	39.4688174	73.5894162	6095.6
1517	218.3	217.3	218.3	222,534,3,3	29.2	39.4688184	73.5894173	6095.6
1518	17.0	17.0	17.0	211,1045,2,4	29.1	39.4688175	73.5894180	6095.7
1519	63.1	63.1	63.1	891,231,6,2	29.1	39.4688176	73.5894158	6095.5
1520	6.0	6.0	6.0	801,689,4,4	29.0	39.4688176	73.5894181	6095.7
1521	12.0	12.0	12.0	369,966,8,3	29.0	39.4688170	73.5894181	6095.6
1522	41.1	41.1	41.1	449,173,3,4	28.9	39.4688173	73.5894170	6095.6
1523	15.0	15.0	15.0	681,702,4,3	28.8	39.4688171	73.5894181	6095.6
1524	225.3	225.3	225.3	705,771,2,6	28.8	39.4688177	73.5894175	6095.6
1525	18.0	18.0	18.0	1425,521,4,4	28.6	39.4688176	73.5894180	6095.6
1526	27.0	27.0	27.0	1681,585,2,4	28.6	39.4688176	73.5894178	6095.6
1527	34.0	34.0	34.0	1038,65,9,4	28.6	39.4688184	73.5894174	6095.7
1528	19.0	16.0	19.0	441,707,2,4	28.5	39.4688181	73.5894178	6095.6
1529	208.3	208.3	208.3	1753,471,8,2	28.5	39.4688167	73.5894182	6095.6
1530	29.0	29.0	29.0	658,0,2,4	28.4	39.4688175	73.5894172	6095.6
1531	224.3	224.3	232.3	621,499,4,2	28.4	39.4688179	73.5894171	6095.6
1532	10.0	10.0	10.0	1738,1025,2,4	28.3	39.4688177	73.5894179	6095.7
1533	65.1	65.1	65.1	1273,225,4,2	28.3	39.4688175	73.5894163	6095.6
1534	9.0	9.0	9.0	1725,628,3,3	28.1	39.4688179	73.5894174	6095.6
1535	19.0	19.0	19.0	956,585,4,2	28.1	39.4688181	73.5894178	6095.6
1536	19.0	19.0	19.0	81,353,4,3	28.0	39.4688181	73.5894178	6095.6
1537	9.0	9.0	9.0	1244,452,3,3	27.9	39.4688179	73.5894174	6095.6
1538	32.0	32.0	32.0	896,749,3,3	27.9	39.4688180	73.5894169	6095.7
1539	37.1	37.1	37.1	450,457,5,3	27.9	39.4688170	73.5894169	6095.8
1540	60.1	60.1	60.1	417,675,4,3	27.8	39.4688178	73.5894173	6095.6
1541	31.0	30.0	31.0	1057,329,4,3	27.7	39.4688177	73.5894170	6095.7
1542	34.0	34.0	34.0	1153,516,4,4	27.7	39.4688184	73.5894174	6095.7
1543	43.1	43.1	43.1	1788,521,5,2	27.7	39.4688173	73.5894175	6095.7
1544	222.3	222.3	222.3	733,1037,4,4	27.6	39.4688185	73.5894171	6095.6
1545	0.0	0.0	0.0	1391,219,2,4	27.3	39.4688169	73.5894192	6095.6
1546	17.0	17.0	17.0	0,901,2,4	27.3	39.4688175	73.5894180	6095.7
1547	27.0	27.0	27.0	4,1041,3,3	27.3	39.4688176	73.5894178	6095.6
1548	7.0	7.0	7.0	724,873,5,5	26.8	39.4688177	73.5894178	6095.7
1549	232.3	232.3	232.3	1556,422,6,3	26.8	39.4688173	73.5894171	6095.5
1550	64.1	64.1	64.1	119,933,2,4	26.6	39.4688176	73.5894165	6095.5
1551	68.1	68.1	68.1	675,404,4,4	26.6	39.4688178	73.5894166	6095.6
1552	189.3	189.3	189.3	247,910,3,3	26.6	39.4688172	73.5894170	6095.5
1553	14.0	14.0	14.0	1915,401,5,2	26.5	39.4688175	73.5894182	6095.7
1554	31.0	31.0	31.0	77,851,4,2	26.5	39.4688177	73.5894170	6095.7
1555	39.1	39.1	44.1	1489,809,6,2	26.5	39.4688179	73.5894174	6095.7
1556	2.0	2.0	2.0	407,53,2,4	26.4	39.4688177	73.5894186	6095.6
1557	2.0	2.0	2.0	182,140,3,3	26.4	39.4688177	73.5894186	6095.6
1558	31.0	30.0	33.0	1396,181,5,2	26.3	39.4688177	73.5894170	6095.7
1559	47.1	44.1	49.1	1027,143,5,3	26.3	39.4688175	73.5894167	6095.7
1560	174.2	174.2	174.2	1185,324,2,5	26.2	39.4688171	73.5894164	6095.6
1561	19.0	19.0	19.0	209,297,3,3	26.1	39.4688181	73.5894178	6095.6
1562	47.1	47.1	47.1	747,249,4,4	25.8	39.4688175	73.5894167	6095.7
1563	188.3	188.3	188.3	241,545,4,2	25.8	39.4688175	73.5894163	6095.6
1564	10.0	10.0	10.0	1651,1013,2,4	25.5	39.4688177	73.5894179	6095.7
1565	15.0	15.0	15.0	1511,697,4,2	25.5	39.4688171	73.5894181	6095.6
1566	7.0	7.0	7.0	228,1034,4,3	25.3	39.4688177	73.5894178	6095.7
1567	9.0	9.0	9.0	1509,1035,3,4	25.3	39.4688179	73.5894174	6095.6
1568	64.1	64.1	64.1	1261,6,4,2	25.3	39.4688176	73.5894165	6095.5
1569	188.3	188.3	188.3	1759,965,3,2	25.1	39.4688175	73.5894163	6095.6
1570	218.3	218.3	218.3	1036,411,2,4	24.9	39.4688184	73.5894173	6095.6
1571	176.2	176.2	176.2	1143,266,2,5	24.8	39.4688171	73.5894166	6095.6
1572	226.3	226.3	226.3	497,730,2,5	24.8	39.4688173	73.5894169	6095.6
1573	241.3	241.3	241.3	1737,375,4,2	24.8	39.4688184	73.5894167	6095.6
1574	68.1	68.1	68.1	547,497,4,2	24.7	39.4688178	73.5894166	6095.6
1575	227.3	227.3	227.3	1065,579,8,2	24.7	39.4688168	73.5894167	6095.6
1576	246.3	246.3	246.3	1171,232,3,3	24.6	39.4688174	73.5894165	6095.6
1577	17.0	17.0	17.0	73,995,3,3	24.5	39.4688175	73.5894180	6095.7
1578	43.1	43.1	43.1	1539,499,4,2	24.5	39.4688173	73.5894175	6095.7
1579	251.3	249.3	251.3	553,911,2,6	24.4	39.4688174	73.5894167	6095.5
1580	44.1	44.1	44.1	543,386,4,2	24.3	39.4688172	73.5894168	6095.6
1581	188.3	188.3	188.3	1455,241,2,8	24.1	39.4688175	73.5894163	6095.6
1582	187.3	187.3	187.3	711,23,2,6	23.9	39.4688174	73.5894159	6095.6
1583	223.3	223.3	223.3	1647,211,2,4	23.9	39.4688183	73.5894168	6095.6
1584	52.1	52.1	52.1	1911,759,3,2	23.8	39.4688164	73.5894171	6095.6
1585	58.1	58.1	58.1	1441,369,3,3	23.8	39.4688172	73.5894174	6095.5
1586	41.1	41.1	41.1	1850,993,4,2	23.5	39.4688173	73.5894170	6095.6
1587	41.1	41.1	41.1	1517,1024,3,3	23.5	39.4688173	73.5894170	6095.6
1588	16.0	16.0	16.0	11,798,3,3	23.4	39.4688171	73.5894179	6095.7
1589	47.1	47.1	47.1	309,494,4,3	23.4	39.4688175	73.5894167	6095.7
1590	49.1	49.1	49.1	1289,243,5,2	23.3	39.4688179	73.5894173	6095.6
1591	50.1	50.1	50.1	1825,433,4,2	23.3	39.4688173	73.5894174	6095.6
1592	36.1	36.1	36.1	1737,627,2,4	23.2	39.4688179	73.5894171	6095.7
1593	226.3	223.3	226.3	1415,459,2,4	23.0	39.4688173	73.5894169	6095.6
1594	43.1	43.1	43.1	1609,657,4,2	22.9	39.4688173	73.5894175	6095.7
1595	223.3	223.3	223.3	53,161,2,6	22.9	39.4688183	73.5894168	6095.6
1596	96.1	96.1	96.1	484,864,2,3	22.8	39.4688180	73.5894184	6095.6
1597	214.3	214.3	214.3	183,593,2,4	22.8	39.4688178	73.5894166	6095.6
1598	1.0	1.0	1.0	1418,25,4,2	22.7	39.4688176	73.5894188	6095.6
1599	249.3	249.3	250.3	149,1061,4,2	22.7	39.4688184	73.5894161	6095.5
1600	250.3	250.3	250.3	206,889,3,3	22.7	39.4688180	73.5894151	6095.6
1601	16.0	16.0	16.0	353,852,2,3	22.6	39.4688171	73.5894179	6095.7
1602	192.3	192.3	192.3	825,697,5,2	22.5	39.4688160	73.5894170	6095.5
1603	11.0	11.0	11.0	1287,1037,2,3	22.4	39.4688176	73.5894178	6095.6
1604	213.3	213.3	213.3	827,1046,2,3	22.4	39.4688183	73.5894166	6095.6
1605	0.0	0.0	0.0	1138,114,4,2	22.3	39.4688169	73.5894192	6095.6
1606	15.0	15.0	15.0	0,654,3,3	22.3	39.4688171	73.5894181	6095.6
1607	182.3	182.3	182.3	1513,537,4,2	22.3	39.4688174	73.5894166	6095.6
1608	60.1	60.1	60.1	820,107,3,2	22.2	39.4688178	73.5894173	6095.6
1609	191.3	191.3	191.3	381,498,4,2	22.2	39.4688171	73.5894164	6095.5
1610	189.3	189.3	189.3	915,326,4,2	22.1	39.4688172	73.5894170	6095.5
1611	191.3	191.3	191.3	626,583,5,2	22.1	39.4688171	73.5894164	6095.5
1612	0.0	0.0	0.0	1843,41,2,3	22.0	39.4688169	73.5894192	6095.6
1613	43.1	43.1	43.1	295,618,4,3	22.0	39.4688173	73.5894175	6095.7
1614	56.1	56.1	56.1	231,399,5,2	22.0	39.4688176	73.5894173	6095.6
1615	17.0	17.0	17.0	1421,475,4,2	21.7	39.4688175	73.5894180	6095.7
1616	40.1	40.1	40.1	1550,400,3,3	21.7	39.4688177	73.5894170	6095.7
1617	234.3	234.3	234.3	166,449,3,2	21.7	39.4688177	73.5894165	6095.6
1618	56.1	56.1	56.1	266,616,3,2	21.6	39.4688176	73.5894173	6095.6
1619	63.1	63.1	63.1	1917,292,3,3	21.6	39.4688176	73.5894158	6095.5
1620	239.3	239.3	239.3	1860,406,4,2	21.6	39.4688178	73.5894174	6095.6
1621	41.1	41.1	41.1	473,486,4,2	21.4	39.4688173	73.5894170	6095.6
1622	187.3	187.3	187.3	1343,339,3,3	21.4	39.4688174	73.5894159	6095.6
1623	235.3	235.3	235.3	1393,393,3,2	21.4	39.4688173	73.5894167	6095.5
1624	17.0	17.0	17.0	1467,871,4,2	21.3	39.4688175	73.5894180	6095.7
1625	30.0	30.0	30.0	1761,321,4,2	21.3	39.4688178	73.5894169	6095.7
1626	33.0	32.0	36.1	101,547,4,2	21.3	39.4688189	73.5894168	6095.7
1627	48.1	48.1	48.1	1627,275,4,2	21.3	39.4688183	73.5894168	6095.6
1628	225.3	225.3	225.3	1006,713,5,2	21.3	39.4688177	73.5894175	6095.6
1629	31.0	31.0	31.0	811,217,4,2	21.2	39.4688177	73.5894170	6095.7
1630	64.1	64.1	64.1	1614,229,3,2	21.2	39.4688176	73.5894165	6095.5
1631	12.0	11.0	12.0	9,665,2,3	21.1	39.4688170	73.5894181	6095.6
1632	40.1	40.1	40.1	797,893,4,3	20.9	39.4688177	73.5894170	6095.7
1633	2.0	2.0	2.0	220,119,3,2	20.8	39.4688177	73.5894186	6095.6
1634	7.0	7.0	7.0	954,486,2,3	20.7	39.4688177	73.5894178	6095.7
1635	44.1	44.1	44.1	890,588,3,3	20.7	39.4688172	73.5894168	6095.6
1636	50.1	50.1	50.1	1175,374,2,3	20.7	39.4688173	73.5894174	6095.6
1637	192.3	192.3	192.3	738,659,7,2	20.6	39.4688160	73.5894170	6095.5
1638	9.0	9.0	9.0	1399,959,2,3	20.5	39.4688179	73.5894174	6095.6
1639	16.0	16.0	16.0	1861,960,2,3	20.5	39.4688171	73.5894179	6095.7
1640	253.4	253.4	253.4	676,549,3,2	20.5	39.4688174	73.5894162	6095.6
1641	16.0	16.0	16.0	455,407,3,2	20.4	39.4688171	73.5894179	6095.7
1642	52.1	52.1	52.1	805,652,3,3	20.4	39.4688164	73.5894171	6095.6
1643	59.1	59.1	59.1	3,798,2,3	20.2	39.4688172	73.5894176	6095.5
1644	96.1	96.1	96.1	134,1018,3,2	20.2	39.4688180	73.5894184	6095.6
1645	40.1	40.1	40.1	1630,861,3,3	20.1	39.4688177	73.5894170	6095.7
1646	241.3	241.3	241.3	65,551,3,2	20.1	39.4688184	73.5894167	6095.6
1647	216.3	216.3	216.3	1510,985,3,2	20.0	39.4688181	73.5894169	6095.6
1648	50.1	50.1	50.1	834,542,4,2	19.9	39.4688173	73.5894174	6095.6
1649	37.1	37.1	37.1	171,599,4,2	19.8	39.4688170	73.5894169	6095.8
1650	190.3	190.3	190.3	1031,428,2,5	19.8	39.4688162	73.5894160	6095.6
1651	44.1	44.1	44.1	1827,529,3,2	19.7	39.4688172	73.5894168	6095.6
1652	50.1	50.1	53.1	653,628,4,2	19.7	39.4688173	73.5894174	6095.6
1653	229.3	229.3	229.3	321,559,4,2	19.7	39.4688170	73.5894167	6095.6
1654	253.4	253.4	253.4	1611,655,2,3	19.6	39.4688174	73.5894162	6095.6
1655	32.0	32.0	32.0	746,297,4,2	19.5	39.4688180	73.5894169	6095.7
1656	213.3	213.3	213.3	1569,159,4,2	19.5	39.4688183	73.5894166	6095.6
1657	57.1	57.1	57.1	1217,468,2,3	19.4	39.4688175	73.5894181	6095.5
1658	1.0	1.0	1.0	1890,975,2,3	19.3	39.4688176	73.5894188	6095.6
1659	32.0	32.0	32.0	817,300,2,3	19.2	39.4688180	73.5894169	6095.7
1660	253.4	253.4	253.4	1180,1043,3,2	18.9	39.4688174	73.5894162	6095.6
1661	41.1	41.1	41.1	1626,1064,3,2	18.6	39.4688173	73.5894170	6095.6
1662	56.1	56.1	56.1	1236,703,5,2	18.5	39.4688176	73.5894173	6095.6
1663	96.1	96.1	96.1	359,157,3,2	18.5	39.4688180	73.5894184	6095.6
1664	240.3	240.3	240.3	617,875,4,2	18.5	39.4688187	73.5894165	6095.6
1665	227.3	227.3	227.3	1911,987,2,4	18.4	39.4688168	73.5894167	6095.6
1666	40.1	40.1	40.1	484,893,3,3	18.3	39.4688177	73.5894170	6095.7
1667	208.3	208.3	208.3	1335,493,2,4	18.2	39.4688167	73.5894182	6095.6
1668	217.3	217.3	217.3	335,604,3,2	18.2	39.4688184	73.5894170	6095.6
1669	233.3	233.3	233.3	820,717,2,4	18.1	39.4688180	73.5894165	6095.6
1670	12.0	12.0	12.0	1343,305,2,3	18.0	39.4688170	73.5894181	6095.6
1671	38.1	38.1	38.1	1765,701,2,4	17.9	39.4688176	73.5894175	6095.7
1672	187.3	187.3	187.3	1273,871,4,2	17.9	39.4688174	73.5894159	6095.6
1673	220.3	220.3	220.3	639,1025,2,6	17.8	39.4688182	73.5894171	6095.6
1674	47.1	47.1	47.1	929,183,3,2	17.7	39.4688175	73.5894167	6095.7
1675	188.3	188.3	188.3	1075,211,4,2	17.6	39.4688175	73.5894163	6095.6
1676	239.3	239.3	239.3	1271,482,2,3	17.6	39.4688178	73.5894174	6095.6
1677	37.1	37.1	37.1	1554,894,2,3	17.5	39.4688170	73.5894169	6095.8
1678	7.0	7.0	7.0	793,838,2,3	17.4	39.4688177	73.5894178	6095.7
1679	56.1	56.1	56.1	1021,475,3,2	17.3	39.4688176	73.5894173	6095.6
1680	189.3	189.3	189.3	660,371,3,2	17.2	39.4688172	73.5894170	6095.5
1681	0.0	0.0	0.0	564,243,3,2	17.1	39.4688169	73.5894192	6095.6
1682	40.1	40.1	40.1	292,910,2,3	17.0	39.4688177	73.5894170	6095.7
1683	16.0	16.0	16.0	273,781,2,3	16.9	39.4688171	73.5894179	6095.7
1684	217.3	217.3	217.3	1420,429,2,3	16.4	39.4688184	73.5894170	6095.6
1685	225.3	223.3	225.3	1209,631,4,2	16.4	39.4688177	73.5894175	6095.6
1686	225.3	225.3	225.3	1319,651,2,4	16.4	39.4688177	73.5894175	6095.6
1687	34.0	34.0	34.0	569,711,4,2	16.3	39.4688184	73.5894174	6095.7
1688	223.3	223.3	223.3	1601,31,6,2	16.3	39.4688183	73.5894168	6095.6
1689	36.1	36.1	36.1	126,458,3,2	16.2	39.4688179	73.5894171	6095.7
1690	188.3	188.3	188.3	1230,386,3,3	16.2	39.4688175	73.5894163	6095.6
1691	251.3	251.3	251.3	407,233,2,5	16.2	39.4688174	73.5894167	6095.5
1692	41.1	41.1	41.1	1570,363,3,2	15.9	39.4688173	73.5894170	6095.6
1693	34.0	34.0	34.0	1318,919,2,3	15.8	39.4688184	73.5894174	6095.7
1694	216.3	216.3	216.3	977,729,4,2	15.8	39.4688181	73.5894169	6095.6
1695	12.0	12.0	12.0	131,1053,3,2	15.7	39.4688170	73.5894181	6095.6
1696	234.3	234.3	234.3	1211,321,4,2	15.6	39.4688177	73.5894165	6095.6
1697	16.0	16.0	16.0	809,487,3,2	15.5	39.4688171	73.5894179	6095.7
1698	188.3	188.3	188.3	1551,5,2,4	15.5	39.4688175	73.5894163	6095.6
1699	188.3	188.3	188.3	1515,31,4,2	15.5	39.4688175	73.5894163	6095.6
1700	188.3	188.3	188.3	127,163,2,4	15.5	39.4688175	73.5894163	6095.6
1701	207.3	207.3	207.3	1377,457,4,4	15.5	39.4688176	73.5894159	6095.6
1702	16.0	16.0	16.0	1095,481,2,3	15.3	39.4688171	73.5894179	6095.7
1703	251.3	251.3	251.3	557,263,4,2	15.3	39.4688174	73.5894167	6095.5
1704	251.3	251.3	251.3	809,567,2,4	15.3	39.4688174	73.5894167	6095.5
1705	31.0	31.0	31.0	1799,162,2,3	15.2	39.4688177	73.5894170	6095.7
1706	190.3	190.3	190.3	1339,465,2,4	15.2	39.4688162	73.5894160	6095.6
1707	207.3	207.3	207.3	819,325,4,2	15.1	39.4688176	73.5894159	6095.6
1708	30.0	30.0	30.0	79,821,2,4	14.8	39.4688178	73.5894169	6095.7
1709	250.3	250.3	250.3	762,325,2,3	14.8	39.4688180	73.5894151	6095.6
1710	249.3	249.3	249.3	933,337,3,2	14.7	39.4688184	73.5894161	6095.5
1711	41.1	41.1	41.1	173,67,2,3	14.5	39.4688173	73.5894170	6095.6
1712	217.3	217.3	217.3	1509,297,4,2	14.5	39.4688184	73.5894170	6095.6
1713	39.1	39.1	39.1	1001,473,3,2	14.4	39.4688179	73.5894174	6095.7
1714	35.0	35.0	35.0	929,265,2,3	14.2	39.4688181	73.5894173	6095.7
1715	206.3	206.3	206.3	165,609,2,3	14.1	39.4688180	73.5894158	6095.5
1716	251.3	251.3	251.3	505,539,2,4	14.0	39.4688174	73.5894167	6095.5
1717	251.3	251.3	251.3	1031,599,2,4	14.0	39.4688174	73.5894167	6095.5
1718	206.3	206.3	206.3	501,529,2,3	13.9	39.4688180	73.5894158	6095.5
1719	60.1	60.1	60.1	1743,150,2,3	13.8	39.4688178	73.5894173	6095.6
1720	190.3	190.3	190.3	1533,541,3,2	13.8	39.4688162	73.5894160	6095.6
1721	251.3	251.3	251.3	49,733,2,3	13.8	39.4688174	73.5894167	6095.5
1722	15.0	15.0	15.0	910,729,3,2	13.5	39.4688171	73.5894181	6095.6
1723	57.1	57.1	57.1	1137,0,3,2	13.4	39.4688175	73.5894181	6095.5
1724	98.1	98.1	98.1	441,459,3,2	13.1	39.4688175	73.5894182	6095.6
1725	98.1	98.1	98.1	1251,463,3,2	13.1	39.4688175	73.5894182	6095.6
1726	98.1	98.1	98.1	302,527,3,2	13.1	39.4688175	73.5894182	6095.6
1727	217.3	217.3	217.3	1629,653,4,4	13.0	39.4688184	73.5894170	6095.6
1728	47.1	47.1	47.1	190,537,3,3	12.8	39.4688175	73.5894167	6095.7
1729	12.0	12.0	12.0	137,793,3,2	12.6	39.4688170	73.5894181	6095.6
1730	39.1	39.1	39.1	406,776,3,3	12.6	39.4688179	73.5894174	6095.7
1731	146.2	146.2	146.2	1182,629,3,2	12.6	39.4688183	73.5894171	6095.6
1732	252.4	252.4	252.4	1388,187,3,2	12.6	39.4688174	73.5894162	6095.5
1733	30.0	30.0	30.0	492,617,3,2	12.4	39.4688178	73.5894169	6095.7
1734	229.3	229.3	229.3	1726,1071,3,2	12.2	39.4688170	73.5894167	6095.6
1735	30.0	30.0	30.0	199,12,2,3	11.8	39.4688178	73.5894169	6095.7
1736	188.3	188.3	188.3	133,41,4,4	11.8	39.4688175	73.5894163	6095.6
1737	219.3	219.3	219.3	1469,97,4,4	11.7	39.4688184	73.5894172	6095.6
1738	245.3	245.3	245.3	1746,773,3,2	11.7	39.4688175	73.5894161	6095.6
1739	253.4	253.4	253.4	1100,921,3,2	11.7	39.4688174	73.5894162	6095.6
1740	96.1	96.1	96.1	351,806,2,3	11.3	39.4688180	73.5894184	6095.6
1741	217.3	217.3	217.3	661,1017,3,2	11.3	39.4688184	73.5894170	6095.6
1742	30.0	30.0	30.0	1002,391,3,2	11.2	39.4688178	73.5894169	6095.7
1743	52.1	52.1	52.1	77,233,2,3	10.9	39.4688164	73.5894171	6095.6
1744	226.3	226.3	226.3	219,779,2,3	10.9	39.4688173	73.5894169	6095.6
1745	245.3	245.3	245.3	1538,901,3,2	10.9	39.4688175	73.5894161	6095.6
1746	245.3	245.3	245.3	1131,257,2,3	10.8	39.4688175	73.5894161	6095.6
1747	188.3	188.3	188.3	349,0,2,3	10.7	39.4688175	73.5894163	6095.6
1748	251.3	251.3	251.3	1260,297,3,2	10.7	39.4688174	73.5894167	6095.5
1749	221.3	221.3	221.3	198,1015,3,2	10.6	39.4688183	73.5894168	6095.6
1750	233.3	233.3	233.3	1756,151,3,2	10.4	39.4688180	73.5894165	6095.6
1751	31.0	31.0	31.0	17,899,4,4	10.3	39.4688177	73.5894170	6095.7
1752	187.3	187.3	187.3	1383,395,2,3	10.1	39.4688174	73.5894159	6095.6
1753	211.3	211.3	211.3	1463,0,2,3	10.1	39.4688179	73.5894161	6095.5
1754	219.3	219.3	219.3	1597,10,2,3	9.9	39.4688184	73.5894172	6095.6
1755	221.3	221.3	221.3	1717,303,3,2	9.9	39.4688183	73.5894168	6095.6
1756	214.3	214.3	214.3	1917,1061,3,2	8.1	39.4688178	73.5894166	6095.6
